solid OpenSCAD_Model
  facet normal 0 -0.960217 0.279256
    outer loop
      vertex -24.8558 -18.1808 7.4
      vertex -19.45 -19.5186 2.8
      vertex -13.2442 -18.1808 7.4
    endloop
  endfacet
  facet normal -4.50773e-07 -0.960217 0.279256
    outer loop
      vertex -26.805 -20.33 0.00999928
      vertex -19.45 -19.5186 2.8
      vertex -24.8558 -18.1808 7.4
    endloop
  endfacet
  facet normal 0 -0.960209 0.279281
    outer loop
      vertex -19.45 -19.7512 2
      vertex -26.805 -20.33 0.00999928
      vertex -18.65 -19.7512 2
    endloop
  endfacet
  facet normal 2.7063e-05 -0.960236 0.279189
    outer loop
      vertex -19.45 -19.5186 2.8
      vertex -26.805 -20.33 0.00999928
      vertex -19.45 -19.7512 2
    endloop
  endfacet
  facet normal 0 -0.960217 0.279256
    outer loop
      vertex -18.65 -19.5186 2.8
      vertex -13.2442 -18.1808 7.4
      vertex -19.45 -19.5186 2.8
    endloop
  endfacet
  facet normal -2.7063e-05 -0.960236 0.279189
    outer loop
      vertex -11.295 -20.33 0.00999928
      vertex -18.65 -19.5186 2.8
      vertex -18.65 -19.7512 2
    endloop
  endfacet
  facet normal 4.50773e-07 -0.960217 0.279256
    outer loop
      vertex -18.65 -19.5186 2.8
      vertex -11.295 -20.33 0.00999928
      vertex -13.2442 -18.1808 7.4
    endloop
  endfacet
  facet normal 0 -0.960209 0.279281
    outer loop
      vertex -11.295 -20.33 0.00999928
      vertex -18.65 -19.7512 2
      vertex -26.805 -20.33 0.00999928
    endloop
  endfacet
  facet normal 0.194891 -0.980825 0
    outer loop
      vertex -11.1384 -20.3197 0
      vertex -10.9844 -20.2891 0.00999928
      vertex -11.1384 -20.3197 0.00999928
    endloop
  endfacet
  facet normal 0.194891 -0.980825 0
    outer loop
      vertex -10.9844 -20.2891 0.00999928
      vertex -11.1384 -20.3197 0
      vertex -10.9844 -20.2891 0
    endloop
  endfacet
  facet normal -0.0625507 0.953792 0.293885
    outer loop
      vertex -26.805 -2.42001 0.00999928
      vertex -26.9616 -2.43028 0.00999928
      vertex -24.8558 -4.56921 7.4
    endloop
  endfacet
  facet normal 0.0656309 -0.997844 0
    outer loop
      vertex -11.295 -20.33 0
      vertex -11.1384 -20.3197 0.00999928
      vertex -11.295 -20.33 0.00999928
    endloop
  endfacet
  facet normal 0.0656309 -0.997844 0
    outer loop
      vertex -11.1384 -20.3197 0.00999928
      vertex -11.295 -20.33 0
      vertex -11.1384 -20.3197 0
    endloop
  endfacet
  facet normal 0.184679 -0.929432 0.319453
    outer loop
      vertex -10.9844 -20.2891 0.00999928
      vertex -12.9854 -18.1467 7.4
      vertex -11.1384 -20.3197 0.00999928
    endloop
  endfacet
  facet normal 0.0628525 -0.95375 0.293956
    outer loop
      vertex -13.1137 -18.1722 7.4
      vertex -13.2442 -18.1808 7.4
      vertex -11.1384 -20.3197 0.00999928
    endloop
  endfacet
  facet normal 0.184725 -0.92942 0.319461
    outer loop
      vertex -12.9854 -18.1467 7.4
      vertex -13.1137 -18.1722 7.4
      vertex -11.1384 -20.3197 0.00999928
    endloop
  endfacet
  facet normal 0 -1 0
    outer loop
      vertex -26.805 -20.33 0
      vertex -11.295 -20.33 0.00999928
      vertex -26.805 -20.33 0.00999928
    endloop
  endfacet
  facet normal 0 -1 -0
    outer loop
      vertex -11.295 -20.33 0.00999928
      vertex -26.805 -20.33 0
      vertex -11.295 -20.33 0
    endloop
  endfacet
  facet normal 0 0.960217 0.279254
    outer loop
      vertex -13.2442 -4.56921 7.4
      vertex -18.65 -3.23142 2.8
      vertex -24.8558 -4.56921 7.4
    endloop
  endfacet
  facet normal -9.99902e-07 0.960217 0.279255
    outer loop
      vertex -11.295 -2.42001 0.00999928
      vertex -18.65 -3.23142 2.8
      vertex -13.2442 -4.56921 7.4
    endloop
  endfacet
  facet normal 0 0.960216 0.279259
    outer loop
      vertex -18.65 -2.99876 2
      vertex -11.295 -2.42001 0.00999928
      vertex -19.45 -2.99876 2
    endloop
  endfacet
  facet normal -1.04972e-06 0.960217 0.279255
    outer loop
      vertex -18.65 -3.23142 2.8
      vertex -11.295 -2.42001 0.00999928
      vertex -18.65 -2.99876 2
    endloop
  endfacet
  facet normal -0 0.960217 0.279254
    outer loop
      vertex -19.45 -3.23142 2.8
      vertex -24.8558 -4.56921 7.4
      vertex -18.65 -3.23142 2.8
    endloop
  endfacet
  facet normal 1.04972e-06 0.960217 0.279255
    outer loop
      vertex -26.805 -2.42001 0.00999928
      vertex -19.45 -3.23142 2.8
      vertex -19.45 -2.99876 2
    endloop
  endfacet
  facet normal 9.99902e-07 0.960217 0.279255
    outer loop
      vertex -19.45 -3.23142 2.8
      vertex -26.805 -2.42001 0.00999928
      vertex -24.8558 -4.56921 7.4
    endloop
  endfacet
  facet normal -0 0.960216 0.279259
    outer loop
      vertex -26.805 -2.42001 0.00999928
      vertex -19.45 -2.99876 2
      vertex -11.295 -2.42001 0.00999928
    endloop
  endfacet
  facet normal 0.0625507 0.953792 0.293885
    outer loop
      vertex -11.295 -2.42001 0.00999928
      vertex -13.2442 -4.56921 7.4
      vertex -11.1384 -2.43028 0.00999928
    endloop
  endfacet
  facet normal 1 -0 0
    outer loop
      vertex -10.095 -19.13 0.00999928
      vertex -10.095 -3.62001 0
      vertex -10.095 -3.62001 0.00999928
    endloop
  endfacet
  facet normal 1 0 0
    outer loop
      vertex -10.095 -3.62001 0
      vertex -10.095 -19.13 0.00999928
      vertex -10.095 -19.13 0
    endloop
  endfacet
  facet normal 0.517109 -0.773885 0.36565
    outer loop
      vertex -10.5645 -20.082 0.00999928
      vertex -12.7442 -18.0468 7.4
      vertex -10.695 -20.1692 0.00999928
    endloop
  endfacet
  facet normal 0.0627318 -0.953767 0.293926
    outer loop
      vertex -11.1384 -20.3197 0.00999928
      vertex -13.2442 -18.1808 7.4
      vertex -11.295 -20.33 0.00999928
    endloop
  endfacet
  facet normal -0.0627318 -0.953767 0.293926
    outer loop
      vertex -24.8558 -18.1808 7.4
      vertex -26.9616 -20.3197 0.00999928
      vertex -26.805 -20.33 0.00999928
    endloop
  endfacet
  facet normal -0.751787 -0.659406 0
    outer loop
      vertex -27.6535 -19.9785 0
      vertex -27.757 -19.8605 0.00999928
      vertex -27.757 -19.8605 0
    endloop
  endfacet
  facet normal -0.751787 -0.659406 0
    outer loop
      vertex -27.757 -19.8605 0.00999928
      vertex -27.6535 -19.9785 0
      vertex -27.6535 -19.9785 0.00999928
    endloop
  endfacet
  facet normal -0.698277 -0.612325 0.370766
    outer loop
      vertex -25.6491 -17.7896 7.4
      vertex -27.757 -19.8605 0.00999928
      vertex -25.5629 -17.8879 7.4
    endloop
  endfacet
  facet normal -0.517109 -0.773885 0.36565
    outer loop
      vertex -25.3558 -18.0468 7.4
      vertex -27.5355 -20.082 0.00999928
      vertex -27.405 -20.1692 0.00999928
    endloop
  endfacet
  facet normal -0.0654405 0.997856 0
    outer loop
      vertex -26.805 -2.42001 0
      vertex -26.9616 -2.43028 0.00999928
      vertex -26.805 -2.42001 0.00999928
    endloop
  endfacet
  facet normal -0.0654405 0.997856 0
    outer loop
      vertex -26.9616 -2.43028 0.00999928
      vertex -26.805 -2.42001 0
      vertex -26.9616 -2.43028 0
    endloop
  endfacet
  facet normal 0.751842 0.659343 0
    outer loop
      vertex -10.343 -2.8895 0.00999928
      vertex -10.4465 -2.77148 0
      vertex -10.4465 -2.77148 0.00999928
    endloop
  endfacet
  facet normal 0.751842 0.659343 0
    outer loop
      vertex -10.4465 -2.77148 0
      vertex -10.343 -2.8895 0.00999928
      vertex -10.343 -2.8895 0
    endloop
  endfacet
  facet normal -0.698255 0.612349 0.370767
    outer loop
      vertex -27.6535 -2.77148 0.00999928
      vertex -27.757 -2.8895 0.00999928
      vertex -25.5629 -4.86211 7.4
    endloop
  endfacet
  facet normal -0.831462 -0.555582 0
    outer loop
      vertex -27.757 -19.8605 0
      vertex -27.8442 -19.73 0.00999928
      vertex -27.8442 -19.73 0
    endloop
  endfacet
  facet normal -0.831462 -0.555582 0
    outer loop
      vertex -27.8442 -19.73 0.00999928
      vertex -27.757 -19.8605 0
      vertex -27.757 -19.8605 0.00999928
    endloop
  endfacet
  facet normal -0.555582 -0.831462 0
    outer loop
      vertex -27.5355 -20.082 0
      vertex -27.405 -20.1692 0.00999928
      vertex -27.5355 -20.082 0.00999928
    endloop
  endfacet
  facet normal -0.555582 -0.831462 -0
    outer loop
      vertex -27.405 -20.1692 0.00999928
      vertex -27.5355 -20.082 0
      vertex -27.405 -20.1692 0
    endloop
  endfacet
  facet normal -0.0656309 -0.997844 0
    outer loop
      vertex -26.9616 -20.3197 0
      vertex -26.805 -20.33 0.00999928
      vertex -26.9616 -20.3197 0.00999928
    endloop
  endfacet
  facet normal -0.0656309 -0.997844 -0
    outer loop
      vertex -26.805 -20.33 0.00999928
      vertex -26.9616 -20.3197 0
      vertex -26.805 -20.33 0
    endloop
  endfacet
  facet normal -0.184725 -0.92942 0.319461
    outer loop
      vertex -25.1146 -18.1467 7.4
      vertex -26.9616 -20.3197 0.00999928
      vertex -24.9863 -18.1722 7.4
    endloop
  endfacet
  facet normal -0.698204 -0.612408 0.370767
    outer loop
      vertex -25.5629 -17.8879 7.4
      vertex -27.757 -19.8605 0.00999928
      vertex -27.6535 -19.9785 0.00999928
    endloop
  endfacet
  facet normal 0 1 -0
    outer loop
      vertex -11.295 -2.42001 0
      vertex -26.805 -2.42001 0.00999928
      vertex -11.295 -2.42001 0.00999928
    endloop
  endfacet
  facet normal 0 1 0
    outer loop
      vertex -26.805 -2.42001 0.00999928
      vertex -11.295 -2.42001 0
      vertex -26.805 -2.42001 0
    endloop
  endfacet
  facet normal 0.516964 0.773988 0.365637
    outer loop
      vertex -10.5645 -2.66798 0.00999928
      vertex -12.7442 -4.70319 7.4
      vertex -12.6354 -4.77586 7.4
    endloop
  endfacet
  facet normal 0.302235 0.890534 0.340004
    outer loop
      vertex -10.8358 -2.51135 0.00999928
      vertex -12.9854 -4.60329 7.4
      vertex -12.8615 -4.64534 7.4
    endloop
  endfacet
  facet normal 0.960217 0 0.279256
    outer loop
      vertex -12.2442 -5.56921 7.4
      vertex -10.9064 -11.775 2.8
      vertex -10.9064 -10.975 2.8
    endloop
  endfacet
  facet normal 0.960217 -4.50773e-07 0.279256
    outer loop
      vertex -10.095 -19.13 0.00999928
      vertex -10.9064 -11.775 2.8
      vertex -12.2442 -17.1808 7.4
    endloop
  endfacet
  facet normal 0.960217 -0 0.279256
    outer loop
      vertex -12.2442 -17.1808 7.4
      vertex -10.9064 -11.775 2.8
      vertex -12.2442 -5.56921 7.4
    endloop
  endfacet
  facet normal 0.960217 4.50774e-07 0.279256
    outer loop
      vertex -10.9064 -10.975 2.8
      vertex -10.095 -3.62001 0.00999928
      vertex -12.2442 -5.56921 7.4
    endloop
  endfacet
  facet normal 0.960236 -2.7063e-05 0.279189
    outer loop
      vertex -10.6738 -10.975 2
      vertex -10.095 -3.62001 0.00999928
      vertex -10.9064 -10.975 2.8
    endloop
  endfacet
  facet normal 0.960209 -0 0.279281
    outer loop
      vertex -10.6738 -11.775 2
      vertex -10.095 -3.62001 0.00999928
      vertex -10.6738 -10.975 2
    endloop
  endfacet
  facet normal 0.960209 0 0.279281
    outer loop
      vertex -10.6738 -11.775 2
      vertex -10.095 -19.13 0.00999928
      vertex -10.095 -3.62001 0.00999928
    endloop
  endfacet
  facet normal 0.960236 2.7063e-05 0.279189
    outer loop
      vertex -10.9064 -11.775 2.8
      vertex -10.095 -19.13 0.00999928
      vertex -10.6738 -11.775 2
    endloop
  endfacet
  facet normal 0.698277 -0.612325 0.370766
    outer loop
      vertex -12.4509 -17.7896 7.4
      vertex -12.5371 -17.8879 7.4
      vertex -10.343 -19.8605 0.00999928
    endloop
  endfacet
  facet normal -0.953769 0.0627199 0.293923
    outer loop
      vertex -27.9947 -3.46338 0.00999928
      vertex -28.005 -3.62001 0.00999928
      vertex -25.8558 -5.56921 7.4
    endloop
  endfacet
  facet normal -0.612524 0.6981 0.37077
    outer loop
      vertex -25.4646 -4.77586 7.4
      vertex -27.5355 -2.66798 0.00999928
      vertex -25.5629 -4.86211 7.4
    endloop
  endfacet
  facet normal -0.960236 -2.7063e-05 0.279189
    outer loop
      vertex -27.1936 -10.975 2.8
      vertex -28.005 -3.62001 0.00999928
      vertex -27.4262 -10.975 2
    endloop
  endfacet
  facet normal -0.960209 0 0.279281
    outer loop
      vertex -28.005 -3.62001 0.00999928
      vertex -27.4262 -11.775 2
      vertex -27.4262 -10.975 2
    endloop
  endfacet
  facet normal -0.960236 2.7063e-05 0.279189
    outer loop
      vertex -28.005 -19.13 0.00999928
      vertex -27.1936 -11.775 2.8
      vertex -27.4262 -11.775 2
    endloop
  endfacet
  facet normal -0.960217 -4.50773e-07 0.279256
    outer loop
      vertex -27.1936 -11.775 2.8
      vertex -28.005 -19.13 0.00999928
      vertex -25.8558 -17.1808 7.4
    endloop
  endfacet
  facet normal -0.960209 0 0.279281
    outer loop
      vertex -28.005 -19.13 0.00999928
      vertex -27.4262 -11.775 2
      vertex -28.005 -3.62001 0.00999928
    endloop
  endfacet
  facet normal -0.960217 4.50774e-07 0.279256
    outer loop
      vertex -28.005 -3.62001 0.00999928
      vertex -27.1936 -10.975 2.8
      vertex -25.8558 -5.56921 7.4
    endloop
  endfacet
  facet normal -0.960217 0 0.279256
    outer loop
      vertex -27.1936 -11.775 2.8
      vertex -25.8558 -5.56921 7.4
      vertex -27.1936 -10.975 2.8
    endloop
  endfacet
  facet normal -0.960217 0 0.279256
    outer loop
      vertex -25.8558 -5.56921 7.4
      vertex -27.1936 -11.775 2.8
      vertex -25.8558 -17.1808 7.4
    endloop
  endfacet
  facet normal 0 0 1
    outer loop
      vertex -13.9785 -6.30353 7.4
      vertex -12.2442 -5.56921 7.4
      vertex -12.2528 -5.43869 7.4
    endloop
  endfacet
  facet normal 0 0 1
    outer loop
      vertex -12.2442 -5.56921 7.4
      vertex -13.7442 -6.86922 7.4
      vertex -12.2442 -17.1808 7.4
    endloop
  endfacet
  facet normal 0 0 1
    outer loop
      vertex -13.9785 -6.30353 7.4
      vertex -12.2528 -5.43869 7.4
      vertex -12.2783 -5.31039 7.4
    endloop
  endfacet
  facet normal -0 0 1
    outer loop
      vertex -13.7442 -15.8808 7.4
      vertex -12.2442 -17.1808 7.4
      vertex -13.7442 -6.86922 7.4
    endloop
  endfacet
  facet normal 0 0 1
    outer loop
      vertex -13.9785 -6.30353 7.4
      vertex -12.2783 -5.31039 7.4
      vertex -12.3203 -5.18652 7.4
    endloop
  endfacet
  facet normal -0 0 1
    outer loop
      vertex -13.7511 -15.9852 7.4
      vertex -12.2442 -17.1808 7.4
      vertex -13.7442 -15.8808 7.4
    endloop
  endfacet
  facet normal 0 0 1
    outer loop
      vertex -13.9785 -6.30353 7.4
      vertex -12.3203 -5.18652 7.4
      vertex -12.3782 -5.06921 7.4
    endloop
  endfacet
  facet normal -0 0 1
    outer loop
      vertex -13.7715 -16.0878 7.4
      vertex -12.2442 -17.1808 7.4
      vertex -13.7511 -15.9852 7.4
    endloop
  endfacet
  facet normal 0 0 1
    outer loop
      vertex -13.9785 -6.30353 7.4
      vertex -12.3782 -5.06921 7.4
      vertex -12.4509 -4.96045 7.4
    endloop
  endfacet
  facet normal -0 0 1
    outer loop
      vertex -13.8051 -16.1869 7.4
      vertex -12.2442 -17.1808 7.4
      vertex -13.7715 -16.0878 7.4
    endloop
  endfacet
  facet normal 0 0 1
    outer loop
      vertex -13.9785 -6.30353 7.4
      vertex -12.4509 -4.96045 7.4
      vertex -12.5371 -4.86211 7.4
    endloop
  endfacet
  facet normal -0 0 1
    outer loop
      vertex -13.8514 -16.2808 7.4
      vertex -12.2442 -17.1808 7.4
      vertex -13.8051 -16.1869 7.4
    endloop
  endfacet
  facet normal 0 0 1
    outer loop
      vertex -13.9785 -6.30353 7.4
      vertex -12.5371 -4.86211 7.4
      vertex -12.6354 -4.77586 7.4
    endloop
  endfacet
  facet normal -0 0 1
    outer loop
      vertex -13.9095 -16.3678 7.4
      vertex -12.2442 -17.1808 7.4
      vertex -13.8514 -16.2808 7.4
    endloop
  endfacet
  facet normal 0 0 1
    outer loop
      vertex -13.9785 -6.30353 7.4
      vertex -12.6354 -4.77586 7.4
      vertex -12.7442 -4.70319 7.4
    endloop
  endfacet
  facet normal -0 0 1
    outer loop
      vertex -13.9785 -16.4465 7.4
      vertex -12.2442 -17.1808 7.4
      vertex -13.9095 -16.3678 7.4
    endloop
  endfacet
  facet normal 0 0 1
    outer loop
      vertex -13.9785 -6.30353 7.4
      vertex -12.7442 -4.70319 7.4
      vertex -12.8615 -4.64534 7.4
    endloop
  endfacet
  facet normal 0 0 1
    outer loop
      vertex -12.2442 -17.1808 7.4
      vertex -13.9785 -16.4465 7.4
      vertex -12.2528 -17.3113 7.4
    endloop
  endfacet
  facet normal 0 0 1
    outer loop
      vertex -13.9785 -6.30353 7.4
      vertex -12.8615 -4.64534 7.4
      vertex -12.9854 -4.60329 7.4
    endloop
  endfacet
  facet normal 0 0 1
    outer loop
      vertex -12.2528 -17.3113 7.4
      vertex -13.9785 -16.4465 7.4
      vertex -12.2783 -17.4396 7.4
    endloop
  endfacet
  facet normal 0 0 1
    outer loop
      vertex -13.9785 -6.30353 7.4
      vertex -12.9854 -4.60329 7.4
      vertex -13.1137 -4.57777 7.4
    endloop
  endfacet
  facet normal 0 0 1
    outer loop
      vertex -12.2783 -17.4396 7.4
      vertex -13.9785 -16.4465 7.4
      vertex -12.3203 -17.5635 7.4
    endloop
  endfacet
  facet normal 0 0 1
    outer loop
      vertex -13.9785 -6.30353 7.4
      vertex -13.1137 -4.57777 7.4
      vertex -13.2442 -4.56921 7.4
    endloop
  endfacet
  facet normal 0 0 1
    outer loop
      vertex -12.3203 -17.5635 7.4
      vertex -13.9785 -16.4465 7.4
      vertex -12.3782 -17.6808 7.4
    endloop
  endfacet
  facet normal 0 0 1
    outer loop
      vertex -12.3782 -17.6808 7.4
      vertex -13.9785 -16.4465 7.4
      vertex -12.4509 -17.7896 7.4
    endloop
  endfacet
  facet normal 0 0 1
    outer loop
      vertex -12.2442 -5.56921 7.4
      vertex -13.7511 -6.7648 7.4
      vertex -13.7442 -6.86922 7.4
    endloop
  endfacet
  facet normal 0 0 1
    outer loop
      vertex -12.2442 -5.56921 7.4
      vertex -13.7715 -6.66216 7.4
      vertex -13.7511 -6.7648 7.4
    endloop
  endfacet
  facet normal 0 0 1
    outer loop
      vertex -12.2442 -5.56921 7.4
      vertex -13.8051 -6.56306 7.4
      vertex -13.7715 -6.66216 7.4
    endloop
  endfacet
  facet normal 0 0 1
    outer loop
      vertex -12.2442 -5.56921 7.4
      vertex -13.8514 -6.46922 7.4
      vertex -13.8051 -6.56306 7.4
    endloop
  endfacet
  facet normal 0 0 1
    outer loop
      vertex -12.2442 -5.56921 7.4
      vertex -13.9095 -6.3822 7.4
      vertex -13.8514 -6.46922 7.4
    endloop
  endfacet
  facet normal 0 0 1
    outer loop
      vertex -12.2442 -5.56921 7.4
      vertex -13.9785 -6.30353 7.4
      vertex -13.9095 -6.3822 7.4
    endloop
  endfacet
  facet normal 0 0 1
    outer loop
      vertex -13.2442 -4.56921 7.4
      vertex -14.0572 -6.23453 7.4
      vertex -13.9785 -6.30353 7.4
    endloop
  endfacet
  facet normal 0 0 1
    outer loop
      vertex -13.2442 -4.56921 7.4
      vertex -14.1442 -6.17639 7.4
      vertex -14.0572 -6.23453 7.4
    endloop
  endfacet
  facet normal 0 0 1
    outer loop
      vertex -13.2442 -4.56921 7.4
      vertex -14.2381 -6.13011 7.4
      vertex -14.1442 -6.17639 7.4
    endloop
  endfacet
  facet normal 0 0 1
    outer loop
      vertex -13.2442 -4.56921 7.4
      vertex -14.3372 -6.09648 7.4
      vertex -14.2381 -6.13011 7.4
    endloop
  endfacet
  facet normal 0 0 1
    outer loop
      vertex -13.2442 -4.56921 7.4
      vertex -14.4398 -6.07607 7.4
      vertex -14.3372 -6.09648 7.4
    endloop
  endfacet
  facet normal 0 0 1
    outer loop
      vertex -13.2442 -4.56921 7.4
      vertex -14.5442 -6.06921 7.4
      vertex -14.4398 -6.07607 7.4
    endloop
  endfacet
  facet normal 0 0 1
    outer loop
      vertex -13.2442 -4.56921 7.4
      vertex -23.5558 -6.06921 7.4
      vertex -14.5442 -6.06921 7.4
    endloop
  endfacet
  facet normal -0 0 1
    outer loop
      vertex -24.8558 -4.56921 7.4
      vertex -23.5558 -6.06921 7.4
      vertex -13.2442 -4.56921 7.4
    endloop
  endfacet
  facet normal 0 0 1
    outer loop
      vertex -24.3489 -6.7648 7.4
      vertex -25.8558 -5.56921 7.4
      vertex -24.3558 -6.86922 7.4
    endloop
  endfacet
  facet normal 0 0 1
    outer loop
      vertex -24.3285 -6.66216 7.4
      vertex -25.8558 -5.56921 7.4
      vertex -24.3489 -6.7648 7.4
    endloop
  endfacet
  facet normal 0 0 1
    outer loop
      vertex -24.2949 -6.56306 7.4
      vertex -25.8558 -5.56921 7.4
      vertex -24.3285 -6.66216 7.4
    endloop
  endfacet
  facet normal 0 0 1
    outer loop
      vertex -24.2486 -6.46922 7.4
      vertex -25.8558 -5.56921 7.4
      vertex -24.2949 -6.56306 7.4
    endloop
  endfacet
  facet normal 0 0 1
    outer loop
      vertex -24.1905 -6.3822 7.4
      vertex -25.8558 -5.56921 7.4
      vertex -24.2486 -6.46922 7.4
    endloop
  endfacet
  facet normal 0 0 1
    outer loop
      vertex -24.1215 -6.30353 7.4
      vertex -25.8558 -5.56921 7.4
      vertex -24.1905 -6.3822 7.4
    endloop
  endfacet
  facet normal -0 0 1
    outer loop
      vertex -25.8558 -5.56921 7.4
      vertex -24.1215 -6.30353 7.4
      vertex -24.8558 -4.56921 7.4
    endloop
  endfacet
  facet normal 0 0 1
    outer loop
      vertex -24.0428 -6.23453 7.4
      vertex -24.8558 -4.56921 7.4
      vertex -24.1215 -6.30353 7.4
    endloop
  endfacet
  facet normal 0 0 1
    outer loop
      vertex -23.9558 -6.17639 7.4
      vertex -24.8558 -4.56921 7.4
      vertex -24.0428 -6.23453 7.4
    endloop
  endfacet
  facet normal 0 0 1
    outer loop
      vertex -23.8619 -6.13011 7.4
      vertex -24.8558 -4.56921 7.4
      vertex -23.9558 -6.17639 7.4
    endloop
  endfacet
  facet normal 0 0 1
    outer loop
      vertex -23.7628 -6.09648 7.4
      vertex -24.8558 -4.56921 7.4
      vertex -23.8619 -6.13011 7.4
    endloop
  endfacet
  facet normal 0 0 1
    outer loop
      vertex -23.6602 -6.07607 7.4
      vertex -24.8558 -4.56921 7.4
      vertex -23.7628 -6.09648 7.4
    endloop
  endfacet
  facet normal 0 0 1
    outer loop
      vertex -23.5558 -6.06921 7.4
      vertex -24.8558 -4.56921 7.4
      vertex -23.6602 -6.07607 7.4
    endloop
  endfacet
  facet normal 0 0 1
    outer loop
      vertex -12.4509 -17.7896 7.4
      vertex -13.9785 -16.4465 7.4
      vertex -12.5371 -17.8879 7.4
    endloop
  endfacet
  facet normal 0 0 1
    outer loop
      vertex -12.5371 -17.8879 7.4
      vertex -13.9785 -16.4465 7.4
      vertex -12.6354 -17.9741 7.4
    endloop
  endfacet
  facet normal 0 0 1
    outer loop
      vertex -12.6354 -17.9741 7.4
      vertex -13.9785 -16.4465 7.4
      vertex -12.7442 -18.0468 7.4
    endloop
  endfacet
  facet normal 0 0 1
    outer loop
      vertex -12.7442 -18.0468 7.4
      vertex -13.9785 -16.4465 7.4
      vertex -12.8615 -18.1047 7.4
    endloop
  endfacet
  facet normal 0 0 1
    outer loop
      vertex -12.8615 -18.1047 7.4
      vertex -13.9785 -16.4465 7.4
      vertex -12.9854 -18.1467 7.4
    endloop
  endfacet
  facet normal 0 0 1
    outer loop
      vertex -12.9854 -18.1467 7.4
      vertex -13.9785 -16.4465 7.4
      vertex -13.1137 -18.1722 7.4
    endloop
  endfacet
  facet normal 0 0 1
    outer loop
      vertex -13.1137 -18.1722 7.4
      vertex -13.9785 -16.4465 7.4
      vertex -13.2442 -18.1808 7.4
    endloop
  endfacet
  facet normal -0 0 1
    outer loop
      vertex -14.0572 -16.5155 7.4
      vertex -13.2442 -18.1808 7.4
      vertex -13.9785 -16.4465 7.4
    endloop
  endfacet
  facet normal -0 0 1
    outer loop
      vertex -14.1442 -16.5736 7.4
      vertex -13.2442 -18.1808 7.4
      vertex -14.0572 -16.5155 7.4
    endloop
  endfacet
  facet normal -0 0 1
    outer loop
      vertex -14.2381 -16.6199 7.4
      vertex -13.2442 -18.1808 7.4
      vertex -14.1442 -16.5736 7.4
    endloop
  endfacet
  facet normal -0 0 1
    outer loop
      vertex -14.3372 -16.6535 7.4
      vertex -13.2442 -18.1808 7.4
      vertex -14.2381 -16.6199 7.4
    endloop
  endfacet
  facet normal -0 0 1
    outer loop
      vertex -14.4398 -16.6739 7.4
      vertex -13.2442 -18.1808 7.4
      vertex -14.3372 -16.6535 7.4
    endloop
  endfacet
  facet normal -0 0 1
    outer loop
      vertex -14.5442 -16.6808 7.4
      vertex -13.2442 -18.1808 7.4
      vertex -14.4398 -16.6739 7.4
    endloop
  endfacet
  facet normal -0 0 1
    outer loop
      vertex -23.5558 -16.6808 7.4
      vertex -13.2442 -18.1808 7.4
      vertex -14.5442 -16.6808 7.4
    endloop
  endfacet
  facet normal 0 0 1
    outer loop
      vertex -24.8558 -18.1808 7.4
      vertex -23.5558 -16.6808 7.4
      vertex -23.6602 -16.6739 7.4
    endloop
  endfacet
  facet normal 0 0 1
    outer loop
      vertex -23.5558 -16.6808 7.4
      vertex -24.8558 -18.1808 7.4
      vertex -13.2442 -18.1808 7.4
    endloop
  endfacet
  facet normal 0 0 1
    outer loop
      vertex -23.7628 -16.6535 7.4
      vertex -24.8558 -18.1808 7.4
      vertex -23.6602 -16.6739 7.4
    endloop
  endfacet
  facet normal 0 0 1
    outer loop
      vertex -23.8619 -16.6199 7.4
      vertex -24.8558 -18.1808 7.4
      vertex -23.7628 -16.6535 7.4
    endloop
  endfacet
  facet normal 0 0 1
    outer loop
      vertex -23.9558 -16.5736 7.4
      vertex -24.8558 -18.1808 7.4
      vertex -23.8619 -16.6199 7.4
    endloop
  endfacet
  facet normal 0 0 1
    outer loop
      vertex -24.0428 -16.5155 7.4
      vertex -24.8558 -18.1808 7.4
      vertex -23.9558 -16.5736 7.4
    endloop
  endfacet
  facet normal 0 0 1
    outer loop
      vertex -24.1215 -16.4465 7.4
      vertex -24.8558 -18.1808 7.4
      vertex -24.0428 -16.5155 7.4
    endloop
  endfacet
  facet normal 0 0 1
    outer loop
      vertex -25.8558 -17.1808 7.4
      vertex -24.1215 -16.4465 7.4
      vertex -24.1905 -16.3678 7.4
    endloop
  endfacet
  facet normal 0 0 1
    outer loop
      vertex -25.8558 -17.1808 7.4
      vertex -24.1905 -16.3678 7.4
      vertex -24.2486 -16.2808 7.4
    endloop
  endfacet
  facet normal 0 0 1
    outer loop
      vertex -25.8558 -17.1808 7.4
      vertex -24.2486 -16.2808 7.4
      vertex -24.2949 -16.1869 7.4
    endloop
  endfacet
  facet normal 0 0 1
    outer loop
      vertex -25.8558 -17.1808 7.4
      vertex -24.2949 -16.1869 7.4
      vertex -24.3285 -16.0878 7.4
    endloop
  endfacet
  facet normal 0 0 1
    outer loop
      vertex -25.8558 -17.1808 7.4
      vertex -24.3285 -16.0878 7.4
      vertex -24.3489 -15.9852 7.4
    endloop
  endfacet
  facet normal 0 0 1
    outer loop
      vertex -25.8558 -17.1808 7.4
      vertex -24.3489 -15.9852 7.4
      vertex -24.3558 -15.8808 7.4
    endloop
  endfacet
  facet normal 0 0 1
    outer loop
      vertex -24.3558 -6.86922 7.4
      vertex -25.8558 -5.56921 7.4
      vertex -24.3558 -15.8808 7.4
    endloop
  endfacet
  facet normal 0 0 1
    outer loop
      vertex -25.8558 -5.56921 7.4
      vertex -24.8558 -4.56921 7.4
      vertex -24.9863 -4.57777 7.4
    endloop
  endfacet
  facet normal 0 0 1
    outer loop
      vertex -25.8558 -17.1808 7.4
      vertex -24.3558 -15.8808 7.4
      vertex -25.8558 -5.56921 7.4
    endloop
  endfacet
  facet normal 0 0 1
    outer loop
      vertex -25.8558 -5.56921 7.4
      vertex -24.9863 -4.57777 7.4
      vertex -25.1146 -4.60329 7.4
    endloop
  endfacet
  facet normal 0 0 1
    outer loop
      vertex -24.1215 -16.4465 7.4
      vertex -25.8558 -17.1808 7.4
      vertex -24.8558 -18.1808 7.4
    endloop
  endfacet
  facet normal 0 0 1
    outer loop
      vertex -25.8558 -5.56921 7.4
      vertex -25.1146 -4.60329 7.4
      vertex -25.2385 -4.64534 7.4
    endloop
  endfacet
  facet normal 0 0 1
    outer loop
      vertex -24.8558 -18.1808 7.4
      vertex -25.8558 -17.1808 7.4
      vertex -24.9863 -18.1722 7.4
    endloop
  endfacet
  facet normal 0 0 1
    outer loop
      vertex -25.8558 -5.56921 7.4
      vertex -25.2385 -4.64534 7.4
      vertex -25.3558 -4.70319 7.4
    endloop
  endfacet
  facet normal 0 0 1
    outer loop
      vertex -24.9863 -18.1722 7.4
      vertex -25.8558 -17.1808 7.4
      vertex -25.1146 -18.1467 7.4
    endloop
  endfacet
  facet normal 0 0 1
    outer loop
      vertex -25.8558 -5.56921 7.4
      vertex -25.3558 -4.70319 7.4
      vertex -25.4646 -4.77586 7.4
    endloop
  endfacet
  facet normal 0 0 1
    outer loop
      vertex -25.1146 -18.1467 7.4
      vertex -25.8558 -17.1808 7.4
      vertex -25.2385 -18.1047 7.4
    endloop
  endfacet
  facet normal 0 0 1
    outer loop
      vertex -25.8558 -5.56921 7.4
      vertex -25.4646 -4.77586 7.4
      vertex -25.5629 -4.86211 7.4
    endloop
  endfacet
  facet normal 0 0 1
    outer loop
      vertex -25.2385 -18.1047 7.4
      vertex -25.8558 -17.1808 7.4
      vertex -25.3558 -18.0468 7.4
    endloop
  endfacet
  facet normal 0 0 1
    outer loop
      vertex -25.8558 -5.56921 7.4
      vertex -25.5629 -4.86211 7.4
      vertex -25.6491 -4.96045 7.4
    endloop
  endfacet
  facet normal 0 0 1
    outer loop
      vertex -25.3558 -18.0468 7.4
      vertex -25.8558 -17.1808 7.4
      vertex -25.4646 -17.9741 7.4
    endloop
  endfacet
  facet normal 0 0 1
    outer loop
      vertex -25.8558 -5.56921 7.4
      vertex -25.6491 -4.96045 7.4
      vertex -25.7218 -5.06921 7.4
    endloop
  endfacet
  facet normal 0 0 1
    outer loop
      vertex -25.4646 -17.9741 7.4
      vertex -25.8558 -17.1808 7.4
      vertex -25.5629 -17.8879 7.4
    endloop
  endfacet
  facet normal 0 0 1
    outer loop
      vertex -25.8558 -5.56921 7.4
      vertex -25.7218 -5.06921 7.4
      vertex -25.7797 -5.18652 7.4
    endloop
  endfacet
  facet normal 0 0 1
    outer loop
      vertex -25.5629 -17.8879 7.4
      vertex -25.8558 -17.1808 7.4
      vertex -25.6491 -17.7896 7.4
    endloop
  endfacet
  facet normal 0 0 1
    outer loop
      vertex -25.8558 -5.56921 7.4
      vertex -25.7797 -5.18652 7.4
      vertex -25.8217 -5.31039 7.4
    endloop
  endfacet
  facet normal 0 0 1
    outer loop
      vertex -25.6491 -17.7896 7.4
      vertex -25.8558 -17.1808 7.4
      vertex -25.7218 -17.6808 7.4
    endloop
  endfacet
  facet normal 0 0 1
    outer loop
      vertex -25.8558 -5.56921 7.4
      vertex -25.8217 -5.31039 7.4
      vertex -25.8472 -5.43869 7.4
    endloop
  endfacet
  facet normal 0 0 1
    outer loop
      vertex -25.7218 -17.6808 7.4
      vertex -25.8558 -17.1808 7.4
      vertex -25.7797 -17.5635 7.4
    endloop
  endfacet
  facet normal 0 0 1
    outer loop
      vertex -25.7797 -17.5635 7.4
      vertex -25.8558 -17.1808 7.4
      vertex -25.8217 -17.4396 7.4
    endloop
  endfacet
  facet normal 0 0 1
    outer loop
      vertex -25.8217 -17.4396 7.4
      vertex -25.8558 -17.1808 7.4
      vertex -25.8472 -17.3113 7.4
    endloop
  endfacet
  facet normal 0 0 -1
    outer loop
      vertex -11.8017 -18.4388 0
      vertex -10.095 -19.13 0
      vertex -10.1053 -19.2866 0
    endloop
  endfacet
  facet normal 0 0 -1
    outer loop
      vertex -10.095 -19.13 0
      vertex -11.595 -17.83 0
      vertex -10.095 -3.62001 0
    endloop
  endfacet
  facet normal 0 0 -1
    outer loop
      vertex -11.8879 -18.5371 0
      vertex -10.1053 -19.2866 0
      vertex -10.1359 -19.4406 0
    endloop
  endfacet
  facet normal 0 0 -1
    outer loop
      vertex -11.595 -4.92001 0
      vertex -10.095 -3.62001 0
      vertex -11.595 -17.83 0
    endloop
  endfacet
  facet normal 0 0 -1
    outer loop
      vertex -11.8879 -18.5371 0
      vertex -10.1359 -19.4406 0
      vertex -10.1864 -19.5892 0
    endloop
  endfacet
  facet normal 0 0 -1
    outer loop
      vertex -11.6036 -4.78949 0
      vertex -10.095 -3.62001 0
      vertex -11.595 -4.92001 0
    endloop
  endfacet
  facet normal 0 0 -1
    outer loop
      vertex -11.8879 -18.5371 0
      vertex -10.1864 -19.5892 0
      vertex -10.2558 -19.73 0
    endloop
  endfacet
  facet normal 0 0 -1
    outer loop
      vertex -11.6291 -4.66119 0
      vertex -10.095 -3.62001 0
      vertex -11.6036 -4.78949 0
    endloop
  endfacet
  facet normal 0 0 -1
    outer loop
      vertex -11.8879 -18.5371 0
      vertex -10.2558 -19.73 0
      vertex -10.343 -19.8605 0
    endloop
  endfacet
  facet normal 0 0 -1
    outer loop
      vertex -11.6711 -4.53732 0
      vertex -10.095 -3.62001 0
      vertex -11.6291 -4.66119 0
    endloop
  endfacet
  facet normal 0 0 -1
    outer loop
      vertex -11.8879 -18.5371 0
      vertex -10.343 -19.8605 0
      vertex -10.4465 -19.9785 0
    endloop
  endfacet
  facet normal 0 0 -1
    outer loop
      vertex -11.729 -4.42001 0
      vertex -10.095 -3.62001 0
      vertex -11.6711 -4.53732 0
    endloop
  endfacet
  facet normal 0 0 -1
    outer loop
      vertex -11.8879 -18.5371 0
      vertex -10.4465 -19.9785 0
      vertex -10.5645 -20.082 0
    endloop
  endfacet
  facet normal 0 0 -1
    outer loop
      vertex -11.8017 -4.31125 0
      vertex -10.095 -3.62001 0
      vertex -11.729 -4.42001 0
    endloop
  endfacet
  facet normal 0 0 -1
    outer loop
      vertex -11.8879 -18.5371 0
      vertex -10.5645 -20.082 0
      vertex -10.695 -20.1692 0
    endloop
  endfacet
  facet normal -0 0 -1
    outer loop
      vertex -10.095 -3.62001 0
      vertex -11.8017 -4.31125 0
      vertex -10.1053 -3.46338 0
    endloop
  endfacet
  facet normal 0 0 -1
    outer loop
      vertex -11.8879 -18.5371 0
      vertex -10.695 -20.1692 0
      vertex -10.8358 -20.2386 0
    endloop
  endfacet
  facet normal 0 0 -1
    outer loop
      vertex -11.8879 -4.21291 0
      vertex -10.1053 -3.46338 0
      vertex -11.8017 -4.31125 0
    endloop
  endfacet
  facet normal 0 0 -1
    outer loop
      vertex -11.8879 -18.5371 0
      vertex -10.8358 -20.2386 0
      vertex -10.9844 -20.2891 0
    endloop
  endfacet
  facet normal -0 0 -1
    outer loop
      vertex -10.1053 -3.46338 0
      vertex -11.8879 -4.21291 0
      vertex -10.1359 -3.30943 0
    endloop
  endfacet
  facet normal 0 0 -1
    outer loop
      vertex -11.8879 -18.5371 0
      vertex -10.9844 -20.2891 0
      vertex -11.1384 -20.3197 0
    endloop
  endfacet
  facet normal -0 0 -1
    outer loop
      vertex -10.1359 -3.30943 0
      vertex -11.8879 -4.21291 0
      vertex -10.1864 -3.1608 0
    endloop
  endfacet
  facet normal 0 0 -1
    outer loop
      vertex -11.8879 -18.5371 0
      vertex -11.1384 -20.3197 0
      vertex -11.295 -20.33 0
    endloop
  endfacet
  facet normal -0 0 -1
    outer loop
      vertex -10.1864 -3.1608 0
      vertex -11.8879 -4.21291 0
      vertex -10.2558 -3.02 0
    endloop
  endfacet
  facet normal -0 0 -1
    outer loop
      vertex -10.2558 -3.02 0
      vertex -11.8879 -4.21291 0
      vertex -10.343 -2.8895 0
    endloop
  endfacet
  facet normal 0 0 -1
    outer loop
      vertex -10.095 -19.13 0
      vertex -11.6036 -17.9605 0
      vertex -11.595 -17.83 0
    endloop
  endfacet
  facet normal 0 0 -1
    outer loop
      vertex -10.095 -19.13 0
      vertex -11.6291 -18.0888 0
      vertex -11.6036 -17.9605 0
    endloop
  endfacet
  facet normal 0 0 -1
    outer loop
      vertex -10.095 -19.13 0
      vertex -11.6711 -18.2127 0
      vertex -11.6291 -18.0888 0
    endloop
  endfacet
  facet normal 0 0 -1
    outer loop
      vertex -10.095 -19.13 0
      vertex -11.729 -18.33 0
      vertex -11.6711 -18.2127 0
    endloop
  endfacet
  facet normal 0 0 -1
    outer loop
      vertex -10.095 -19.13 0
      vertex -11.8017 -18.4388 0
      vertex -11.729 -18.33 0
    endloop
  endfacet
  facet normal 0 0 -1
    outer loop
      vertex -10.1053 -19.2866 0
      vertex -11.8879 -18.5371 0
      vertex -11.8017 -18.4388 0
    endloop
  endfacet
  facet normal 0 0 -1
    outer loop
      vertex -11.295 -20.33 0
      vertex -11.9862 -18.6233 0
      vertex -11.8879 -18.5371 0
    endloop
  endfacet
  facet normal 0 0 -1
    outer loop
      vertex -11.295 -20.33 0
      vertex -12.095 -18.696 0
      vertex -11.9862 -18.6233 0
    endloop
  endfacet
  facet normal 0 0 -1
    outer loop
      vertex -11.295 -20.33 0
      vertex -12.2123 -18.7539 0
      vertex -12.095 -18.696 0
    endloop
  endfacet
  facet normal 0 0 -1
    outer loop
      vertex -11.295 -20.33 0
      vertex -12.3362 -18.7959 0
      vertex -12.2123 -18.7539 0
    endloop
  endfacet
  facet normal 0 0 -1
    outer loop
      vertex -11.295 -20.33 0
      vertex -12.4645 -18.8214 0
      vertex -12.3362 -18.7959 0
    endloop
  endfacet
  facet normal 0 0 -1
    outer loop
      vertex -11.295 -20.33 0
      vertex -12.595 -18.83 0
      vertex -12.4645 -18.8214 0
    endloop
  endfacet
  facet normal 0 0 -1
    outer loop
      vertex -11.295 -20.33 0
      vertex -25.505 -18.83 0
      vertex -12.595 -18.83 0
    endloop
  endfacet
  facet normal 0 0 -1
    outer loop
      vertex -26.805 -20.33 0
      vertex -25.505 -18.83 0
      vertex -11.295 -20.33 0
    endloop
  endfacet
  facet normal -0 0 -1
    outer loop
      vertex -26.4964 -17.9605 0
      vertex -28.005 -19.13 0
      vertex -26.505 -17.83 0
    endloop
  endfacet
  facet normal -0 0 -1
    outer loop
      vertex -26.4709 -18.0888 0
      vertex -28.005 -19.13 0
      vertex -26.4964 -17.9605 0
    endloop
  endfacet
  facet normal -0 0 -1
    outer loop
      vertex -26.4289 -18.2127 0
      vertex -28.005 -19.13 0
      vertex -26.4709 -18.0888 0
    endloop
  endfacet
  facet normal -0 0 -1
    outer loop
      vertex -26.371 -18.33 0
      vertex -28.005 -19.13 0
      vertex -26.4289 -18.2127 0
    endloop
  endfacet
  facet normal -0 0 -1
    outer loop
      vertex -26.2983 -18.4388 0
      vertex -28.005 -19.13 0
      vertex -26.371 -18.33 0
    endloop
  endfacet
  facet normal -0 0 -1
    outer loop
      vertex -26.2121 -18.5371 0
      vertex -28.005 -19.13 0
      vertex -26.2983 -18.4388 0
    endloop
  endfacet
  facet normal 0 0 -1
    outer loop
      vertex -28.005 -19.13 0
      vertex -26.2121 -18.5371 0
      vertex -26.805 -20.33 0
    endloop
  endfacet
  facet normal -0 0 -1
    outer loop
      vertex -26.1138 -18.6233 0
      vertex -26.805 -20.33 0
      vertex -26.2121 -18.5371 0
    endloop
  endfacet
  facet normal -0 0 -1
    outer loop
      vertex -26.005 -18.696 0
      vertex -26.805 -20.33 0
      vertex -26.1138 -18.6233 0
    endloop
  endfacet
  facet normal -0 0 -1
    outer loop
      vertex -25.8877 -18.7539 0
      vertex -26.805 -20.33 0
      vertex -26.005 -18.696 0
    endloop
  endfacet
  facet normal -0 0 -1
    outer loop
      vertex -25.7638 -18.7959 0
      vertex -26.805 -20.33 0
      vertex -25.8877 -18.7539 0
    endloop
  endfacet
  facet normal -0 0 -1
    outer loop
      vertex -25.6355 -18.8214 0
      vertex -26.805 -20.33 0
      vertex -25.7638 -18.7959 0
    endloop
  endfacet
  facet normal -0 0 -1
    outer loop
      vertex -25.505 -18.83 0
      vertex -26.805 -20.33 0
      vertex -25.6355 -18.8214 0
    endloop
  endfacet
  facet normal -0 0 -1
    outer loop
      vertex -10.343 -2.8895 0
      vertex -11.8879 -4.21291 0
      vertex -10.4465 -2.77148 0
    endloop
  endfacet
  facet normal -0 0 -1
    outer loop
      vertex -10.4465 -2.77148 0
      vertex -11.8879 -4.21291 0
      vertex -10.5645 -2.66798 0
    endloop
  endfacet
  facet normal -0 0 -1
    outer loop
      vertex -10.5645 -2.66798 0
      vertex -11.8879 -4.21291 0
      vertex -10.695 -2.58078 0
    endloop
  endfacet
  facet normal -0 0 -1
    outer loop
      vertex -10.695 -2.58078 0
      vertex -11.8879 -4.21291 0
      vertex -10.8358 -2.51135 0
    endloop
  endfacet
  facet normal -0 0 -1
    outer loop
      vertex -10.8358 -2.51135 0
      vertex -11.8879 -4.21291 0
      vertex -10.9844 -2.46091 0
    endloop
  endfacet
  facet normal -0 0 -1
    outer loop
      vertex -10.9844 -2.46091 0
      vertex -11.8879 -4.21291 0
      vertex -11.1384 -2.43028 0
    endloop
  endfacet
  facet normal -0 0 -1
    outer loop
      vertex -11.1384 -2.43028 0
      vertex -11.8879 -4.21291 0
      vertex -11.295 -2.42001 0
    endloop
  endfacet
  facet normal 0 0 -1
    outer loop
      vertex -11.9862 -4.12666 0
      vertex -11.295 -2.42001 0
      vertex -11.8879 -4.21291 0
    endloop
  endfacet
  facet normal 0 0 -1
    outer loop
      vertex -12.095 -4.05399 0
      vertex -11.295 -2.42001 0
      vertex -11.9862 -4.12666 0
    endloop
  endfacet
  facet normal 0 0 -1
    outer loop
      vertex -12.2123 -3.99614 0
      vertex -11.295 -2.42001 0
      vertex -12.095 -4.05399 0
    endloop
  endfacet
  facet normal 0 0 -1
    outer loop
      vertex -12.3362 -3.95409 0
      vertex -11.295 -2.42001 0
      vertex -12.2123 -3.99614 0
    endloop
  endfacet
  facet normal 0 0 -1
    outer loop
      vertex -12.4645 -3.92857 0
      vertex -11.295 -2.42001 0
      vertex -12.3362 -3.95409 0
    endloop
  endfacet
  facet normal 0 0 -1
    outer loop
      vertex -12.595 -3.92001 0
      vertex -11.295 -2.42001 0
      vertex -12.4645 -3.92857 0
    endloop
  endfacet
  facet normal 0 0 -1
    outer loop
      vertex -25.505 -3.92001 0
      vertex -11.295 -2.42001 0
      vertex -12.595 -3.92001 0
    endloop
  endfacet
  facet normal 0 0 -1
    outer loop
      vertex -26.805 -2.42001 0
      vertex -25.505 -3.92001 0
      vertex -25.6355 -3.92857 0
    endloop
  endfacet
  facet normal 0 0 -1
    outer loop
      vertex -25.505 -3.92001 0
      vertex -26.805 -2.42001 0
      vertex -11.295 -2.42001 0
    endloop
  endfacet
  facet normal 0 0 -1
    outer loop
      vertex -25.7638 -3.95409 0
      vertex -26.805 -2.42001 0
      vertex -25.6355 -3.92857 0
    endloop
  endfacet
  facet normal 0 0 -1
    outer loop
      vertex -25.8877 -3.99614 0
      vertex -26.805 -2.42001 0
      vertex -25.7638 -3.95409 0
    endloop
  endfacet
  facet normal 0 0 -1
    outer loop
      vertex -26.005 -4.05399 0
      vertex -26.805 -2.42001 0
      vertex -25.8877 -3.99614 0
    endloop
  endfacet
  facet normal 0 0 -1
    outer loop
      vertex -26.1138 -4.12666 0
      vertex -26.805 -2.42001 0
      vertex -26.005 -4.05399 0
    endloop
  endfacet
  facet normal 0 0 -1
    outer loop
      vertex -26.2121 -4.21291 0
      vertex -26.805 -2.42001 0
      vertex -26.1138 -4.12666 0
    endloop
  endfacet
  facet normal 0 0 -1
    outer loop
      vertex -27.9947 -3.46338 0
      vertex -26.2121 -4.21291 0
      vertex -26.2983 -4.31125 0
    endloop
  endfacet
  facet normal 0 0 -1
    outer loop
      vertex -28.005 -3.62001 0
      vertex -26.2983 -4.31125 0
      vertex -26.371 -4.42001 0
    endloop
  endfacet
  facet normal 0 0 -1
    outer loop
      vertex -28.005 -3.62001 0
      vertex -26.371 -4.42001 0
      vertex -26.4289 -4.53732 0
    endloop
  endfacet
  facet normal 0 0 -1
    outer loop
      vertex -28.005 -3.62001 0
      vertex -26.4289 -4.53732 0
      vertex -26.4709 -4.66119 0
    endloop
  endfacet
  facet normal 0 0 -1
    outer loop
      vertex -28.005 -3.62001 0
      vertex -26.4709 -4.66119 0
      vertex -26.4964 -4.78949 0
    endloop
  endfacet
  facet normal 0 0 -1
    outer loop
      vertex -28.005 -3.62001 0
      vertex -26.4964 -4.78949 0
      vertex -26.505 -4.92001 0
    endloop
  endfacet
  facet normal -0 0 -1
    outer loop
      vertex -26.505 -17.83 0
      vertex -28.005 -19.13 0
      vertex -26.505 -4.92001 0
    endloop
  endfacet
  facet normal 0 0 -1
    outer loop
      vertex -28.005 -19.13 0
      vertex -26.805 -20.33 0
      vertex -26.9616 -20.3197 0
    endloop
  endfacet
  facet normal 0 0 -1
    outer loop
      vertex -28.005 -3.62001 0
      vertex -26.505 -4.92001 0
      vertex -28.005 -19.13 0
    endloop
  endfacet
  facet normal 0 0 -1
    outer loop
      vertex -28.005 -19.13 0
      vertex -26.9616 -20.3197 0
      vertex -27.1156 -20.2891 0
    endloop
  endfacet
  facet normal 0 0 -1
    outer loop
      vertex -26.2983 -4.31125 0
      vertex -28.005 -3.62001 0
      vertex -27.9947 -3.46338 0
    endloop
  endfacet
  facet normal 0 0 -1
    outer loop
      vertex -28.005 -19.13 0
      vertex -27.1156 -20.2891 0
      vertex -27.2642 -20.2386 0
    endloop
  endfacet
  facet normal 0 0 -1
    outer loop
      vertex -26.2121 -4.21291 0
      vertex -26.9616 -2.43028 0
      vertex -26.805 -2.42001 0
    endloop
  endfacet
  facet normal 0 0 -1
    outer loop
      vertex -28.005 -19.13 0
      vertex -27.2642 -20.2386 0
      vertex -27.405 -20.1692 0
    endloop
  endfacet
  facet normal 0 0 -1
    outer loop
      vertex -26.2121 -4.21291 0
      vertex -27.1156 -2.46091 0
      vertex -26.9616 -2.43028 0
    endloop
  endfacet
  facet normal 0 0 -1
    outer loop
      vertex -28.005 -19.13 0
      vertex -27.405 -20.1692 0
      vertex -27.5355 -20.082 0
    endloop
  endfacet
  facet normal 0 0 -1
    outer loop
      vertex -26.2121 -4.21291 0
      vertex -27.2642 -2.51135 0
      vertex -27.1156 -2.46091 0
    endloop
  endfacet
  facet normal 0 0 -1
    outer loop
      vertex -28.005 -19.13 0
      vertex -27.5355 -20.082 0
      vertex -27.6535 -19.9785 0
    endloop
  endfacet
  facet normal 0 0 -1
    outer loop
      vertex -26.2121 -4.21291 0
      vertex -27.405 -2.58078 0
      vertex -27.2642 -2.51135 0
    endloop
  endfacet
  facet normal 0 0 -1
    outer loop
      vertex -28.005 -19.13 0
      vertex -27.6535 -19.9785 0
      vertex -27.757 -19.8605 0
    endloop
  endfacet
  facet normal 0 0 -1
    outer loop
      vertex -26.2121 -4.21291 0
      vertex -27.5355 -2.66798 0
      vertex -27.405 -2.58078 0
    endloop
  endfacet
  facet normal 0 0 -1
    outer loop
      vertex -28.005 -19.13 0
      vertex -27.757 -19.8605 0
      vertex -27.8442 -19.73 0
    endloop
  endfacet
  facet normal 0 0 -1
    outer loop
      vertex -26.2121 -4.21291 0
      vertex -27.6535 -2.77148 0
      vertex -27.5355 -2.66798 0
    endloop
  endfacet
  facet normal 0 0 -1
    outer loop
      vertex -28.005 -19.13 0
      vertex -27.8442 -19.73 0
      vertex -27.9136 -19.5892 0
    endloop
  endfacet
  facet normal 0 0 -1
    outer loop
      vertex -26.2121 -4.21291 0
      vertex -27.757 -2.8895 0
      vertex -27.6535 -2.77148 0
    endloop
  endfacet
  facet normal 0 0 -1
    outer loop
      vertex -28.005 -19.13 0
      vertex -27.9136 -19.5892 0
      vertex -27.9641 -19.4406 0
    endloop
  endfacet
  facet normal 0 0 -1
    outer loop
      vertex -26.2121 -4.21291 0
      vertex -27.8442 -3.02 0
      vertex -27.757 -2.8895 0
    endloop
  endfacet
  facet normal 0 0 -1
    outer loop
      vertex -28.005 -19.13 0
      vertex -27.9641 -19.4406 0
      vertex -27.9947 -19.2866 0
    endloop
  endfacet
  facet normal 0 0 -1
    outer loop
      vertex -26.2121 -4.21291 0
      vertex -27.9136 -3.1608 0
      vertex -27.8442 -3.02 0
    endloop
  endfacet
  facet normal 0 0 -1
    outer loop
      vertex -26.2121 -4.21291 0
      vertex -27.9641 -3.30943 0
      vertex -27.9136 -3.1608 0
    endloop
  endfacet
  facet normal 0 0 -1
    outer loop
      vertex -26.2121 -4.21291 0
      vertex -27.9947 -3.46338 0
      vertex -27.9641 -3.30943 0
    endloop
  endfacet
  facet normal -1 0 0
    outer loop
      vertex -28.005 -19.13 0
      vertex -28.005 -3.62001 0.00999928
      vertex -28.005 -3.62001 0
    endloop
  endfacet
  facet normal -1 -0 0
    outer loop
      vertex -28.005 -3.62001 0.00999928
      vertex -28.005 -19.13 0
      vertex -28.005 -19.13 0.00999928
    endloop
  endfacet
  facet normal -0.194891 -0.980825 0
    outer loop
      vertex -27.1156 -20.2891 0
      vertex -26.9616 -20.3197 0.00999928
      vertex -27.1156 -20.2891 0.00999928
    endloop
  endfacet
  facet normal -0.194891 -0.980825 -0
    outer loop
      vertex -26.9616 -20.3197 0.00999928
      vertex -27.1156 -20.2891 0
      vertex -26.9616 -20.3197 0
    endloop
  endfacet
  facet normal -0.612408 -0.698204 0.370767
    outer loop
      vertex -25.5629 -17.8879 7.4
      vertex -27.6535 -19.9785 0.00999928
      vertex -27.5355 -20.082 0.00999928
    endloop
  endfacet
  facet normal -0.184679 -0.929432 0.319453
    outer loop
      vertex -25.1146 -18.1467 7.4
      vertex -27.1156 -20.2891 0.00999928
      vertex -26.9616 -20.3197 0.00999928
    endloop
  endfacet
  facet normal -0.41325 -0.838408 0.355381
    outer loop
      vertex -25.3558 -18.0468 7.4
      vertex -27.405 -20.1692 0.00999928
      vertex -27.2642 -20.2386 0.00999928
    endloop
  endfacet
  facet normal -0.0628525 -0.95375 0.293956
    outer loop
      vertex -24.9863 -18.1722 7.4
      vertex -26.9616 -20.3197 0.00999928
      vertex -24.8558 -18.1808 7.4
    endloop
  endfacet
  facet normal 0.698401 0.612184 0.370766
    outer loop
      vertex -10.343 -2.8895 0.00999928
      vertex -12.5371 -4.86211 7.4
      vertex -12.4509 -4.96045 7.4
    endloop
  endfacet
  facet normal 0.0654405 0.997856 -0
    outer loop
      vertex -11.1384 -2.43028 0
      vertex -11.295 -2.42001 0.00999928
      vertex -11.1384 -2.43028 0.00999928
    endloop
  endfacet
  facet normal 0.0654405 0.997856 0
    outer loop
      vertex -11.295 -2.42001 0.00999928
      vertex -11.1384 -2.43028 0
      vertex -11.295 -2.42001 0
    endloop
  endfacet
  facet normal 0.517109 0.773885 0.365651
    outer loop
      vertex -10.695 -2.58078 0.00999928
      vertex -12.7442 -4.70319 7.4
      vertex -10.5645 -2.66798 0.00999928
    endloop
  endfacet
  facet normal 0.953752 0.062843 0.293953
    outer loop
      vertex -10.1053 -3.46338 0.00999928
      vertex -12.2528 -5.43869 7.4
      vertex -12.2442 -5.56921 7.4
    endloop
  endfacet
  facet normal 0.41325 -0.838408 0.355381
    outer loop
      vertex -10.695 -20.1692 0.00999928
      vertex -12.7442 -18.0468 7.4
      vertex -10.8358 -20.2386 0.00999928
    endloop
  endfacet
  facet normal 0.946819 -0.321766 0
    outer loop
      vertex -10.1864 -19.5892 0.00999928
      vertex -10.1359 -19.4406 0
      vertex -10.1359 -19.4406 0.00999928
    endloop
  endfacet
  facet normal 0.946819 -0.321766 0
    outer loop
      vertex -10.1359 -19.4406 0
      vertex -10.1864 -19.5892 0.00999928
      vertex -10.1864 -19.5892 0
    endloop
  endfacet
  facet normal 0.997844 -0.0656309 0
    outer loop
      vertex -10.1053 -19.2866 0.00999928
      vertex -10.095 -19.13 0
      vertex -10.095 -19.13 0.00999928
    endloop
  endfacet
  facet normal 0.997844 -0.0656309 0
    outer loop
      vertex -10.095 -19.13 0
      vertex -10.1053 -19.2866 0.00999928
      vertex -10.1053 -19.2866 0
    endloop
  endfacet
  facet normal 0.831462 -0.555582 0
    outer loop
      vertex -10.343 -19.8605 0.00999928
      vertex -10.2558 -19.73 0
      vertex -10.2558 -19.73 0.00999928
    endloop
  endfacet
  facet normal 0.831462 -0.555582 0
    outer loop
      vertex -10.2558 -19.73 0
      vertex -10.343 -19.8605 0.00999928
      vertex -10.343 -19.8605 0
    endloop
  endfacet
  facet normal 0.890638 0.301984 0.339955
    outer loop
      vertex -10.1864 -3.1608 0.00999928
      vertex -12.3203 -5.18652 7.4
      vertex -12.2783 -5.31039 7.4
    endloop
  endfacet
  facet normal 0.953769 0.0627199 0.293923
    outer loop
      vertex -10.1053 -3.46338 0.00999928
      vertex -12.2442 -5.56921 7.4
      vertex -10.095 -3.62001 0.00999928
    endloop
  endfacet
  facet normal 0.838172 0.413691 0.355426
    outer loop
      vertex -10.1864 -3.1608 0.00999928
      vertex -12.3782 -5.06921 7.4
      vertex -12.3203 -5.18652 7.4
    endloop
  endfacet
  facet normal -0.413436 0.838307 0.355404
    outer loop
      vertex -25.2385 -4.64534 7.4
      vertex -27.2642 -2.51135 0.00999928
      vertex -25.3558 -4.70319 7.4
    endloop
  endfacet
  facet normal -0.997844 -0.0656309 0
    outer loop
      vertex -27.9947 -19.2866 0
      vertex -28.005 -19.13 0.00999928
      vertex -28.005 -19.13 0
    endloop
  endfacet
  facet normal -0.997844 -0.0656309 0
    outer loop
      vertex -28.005 -19.13 0.00999928
      vertex -27.9947 -19.2866 0
      vertex -27.9947 -19.2866 0.00999928
    endloop
  endfacet
  facet normal -0.896961 -0.44211 0
    outer loop
      vertex -27.8442 -19.73 0
      vertex -27.9136 -19.5892 0.00999928
      vertex -27.9136 -19.5892 0
    endloop
  endfacet
  facet normal -0.896961 -0.44211 0
    outer loop
      vertex -27.9136 -19.5892 0.00999928
      vertex -27.8442 -19.73 0
      vertex -27.8442 -19.73 0.00999928
    endloop
  endfacet
  facet normal -0.95375 -0.0628525 0.293956
    outer loop
      vertex -25.8558 -17.1808 7.4
      vertex -27.9947 -19.2866 0.00999928
      vertex -25.8472 -17.3113 7.4
    endloop
  endfacet
  facet normal -0.659406 -0.751787 0
    outer loop
      vertex -27.6535 -19.9785 0
      vertex -27.5355 -20.082 0.00999928
      vertex -27.6535 -19.9785 0.00999928
    endloop
  endfacet
  facet normal -0.659406 -0.751787 -0
    outer loop
      vertex -27.5355 -20.082 0.00999928
      vertex -27.6535 -19.9785 0
      vertex -27.5355 -20.082 0
    endloop
  endfacet
  facet normal -0.321766 -0.946819 0
    outer loop
      vertex -27.2642 -20.2386 0
      vertex -27.1156 -20.2891 0.00999928
      vertex -27.2642 -20.2386 0.00999928
    endloop
  endfacet
  facet normal -0.321766 -0.946819 -0
    outer loop
      vertex -27.1156 -20.2891 0.00999928
      vertex -27.2642 -20.2386 0
      vertex -27.1156 -20.2891 0
    endloop
  endfacet
  facet normal -0.44211 -0.896961 0
    outer loop
      vertex -27.405 -20.1692 0
      vertex -27.2642 -20.2386 0.00999928
      vertex -27.405 -20.1692 0.00999928
    endloop
  endfacet
  facet normal -0.44211 -0.896961 -0
    outer loop
      vertex -27.2642 -20.2386 0.00999928
      vertex -27.405 -20.1692 0
      vertex -27.2642 -20.2386 0
    endloop
  endfacet
  facet normal -0.413719 -0.838157 0.355428
    outer loop
      vertex -25.3558 -18.0468 7.4
      vertex -27.2642 -20.2386 0.00999928
      vertex -25.2385 -18.1047 7.4
    endloop
  endfacet
  facet normal -0.302589 -0.890392 0.340062
    outer loop
      vertex -25.1146 -18.1467 7.4
      vertex -27.2642 -20.2386 0.00999928
      vertex -27.1156 -20.2891 0.00999928
    endloop
  endfacet
  facet normal 0.442264 0.896885 -0
    outer loop
      vertex -10.695 -2.58078 0
      vertex -10.8358 -2.51135 0.00999928
      vertex -10.695 -2.58078 0.00999928
    endloop
  endfacet
  facet normal 0.442264 0.896885 0
    outer loop
      vertex -10.8358 -2.51135 0.00999928
      vertex -10.695 -2.58078 0
      vertex -10.8358 -2.51135 0
    endloop
  endfacet
  facet normal 0.41339 0.838331 0.355399
    outer loop
      vertex -10.8358 -2.51135 0.00999928
      vertex -12.7442 -4.70319 7.4
      vertex -10.695 -2.58078 0.00999928
    endloop
  endfacet
  facet normal 0.413436 0.838307 0.355404
    outer loop
      vertex -10.8358 -2.51135 0.00999928
      vertex -12.8615 -4.64534 7.4
      vertex -12.7442 -4.70319 7.4
    endloop
  endfacet
  facet normal 0.612524 0.6981 0.37077
    outer loop
      vertex -10.5645 -2.66798 0.00999928
      vertex -12.6354 -4.77586 7.4
      vertex -12.5371 -4.86211 7.4
    endloop
  endfacet
  facet normal 0.612407 0.698203 0.370769
    outer loop
      vertex -10.5645 -2.66798 0.00999928
      vertex -12.5371 -4.86211 7.4
      vertex -10.4465 -2.77148 0.00999928
    endloop
  endfacet
  facet normal 0.698255 0.612349 0.370767
    outer loop
      vertex -10.4465 -2.77148 0.00999928
      vertex -12.5371 -4.86211 7.4
      vertex -10.343 -2.8895 0.00999928
    endloop
  endfacet
  facet normal 0.980825 -0.194891 0
    outer loop
      vertex -10.1359 -19.4406 0.00999928
      vertex -10.1053 -19.2866 0
      vertex -10.1053 -19.2866 0.00999928
    endloop
  endfacet
  facet normal 0.980825 -0.194891 0
    outer loop
      vertex -10.1053 -19.2866 0
      vertex -10.1359 -19.4406 0.00999928
      vertex -10.1359 -19.4406 0
    endloop
  endfacet
  facet normal 0.929432 -0.184679 0.319453
    outer loop
      vertex -10.1053 -19.2866 0.00999928
      vertex -12.2783 -17.4396 7.4
      vertex -10.1359 -19.4406 0.00999928
    endloop
  endfacet
  facet normal 0.555582 -0.831462 0
    outer loop
      vertex -10.695 -20.1692 0
      vertex -10.5645 -20.082 0.00999928
      vertex -10.695 -20.1692 0.00999928
    endloop
  endfacet
  facet normal 0.555582 -0.831462 0
    outer loop
      vertex -10.5645 -20.082 0.00999928
      vertex -10.695 -20.1692 0
      vertex -10.5645 -20.082 0
    endloop
  endfacet
  facet normal 0.30192 -0.890664 0.339944
    outer loop
      vertex -12.8615 -18.1047 7.4
      vertex -12.9854 -18.1467 7.4
      vertex -10.8358 -20.2386 0.00999928
    endloop
  endfacet
  facet normal 0.751787 -0.659406 0
    outer loop
      vertex -10.4465 -19.9785 0.00999928
      vertex -10.343 -19.8605 0
      vertex -10.343 -19.8605 0.00999928
    endloop
  endfacet
  facet normal 0.751787 -0.659406 0
    outer loop
      vertex -10.343 -19.8605 0
      vertex -10.4465 -19.9785 0.00999928
      vertex -10.4465 -19.9785 0
    endloop
  endfacet
  facet normal 0.517109 -0.773885 0.36565
    outer loop
      vertex -12.6354 -17.9741 7.4
      vertex -12.7442 -18.0468 7.4
      vertex -10.5645 -20.082 0.00999928
    endloop
  endfacet
  facet normal 0.302589 -0.890392 0.340062
    outer loop
      vertex -10.8358 -20.2386 0.00999928
      vertex -12.9854 -18.1467 7.4
      vertex -10.9844 -20.2891 0.00999928
    endloop
  endfacet
  facet normal 0.997845 0.0656183 0
    outer loop
      vertex -10.095 -3.62001 0.00999928
      vertex -10.1053 -3.46338 0
      vertex -10.1053 -3.46338 0.00999928
    endloop
  endfacet
  facet normal 0.997845 0.0656183 0
    outer loop
      vertex -10.1053 -3.46338 0
      vertex -10.095 -3.62001 0.00999928
      vertex -10.095 -3.62001 0
    endloop
  endfacet
  facet normal 0.946839 0.321707 0
    outer loop
      vertex -10.1359 -3.30943 0.00999928
      vertex -10.1864 -3.1608 0
      vertex -10.1864 -3.1608 0.00999928
    endloop
  endfacet
  facet normal 0.946839 0.321707 0
    outer loop
      vertex -10.1864 -3.1608 0
      vertex -10.1359 -3.30943 0.00999928
      vertex -10.1359 -3.30943 0
    endloop
  endfacet
  facet normal 0.929417 0.184736 0.319463
    outer loop
      vertex -10.1359 -3.30943 0.00999928
      vertex -12.2783 -5.31039 7.4
      vertex -10.1053 -3.46338 0.00999928
    endloop
  endfacet
  facet normal 0.890414 0.302536 0.340052
    outer loop
      vertex -10.1864 -3.1608 0.00999928
      vertex -12.2783 -5.31039 7.4
      vertex -10.1359 -3.30943 0.00999928
    endloop
  endfacet
  facet normal 0.838408 0.41325 0.355382
    outer loop
      vertex -10.2558 -3.02 0.00999928
      vertex -12.3782 -5.06921 7.4
      vertex -10.1864 -3.1608 0.00999928
    endloop
  endfacet
  facet normal -0.516964 0.773988 0.365637
    outer loop
      vertex -25.3558 -4.70319 7.4
      vertex -27.5355 -2.66798 0.00999928
      vertex -25.4646 -4.77586 7.4
    endloop
  endfacet
  facet normal -0.41339 0.838331 0.355399
    outer loop
      vertex -27.2642 -2.51135 0.00999928
      vertex -27.405 -2.58078 0.00999928
      vertex -25.3558 -4.70319 7.4
    endloop
  endfacet
  facet normal -0.555582 0.831462 0
    outer loop
      vertex -27.405 -2.58078 0
      vertex -27.5355 -2.66798 0.00999928
      vertex -27.405 -2.58078 0.00999928
    endloop
  endfacet
  facet normal -0.555582 0.831462 0
    outer loop
      vertex -27.5355 -2.66798 0.00999928
      vertex -27.405 -2.58078 0
      vertex -27.5355 -2.66798 0
    endloop
  endfacet
  facet normal -0.517109 0.773885 0.365651
    outer loop
      vertex -27.405 -2.58078 0.00999928
      vertex -27.5355 -2.66798 0.00999928
      vertex -25.3558 -4.70319 7.4
    endloop
  endfacet
  facet normal -0.302235 0.890534 0.340004
    outer loop
      vertex -25.1146 -4.60329 7.4
      vertex -27.2642 -2.51135 0.00999928
      vertex -25.2385 -4.64534 7.4
    endloop
  endfacet
  facet normal -0.890664 -0.30192 0.339944
    outer loop
      vertex -25.8217 -17.4396 7.4
      vertex -27.9136 -19.5892 0.00999928
      vertex -25.7797 -17.5635 7.4
    endloop
  endfacet
  facet normal -0.953767 -0.0627318 0.293926
    outer loop
      vertex -25.8558 -17.1808 7.4
      vertex -28.005 -19.13 0.00999928
      vertex -27.9947 -19.2866 0.00999928
    endloop
  endfacet
  facet normal -0.838157 -0.413719 0.355428
    outer loop
      vertex -25.7797 -17.5635 7.4
      vertex -27.9136 -19.5892 0.00999928
      vertex -25.7218 -17.6808 7.4
    endloop
  endfacet
  facet normal -0.838408 -0.41325 0.355381
    outer loop
      vertex -25.7218 -17.6808 7.4
      vertex -27.9136 -19.5892 0.00999928
      vertex -27.8442 -19.73 0.00999928
    endloop
  endfacet
  facet normal -0.612325 -0.698277 0.370766
    outer loop
      vertex -25.5629 -17.8879 7.4
      vertex -27.5355 -20.082 0.00999928
      vertex -25.4646 -17.9741 7.4
    endloop
  endfacet
  facet normal -0.517109 -0.773885 0.36565
    outer loop
      vertex -25.4646 -17.9741 7.4
      vertex -27.5355 -20.082 0.00999928
      vertex -25.3558 -18.0468 7.4
    endloop
  endfacet
  facet normal -0.30192 -0.890664 0.339944
    outer loop
      vertex -25.2385 -18.1047 7.4
      vertex -27.2642 -20.2386 0.00999928
      vertex -25.1146 -18.1467 7.4
    endloop
  endfacet
  facet normal 0.184851 0.929387 0.319484
    outer loop
      vertex -11.1384 -2.43028 0.00999928
      vertex -12.9854 -4.60329 7.4
      vertex -10.9844 -2.46091 0.00999928
    endloop
  endfacet
  facet normal 0.302273 0.890519 0.340011
    outer loop
      vertex -10.9844 -2.46091 0.00999928
      vertex -12.9854 -4.60329 7.4
      vertex -10.8358 -2.51135 0.00999928
    endloop
  endfacet
  facet normal 0.184863 0.929384 0.319486
    outer loop
      vertex -11.1384 -2.43028 0.00999928
      vertex -13.1137 -4.57777 7.4
      vertex -12.9854 -4.60329 7.4
    endloop
  endfacet
  facet normal 0.0625628 0.95379 0.293888
    outer loop
      vertex -11.1384 -2.43028 0.00999928
      vertex -13.2442 -4.56921 7.4
      vertex -13.1137 -4.57777 7.4
    endloop
  endfacet
  facet normal 0.555582 0.831462 -0
    outer loop
      vertex -10.5645 -2.66798 0
      vertex -10.695 -2.58078 0.00999928
      vertex -10.5645 -2.66798 0.00999928
    endloop
  endfacet
  facet normal 0.555582 0.831462 0
    outer loop
      vertex -10.695 -2.58078 0.00999928
      vertex -10.5645 -2.66798 0
      vertex -10.695 -2.58078 0
    endloop
  endfacet
  facet normal 0.659406 0.751787 -0
    outer loop
      vertex -10.4465 -2.77148 0
      vertex -10.5645 -2.66798 0.00999928
      vertex -10.4465 -2.77148 0.00999928
    endloop
  endfacet
  facet normal 0.659406 0.751787 0
    outer loop
      vertex -10.5645 -2.66798 0.00999928
      vertex -10.4465 -2.77148 0
      vertex -10.5645 -2.66798 0
    endloop
  endfacet
  facet normal 0.953767 -0.0627318 0.293926
    outer loop
      vertex -10.095 -19.13 0.00999928
      vertex -12.2442 -17.1808 7.4
      vertex -10.1053 -19.2866 0.00999928
    endloop
  endfacet
  facet normal 0.95375 -0.0628525 0.293956
    outer loop
      vertex -12.2442 -17.1808 7.4
      vertex -12.2528 -17.3113 7.4
      vertex -10.1053 -19.2866 0.00999928
    endloop
  endfacet
  facet normal 0.773885 -0.517109 0.36565
    outer loop
      vertex -10.2558 -19.73 0.00999928
      vertex -12.3782 -17.6808 7.4
      vertex -10.343 -19.8605 0.00999928
    endloop
  endfacet
  facet normal 0.838157 -0.413719 0.355428
    outer loop
      vertex -12.3203 -17.5635 7.4
      vertex -12.3782 -17.6808 7.4
      vertex -10.1864 -19.5892 0.00999928
    endloop
  endfacet
  facet normal 0.659406 -0.751787 0
    outer loop
      vertex -10.5645 -20.082 0
      vertex -10.4465 -19.9785 0.00999928
      vertex -10.5645 -20.082 0.00999928
    endloop
  endfacet
  facet normal 0.659406 -0.751787 0
    outer loop
      vertex -10.4465 -19.9785 0.00999928
      vertex -10.5645 -20.082 0
      vertex -10.4465 -19.9785 0
    endloop
  endfacet
  facet normal 0.612325 -0.698277 0.370766
    outer loop
      vertex -12.5371 -17.8879 7.4
      vertex -12.6354 -17.9741 7.4
      vertex -10.5645 -20.082 0.00999928
    endloop
  endfacet
  facet normal 0.44211 -0.896961 0
    outer loop
      vertex -10.8358 -20.2386 0
      vertex -10.695 -20.1692 0.00999928
      vertex -10.8358 -20.2386 0.00999928
    endloop
  endfacet
  facet normal 0.44211 -0.896961 0
    outer loop
      vertex -10.695 -20.1692 0.00999928
      vertex -10.8358 -20.2386 0
      vertex -10.695 -20.1692 0
    endloop
  endfacet
  facet normal 0.321766 -0.946819 0
    outer loop
      vertex -10.9844 -20.2891 0
      vertex -10.8358 -20.2386 0.00999928
      vertex -10.9844 -20.2891 0.00999928
    endloop
  endfacet
  facet normal 0.321766 -0.946819 0
    outer loop
      vertex -10.8358 -20.2386 0.00999928
      vertex -10.9844 -20.2891 0
      vertex -10.8358 -20.2386 0
    endloop
  endfacet
  facet normal 0.413719 -0.838157 0.355428
    outer loop
      vertex -12.7442 -18.0468 7.4
      vertex -12.8615 -18.1047 7.4
      vertex -10.8358 -20.2386 0.00999928
    endloop
  endfacet
  facet normal 0.980813 0.194952 0
    outer loop
      vertex -10.1053 -3.46338 0.00999928
      vertex -10.1359 -3.30943 0
      vertex -10.1359 -3.30943 0.00999928
    endloop
  endfacet
  facet normal 0.980813 0.194952 0
    outer loop
      vertex -10.1359 -3.30943 0
      vertex -10.1053 -3.46338 0.00999928
      vertex -10.1053 -3.46338 0
    endloop
  endfacet
  facet normal 0.92942 0.184725 0.319461
    outer loop
      vertex -10.1053 -3.46338 0.00999928
      vertex -12.2783 -5.31039 7.4
      vertex -12.2528 -5.43869 7.4
    endloop
  endfacet
  facet normal 0.773885 0.517109 0.365651
    outer loop
      vertex -10.343 -2.8895 0.00999928
      vertex -12.3782 -5.06921 7.4
      vertex -10.2558 -3.02 0.00999928
    endloop
  endfacet
  facet normal 0.773793 0.517238 0.365663
    outer loop
      vertex -10.343 -2.8895 0.00999928
      vertex -12.4509 -4.96045 7.4
      vertex -12.3782 -5.06921 7.4
    endloop
  endfacet
  facet normal 0.831462 0.555582 0
    outer loop
      vertex -10.2558 -3.02 0.00999928
      vertex -10.343 -2.8895 0
      vertex -10.343 -2.8895 0.00999928
    endloop
  endfacet
  facet normal 0.831462 0.555582 0
    outer loop
      vertex -10.343 -2.8895 0
      vertex -10.2558 -3.02 0.00999928
      vertex -10.2558 -3.02 0
    endloop
  endfacet
  facet normal 0.896961 0.44211 0
    outer loop
      vertex -10.1864 -3.1608 0.00999928
      vertex -10.2558 -3.02 0
      vertex -10.2558 -3.02 0.00999928
    endloop
  endfacet
  facet normal 0.896961 0.44211 0
    outer loop
      vertex -10.2558 -3.02 0
      vertex -10.1864 -3.1608 0.00999928
      vertex -10.1864 -3.1608 0
    endloop
  endfacet
  facet normal -0.184863 0.929384 0.319486
    outer loop
      vertex -24.9863 -4.57777 7.4
      vertex -26.9616 -2.43028 0.00999928
      vertex -25.1146 -4.60329 7.4
    endloop
  endfacet
  facet normal -0.0625628 0.95379 0.293888
    outer loop
      vertex -24.8558 -4.56921 7.4
      vertex -26.9616 -2.43028 0.00999928
      vertex -24.9863 -4.57777 7.4
    endloop
  endfacet
  facet normal -0.997845 0.0656183 0
    outer loop
      vertex -28.005 -3.62001 0
      vertex -27.9947 -3.46338 0.00999928
      vertex -27.9947 -3.46338 0
    endloop
  endfacet
  facet normal -0.997845 0.0656183 0
    outer loop
      vertex -27.9947 -3.46338 0.00999928
      vertex -28.005 -3.62001 0
      vertex -28.005 -3.62001 0.00999928
    endloop
  endfacet
  facet normal -0.838172 0.413691 0.355426
    outer loop
      vertex -25.7218 -5.06921 7.4
      vertex -27.9136 -3.1608 0.00999928
      vertex -25.7797 -5.18652 7.4
    endloop
  endfacet
  facet normal -0.659406 0.751787 0
    outer loop
      vertex -27.5355 -2.66798 0
      vertex -27.6535 -2.77148 0.00999928
      vertex -27.5355 -2.66798 0.00999928
    endloop
  endfacet
  facet normal -0.659406 0.751787 0
    outer loop
      vertex -27.6535 -2.77148 0.00999928
      vertex -27.5355 -2.66798 0
      vertex -27.6535 -2.77148 0
    endloop
  endfacet
  facet normal -0.442264 0.896885 0
    outer loop
      vertex -27.2642 -2.51135 0
      vertex -27.405 -2.58078 0.00999928
      vertex -27.2642 -2.51135 0.00999928
    endloop
  endfacet
  facet normal -0.442264 0.896885 0
    outer loop
      vertex -27.405 -2.58078 0.00999928
      vertex -27.2642 -2.51135 0
      vertex -27.405 -2.58078 0
    endloop
  endfacet
  facet normal -0.302273 0.890519 0.340011
    outer loop
      vertex -27.1156 -2.46091 0.00999928
      vertex -27.2642 -2.51135 0.00999928
      vertex -25.1146 -4.60329 7.4
    endloop
  endfacet
  facet normal -0.980825 -0.194891 0
    outer loop
      vertex -27.9641 -19.4406 0
      vertex -27.9947 -19.2866 0.00999928
      vertex -27.9947 -19.2866 0
    endloop
  endfacet
  facet normal -0.980825 -0.194891 0
    outer loop
      vertex -27.9947 -19.2866 0.00999928
      vertex -27.9641 -19.4406 0
      vertex -27.9641 -19.4406 0.00999928
    endloop
  endfacet
  facet normal -0.946819 -0.321766 0
    outer loop
      vertex -27.9136 -19.5892 0
      vertex -27.9641 -19.4406 0.00999928
      vertex -27.9641 -19.4406 0
    endloop
  endfacet
  facet normal -0.946819 -0.321766 0
    outer loop
      vertex -27.9641 -19.4406 0.00999928
      vertex -27.9136 -19.5892 0
      vertex -27.9136 -19.5892 0.00999928
    endloop
  endfacet
  facet normal -0.929432 -0.184679 0.319453
    outer loop
      vertex -25.8217 -17.4396 7.4
      vertex -27.9947 -19.2866 0.00999928
      vertex -27.9641 -19.4406 0.00999928
    endloop
  endfacet
  facet normal -0.890392 -0.302589 0.340062
    outer loop
      vertex -25.8217 -17.4396 7.4
      vertex -27.9641 -19.4406 0.00999928
      vertex -27.9136 -19.5892 0.00999928
    endloop
  endfacet
  facet normal -0.773885 -0.517109 0.36565
    outer loop
      vertex -25.7218 -17.6808 7.4
      vertex -27.8442 -19.73 0.00999928
      vertex -27.757 -19.8605 0.00999928
    endloop
  endfacet
  facet normal -0.773885 -0.517109 0.36565
    outer loop
      vertex -25.7218 -17.6808 7.4
      vertex -27.757 -19.8605 0.00999928
      vertex -25.6491 -17.7896 7.4
    endloop
  endfacet
  facet normal 0.195075 0.980788 -0
    outer loop
      vertex -10.9844 -2.46091 0
      vertex -11.1384 -2.43028 0.00999928
      vertex -10.9844 -2.46091 0.00999928
    endloop
  endfacet
  facet normal 0.195075 0.980788 0
    outer loop
      vertex -11.1384 -2.43028 0.00999928
      vertex -10.9844 -2.46091 0
      vertex -11.1384 -2.43028 0
    endloop
  endfacet
  facet normal 0.321423 0.946936 -0
    outer loop
      vertex -10.8358 -2.51135 0
      vertex -10.9844 -2.46091 0.00999928
      vertex -10.8358 -2.51135 0.00999928
    endloop
  endfacet
  facet normal 0.321423 0.946936 0
    outer loop
      vertex -10.9844 -2.46091 0.00999928
      vertex -10.8358 -2.51135 0
      vertex -10.9844 -2.46091 0
    endloop
  endfacet
  facet normal 0.838408 -0.41325 0.355381
    outer loop
      vertex -10.1864 -19.5892 0.00999928
      vertex -12.3782 -17.6808 7.4
      vertex -10.2558 -19.73 0.00999928
    endloop
  endfacet
  facet normal 0.92942 -0.184725 0.319461
    outer loop
      vertex -12.2528 -17.3113 7.4
      vertex -12.2783 -17.4396 7.4
      vertex -10.1053 -19.2866 0.00999928
    endloop
  endfacet
  facet normal 0.896961 -0.44211 0
    outer loop
      vertex -10.2558 -19.73 0.00999928
      vertex -10.1864 -19.5892 0
      vertex -10.1864 -19.5892 0.00999928
    endloop
  endfacet
  facet normal 0.896961 -0.44211 0
    outer loop
      vertex -10.1864 -19.5892 0
      vertex -10.2558 -19.73 0.00999928
      vertex -10.2558 -19.73 0
    endloop
  endfacet
  facet normal 0.612408 -0.698204 0.370767
    outer loop
      vertex -10.4465 -19.9785 0.00999928
      vertex -12.5371 -17.8879 7.4
      vertex -10.5645 -20.082 0.00999928
    endloop
  endfacet
  facet normal 0.698204 -0.612408 0.370767
    outer loop
      vertex -10.343 -19.8605 0.00999928
      vertex -12.5371 -17.8879 7.4
      vertex -10.4465 -19.9785 0.00999928
    endloop
  endfacet
  facet normal -0.184851 0.929387 0.319484
    outer loop
      vertex -26.9616 -2.43028 0.00999928
      vertex -27.1156 -2.46091 0.00999928
      vertex -25.1146 -4.60329 7.4
    endloop
  endfacet
  facet normal -0.92942 0.184725 0.319461
    outer loop
      vertex -25.8217 -5.31039 7.4
      vertex -27.9947 -3.46338 0.00999928
      vertex -25.8472 -5.43869 7.4
    endloop
  endfacet
  facet normal -0.773885 0.517109 0.365651
    outer loop
      vertex -27.757 -2.8895 0.00999928
      vertex -27.8442 -3.02 0.00999928
      vertex -25.7218 -5.06921 7.4
    endloop
  endfacet
  facet normal -0.890414 0.302536 0.340052
    outer loop
      vertex -27.9136 -3.1608 0.00999928
      vertex -27.9641 -3.30943 0.00999928
      vertex -25.8217 -5.31039 7.4
    endloop
  endfacet
  facet normal -0.929417 0.184736 0.319463
    outer loop
      vertex -27.9641 -3.30943 0.00999928
      vertex -27.9947 -3.46338 0.00999928
      vertex -25.8217 -5.31039 7.4
    endloop
  endfacet
  facet normal -0.612407 0.698203 0.370769
    outer loop
      vertex -27.5355 -2.66798 0.00999928
      vertex -27.6535 -2.77148 0.00999928
      vertex -25.5629 -4.86211 7.4
    endloop
  endfacet
  facet normal -0.751842 0.659343 0
    outer loop
      vertex -27.757 -2.8895 0
      vertex -27.6535 -2.77148 0.00999928
      vertex -27.6535 -2.77148 0
    endloop
  endfacet
  facet normal -0.751842 0.659343 0
    outer loop
      vertex -27.6535 -2.77148 0.00999928
      vertex -27.757 -2.8895 0
      vertex -27.757 -2.8895 0.00999928
    endloop
  endfacet
  facet normal -0.92942 -0.184725 0.319461
    outer loop
      vertex -25.8472 -17.3113 7.4
      vertex -27.9947 -19.2866 0.00999928
      vertex -25.8217 -17.4396 7.4
    endloop
  endfacet
  facet normal 0.890664 -0.30192 0.339944
    outer loop
      vertex -12.2783 -17.4396 7.4
      vertex -12.3203 -17.5635 7.4
      vertex -10.1864 -19.5892 0.00999928
    endloop
  endfacet
  facet normal 0.890392 -0.302589 0.340062
    outer loop
      vertex -10.1359 -19.4406 0.00999928
      vertex -12.2783 -17.4396 7.4
      vertex -10.1864 -19.5892 0.00999928
    endloop
  endfacet
  facet normal 0.773885 -0.517109 0.36565
    outer loop
      vertex -12.3782 -17.6808 7.4
      vertex -12.4509 -17.7896 7.4
      vertex -10.343 -19.8605 0.00999928
    endloop
  endfacet
  facet normal -0.321423 0.946936 0
    outer loop
      vertex -27.1156 -2.46091 0
      vertex -27.2642 -2.51135 0.00999928
      vertex -27.1156 -2.46091 0.00999928
    endloop
  endfacet
  facet normal -0.321423 0.946936 0
    outer loop
      vertex -27.2642 -2.51135 0.00999928
      vertex -27.1156 -2.46091 0
      vertex -27.2642 -2.51135 0
    endloop
  endfacet
  facet normal -0.195075 0.980788 0
    outer loop
      vertex -26.9616 -2.43028 0
      vertex -27.1156 -2.46091 0.00999928
      vertex -26.9616 -2.43028 0.00999928
    endloop
  endfacet
  facet normal -0.195075 0.980788 0
    outer loop
      vertex -27.1156 -2.46091 0.00999928
      vertex -26.9616 -2.43028 0
      vertex -27.1156 -2.46091 0
    endloop
  endfacet
  facet normal -0.773793 0.517238 0.365663
    outer loop
      vertex -25.6491 -4.96045 7.4
      vertex -27.757 -2.8895 0.00999928
      vertex -25.7218 -5.06921 7.4
    endloop
  endfacet
  facet normal -0.698401 0.612184 0.370766
    outer loop
      vertex -25.5629 -4.86211 7.4
      vertex -27.757 -2.8895 0.00999928
      vertex -25.6491 -4.96045 7.4
    endloop
  endfacet
  facet normal -0.896961 0.44211 0
    outer loop
      vertex -27.9136 -3.1608 0
      vertex -27.8442 -3.02 0.00999928
      vertex -27.8442 -3.02 0
    endloop
  endfacet
  facet normal -0.896961 0.44211 0
    outer loop
      vertex -27.8442 -3.02 0.00999928
      vertex -27.9136 -3.1608 0
      vertex -27.9136 -3.1608 0.00999928
    endloop
  endfacet
  facet normal -0.831462 0.555582 0
    outer loop
      vertex -27.8442 -3.02 0
      vertex -27.757 -2.8895 0.00999928
      vertex -27.757 -2.8895 0
    endloop
  endfacet
  facet normal -0.831462 0.555582 0
    outer loop
      vertex -27.757 -2.8895 0.00999928
      vertex -27.8442 -3.02 0
      vertex -27.8442 -3.02 0.00999928
    endloop
  endfacet
  facet normal -0.838408 0.41325 0.355382
    outer loop
      vertex -27.8442 -3.02 0.00999928
      vertex -27.9136 -3.1608 0.00999928
      vertex -25.7218 -5.06921 7.4
    endloop
  endfacet
  facet normal -0.890638 0.301984 0.339955
    outer loop
      vertex -25.7797 -5.18652 7.4
      vertex -27.9136 -3.1608 0.00999928
      vertex -25.8217 -5.31039 7.4
    endloop
  endfacet
  facet normal -0.980813 0.194952 0
    outer loop
      vertex -27.9947 -3.46338 0
      vertex -27.9641 -3.30943 0.00999928
      vertex -27.9641 -3.30943 0
    endloop
  endfacet
  facet normal -0.980813 0.194952 0
    outer loop
      vertex -27.9641 -3.30943 0.00999928
      vertex -27.9947 -3.46338 0
      vertex -27.9947 -3.46338 0.00999928
    endloop
  endfacet
  facet normal -0.946839 0.321707 0
    outer loop
      vertex -27.9641 -3.30943 0
      vertex -27.9136 -3.1608 0.00999928
      vertex -27.9136 -3.1608 0
    endloop
  endfacet
  facet normal -0.946839 0.321707 0
    outer loop
      vertex -27.9136 -3.1608 0.00999928
      vertex -27.9641 -3.30943 0
      vertex -27.9641 -3.30943 0.00999928
    endloop
  endfacet
  facet normal -0.953752 0.062843 0.293953
    outer loop
      vertex -25.8472 -5.43869 7.4
      vertex -27.9947 -3.46338 0.00999928
      vertex -25.8558 -5.56921 7.4
    endloop
  endfacet
  facet normal -0.301972 0.890638 -0.339966
    outer loop
      vertex -14.2381 -16.6199 7.4
      vertex -12.3362 -18.7959 0.00999928
      vertex -14.3372 -16.6535 7.4
    endloop
  endfacet
  facet normal -0.19494 0.980815 0
    outer loop
      vertex -12.3362 -18.7959 0
      vertex -12.4645 -18.8214 0.00999928
      vertex -12.3362 -18.7959 0.00999928
    endloop
  endfacet
  facet normal -0.19494 0.980815 0
    outer loop
      vertex -12.4645 -18.8214 0.00999928
      vertex -12.3362 -18.7959 0
      vertex -12.4645 -18.8214 0
    endloop
  endfacet
  facet normal -0.997836 -0.0657477 0
    outer loop
      vertex -11.595 -4.92001 0
      vertex -11.6036 -4.78949 0.00999928
      vertex -11.6036 -4.78949 0
    endloop
  endfacet
  facet normal -0.997836 -0.0657477 0
    outer loop
      vertex -11.6036 -4.78949 0.00999928
      vertex -11.595 -4.92001 0
      vertex -11.595 -4.92001 0.00999928
    endloop
  endfacet
  facet normal -0.321039 0.947066 0
    outer loop
      vertex -12.2123 -18.7539 0
      vertex -12.3362 -18.7959 0.00999928
      vertex -12.2123 -18.7539 0.00999928
    endloop
  endfacet
  facet normal -0.321039 0.947066 0
    outer loop
      vertex -12.3362 -18.7959 0.00999928
      vertex -12.2123 -18.7539 0
      vertex -12.3362 -18.7959 0
    endloop
  endfacet
  facet normal -0.0657577 0.997836 0
    outer loop
      vertex -12.4645 -18.8214 0
      vertex -12.595 -18.83 0.00999928
      vertex -12.4645 -18.8214 0.00999928
    endloop
  endfacet
  facet normal -0.0657577 0.997836 0
    outer loop
      vertex -12.595 -18.83 0.00999928
      vertex -12.4645 -18.8214 0
      vertex -12.595 -18.83 0
    endloop
  endfacet
  facet normal -0.184725 0.92942 -0.319461
    outer loop
      vertex -12.3362 -18.7959 0.00999928
      vertex -12.4645 -18.8214 0.00999928
      vertex -14.4398 -16.6739 7.4
    endloop
  endfacet
  facet normal 0 -0.960217 -0.279254
    outer loop
      vertex -23.5558 -6.06921 7.4
      vertex -19.45 -4.73142 2.8
      vertex -14.5442 -6.06921 7.4
    endloop
  endfacet
  facet normal -1.24428e-06 -0.960217 -0.279255
    outer loop
      vertex -25.505 -3.92001 0.00999928
      vertex -19.45 -4.73142 2.8
      vertex -23.5558 -6.06921 7.4
    endloop
  endfacet
  facet normal 0 -0.960216 -0.279259
    outer loop
      vertex -19.45 -4.49876 2
      vertex -25.505 -3.92001 0.00999928
      vertex -18.65 -4.49876 2
    endloop
  endfacet
  facet normal -1.2751e-06 -0.960217 -0.279255
    outer loop
      vertex -19.45 -4.73142 2.8
      vertex -25.505 -3.92001 0.00999928
      vertex -19.45 -4.49876 2
    endloop
  endfacet
  facet normal -0 -0.960217 -0.279254
    outer loop
      vertex -18.65 -4.73142 2.8
      vertex -14.5442 -6.06921 7.4
      vertex -19.45 -4.73142 2.8
    endloop
  endfacet
  facet normal 1.2751e-06 -0.960217 -0.279255
    outer loop
      vertex -12.595 -3.92001 0.00999928
      vertex -18.65 -4.73142 2.8
      vertex -18.65 -4.49876 2
    endloop
  endfacet
  facet normal 1.24428e-06 -0.960217 -0.279255
    outer loop
      vertex -18.65 -4.73142 2.8
      vertex -12.595 -3.92001 0.00999928
      vertex -14.5442 -6.06921 7.4
    endloop
  endfacet
  facet normal -0 -0.960216 -0.279259
    outer loop
      vertex -12.595 -3.92001 0.00999928
      vertex -18.65 -4.49876 2
      vertex -25.505 -3.92001 0.00999928
    endloop
  endfacet
  facet normal 0.698334 0.612262 -0.370762
    outer loop
      vertex -24.1905 -16.3678 7.4
      vertex -24.1215 -16.4465 7.4
      vertex -26.2121 -18.5371 0.00999928
    endloop
  endfacet
  facet normal -0.953752 -0.062843 -0.293951
    outer loop
      vertex -11.6036 -4.78949 0.00999928
      vertex -11.595 -4.92001 0.00999928
      vertex -13.7442 -6.86922 7.4
    endloop
  endfacet
  facet normal -0.612262 0.698334 -0.370762
    outer loop
      vertex -13.9785 -16.4465 7.4
      vertex -11.8879 -18.5371 0.00999928
      vertex -14.0572 -16.5155 7.4
    endloop
  endfacet
  facet normal -0.980815 0.19494 0
    outer loop
      vertex -11.6291 -18.0888 0
      vertex -11.6036 -17.9605 0.00999928
      vertex -11.6036 -17.9605 0
    endloop
  endfacet
  facet normal -0.980815 0.19494 0
    outer loop
      vertex -11.6036 -17.9605 0.00999928
      vertex -11.6291 -18.0888 0
      vertex -11.6291 -18.0888 0.00999928
    endloop
  endfacet
  facet normal -0.0630336 0.953726 -0.293997
    outer loop
      vertex -14.4398 -16.6739 7.4
      vertex -12.4645 -18.8214 0.00999928
      vertex -14.5442 -16.6808 7.4
    endloop
  endfacet
  facet normal 0.612325 0.698278 -0.370765
    outer loop
      vertex -24.0428 -16.5155 7.4
      vertex -26.1138 -18.6233 0.00999928
      vertex -26.2121 -18.5371 0.00999928
    endloop
  endfacet
  facet normal 0.960217 0 -0.279256
    outer loop
      vertex -24.3558 -6.86922 7.4
      vertex -25.6936 -11.775 2.8
      vertex -25.6936 -10.975 2.8
    endloop
  endfacet
  facet normal 0.960217 5.60943e-07 -0.279256
    outer loop
      vertex -26.505 -17.83 0.00999928
      vertex -25.6936 -11.775 2.8
      vertex -24.3558 -15.8808 7.4
    endloop
  endfacet
  facet normal 0.960217 0 -0.279256
    outer loop
      vertex -24.3558 -15.8808 7.4
      vertex -25.6936 -11.775 2.8
      vertex -24.3558 -6.86922 7.4
    endloop
  endfacet
  facet normal 0.960217 -5.60945e-07 -0.279256
    outer loop
      vertex -25.6936 -10.975 2.8
      vertex -26.505 -4.92001 0.00999928
      vertex -24.3558 -6.86922 7.4
    endloop
  endfacet
  facet normal 0.960236 3.28734e-05 -0.279189
    outer loop
      vertex -25.9262 -10.975 2
      vertex -26.505 -4.92001 0.00999928
      vertex -25.6936 -10.975 2.8
    endloop
  endfacet
  facet normal 0.960209 0 -0.279281
    outer loop
      vertex -25.9262 -11.775 2
      vertex -26.505 -4.92001 0.00999928
      vertex -25.9262 -10.975 2
    endloop
  endfacet
  facet normal 0.960209 0 -0.279281
    outer loop
      vertex -25.9262 -11.775 2
      vertex -26.505 -17.83 0.00999928
      vertex -26.505 -4.92001 0.00999928
    endloop
  endfacet
  facet normal 0.960236 -3.28733e-05 -0.279189
    outer loop
      vertex -25.6936 -11.775 2.8
      vertex -26.505 -17.83 0.00999928
      vertex -25.9262 -11.775 2
    endloop
  endfacet
  facet normal -0.30221 -0.890544 -0.340002
    outer loop
      vertex -12.3362 -3.95409 0.00999928
      vertex -14.2381 -6.13011 7.4
      vertex -14.3372 -6.09648 7.4
    endloop
  endfacet
  facet normal 0 -1 0
    outer loop
      vertex -25.505 -3.92001 0
      vertex -12.595 -3.92001 0.00999928
      vertex -25.505 -3.92001 0.00999928
    endloop
  endfacet
  facet normal 0 -1 -0
    outer loop
      vertex -12.595 -3.92001 0.00999928
      vertex -25.505 -3.92001 0
      vertex -12.595 -3.92001 0
    endloop
  endfacet
  facet normal 1 -0 0
    outer loop
      vertex -26.505 -17.83 0.00999928
      vertex -26.505 -4.92001 0
      vertex -26.505 -4.92001 0.00999928
    endloop
  endfacet
  facet normal 1 0 0
    outer loop
      vertex -26.505 -4.92001 0
      vertex -26.505 -17.83 0.00999928
      vertex -26.505 -17.83 0
    endloop
  endfacet
  facet normal -1 0 0
    outer loop
      vertex -11.595 -17.83 0
      vertex -11.595 -4.92001 0.00999928
      vertex -11.595 -4.92001 0
    endloop
  endfacet
  facet normal -1 -0 0
    outer loop
      vertex -11.595 -4.92001 0.00999928
      vertex -11.595 -17.83 0
      vertex -11.595 -17.83 0.00999928
    endloop
  endfacet
  facet normal -0.953751 0.0628526 -0.293953
    outer loop
      vertex -11.595 -17.83 0.00999928
      vertex -11.6036 -17.9605 0.00999928
      vertex -13.7442 -15.8808 7.4
    endloop
  endfacet
  facet normal -0.960236 3.28734e-05 -0.279189
    outer loop
      vertex -12.4064 -10.975 2.8
      vertex -11.595 -4.92001 0.00999928
      vertex -12.1738 -10.975 2
    endloop
  endfacet
  facet normal -0.960209 0 -0.279281
    outer loop
      vertex -11.595 -4.92001 0.00999928
      vertex -12.1738 -11.775 2
      vertex -12.1738 -10.975 2
    endloop
  endfacet
  facet normal -0.960236 -3.28733e-05 -0.279189
    outer loop
      vertex -11.595 -17.83 0.00999928
      vertex -12.4064 -11.775 2.8
      vertex -12.1738 -11.775 2
    endloop
  endfacet
  facet normal -0.960217 5.60943e-07 -0.279256
    outer loop
      vertex -12.4064 -11.775 2.8
      vertex -11.595 -17.83 0.00999928
      vertex -13.7442 -15.8808 7.4
    endloop
  endfacet
  facet normal -0.960209 0 -0.279281
    outer loop
      vertex -11.595 -17.83 0.00999928
      vertex -12.1738 -11.775 2
      vertex -11.595 -4.92001 0.00999928
    endloop
  endfacet
  facet normal -0.960217 -5.60945e-07 -0.279256
    outer loop
      vertex -11.595 -4.92001 0.00999928
      vertex -12.4064 -10.975 2.8
      vertex -13.7442 -6.86922 7.4
    endloop
  endfacet
  facet normal -0.960217 0 -0.279256
    outer loop
      vertex -12.4064 -11.775 2.8
      vertex -13.7442 -6.86922 7.4
      vertex -12.4064 -10.975 2.8
    endloop
  endfacet
  facet normal -0.960217 -0 -0.279256
    outer loop
      vertex -13.7442 -6.86922 7.4
      vertex -12.4064 -11.775 2.8
      vertex -13.7442 -15.8808 7.4
    endloop
  endfacet
  facet normal -0.302235 -0.890534 -0.340005
    outer loop
      vertex -12.3362 -3.95409 0.00999928
      vertex -12.2123 -3.99614 0.00999928
      vertex -14.2381 -6.13011 7.4
    endloop
  endfacet
  facet normal -0.953726 0.0630336 -0.293997
    outer loop
      vertex -13.7442 -15.8808 7.4
      vertex -11.6036 -17.9605 0.00999928
      vertex -13.7511 -15.9852 7.4
    endloop
  endfacet
  facet normal -0.890659 0.301918 -0.339958
    outer loop
      vertex -11.6291 -18.0888 0.00999928
      vertex -11.6711 -18.2127 0.00999928
      vertex -13.8051 -16.1869 7.4
    endloop
  endfacet
  facet normal -0.413717 0.838152 -0.355443
    outer loop
      vertex -12.095 -18.696 0.00999928
      vertex -12.2123 -18.7539 0.00999928
      vertex -14.2381 -16.6199 7.4
    endloop
  endfacet
  facet normal -0.0628526 0.953751 -0.293953
    outer loop
      vertex -12.4645 -18.8214 0.00999928
      vertex -12.595 -18.83 0.00999928
      vertex -14.5442 -16.6808 7.4
    endloop
  endfacet
  facet normal 0.659316 0.751866 -0
    outer loop
      vertex -26.1138 -18.6233 0
      vertex -26.2121 -18.5371 0.00999928
      vertex -26.1138 -18.6233 0.00999928
    endloop
  endfacet
  facet normal 0.659316 0.751866 0
    outer loop
      vertex -26.2121 -18.5371 0.00999928
      vertex -26.1138 -18.6233 0
      vertex -26.2121 -18.5371 0
    endloop
  endfacet
  facet normal 0.0625628 -0.95379 -0.293888
    outer loop
      vertex -25.505 -3.92001 0.00999928
      vertex -23.5558 -6.06921 7.4
      vertex -25.6355 -3.92857 0.00999928
    endloop
  endfacet
  facet normal -0.0625628 -0.95379 -0.293888
    outer loop
      vertex -12.595 -3.92001 0.00999928
      vertex -12.4645 -3.92857 0.00999928
      vertex -14.5442 -6.06921 7.4
    endloop
  endfacet
  facet normal 0.0654532 -0.997856 0
    outer loop
      vertex -25.6355 -3.92857 0
      vertex -25.505 -3.92001 0.00999928
      vertex -25.6355 -3.92857 0.00999928
    endloop
  endfacet
  facet normal 0.0654532 -0.997856 0
    outer loop
      vertex -25.505 -3.92001 0.00999928
      vertex -25.6355 -3.92857 0
      vertex -25.505 -3.92001 0
    endloop
  endfacet
  facet normal 0.773796 -0.51724 -0.365654
    outer loop
      vertex -26.2983 -4.31125 0.00999928
      vertex -24.1905 -6.3822 7.4
      vertex -26.371 -4.42001 0.00999928
    endloop
  endfacet
  facet normal 0.947042 -0.321109 0
    outer loop
      vertex -26.4709 -4.66119 0.00999928
      vertex -26.4289 -4.53732 0
      vertex -26.4289 -4.53732 0.00999928
    endloop
  endfacet
  facet normal 0.947042 -0.321109 0
    outer loop
      vertex -26.4289 -4.53732 0
      vertex -26.4709 -4.66119 0.00999928
      vertex -26.4709 -4.66119 0
    endloop
  endfacet
  facet normal 0.947066 0.321039 0
    outer loop
      vertex -26.4289 -18.2127 0.00999928
      vertex -26.4709 -18.0888 0
      vertex -26.4709 -18.0888 0.00999928
    endloop
  endfacet
  facet normal 0.947066 0.321039 0
    outer loop
      vertex -26.4709 -18.0888 0
      vertex -26.4289 -18.2127 0.00999928
      vertex -26.4289 -18.2127 0
    endloop
  endfacet
  facet normal -0.947042 -0.321109 0
    outer loop
      vertex -11.6291 -4.66119 0
      vertex -11.6711 -4.53732 0.00999928
      vertex -11.6711 -4.53732 0
    endloop
  endfacet
  facet normal -0.947042 -0.321109 0
    outer loop
      vertex -11.6711 -4.53732 0.00999928
      vertex -11.6291 -4.66119 0
      vertex -11.6291 -4.66119 0.00999928
    endloop
  endfacet
  facet normal -0.612523 -0.698098 -0.370776
    outer loop
      vertex -11.9862 -4.12666 0.00999928
      vertex -11.8879 -4.21291 0.00999928
      vertex -14.0572 -6.23453 7.4
    endloop
  endfacet
  facet normal -0.838152 0.413717 -0.355443
    outer loop
      vertex -11.6711 -18.2127 0.00999928
      vertex -11.729 -18.33 0.00999928
      vertex -13.8051 -16.1869 7.4
    endloop
  endfacet
  facet normal -0.773886 0.51711 -0.365647
    outer loop
      vertex -11.729 -18.33 0.00999928
      vertex -11.8017 -18.4388 0.00999928
      vertex -13.9095 -16.3678 7.4
    endloop
  endfacet
  facet normal 0 1 -0
    outer loop
      vertex -12.595 -18.83 0
      vertex -25.505 -18.83 0.00999928
      vertex -12.595 -18.83 0.00999928
    endloop
  endfacet
  facet normal 0 1 0
    outer loop
      vertex -25.505 -18.83 0.00999928
      vertex -12.595 -18.83 0
      vertex -25.505 -18.83 0
    endloop
  endfacet
  facet normal -0.184793 0.929401 -0.319475
    outer loop
      vertex -14.3372 -16.6535 7.4
      vertex -12.3362 -18.7959 0.00999928
      vertex -14.4398 -16.6739 7.4
    endloop
  endfacet
  facet normal 0.301918 0.890659 -0.339958
    outer loop
      vertex -23.8619 -16.6199 7.4
      vertex -25.7638 -18.7959 0.00999928
      vertex -25.8877 -18.7539 0.00999928
    endloop
  endfacet
  facet normal 0.0628526 0.953751 -0.293953
    outer loop
      vertex -23.5558 -16.6808 7.4
      vertex -25.505 -18.83 0.00999928
      vertex -25.6355 -18.8214 0.00999928
    endloop
  endfacet
  facet normal 0.890659 0.301918 -0.339958
    outer loop
      vertex -24.2949 -16.1869 7.4
      vertex -26.4289 -18.2127 0.00999928
      vertex -26.4709 -18.0888 0.00999928
    endloop
  endfacet
  facet normal 0.413717 0.838152 -0.355443
    outer loop
      vertex -23.8619 -16.6199 7.4
      vertex -25.8877 -18.7539 0.00999928
      vertex -26.005 -18.696 0.00999928
    endloop
  endfacet
  facet normal 0.51711 0.773886 -0.365647
    outer loop
      vertex -24.0428 -16.5155 7.4
      vertex -26.005 -18.696 0.00999928
      vertex -26.1138 -18.6233 0.00999928
    endloop
  endfacet
  facet normal 0.0626714 -0.953775 -0.293914
    outer loop
      vertex -23.5558 -6.06921 7.4
      vertex -23.6602 -6.07607 7.4
      vertex -25.6355 -3.92857 0.00999928
    endloop
  endfacet
  facet normal -0.0626714 -0.953775 -0.293914
    outer loop
      vertex -12.4645 -3.92857 0.00999928
      vertex -14.4398 -6.07607 7.4
      vertex -14.5442 -6.06921 7.4
    endloop
  endfacet
  facet normal -0.321382 -0.94695 0
    outer loop
      vertex -12.3362 -3.95409 0
      vertex -12.2123 -3.99614 0.00999928
      vertex -12.3362 -3.95409 0.00999928
    endloop
  endfacet
  facet normal -0.321382 -0.94695 -0
    outer loop
      vertex -12.2123 -3.99614 0.00999928
      vertex -12.3362 -3.95409 0
      vertex -12.2123 -3.99614 0
    endloop
  endfacet
  facet normal -0.195087 -0.980786 0
    outer loop
      vertex -12.4645 -3.92857 0
      vertex -12.3362 -3.95409 0.00999928
      vertex -12.4645 -3.92857 0.00999928
    endloop
  endfacet
  facet normal -0.195087 -0.980786 -0
    outer loop
      vertex -12.3362 -3.95409 0.00999928
      vertex -12.4645 -3.92857 0
      vertex -12.3362 -3.95409 0
    endloop
  endfacet
  facet normal 0.838152 0.413717 -0.355443
    outer loop
      vertex -24.2949 -16.1869 7.4
      vertex -26.371 -18.33 0.00999928
      vertex -26.4289 -18.2127 0.00999928
    endloop
  endfacet
  facet normal 0.953726 0.0630336 -0.293997
    outer loop
      vertex -24.3558 -15.8808 7.4
      vertex -24.3489 -15.9852 7.4
      vertex -26.4964 -17.9605 0.00999928
    endloop
  endfacet
  facet normal -0.698278 0.612325 -0.370765
    outer loop
      vertex -11.8017 -18.4388 0.00999928
      vertex -11.8879 -18.5371 0.00999928
      vertex -13.9095 -16.3678 7.4
    endloop
  endfacet
  facet normal -0.751866 0.659316 0
    outer loop
      vertex -11.8879 -18.5371 0
      vertex -11.8017 -18.4388 0.00999928
      vertex -11.8017 -18.4388 0
    endloop
  endfacet
  facet normal -0.751866 0.659316 0
    outer loop
      vertex -11.8017 -18.4388 0.00999928
      vertex -11.8879 -18.5371 0
      vertex -11.8879 -18.5371 0.00999928
    endloop
  endfacet
  facet normal -0.698403 -0.612186 -0.370758
    outer loop
      vertex -11.8879 -4.21291 0.00999928
      vertex -11.8017 -4.31125 0.00999928
      vertex -13.9095 -6.3822 7.4
    endloop
  endfacet
  facet normal -0.773796 -0.51724 -0.365654
    outer loop
      vertex -11.8017 -4.31125 0.00999928
      vertex -11.729 -4.42001 0.00999928
      vertex -13.9095 -6.3822 7.4
    endloop
  endfacet
  facet normal -0.831368 -0.555723 0
    outer loop
      vertex -11.729 -4.42001 0
      vertex -11.8017 -4.31125 0.00999928
      vertex -11.8017 -4.31125 0
    endloop
  endfacet
  facet normal -0.831368 -0.555723 0
    outer loop
      vertex -11.8017 -4.31125 0.00999928
      vertex -11.729 -4.42001 0
      vertex -11.729 -4.42001 0.00999928
    endloop
  endfacet
  facet normal -0.890634 -0.301983 -0.339966
    outer loop
      vertex -11.6711 -4.53732 0.00999928
      vertex -11.6291 -4.66119 0.00999928
      vertex -13.8051 -6.56306 7.4
    endloop
  endfacet
  facet normal -0.659533 -0.751676 0
    outer loop
      vertex -11.9862 -4.12666 0
      vertex -11.8879 -4.21291 0.00999928
      vertex -11.9862 -4.12666 0.00999928
    endloop
  endfacet
  facet normal -0.659533 -0.751676 -0
    outer loop
      vertex -11.8879 -4.21291 0.00999928
      vertex -11.9862 -4.12666 0
      vertex -11.8879 -4.21291 0
    endloop
  endfacet
  facet normal -0.516963 -0.773986 -0.365642
    outer loop
      vertex -12.095 -4.05399 0.00999928
      vertex -11.9862 -4.12666 0.00999928
      vertex -14.0572 -6.23453 7.4
    endloop
  endfacet
  facet normal -0.997836 0.0657577 0
    outer loop
      vertex -11.6036 -17.9605 0
      vertex -11.595 -17.83 0.00999928
      vertex -11.595 -17.83 0
    endloop
  endfacet
  facet normal -0.997836 0.0657577 0
    outer loop
      vertex -11.595 -17.83 0.00999928
      vertex -11.6036 -17.9605 0
      vertex -11.6036 -17.9605 0.00999928
    endloop
  endfacet
  facet normal 0.413369 0.838344 -0.355396
    outer loop
      vertex -23.9558 -16.5736 7.4
      vertex -23.8619 -16.6199 7.4
      vertex -26.005 -18.696 0.00999928
    endloop
  endfacet
  facet normal 0.442621 0.896709 -0
    outer loop
      vertex -25.8877 -18.7539 0
      vertex -26.005 -18.696 0.00999928
      vertex -25.8877 -18.7539 0.00999928
    endloop
  endfacet
  facet normal 0.442621 0.896709 0
    outer loop
      vertex -26.005 -18.696 0.00999928
      vertex -25.8877 -18.7539 0
      vertex -26.005 -18.696 0
    endloop
  endfacet
  facet normal 0.195087 -0.980786 0
    outer loop
      vertex -25.7638 -3.95409 0
      vertex -25.6355 -3.92857 0.00999928
      vertex -25.7638 -3.95409 0.00999928
    endloop
  endfacet
  facet normal 0.195087 -0.980786 0
    outer loop
      vertex -25.6355 -3.92857 0.00999928
      vertex -25.7638 -3.95409 0
      vertex -25.6355 -3.92857 0
    endloop
  endfacet
  facet normal 0.555423 -0.831568 0
    outer loop
      vertex -26.1138 -4.12666 0
      vertex -26.005 -4.05399 0.00999928
      vertex -26.1138 -4.12666 0.00999928
    endloop
  endfacet
  facet normal 0.555423 -0.831568 0
    outer loop
      vertex -26.005 -4.05399 0.00999928
      vertex -26.1138 -4.12666 0
      vertex -26.005 -4.05399 0
    endloop
  endfacet
  facet normal 0.184863 -0.929384 -0.319487
    outer loop
      vertex -25.6355 -3.92857 0.00999928
      vertex -23.6602 -6.07607 7.4
      vertex -25.7638 -3.95409 0.00999928
    endloop
  endfacet
  facet normal -0.0654532 -0.997856 0
    outer loop
      vertex -12.595 -3.92001 0
      vertex -12.4645 -3.92857 0.00999928
      vertex -12.595 -3.92001 0.00999928
    endloop
  endfacet
  facet normal -0.0654532 -0.997856 -0
    outer loop
      vertex -12.4645 -3.92857 0.00999928
      vertex -12.595 -3.92001 0
      vertex -12.4645 -3.92857 0
    endloop
  endfacet
  facet normal 0.890634 -0.301983 -0.339966
    outer loop
      vertex -26.4289 -4.53732 0.00999928
      vertex -24.2949 -6.56306 7.4
      vertex -26.4709 -4.66119 0.00999928
    endloop
  endfacet
  facet normal 0.953752 -0.062843 -0.293951
    outer loop
      vertex -26.4964 -4.78949 0.00999928
      vertex -24.3558 -6.86922 7.4
      vertex -26.505 -4.92001 0.00999928
    endloop
  endfacet
  facet normal 0.773886 0.51711 -0.365647
    outer loop
      vertex -24.1905 -16.3678 7.4
      vertex -26.2983 -18.4388 0.00999928
      vertex -26.371 -18.33 0.00999928
    endloop
  endfacet
  facet normal 0.896709 0.442621 0
    outer loop
      vertex -26.371 -18.33 0.00999928
      vertex -26.4289 -18.2127 0
      vertex -26.4289 -18.2127 0.00999928
    endloop
  endfacet
  facet normal 0.896709 0.442621 0
    outer loop
      vertex -26.4289 -18.2127 0
      vertex -26.371 -18.33 0.00999928
      vertex -26.371 -18.33 0
    endloop
  endfacet
  facet normal -0.896709 0.442621 0
    outer loop
      vertex -11.729 -18.33 0
      vertex -11.6711 -18.2127 0.00999928
      vertex -11.6711 -18.2127 0
    endloop
  endfacet
  facet normal -0.896709 0.442621 0
    outer loop
      vertex -11.6711 -18.2127 0.00999928
      vertex -11.729 -18.33 0
      vertex -11.729 -18.33 0.00999928
    endloop
  endfacet
  facet normal -0.947066 0.321039 0
    outer loop
      vertex -11.6711 -18.2127 0
      vertex -11.6291 -18.0888 0.00999928
      vertex -11.6291 -18.0888 0
    endloop
  endfacet
  facet normal -0.947066 0.321039 0
    outer loop
      vertex -11.6291 -18.0888 0.00999928
      vertex -11.6711 -18.2127 0
      vertex -11.6711 -18.2127 0.00999928
    endloop
  endfacet
  facet normal -0.890638 0.301972 -0.339966
    outer loop
      vertex -13.7715 -16.0878 7.4
      vertex -11.6291 -18.0888 0.00999928
      vertex -13.8051 -16.1869 7.4
    endloop
  endfacet
  facet normal -0.774027 0.516908 -0.365635
    outer loop
      vertex -13.8514 -16.2808 7.4
      vertex -11.729 -18.33 0.00999928
      vertex -13.9095 -16.3678 7.4
    endloop
  endfacet
  facet normal -0.838344 0.413369 -0.355396
    outer loop
      vertex -13.8051 -16.1869 7.4
      vertex -11.729 -18.33 0.00999928
      vertex -13.8514 -16.2808 7.4
    endloop
  endfacet
  facet normal -0.698334 0.612262 -0.370762
    outer loop
      vertex -13.9095 -16.3678 7.4
      vertex -11.8879 -18.5371 0.00999928
      vertex -13.9785 -16.4465 7.4
    endloop
  endfacet
  facet normal -0.301918 0.890659 -0.339958
    outer loop
      vertex -12.2123 -18.7539 0.00999928
      vertex -12.3362 -18.7959 0.00999928
      vertex -14.2381 -16.6199 7.4
    endloop
  endfacet
  facet normal -0.612325 0.698278 -0.370765
    outer loop
      vertex -11.8879 -18.5371 0.00999928
      vertex -11.9862 -18.6233 0.00999928
      vertex -14.0572 -16.5155 7.4
    endloop
  endfacet
  facet normal -0.442621 0.896709 0
    outer loop
      vertex -12.095 -18.696 0
      vertex -12.2123 -18.7539 0.00999928
      vertex -12.095 -18.696 0.00999928
    endloop
  endfacet
  facet normal -0.442621 0.896709 0
    outer loop
      vertex -12.2123 -18.7539 0.00999928
      vertex -12.095 -18.696 0
      vertex -12.2123 -18.7539 0
    endloop
  endfacet
  facet normal -0.659316 0.751866 0
    outer loop
      vertex -11.8879 -18.5371 0
      vertex -11.9862 -18.6233 0.00999928
      vertex -11.8879 -18.5371 0.00999928
    endloop
  endfacet
  facet normal -0.659316 0.751866 0
    outer loop
      vertex -11.9862 -18.6233 0.00999928
      vertex -11.8879 -18.5371 0
      vertex -11.9862 -18.6233 0
    endloop
  endfacet
  facet normal -0.831462 0.555582 0
    outer loop
      vertex -11.8017 -18.4388 0
      vertex -11.729 -18.33 0.00999928
      vertex -11.729 -18.33 0
    endloop
  endfacet
  facet normal -0.831462 0.555582 0
    outer loop
      vertex -11.729 -18.33 0.00999928
      vertex -11.8017 -18.4388 0
      vertex -11.8017 -18.4388 0.00999928
    endloop
  endfacet
  facet normal -0.896724 -0.442591 0
    outer loop
      vertex -11.6711 -4.53732 0
      vertex -11.729 -4.42001 0.00999928
      vertex -11.729 -4.42001 0
    endloop
  endfacet
  facet normal -0.896724 -0.442591 0
    outer loop
      vertex -11.729 -4.42001 0.00999928
      vertex -11.6711 -4.53732 0
      vertex -11.6711 -4.53732 0.00999928
    endloop
  endfacet
  facet normal -0.612262 -0.698333 -0.370764
    outer loop
      vertex -11.8879 -4.21291 0.00999928
      vertex -13.9785 -6.30353 7.4
      vertex -14.0572 -6.23453 7.4
    endloop
  endfacet
  facet normal -0.698217 -0.612393 -0.370768
    outer loop
      vertex -11.8879 -4.21291 0.00999928
      vertex -13.9095 -6.3822 7.4
      vertex -13.9785 -6.30353 7.4
    endloop
  endfacet
  facet normal -0.953727 -0.0630216 -0.293994
    outer loop
      vertex -11.6036 -4.78949 0.00999928
      vertex -13.7442 -6.86922 7.4
      vertex -13.7511 -6.7648 7.4
    endloop
  endfacet
  facet normal -0.184879 -0.929379 -0.319491
    outer loop
      vertex -12.3362 -3.95409 0.00999928
      vertex -14.3372 -6.09648 7.4
      vertex -14.4398 -6.07607 7.4
    endloop
  endfacet
  facet normal -0.184863 -0.929384 -0.319487
    outer loop
      vertex -12.4645 -3.92857 0.00999928
      vertex -12.3362 -3.95409 0.00999928
      vertex -14.4398 -6.07607 7.4
    endloop
  endfacet
  facet normal -0.413436 -0.838306 -0.355407
    outer loop
      vertex -12.2123 -3.99614 0.00999928
      vertex -12.095 -4.05399 0.00999928
      vertex -14.2381 -6.13011 7.4
    endloop
  endfacet
  facet normal 0.301972 0.890638 -0.339966
    outer loop
      vertex -23.8619 -16.6199 7.4
      vertex -23.7628 -16.6535 7.4
      vertex -25.7638 -18.7959 0.00999928
    endloop
  endfacet
  facet normal 0.184793 0.929401 -0.319475
    outer loop
      vertex -23.7628 -16.6535 7.4
      vertex -23.6602 -16.6739 7.4
      vertex -25.7638 -18.7959 0.00999928
    endloop
  endfacet
  facet normal 0.19494 0.980815 -0
    outer loop
      vertex -25.6355 -18.8214 0
      vertex -25.7638 -18.7959 0.00999928
      vertex -25.6355 -18.8214 0.00999928
    endloop
  endfacet
  facet normal 0.19494 0.980815 0
    outer loop
      vertex -25.7638 -18.7959 0.00999928
      vertex -25.6355 -18.8214 0
      vertex -25.7638 -18.7959 0
    endloop
  endfacet
  facet normal 0.321039 0.947066 -0
    outer loop
      vertex -25.7638 -18.7959 0
      vertex -25.8877 -18.7539 0.00999928
      vertex -25.7638 -18.7959 0.00999928
    endloop
  endfacet
  facet normal 0.321039 0.947066 0
    outer loop
      vertex -25.8877 -18.7539 0.00999928
      vertex -25.7638 -18.7959 0
      vertex -25.8877 -18.7539 0
    endloop
  endfacet
  facet normal 0.0657577 0.997836 -0
    outer loop
      vertex -25.505 -18.83 0
      vertex -25.6355 -18.8214 0.00999928
      vertex -25.505 -18.83 0.00999928
    endloop
  endfacet
  facet normal 0.0657577 0.997836 0
    outer loop
      vertex -25.6355 -18.8214 0.00999928
      vertex -25.505 -18.83 0
      vertex -25.6355 -18.8214 0
    endloop
  endfacet
  facet normal 0 0.960217 -0.279256
    outer loop
      vertex -14.5442 -16.6808 7.4
      vertex -18.65 -18.0186 2.8
      vertex -23.5558 -16.6808 7.4
    endloop
  endfacet
  facet normal -5.60943e-07 0.960217 -0.279256
    outer loop
      vertex -12.595 -18.83 0.00999928
      vertex -18.65 -18.0186 2.8
      vertex -14.5442 -16.6808 7.4
    endloop
  endfacet
  facet normal 0 0.960209 -0.279281
    outer loop
      vertex -18.65 -18.2512 2
      vertex -12.595 -18.83 0.00999928
      vertex -19.45 -18.2512 2
    endloop
  endfacet
  facet normal 3.28733e-05 0.960236 -0.279189
    outer loop
      vertex -18.65 -18.0186 2.8
      vertex -12.595 -18.83 0.00999928
      vertex -18.65 -18.2512 2
    endloop
  endfacet
  facet normal 0 0.960217 -0.279256
    outer loop
      vertex -19.45 -18.0186 2.8
      vertex -23.5558 -16.6808 7.4
      vertex -18.65 -18.0186 2.8
    endloop
  endfacet
  facet normal -3.28733e-05 0.960236 -0.279189
    outer loop
      vertex -25.505 -18.83 0.00999928
      vertex -19.45 -18.0186 2.8
      vertex -19.45 -18.2512 2
    endloop
  endfacet
  facet normal 5.60943e-07 0.960217 -0.279256
    outer loop
      vertex -19.45 -18.0186 2.8
      vertex -25.505 -18.83 0.00999928
      vertex -23.5558 -16.6808 7.4
    endloop
  endfacet
  facet normal 0 0.960209 -0.279281
    outer loop
      vertex -25.505 -18.83 0.00999928
      vertex -19.45 -18.2512 2
      vertex -12.595 -18.83 0.00999928
    endloop
  endfacet
  facet normal 0.612262 0.698334 -0.370762
    outer loop
      vertex -24.1215 -16.4465 7.4
      vertex -24.0428 -16.5155 7.4
      vertex -26.2121 -18.5371 0.00999928
    endloop
  endfacet
  facet normal 0.555582 0.831462 -0
    outer loop
      vertex -26.005 -18.696 0
      vertex -26.1138 -18.6233 0.00999928
      vertex -26.005 -18.696 0.00999928
    endloop
  endfacet
  facet normal 0.555582 0.831462 0
    outer loop
      vertex -26.1138 -18.6233 0.00999928
      vertex -26.005 -18.696 0
      vertex -26.1138 -18.6233 0
    endloop
  endfacet
  facet normal 0.516908 0.774027 -0.365635
    outer loop
      vertex -24.0428 -16.5155 7.4
      vertex -23.9558 -16.5736 7.4
      vertex -26.005 -18.696 0.00999928
    endloop
  endfacet
  facet normal 0.51715 -0.773857 -0.365653
    outer loop
      vertex -23.9558 -6.17639 7.4
      vertex -24.0428 -6.23453 7.4
      vertex -26.005 -4.05399 0.00999928
    endloop
  endfacet
  facet normal 0.774084 -0.516827 -0.365629
    outer loop
      vertex -24.1905 -6.3822 7.4
      vertex -24.2486 -6.46922 7.4
      vertex -26.371 -4.42001 0.00999928
    endloop
  endfacet
  facet normal 0.953727 -0.0630216 -0.293994
    outer loop
      vertex -24.3489 -6.7648 7.4
      vertex -24.3558 -6.86922 7.4
      vertex -26.4964 -4.78949 0.00999928
    endloop
  endfacet
  facet normal 0.997836 -0.0657477 0
    outer loop
      vertex -26.505 -4.92001 0.00999928
      vertex -26.4964 -4.78949 0
      vertex -26.4964 -4.78949 0.00999928
    endloop
  endfacet
  facet normal 0.997836 -0.0657477 0
    outer loop
      vertex -26.4964 -4.78949 0
      vertex -26.505 -4.92001 0.00999928
      vertex -26.505 -4.92001 0
    endloop
  endfacet
  facet normal 0.980815 -0.19494 0
    outer loop
      vertex -26.4964 -4.78949 0.00999928
      vertex -26.4709 -4.66119 0
      vertex -26.4709 -4.66119 0.00999928
    endloop
  endfacet
  facet normal 0.980815 -0.19494 0
    outer loop
      vertex -26.4709 -4.66119 0
      vertex -26.4964 -4.78949 0.00999928
      vertex -26.4964 -4.78949 0
    endloop
  endfacet
  facet normal 0.838344 0.413369 -0.355396
    outer loop
      vertex -24.2949 -16.1869 7.4
      vertex -24.2486 -16.2808 7.4
      vertex -26.371 -18.33 0.00999928
    endloop
  endfacet
  facet normal 0.774027 0.516908 -0.365635
    outer loop
      vertex -24.2486 -16.2808 7.4
      vertex -24.1905 -16.3678 7.4
      vertex -26.371 -18.33 0.00999928
    endloop
  endfacet
  facet normal 0.698278 0.612325 -0.370765
    outer loop
      vertex -24.1905 -16.3678 7.4
      vertex -26.2121 -18.5371 0.00999928
      vertex -26.2983 -18.4388 0.00999928
    endloop
  endfacet
  facet normal 0.751866 0.659316 0
    outer loop
      vertex -26.2121 -18.5371 0.00999928
      vertex -26.2983 -18.4388 0
      vertex -26.2983 -18.4388 0.00999928
    endloop
  endfacet
  facet normal 0.751866 0.659316 0
    outer loop
      vertex -26.2983 -18.4388 0
      vertex -26.2121 -18.5371 0.00999928
      vertex -26.2121 -18.5371 0
    endloop
  endfacet
  facet normal 0.831462 0.555582 0
    outer loop
      vertex -26.2983 -18.4388 0.00999928
      vertex -26.371 -18.33 0
      vertex -26.371 -18.33 0.00999928
    endloop
  endfacet
  facet normal 0.831462 0.555582 0
    outer loop
      vertex -26.371 -18.33 0
      vertex -26.2983 -18.4388 0.00999928
      vertex -26.2983 -18.4388 0
    endloop
  endfacet
  facet normal -0.929401 0.184793 -0.319475
    outer loop
      vertex -13.7511 -15.9852 7.4
      vertex -11.6291 -18.0888 0.00999928
      vertex -13.7715 -16.0878 7.4
    endloop
  endfacet
  facet normal -0.92942 0.184725 -0.319461
    outer loop
      vertex -11.6036 -17.9605 0.00999928
      vertex -11.6291 -18.0888 0.00999928
      vertex -13.7511 -15.9852 7.4
    endloop
  endfacet
  facet normal -0.51711 0.773886 -0.365647
    outer loop
      vertex -11.9862 -18.6233 0.00999928
      vertex -12.095 -18.696 0.00999928
      vertex -14.0572 -16.5155 7.4
    endloop
  endfacet
  facet normal -0.555582 0.831462 0
    outer loop
      vertex -11.9862 -18.6233 0
      vertex -12.095 -18.696 0.00999928
      vertex -11.9862 -18.6233 0.00999928
    endloop
  endfacet
  facet normal -0.555582 0.831462 0
    outer loop
      vertex -12.095 -18.696 0.00999928
      vertex -11.9862 -18.6233 0
      vertex -12.095 -18.696 0
    endloop
  endfacet
  facet normal -0.413369 0.838344 -0.355396
    outer loop
      vertex -14.1442 -16.5736 7.4
      vertex -12.095 -18.696 0.00999928
      vertex -14.2381 -16.6199 7.4
    endloop
  endfacet
  facet normal -0.516908 0.774027 -0.365635
    outer loop
      vertex -14.0572 -16.5155 7.4
      vertex -12.095 -18.696 0.00999928
      vertex -14.1442 -16.5736 7.4
    endloop
  endfacet
  facet normal -0.980815 -0.19494 0
    outer loop
      vertex -11.6036 -4.78949 0
      vertex -11.6291 -4.66119 0.00999928
      vertex -11.6291 -4.66119 0
    endloop
  endfacet
  facet normal -0.980815 -0.19494 0
    outer loop
      vertex -11.6291 -4.66119 0.00999928
      vertex -11.6036 -4.78949 0
      vertex -11.6036 -4.78949 0.00999928
    endloop
  endfacet
  facet normal -0.92942 -0.184725 -0.319461
    outer loop
      vertex -11.6291 -4.66119 0.00999928
      vertex -11.6036 -4.78949 0.00999928
      vertex -13.7511 -6.7648 7.4
    endloop
  endfacet
  facet normal -0.751998 -0.659165 0
    outer loop
      vertex -11.8017 -4.31125 0
      vertex -11.8879 -4.21291 0.00999928
      vertex -11.8879 -4.21291 0
    endloop
  endfacet
  facet normal -0.751998 -0.659165 0
    outer loop
      vertex -11.8879 -4.21291 0.00999928
      vertex -11.8017 -4.31125 0
      vertex -11.8017 -4.31125 0.00999928
    endloop
  endfacet
  facet normal -0.774084 -0.516827 -0.365629
    outer loop
      vertex -11.729 -4.42001 0.00999928
      vertex -13.8514 -6.46922 7.4
      vertex -13.9095 -6.3822 7.4
    endloop
  endfacet
  facet normal -0.83823 -0.413577 -0.355422
    outer loop
      vertex -11.729 -4.42001 0.00999928
      vertex -13.8051 -6.56306 7.4
      vertex -13.8514 -6.46922 7.4
    endloop
  endfacet
  facet normal -0.51715 -0.773857 -0.365653
    outer loop
      vertex -12.095 -4.05399 0.00999928
      vertex -14.0572 -6.23453 7.4
      vertex -14.1442 -6.17639 7.4
    endloop
  endfacet
  facet normal -0.413228 -0.83842 -0.355379
    outer loop
      vertex -12.095 -4.05399 0.00999928
      vertex -14.1442 -6.17639 7.4
      vertex -14.2381 -6.13011 7.4
    endloop
  endfacet
  facet normal -0.442314 -0.89686 0
    outer loop
      vertex -12.2123 -3.99614 0
      vertex -12.095 -4.05399 0.00999928
      vertex -12.2123 -3.99614 0.00999928
    endloop
  endfacet
  facet normal -0.442314 -0.89686 -0
    outer loop
      vertex -12.095 -4.05399 0.00999928
      vertex -12.2123 -3.99614 0
      vertex -12.095 -4.05399 0
    endloop
  endfacet
  facet normal -0.555423 -0.831568 0
    outer loop
      vertex -12.095 -4.05399 0
      vertex -11.9862 -4.12666 0.00999928
      vertex -12.095 -4.05399 0.00999928
    endloop
  endfacet
  facet normal -0.555423 -0.831568 -0
    outer loop
      vertex -11.9862 -4.12666 0.00999928
      vertex -12.095 -4.05399 0
      vertex -11.9862 -4.12666 0
    endloop
  endfacet
  facet normal 0.184725 0.92942 -0.319461
    outer loop
      vertex -23.6602 -16.6739 7.4
      vertex -25.6355 -18.8214 0.00999928
      vertex -25.7638 -18.7959 0.00999928
    endloop
  endfacet
  facet normal 0.0630336 0.953726 -0.293997
    outer loop
      vertex -23.6602 -16.6739 7.4
      vertex -23.5558 -16.6808 7.4
      vertex -25.6355 -18.8214 0.00999928
    endloop
  endfacet
  facet normal 0.413228 -0.83842 -0.355379
    outer loop
      vertex -23.8619 -6.13011 7.4
      vertex -23.9558 -6.17639 7.4
      vertex -26.005 -4.05399 0.00999928
    endloop
  endfacet
  facet normal 0.751998 -0.659165 0
    outer loop
      vertex -26.2983 -4.31125 0.00999928
      vertex -26.2121 -4.21291 0
      vertex -26.2121 -4.21291 0.00999928
    endloop
  endfacet
  facet normal 0.751998 -0.659165 0
    outer loop
      vertex -26.2121 -4.21291 0
      vertex -26.2983 -4.31125 0.00999928
      vertex -26.2983 -4.31125 0
    endloop
  endfacet
  facet normal 0.698403 -0.612186 -0.370758
    outer loop
      vertex -26.2121 -4.21291 0.00999928
      vertex -24.1905 -6.3822 7.4
      vertex -26.2983 -4.31125 0.00999928
    endloop
  endfacet
  facet normal 0.831368 -0.555723 0
    outer loop
      vertex -26.371 -4.42001 0.00999928
      vertex -26.2983 -4.31125 0
      vertex -26.2983 -4.31125 0.00999928
    endloop
  endfacet
  facet normal 0.831368 -0.555723 0
    outer loop
      vertex -26.2983 -4.31125 0
      vertex -26.371 -4.42001 0.00999928
      vertex -26.371 -4.42001 0
    endloop
  endfacet
  facet normal 0.890638 -0.301972 -0.339965
    outer loop
      vertex -24.2949 -6.56306 7.4
      vertex -24.3285 -6.66216 7.4
      vertex -26.4709 -4.66119 0.00999928
    endloop
  endfacet
  facet normal 0.92942 -0.184725 -0.319461
    outer loop
      vertex -24.3285 -6.66216 7.4
      vertex -24.3489 -6.7648 7.4
      vertex -26.4709 -4.66119 0.00999928
    endloop
  endfacet
  facet normal 0.92942 -0.184725 -0.319461
    outer loop
      vertex -26.4709 -4.66119 0.00999928
      vertex -24.3489 -6.7648 7.4
      vertex -26.4964 -4.78949 0.00999928
    endloop
  endfacet
  facet normal 0.92942 0.184725 -0.319461
    outer loop
      vertex -24.3489 -15.9852 7.4
      vertex -26.4709 -18.0888 0.00999928
      vertex -26.4964 -17.9605 0.00999928
    endloop
  endfacet
  facet normal 0.890638 0.301972 -0.339966
    outer loop
      vertex -24.3285 -16.0878 7.4
      vertex -24.2949 -16.1869 7.4
      vertex -26.4709 -18.0888 0.00999928
    endloop
  endfacet
  facet normal 0.953751 0.0628526 -0.293953
    outer loop
      vertex -24.3558 -15.8808 7.4
      vertex -26.4964 -17.9605 0.00999928
      vertex -26.505 -17.83 0.00999928
    endloop
  endfacet
  facet normal 0.997836 0.0657577 0
    outer loop
      vertex -26.4964 -17.9605 0.00999928
      vertex -26.505 -17.83 0
      vertex -26.505 -17.83 0.00999928
    endloop
  endfacet
  facet normal 0.997836 0.0657577 0
    outer loop
      vertex -26.505 -17.83 0
      vertex -26.4964 -17.9605 0.00999928
      vertex -26.4964 -17.9605 0
    endloop
  endfacet
  facet normal -0.92942 -0.184725 -0.319461
    outer loop
      vertex -11.6291 -4.66119 0.00999928
      vertex -13.7511 -6.7648 7.4
      vertex -13.7715 -6.66216 7.4
    endloop
  endfacet
  facet normal -0.890638 -0.301972 -0.339965
    outer loop
      vertex -11.6291 -4.66119 0.00999928
      vertex -13.7715 -6.66216 7.4
      vertex -13.8051 -6.56306 7.4
    endloop
  endfacet
  facet normal -0.838168 -0.41369 -0.355437
    outer loop
      vertex -11.729 -4.42001 0.00999928
      vertex -11.6711 -4.53732 0.00999928
      vertex -13.8051 -6.56306 7.4
    endloop
  endfacet
  facet normal 0.30221 -0.890544 -0.340002
    outer loop
      vertex -23.7628 -6.09648 7.4
      vertex -23.8619 -6.13011 7.4
      vertex -25.7638 -3.95409 0.00999928
    endloop
  endfacet
  facet normal 0.659533 -0.751676 0
    outer loop
      vertex -26.2121 -4.21291 0
      vertex -26.1138 -4.12666 0.00999928
      vertex -26.2121 -4.21291 0.00999928
    endloop
  endfacet
  facet normal 0.659533 -0.751676 0
    outer loop
      vertex -26.1138 -4.12666 0.00999928
      vertex -26.2121 -4.21291 0
      vertex -26.1138 -4.12666 0
    endloop
  endfacet
  facet normal 0.896724 -0.442591 0
    outer loop
      vertex -26.4289 -4.53732 0.00999928
      vertex -26.371 -4.42001 0
      vertex -26.371 -4.42001 0.00999928
    endloop
  endfacet
  facet normal 0.896724 -0.442591 0
    outer loop
      vertex -26.371 -4.42001 0
      vertex -26.4289 -4.53732 0.00999928
      vertex -26.4289 -4.53732 0
    endloop
  endfacet
  facet normal 0.83823 -0.413577 -0.355422
    outer loop
      vertex -24.2486 -6.46922 7.4
      vertex -24.2949 -6.56306 7.4
      vertex -26.371 -4.42001 0.00999928
    endloop
  endfacet
  facet normal 0.838168 -0.41369 -0.355437
    outer loop
      vertex -26.371 -4.42001 0.00999928
      vertex -24.2949 -6.56306 7.4
      vertex -26.4289 -4.53732 0.00999928
    endloop
  endfacet
  facet normal 0.929401 0.184793 -0.319475
    outer loop
      vertex -24.3489 -15.9852 7.4
      vertex -24.3285 -16.0878 7.4
      vertex -26.4709 -18.0888 0.00999928
    endloop
  endfacet
  facet normal 0.980815 0.19494 0
    outer loop
      vertex -26.4709 -18.0888 0.00999928
      vertex -26.4964 -17.9605 0
      vertex -26.4964 -17.9605 0.00999928
    endloop
  endfacet
  facet normal 0.980815 0.19494 0
    outer loop
      vertex -26.4964 -17.9605 0
      vertex -26.4709 -18.0888 0.00999928
      vertex -26.4709 -18.0888 0
    endloop
  endfacet
  facet normal 0.413436 -0.838306 -0.355407
    outer loop
      vertex -25.8877 -3.99614 0.00999928
      vertex -23.8619 -6.13011 7.4
      vertex -26.005 -4.05399 0.00999928
    endloop
  endfacet
  facet normal 0.302235 -0.890534 -0.340005
    outer loop
      vertex -25.7638 -3.95409 0.00999928
      vertex -23.8619 -6.13011 7.4
      vertex -25.8877 -3.99614 0.00999928
    endloop
  endfacet
  facet normal 0.184879 -0.929379 -0.319491
    outer loop
      vertex -23.6602 -6.07607 7.4
      vertex -23.7628 -6.09648 7.4
      vertex -25.7638 -3.95409 0.00999928
    endloop
  endfacet
  facet normal 0.612523 -0.698098 -0.370776
    outer loop
      vertex -26.1138 -4.12666 0.00999928
      vertex -24.0428 -6.23453 7.4
      vertex -26.2121 -4.21291 0.00999928
    endloop
  endfacet
  facet normal 0.516963 -0.773986 -0.365642
    outer loop
      vertex -26.005 -4.05399 0.00999928
      vertex -24.0428 -6.23453 7.4
      vertex -26.1138 -4.12666 0.00999928
    endloop
  endfacet
  facet normal 0.612262 -0.698333 -0.370764
    outer loop
      vertex -24.0428 -6.23453 7.4
      vertex -24.1215 -6.30353 7.4
      vertex -26.2121 -4.21291 0.00999928
    endloop
  endfacet
  facet normal 0.698217 -0.612393 -0.370768
    outer loop
      vertex -24.1215 -6.30353 7.4
      vertex -24.1905 -6.3822 7.4
      vertex -26.2121 -4.21291 0.00999928
    endloop
  endfacet
  facet normal 0.442314 -0.89686 0
    outer loop
      vertex -26.005 -4.05399 0
      vertex -25.8877 -3.99614 0.00999928
      vertex -26.005 -4.05399 0.00999928
    endloop
  endfacet
  facet normal 0.442314 -0.89686 0
    outer loop
      vertex -25.8877 -3.99614 0.00999928
      vertex -26.005 -4.05399 0
      vertex -25.8877 -3.99614 0
    endloop
  endfacet
  facet normal 0.321382 -0.94695 0
    outer loop
      vertex -25.8877 -3.99614 0
      vertex -25.7638 -3.95409 0.00999928
      vertex -25.8877 -3.99614 0.00999928
    endloop
  endfacet
  facet normal 0.321382 -0.94695 0
    outer loop
      vertex -25.7638 -3.95409 0.00999928
      vertex -25.8877 -3.99614 0
      vertex -25.7638 -3.95409 0
    endloop
  endfacet
  facet normal 1 -0 0
    outer loop
      vertex -20.9 -11.775 2.1
      vertex -20.9 -10.975 0
      vertex -20.9 -10.975 2.1
    endloop
  endfacet
  facet normal 1 0 0
    outer loop
      vertex -20.9 -10.975 0
      vertex -20.9 -11.775 2.1
      vertex -20.9 -11.775 0
    endloop
  endfacet
  facet normal 0 0 -1
    outer loop
      vertex -20.9 -11.775 2.1
      vertex -19.45 -10.975 2.1
      vertex -19.45 -11.775 2.1
    endloop
  endfacet
  facet normal -0 0 -1
    outer loop
      vertex -19.45 -10.975 2.1
      vertex -20.9 -11.775 2.1
      vertex -20.9 -10.975 2.1
    endloop
  endfacet
  facet normal 0 0 -1
    outer loop
      vertex -19.45 -11.775 2.1
      vertex -18.65 -11.775 2.1
      vertex -18.65 -13.225 2.1
    endloop
  endfacet
  facet normal 0 0 -1
    outer loop
      vertex -18.65 -11.775 2.1
      vertex -19.45 -11.775 2.1
      vertex -18.65 -10.975 2.1
    endloop
  endfacet
  facet normal 0 0 -1
    outer loop
      vertex -19.45 -11.775 2.1
      vertex -18.65 -13.225 2.1
      vertex -19.45 -13.225 2.1
    endloop
  endfacet
  facet normal 0 0 -1
    outer loop
      vertex -19.45 -10.975 2.1
      vertex -18.65 -10.975 2.1
      vertex -19.45 -11.775 2.1
    endloop
  endfacet
  facet normal 0 0 -1
    outer loop
      vertex -18.65 -10.975 2.1
      vertex -19.45 -10.975 2.1
      vertex -18.65 -9.525 2.1
    endloop
  endfacet
  facet normal -0 0 -1
    outer loop
      vertex -18.65 -9.525 2.1
      vertex -19.45 -10.975 2.1
      vertex -19.45 -9.525 2.1
    endloop
  endfacet
  facet normal 0 0 -1
    outer loop
      vertex -18.65 -11.775 2.1
      vertex -17.2 -10.975 2.1
      vertex -17.2 -11.775 2.1
    endloop
  endfacet
  facet normal -0 0 -1
    outer loop
      vertex -17.2 -10.975 2.1
      vertex -18.65 -11.775 2.1
      vertex -18.65 -10.975 2.1
    endloop
  endfacet
  facet normal -1 0 0
    outer loop
      vertex -17.2 -11.775 0
      vertex -17.2 -10.975 2.1
      vertex -17.2 -10.975 0
    endloop
  endfacet
  facet normal -1 -0 0
    outer loop
      vertex -17.2 -10.975 2.1
      vertex -17.2 -11.775 0
      vertex -17.2 -11.775 2.1
    endloop
  endfacet
  facet normal 0 -1 0
    outer loop
      vertex -18.65 -10.975 0
      vertex -17.2 -10.975 2.1
      vertex -18.65 -10.975 2.1
    endloop
  endfacet
  facet normal 0 -1 -0
    outer loop
      vertex -17.2 -10.975 2.1
      vertex -18.65 -10.975 0
      vertex -17.2 -10.975 0
    endloop
  endfacet
  facet normal 0 -1 0
    outer loop
      vertex -20.9 -10.975 0
      vertex -19.45 -10.975 2.1
      vertex -20.9 -10.975 2.1
    endloop
  endfacet
  facet normal 0 -1 -0
    outer loop
      vertex -19.45 -10.975 2.1
      vertex -20.9 -10.975 0
      vertex -19.45 -10.975 0
    endloop
  endfacet
  facet normal 0 1 -0
    outer loop
      vertex -17.2 -11.775 0
      vertex -18.65 -11.775 2.1
      vertex -17.2 -11.775 2.1
    endloop
  endfacet
  facet normal 0 1 0
    outer loop
      vertex -18.65 -11.775 2.1
      vertex -17.2 -11.775 0
      vertex -18.65 -11.775 0
    endloop
  endfacet
  facet normal 0 1 -0
    outer loop
      vertex -19.45 -11.775 0
      vertex -20.9 -11.775 2.1
      vertex -19.45 -11.775 2.1
    endloop
  endfacet
  facet normal 0 1 0
    outer loop
      vertex -20.9 -11.775 2.1
      vertex -19.45 -11.775 0
      vertex -20.9 -11.775 0
    endloop
  endfacet
  facet normal 1 -0 0
    outer loop
      vertex -19.45 -13.225 2.1
      vertex -19.45 -11.775 0
      vertex -19.45 -11.775 2.1
    endloop
  endfacet
  facet normal 1 0 0
    outer loop
      vertex -19.45 -11.775 0
      vertex -19.45 -13.225 2.1
      vertex -19.45 -13.225 0
    endloop
  endfacet
  facet normal 1 -0 0
    outer loop
      vertex -19.45 -10.975 2.1
      vertex -19.45 -9.525 0
      vertex -19.45 -9.525 2.1
    endloop
  endfacet
  facet normal 1 0 0
    outer loop
      vertex -19.45 -9.525 0
      vertex -19.45 -10.975 2.1
      vertex -19.45 -10.975 0
    endloop
  endfacet
  facet normal -1 0 0
    outer loop
      vertex -18.65 -13.225 0
      vertex -18.65 -11.775 2.1
      vertex -18.65 -11.775 0
    endloop
  endfacet
  facet normal -1 -0 0
    outer loop
      vertex -18.65 -11.775 2.1
      vertex -18.65 -13.225 0
      vertex -18.65 -13.225 2.1
    endloop
  endfacet
  facet normal -1 0 0
    outer loop
      vertex -18.65 -10.975 0
      vertex -18.65 -9.525 2.1
      vertex -18.65 -9.525 0
    endloop
  endfacet
  facet normal -1 -0 0
    outer loop
      vertex -18.65 -9.525 2.1
      vertex -18.65 -10.975 0
      vertex -18.65 -10.975 2.1
    endloop
  endfacet
  facet normal 0 -1 0
    outer loop
      vertex -19.45 -9.525 0
      vertex -18.65 -9.525 2.1
      vertex -19.45 -9.525 2.1
    endloop
  endfacet
  facet normal 0 -1 -0
    outer loop
      vertex -18.65 -9.525 2.1
      vertex -19.45 -9.525 0
      vertex -18.65 -9.525 0
    endloop
  endfacet
  facet normal 0 1 -0
    outer loop
      vertex -18.65 -13.225 0
      vertex -19.45 -13.225 2.1
      vertex -18.65 -13.225 2.1
    endloop
  endfacet
  facet normal 0 1 0
    outer loop
      vertex -19.45 -13.225 2.1
      vertex -18.65 -13.225 0
      vertex -19.45 -13.225 0
    endloop
  endfacet
  facet normal 0.997851 0.0655224 0
    outer loop
      vertex -16.25 -11.375 2
      vertex -16.274 -11.0095 0
      vertex -16.274 -11.0095 2
    endloop
  endfacet
  facet normal 0.997851 0.0655224 0
    outer loop
      vertex -16.274 -11.0095 0
      vertex -16.25 -11.375 2
      vertex -16.25 -11.375 0
    endloop
  endfacet
  facet normal 0.997851 0.0655224 0
    outer loop
      vertex -16.25 -11.375 4
      vertex -16.274 -11.0095 2.8
      vertex -16.274 -11.0095 4
    endloop
  endfacet
  facet normal 0.997851 0.0655224 0
    outer loop
      vertex -16.274 -11.0095 2.8
      vertex -16.25 -11.375 4
      vertex -16.25 -11.375 2.8
    endloop
  endfacet
  facet normal -0.997851 0.0655224 0
    outer loop
      vertex -21.85 -11.375 0
      vertex -21.826 -11.0095 2
      vertex -21.826 -11.0095 0
    endloop
  endfacet
  facet normal -0.997851 0.0655224 0
    outer loop
      vertex -21.826 -11.0095 2
      vertex -21.85 -11.375 0
      vertex -21.85 -11.375 2
    endloop
  endfacet
  facet normal -0.997851 0.0655224 0
    outer loop
      vertex -21.85 -11.375 2.8
      vertex -21.826 -11.0095 4
      vertex -21.826 -11.0095 2.8
    endloop
  endfacet
  facet normal -0.997851 0.0655224 0
    outer loop
      vertex -21.826 -11.0095 4
      vertex -21.85 -11.375 2.8
      vertex -21.85 -11.375 4
    endloop
  endfacet
  facet normal 0.0654136 0.997858 -0
    outer loop
      vertex -18.6845 -8.59896 0
      vertex -19.05 -8.575 2
      vertex -18.6845 -8.59896 2
    endloop
  endfacet
  facet normal 0.0654136 0.997858 0
    outer loop
      vertex -19.05 -8.575 2
      vertex -18.6845 -8.59896 0
      vertex -19.05 -8.575 0
    endloop
  endfacet
  facet normal 0.0654136 0.997858 -0
    outer loop
      vertex -18.6845 -8.59896 2.8
      vertex -19.05 -8.575 4
      vertex -18.6845 -8.59896 4
    endloop
  endfacet
  facet normal 0.0654136 0.997858 0
    outer loop
      vertex -19.05 -8.575 4
      vertex -18.6845 -8.59896 2.8
      vertex -19.05 -8.575 2.8
    endloop
  endfacet
  facet normal -0.0655224 -0.997851 0
    outer loop
      vertex -19.4155 -14.151 2.8
      vertex -19.05 -14.175 4
      vertex -19.4155 -14.151 4
    endloop
  endfacet
  facet normal -0.0655224 -0.997851 -0
    outer loop
      vertex -19.05 -14.175 4
      vertex -19.4155 -14.151 2.8
      vertex -19.05 -14.175 2.8
    endloop
  endfacet
  facet normal -0.0655224 -0.997851 0
    outer loop
      vertex -19.4155 -14.151 0
      vertex -19.05 -14.175 2
      vertex -19.4155 -14.151 2
    endloop
  endfacet
  facet normal -0.0655224 -0.997851 -0
    outer loop
      vertex -19.05 -14.175 2
      vertex -19.4155 -14.151 0
      vertex -19.05 -14.175 0
    endloop
  endfacet
  facet normal 0.659301 0.751879 -0
    outer loop
      vertex -17.0701 -9.3951 0
      vertex -17.3455 -9.15361 4
      vertex -17.0701 -9.3951 4
    endloop
  endfacet
  facet normal 0.659301 0.751879 0
    outer loop
      vertex -17.3455 -9.15361 4
      vertex -17.0701 -9.3951 0
      vertex -17.3455 -9.15361 0
    endloop
  endfacet
  facet normal -0.659301 0.751879 0
    outer loop
      vertex -20.7545 -9.15361 0
      vertex -21.0299 -9.3951 4
      vertex -20.7545 -9.15361 4
    endloop
  endfacet
  facet normal -0.659301 0.751879 0
    outer loop
      vertex -21.0299 -9.3951 4
      vertex -20.7545 -9.15361 0
      vertex -21.0299 -9.3951 0
    endloop
  endfacet
  facet normal -0.321457 0.946924 0
    outer loop
      vertex -19.7747 -8.67041 0
      vertex -20.1215 -8.78814 4
      vertex -19.7747 -8.67041 4
    endloop
  endfacet
  facet normal -0.321457 0.946924 0
    outer loop
      vertex -20.1215 -8.78814 4
      vertex -19.7747 -8.67041 0
      vertex -20.1215 -8.78814 0
    endloop
  endfacet
  facet normal 0.896871 0.442292 0
    outer loop
      vertex -16.4631 -10.3035 4
      vertex -16.6251 -9.975 0
      vertex -16.6251 -9.975 4
    endloop
  endfacet
  facet normal 0.896871 0.442292 0
    outer loop
      vertex -16.6251 -9.975 0
      vertex -16.4631 -10.3035 4
      vertex -16.4631 -10.3035 0
    endloop
  endfacet
  facet normal 0.831445 0.555607 0
    outer loop
      vertex -16.6251 -9.975 4
      vertex -16.8286 -9.67047 0
      vertex -16.8286 -9.67047 4
    endloop
  endfacet
  facet normal 0.831445 0.555607 0
    outer loop
      vertex -16.8286 -9.67047 0
      vertex -16.6251 -9.975 4
      vertex -16.6251 -9.975 0
    endloop
  endfacet
  facet normal 0.442271 0.896882 -0
    outer loop
      vertex -17.65 -8.95013 0
      vertex -17.9785 -8.78814 4
      vertex -17.65 -8.95013 4
    endloop
  endfacet
  facet normal 0.442271 0.896882 0
    outer loop
      vertex -17.9785 -8.78814 4
      vertex -17.65 -8.95013 0
      vertex -17.9785 -8.78814 0
    endloop
  endfacet
  facet normal 0.321457 0.946924 -0
    outer loop
      vertex -17.9785 -8.78814 0
      vertex -18.3253 -8.67041 4
      vertex -17.9785 -8.78814 4
    endloop
  endfacet
  facet normal 0.321457 0.946924 0
    outer loop
      vertex -18.3253 -8.67041 4
      vertex -17.9785 -8.78814 0
      vertex -18.3253 -8.67041 0
    endloop
  endfacet
  facet normal 0.555607 0.831445 -0
    outer loop
      vertex -17.3455 -9.15361 0
      vertex -17.65 -8.95013 4
      vertex -17.3455 -9.15361 4
    endloop
  endfacet
  facet normal 0.555607 0.831445 0
    outer loop
      vertex -17.65 -8.95013 4
      vertex -17.3455 -9.15361 0
      vertex -17.65 -8.95013 0
    endloop
  endfacet
  facet normal -0.831445 0.555607 0
    outer loop
      vertex -21.4749 -9.975 0
      vertex -21.2714 -9.67047 4
      vertex -21.2714 -9.67047 0
    endloop
  endfacet
  facet normal -0.831445 0.555607 0
    outer loop
      vertex -21.2714 -9.67047 4
      vertex -21.4749 -9.975 0
      vertex -21.4749 -9.975 4
    endloop
  endfacet
  facet normal -0.75183 0.659357 0
    outer loop
      vertex -21.2714 -9.67047 0
      vertex -21.0299 -9.3951 4
      vertex -21.0299 -9.3951 0
    endloop
  endfacet
  facet normal -0.75183 0.659357 0
    outer loop
      vertex -21.0299 -9.3951 4
      vertex -21.2714 -9.67047 0
      vertex -21.2714 -9.67047 4
    endloop
  endfacet
  facet normal -0.946949 0.321384 0
    outer loop
      vertex -21.7546 -10.6503 0
      vertex -21.6369 -10.3035 4
      vertex -21.6369 -10.3035 0
    endloop
  endfacet
  facet normal -0.946949 0.321384 0
    outer loop
      vertex -21.6369 -10.3035 4
      vertex -21.7546 -10.6503 0
      vertex -21.7546 -10.6503 4
    endloop
  endfacet
  facet normal -0.555607 0.831445 0
    outer loop
      vertex -20.45 -8.95013 0
      vertex -20.7545 -9.15361 4
      vertex -20.45 -8.95013 4
    endloop
  endfacet
  facet normal -0.555607 0.831445 0
    outer loop
      vertex -20.7545 -9.15361 4
      vertex -20.45 -8.95013 0
      vertex -20.7545 -9.15361 0
    endloop
  endfacet
  facet normal -0.195023 0.980799 0
    outer loop
      vertex -19.4155 -8.59896 2
      vertex -19.4155 -8.59896 0
      vertex -19.45 -8.60582 2
    endloop
  endfacet
  facet normal -0.195023 0.980799 0
    outer loop
      vertex -19.45 -8.60582 2.8
      vertex -19.4155 -8.59896 4
      vertex -19.4155 -8.59896 2.8
    endloop
  endfacet
  facet normal -0.195092 0.980785 2.07743e-06
    outer loop
      vertex -19.4155 -8.59896 4
      vertex -19.45 -8.60582 2.8
      vertex -19.7747 -8.67041 4
    endloop
  endfacet
  facet normal -0.195099 0.980783 0
    outer loop
      vertex -19.45 -8.60582 2
      vertex -19.7747 -8.67041 4
      vertex -19.45 -8.60582 2.8
    endloop
  endfacet
  facet normal -0.195092 0.980785 -1.24646e-06
    outer loop
      vertex -19.7747 -8.67041 0
      vertex -19.45 -8.60582 2
      vertex -19.4155 -8.59896 0
    endloop
  endfacet
  facet normal -0.195099 0.980783 0
    outer loop
      vertex -19.45 -8.60582 2
      vertex -19.7747 -8.67041 0
      vertex -19.7747 -8.67041 4
    endloop
  endfacet
  facet normal 0.751866 -0.659316 0
    outer loop
      vertex -17.0701 -13.3549 4
      vertex -16.8286 -13.0795 0
      vertex -16.8286 -13.0795 4
    endloop
  endfacet
  facet normal 0.751866 -0.659316 0
    outer loop
      vertex -16.8286 -13.0795 0
      vertex -17.0701 -13.3549 4
      vertex -17.0701 -13.3549 0
    endloop
  endfacet
  facet normal -0.659316 -0.751866 0
    outer loop
      vertex -21.0299 -13.3549 0
      vertex -20.7545 -13.5964 4
      vertex -21.0299 -13.3549 4
    endloop
  endfacet
  facet normal -0.659316 -0.751866 -0
    outer loop
      vertex -20.7545 -13.5964 4
      vertex -21.0299 -13.3549 0
      vertex -20.7545 -13.5964 0
    endloop
  endfacet
  facet normal -0.321384 -0.946949 0
    outer loop
      vertex -20.1215 -13.9619 0
      vertex -19.7747 -14.0796 4
      vertex -20.1215 -13.9619 4
    endloop
  endfacet
  facet normal -0.321384 -0.946949 -0
    outer loop
      vertex -19.7747 -14.0796 4
      vertex -20.1215 -13.9619 0
      vertex -19.7747 -14.0796 0
    endloop
  endfacet
  facet normal -0.751866 -0.659316 0
    outer loop
      vertex -21.0299 -13.3549 0
      vertex -21.2714 -13.0795 4
      vertex -21.2714 -13.0795 0
    endloop
  endfacet
  facet normal -0.751866 -0.659316 0
    outer loop
      vertex -21.2714 -13.0795 4
      vertex -21.0299 -13.3549 0
      vertex -21.0299 -13.3549 4
    endloop
  endfacet
  facet normal 0 0 -1
    outer loop
      vertex -20.9 -10.975 0
      vertex -19.45 -9.525 0
      vertex -19.45 -10.975 0
    endloop
  endfacet
  facet normal 0 0 -1
    outer loop
      vertex -19.45 -9.525 0
      vertex -20.1215 -8.78814 0
      vertex -19.7747 -8.67041 0
    endloop
  endfacet
  facet normal 0 0 -1
    outer loop
      vertex -19.45 -9.525 0
      vertex -20.45 -8.95013 0
      vertex -20.1215 -8.78814 0
    endloop
  endfacet
  facet normal 0 0 -1
    outer loop
      vertex -19.45 -9.525 0
      vertex -20.7545 -9.15361 0
      vertex -20.45 -8.95013 0
    endloop
  endfacet
  facet normal -0 0 -1
    outer loop
      vertex -19.45 -9.525 0
      vertex -20.9 -10.975 0
      vertex -21.0299 -9.3951 0
    endloop
  endfacet
  facet normal 0 0 -1
    outer loop
      vertex -19.45 -9.525 0
      vertex -21.0299 -9.3951 0
      vertex -20.7545 -9.15361 0
    endloop
  endfacet
  facet normal 0 0 -1
    outer loop
      vertex -21.4749 -12.775 0
      vertex -20.9 -11.775 0
      vertex -21.2714 -13.0795 0
    endloop
  endfacet
  facet normal 0 0 -1
    outer loop
      vertex -21.6369 -12.4465 0
      vertex -20.9 -11.775 0
      vertex -21.4749 -12.775 0
    endloop
  endfacet
  facet normal 0 0 -1
    outer loop
      vertex -20.9 -10.975 0
      vertex -21.2714 -9.67047 0
      vertex -21.0299 -9.3951 0
    endloop
  endfacet
  facet normal 0 0 -1
    outer loop
      vertex -21.7546 -12.0997 0
      vertex -20.9 -11.775 0
      vertex -21.6369 -12.4465 0
    endloop
  endfacet
  facet normal 0 0 -1
    outer loop
      vertex -20.9 -10.975 0
      vertex -21.4749 -9.975 0
      vertex -21.2714 -9.67047 0
    endloop
  endfacet
  facet normal 0 0 -1
    outer loop
      vertex -21.826 -11.7405 0
      vertex -20.9 -11.775 0
      vertex -21.7546 -12.0997 0
    endloop
  endfacet
  facet normal 0 0 -1
    outer loop
      vertex -20.9 -10.975 0
      vertex -21.6369 -10.3035 0
      vertex -21.4749 -9.975 0
    endloop
  endfacet
  facet normal 0 0 -1
    outer loop
      vertex -21.85 -11.375 0
      vertex -20.9 -11.775 0
      vertex -21.826 -11.7405 0
    endloop
  endfacet
  facet normal 0 0 -1
    outer loop
      vertex -20.9 -10.975 0
      vertex -21.7546 -10.6503 0
      vertex -21.6369 -10.3035 0
    endloop
  endfacet
  facet normal 0 0 -1
    outer loop
      vertex -20.9 -11.775 0
      vertex -21.85 -11.375 0
      vertex -20.9 -10.975 0
    endloop
  endfacet
  facet normal -0 0 -1
    outer loop
      vertex -20.9 -10.975 0
      vertex -21.826 -11.0095 0
      vertex -21.7546 -10.6503 0
    endloop
  endfacet
  facet normal 0 0 -1
    outer loop
      vertex -20.9 -10.975 0
      vertex -21.85 -11.375 0
      vertex -21.826 -11.0095 0
    endloop
  endfacet
  facet normal 0 0 -1
    outer loop
      vertex -18.6845 -14.151 0
      vertex -18.65 -13.225 0
      vertex -18.3253 -14.0796 0
    endloop
  endfacet
  facet normal 0 0 -1
    outer loop
      vertex -19.05 -14.175 0
      vertex -18.65 -13.225 0
      vertex -18.6845 -14.151 0
    endloop
  endfacet
  facet normal 0 0 -1
    outer loop
      vertex -19.45 -13.225 0
      vertex -19.05 -14.175 0
      vertex -19.4155 -14.151 0
    endloop
  endfacet
  facet normal 0 0 -1
    outer loop
      vertex -19.05 -14.175 0
      vertex -19.45 -13.225 0
      vertex -18.65 -13.225 0
    endloop
  endfacet
  facet normal 0 0 -1
    outer loop
      vertex -19.7747 -14.0796 0
      vertex -19.45 -13.225 0
      vertex -19.4155 -14.151 0
    endloop
  endfacet
  facet normal 0 0 -1
    outer loop
      vertex -20.1215 -13.9619 0
      vertex -19.45 -13.225 0
      vertex -19.7747 -14.0796 0
    endloop
  endfacet
  facet normal 0 0 -1
    outer loop
      vertex -20.45 -13.7999 0
      vertex -19.45 -13.225 0
      vertex -20.1215 -13.9619 0
    endloop
  endfacet
  facet normal 0 0 -1
    outer loop
      vertex -20.7545 -13.5964 0
      vertex -19.45 -13.225 0
      vertex -20.45 -13.7999 0
    endloop
  endfacet
  facet normal 0 0 -1
    outer loop
      vertex -21.0299 -13.3549 0
      vertex -19.45 -13.225 0
      vertex -20.7545 -13.5964 0
    endloop
  endfacet
  facet normal 0 -0 -1
    outer loop
      vertex -20.9 -11.775 0
      vertex -19.45 -13.225 0
      vertex -21.0299 -13.3549 0
    endloop
  endfacet
  facet normal 0 0 -1
    outer loop
      vertex -21.2714 -13.0795 0
      vertex -20.9 -11.775 0
      vertex -21.0299 -13.3549 0
    endloop
  endfacet
  facet normal 0 0 -1
    outer loop
      vertex -19.45 -13.225 0
      vertex -20.9 -11.775 0
      vertex -19.45 -11.775 0
    endloop
  endfacet
  facet normal 0 0 -1
    outer loop
      vertex -17.2 -11.775 0
      vertex -16.25 -11.375 0
      vertex -16.274 -11.7405 0
    endloop
  endfacet
  facet normal 0 0 -1
    outer loop
      vertex -17.2 -11.775 0
      vertex -16.274 -11.7405 0
      vertex -16.3454 -12.0997 0
    endloop
  endfacet
  facet normal 0 0 -1
    outer loop
      vertex -17.2 -10.975 0
      vertex -16.25 -11.375 0
      vertex -17.2 -11.775 0
    endloop
  endfacet
  facet normal 0 0 -1
    outer loop
      vertex -17.2 -11.775 0
      vertex -16.3454 -12.0997 0
      vertex -16.4631 -12.4465 0
    endloop
  endfacet
  facet normal 0 0 -1
    outer loop
      vertex -16.25 -11.375 0
      vertex -17.2 -10.975 0
      vertex -16.274 -11.0095 0
    endloop
  endfacet
  facet normal 0 0 -1
    outer loop
      vertex -17.2 -11.775 0
      vertex -16.4631 -12.4465 0
      vertex -16.6251 -12.775 0
    endloop
  endfacet
  facet normal 0 0 -1
    outer loop
      vertex -16.274 -11.0095 0
      vertex -17.2 -10.975 0
      vertex -16.3454 -10.6503 0
    endloop
  endfacet
  facet normal 0 0 -1
    outer loop
      vertex -17.2 -11.775 0
      vertex -16.6251 -12.775 0
      vertex -16.8286 -13.0795 0
    endloop
  endfacet
  facet normal -0 0 -1
    outer loop
      vertex -16.3454 -10.6503 0
      vertex -17.2 -10.975 0
      vertex -16.4631 -10.3035 0
    endloop
  endfacet
  facet normal 0 0 -1
    outer loop
      vertex -17.2 -11.775 0
      vertex -16.8286 -13.0795 0
      vertex -17.0701 -13.3549 0
    endloop
  endfacet
  facet normal -0 0 -1
    outer loop
      vertex -16.4631 -10.3035 0
      vertex -17.2 -10.975 0
      vertex -16.6251 -9.975 0
    endloop
  endfacet
  facet normal -0 0 -1
    outer loop
      vertex -16.6251 -9.975 0
      vertex -17.2 -10.975 0
      vertex -16.8286 -9.67047 0
    endloop
  endfacet
  facet normal 0 0 -1
    outer loop
      vertex -18.65 -13.225 0
      vertex -17.0701 -13.3549 0
      vertex -17.3455 -13.5964 0
    endloop
  endfacet
  facet normal 0 0 -1
    outer loop
      vertex -18.65 -13.225 0
      vertex -17.3455 -13.5964 0
      vertex -17.65 -13.7999 0
    endloop
  endfacet
  facet normal 0 0 -1
    outer loop
      vertex -18.65 -13.225 0
      vertex -17.65 -13.7999 0
      vertex -17.9785 -13.9619 0
    endloop
  endfacet
  facet normal 0 0 -1
    outer loop
      vertex -18.65 -13.225 0
      vertex -17.9785 -13.9619 0
      vertex -18.3253 -14.0796 0
    endloop
  endfacet
  facet normal 0 0 -1
    outer loop
      vertex -17.0701 -13.3549 0
      vertex -18.65 -13.225 0
      vertex -17.2 -11.775 0
    endloop
  endfacet
  facet normal -0 0 -1
    outer loop
      vertex -17.2 -11.775 0
      vertex -18.65 -13.225 0
      vertex -18.65 -11.775 0
    endloop
  endfacet
  facet normal -0 0 -1
    outer loop
      vertex -16.8286 -9.67047 0
      vertex -17.2 -10.975 0
      vertex -17.0701 -9.3951 0
    endloop
  endfacet
  facet normal 0 0 -1
    outer loop
      vertex -18.65 -9.525 0
      vertex -17.0701 -9.3951 0
      vertex -17.2 -10.975 0
    endloop
  endfacet
  facet normal -0 0 -1
    outer loop
      vertex -17.0701 -9.3951 0
      vertex -18.65 -9.525 0
      vertex -17.3455 -9.15361 0
    endloop
  endfacet
  facet normal -0 0 -1
    outer loop
      vertex -17.3455 -9.15361 0
      vertex -18.65 -9.525 0
      vertex -17.65 -8.95013 0
    endloop
  endfacet
  facet normal -0 0 -1
    outer loop
      vertex -17.65 -8.95013 0
      vertex -18.65 -9.525 0
      vertex -17.9785 -8.78814 0
    endloop
  endfacet
  facet normal 0 0 -1
    outer loop
      vertex -18.65 -9.525 0
      vertex -17.2 -10.975 0
      vertex -18.65 -10.975 0
    endloop
  endfacet
  facet normal -0 0 -1
    outer loop
      vertex -17.9785 -8.78814 0
      vertex -18.65 -9.525 0
      vertex -18.3253 -8.67041 0
    endloop
  endfacet
  facet normal 0 0 -1
    outer loop
      vertex -18.65 -9.525 0
      vertex -18.6845 -8.59896 0
      vertex -18.3253 -8.67041 0
    endloop
  endfacet
  facet normal 0 0 -1
    outer loop
      vertex -18.65 -9.525 0
      vertex -19.05 -8.575 0
      vertex -18.6845 -8.59896 0
    endloop
  endfacet
  facet normal 0 0 -1
    outer loop
      vertex -19.45 -9.525 0
      vertex -19.05 -8.575 0
      vertex -18.65 -9.525 0
    endloop
  endfacet
  facet normal 0 0 -1
    outer loop
      vertex -19.05 -8.575 0
      vertex -19.45 -9.525 0
      vertex -19.4155 -8.59896 0
    endloop
  endfacet
  facet normal 0 0 -1
    outer loop
      vertex -19.4155 -8.59896 0
      vertex -19.45 -9.525 0
      vertex -19.7747 -8.67041 0
    endloop
  endfacet
  facet normal 0.946949 0.321384 0
    outer loop
      vertex -16.3454 -10.6503 4
      vertex -16.4631 -10.3035 0
      vertex -16.4631 -10.3035 4
    endloop
  endfacet
  facet normal 0.946949 0.321384 0
    outer loop
      vertex -16.4631 -10.3035 0
      vertex -16.3454 -10.6503 4
      vertex -16.3454 -10.6503 0
    endloop
  endfacet
  facet normal 0.980778 0.195129 -0
    outer loop
      vertex -16.2808 -10.975 2
      vertex -16.3454 -10.6503 4
      vertex -16.2808 -10.975 2.8
    endloop
  endfacet
  facet normal 0.980811 0.194961 4.71929e-05
    outer loop
      vertex -16.274 -11.0095 4
      vertex -16.2808 -10.975 2.8
      vertex -16.3454 -10.6503 4
    endloop
  endfacet
  facet normal 0.981124 0.193381 0
    outer loop
      vertex -16.2808 -10.975 2.8
      vertex -16.274 -11.0095 4
      vertex -16.274 -11.0095 2.8
    endloop
  endfacet
  facet normal 0.980778 0.195129 0
    outer loop
      vertex -16.3454 -10.6503 4
      vertex -16.2808 -10.975 2
      vertex -16.3454 -10.6503 0
    endloop
  endfacet
  facet normal 0.981124 0.193381 -0
    outer loop
      vertex -16.274 -11.0095 0
      vertex -16.2808 -10.975 2
      vertex -16.274 -11.0095 2
    endloop
  endfacet
  facet normal 0.980811 0.194961 -2.83157e-05
    outer loop
      vertex -16.2808 -10.975 2
      vertex -16.274 -11.0095 0
      vertex -16.3454 -10.6503 0
    endloop
  endfacet
  facet normal 0.195092 0.980785 2.07743e-06
    outer loop
      vertex -18.3253 -8.67041 4
      vertex -18.65 -8.60582 2.8
      vertex -18.6845 -8.59896 4
    endloop
  endfacet
  facet normal 0.195099 0.980783 0
    outer loop
      vertex -18.3253 -8.67041 4
      vertex -18.65 -8.60582 2
      vertex -18.65 -8.60582 2.8
    endloop
  endfacet
  facet normal 0.195099 0.980783 -0
    outer loop
      vertex -18.3253 -8.67041 0
      vertex -18.65 -8.60582 2
      vertex -18.3253 -8.67041 4
    endloop
  endfacet
  facet normal 0.195092 0.980785 -1.24646e-06
    outer loop
      vertex -18.6845 -8.59896 0
      vertex -18.65 -8.60582 2
      vertex -18.3253 -8.67041 0
    endloop
  endfacet
  facet normal 0.195023 0.980799 0
    outer loop
      vertex -18.65 -8.60582 2
      vertex -18.6845 -8.59896 0
      vertex -18.6845 -8.59896 2
    endloop
  endfacet
  facet normal 0.195023 0.980799 0
    outer loop
      vertex -18.6845 -8.59896 4
      vertex -18.65 -8.60582 2.8
      vertex -18.6845 -8.59896 2.8
    endloop
  endfacet
  facet normal -0.896871 0.442292 0
    outer loop
      vertex -21.6369 -10.3035 0
      vertex -21.4749 -9.975 4
      vertex -21.4749 -9.975 0
    endloop
  endfacet
  facet normal -0.896871 0.442292 0
    outer loop
      vertex -21.4749 -9.975 4
      vertex -21.6369 -10.3035 0
      vertex -21.6369 -10.3035 4
    endloop
  endfacet
  facet normal -0.980778 0.195129 0
    outer loop
      vertex -21.7546 -10.6503 0
      vertex -21.8192 -10.975 2
      vertex -21.7546 -10.6503 4
    endloop
  endfacet
  facet normal -0.980811 0.194961 -2.83157e-05
    outer loop
      vertex -21.826 -11.0095 0
      vertex -21.8192 -10.975 2
      vertex -21.7546 -10.6503 0
    endloop
  endfacet
  facet normal -0.981124 0.193381 0
    outer loop
      vertex -21.8192 -10.975 2
      vertex -21.826 -11.0095 0
      vertex -21.826 -11.0095 2
    endloop
  endfacet
  facet normal -0.980778 0.195129 0
    outer loop
      vertex -21.8192 -10.975 2.8
      vertex -21.7546 -10.6503 4
      vertex -21.8192 -10.975 2
    endloop
  endfacet
  facet normal -0.981124 0.193381 0
    outer loop
      vertex -21.826 -11.0095 4
      vertex -21.8192 -10.975 2.8
      vertex -21.826 -11.0095 2.8
    endloop
  endfacet
  facet normal -0.980811 0.194961 4.71929e-05
    outer loop
      vertex -21.8192 -10.975 2.8
      vertex -21.826 -11.0095 4
      vertex -21.7546 -10.6503 4
    endloop
  endfacet
  facet normal 0 0 1
    outer loop
      vertex -16.274 -11.0095 4
      vertex -16.274 -11.7405 4
      vertex -16.25 -11.375 4
    endloop
  endfacet
  facet normal 0 0 1
    outer loop
      vertex -16.3454 -10.6503 4
      vertex -16.274 -11.7405 4
      vertex -16.274 -11.0095 4
    endloop
  endfacet
  facet normal 0 0 1
    outer loop
      vertex -16.3454 -10.6503 4
      vertex -16.3454 -12.0997 4
      vertex -16.274 -11.7405 4
    endloop
  endfacet
  facet normal 0 0 1
    outer loop
      vertex -16.4631 -10.3035 4
      vertex -16.3454 -12.0997 4
      vertex -16.3454 -10.6503 4
    endloop
  endfacet
  facet normal 0 0 1
    outer loop
      vertex -16.4631 -10.3035 4
      vertex -16.4631 -12.4465 4
      vertex -16.3454 -12.0997 4
    endloop
  endfacet
  facet normal 0 0 1
    outer loop
      vertex -16.6251 -9.975 4
      vertex -16.4631 -12.4465 4
      vertex -16.4631 -10.3035 4
    endloop
  endfacet
  facet normal 0 0 1
    outer loop
      vertex -16.6251 -9.975 4
      vertex -16.6251 -12.775 4
      vertex -16.4631 -12.4465 4
    endloop
  endfacet
  facet normal 0 0 1
    outer loop
      vertex -16.8286 -9.67047 4
      vertex -16.6251 -12.775 4
      vertex -16.6251 -9.975 4
    endloop
  endfacet
  facet normal 0 0 1
    outer loop
      vertex -16.8286 -9.67047 4
      vertex -16.8286 -13.0795 4
      vertex -16.6251 -12.775 4
    endloop
  endfacet
  facet normal 0 0 1
    outer loop
      vertex -17.0701 -9.3951 4
      vertex -16.8286 -13.0795 4
      vertex -16.8286 -9.67047 4
    endloop
  endfacet
  facet normal 0 0 1
    outer loop
      vertex -17.0701 -9.3951 4
      vertex -17.0701 -13.3549 4
      vertex -16.8286 -13.0795 4
    endloop
  endfacet
  facet normal 0 0 1
    outer loop
      vertex -17.3455 -9.15361 4
      vertex -17.0701 -13.3549 4
      vertex -17.0701 -9.3951 4
    endloop
  endfacet
  facet normal 0 0 1
    outer loop
      vertex -17.3455 -9.15361 4
      vertex -17.3455 -13.5964 4
      vertex -17.0701 -13.3549 4
    endloop
  endfacet
  facet normal 0 0 1
    outer loop
      vertex -17.65 -8.95013 4
      vertex -17.3455 -13.5964 4
      vertex -17.3455 -9.15361 4
    endloop
  endfacet
  facet normal 0 0 1
    outer loop
      vertex -17.65 -8.95013 4
      vertex -17.65 -13.7999 4
      vertex -17.3455 -13.5964 4
    endloop
  endfacet
  facet normal 0 0 1
    outer loop
      vertex -17.9785 -8.78814 4
      vertex -17.65 -13.7999 4
      vertex -17.65 -8.95013 4
    endloop
  endfacet
  facet normal 0 0 1
    outer loop
      vertex -17.9785 -8.78814 4
      vertex -17.9785 -13.9619 4
      vertex -17.65 -13.7999 4
    endloop
  endfacet
  facet normal 0 0 1
    outer loop
      vertex -18.3253 -8.67041 4
      vertex -17.9785 -13.9619 4
      vertex -17.9785 -8.78814 4
    endloop
  endfacet
  facet normal 0 0 1
    outer loop
      vertex -18.3253 -8.67041 4
      vertex -18.3253 -14.0796 4
      vertex -17.9785 -13.9619 4
    endloop
  endfacet
  facet normal 0 0 1
    outer loop
      vertex -18.6845 -8.59896 4
      vertex -18.3253 -14.0796 4
      vertex -18.3253 -8.67041 4
    endloop
  endfacet
  facet normal 0 0 1
    outer loop
      vertex -18.6845 -8.59896 4
      vertex -18.6845 -14.151 4
      vertex -18.3253 -14.0796 4
    endloop
  endfacet
  facet normal 0 0 1
    outer loop
      vertex -19.05 -8.575 4
      vertex -18.6845 -14.151 4
      vertex -18.6845 -8.59896 4
    endloop
  endfacet
  facet normal 0 0 1
    outer loop
      vertex -19.05 -8.575 4
      vertex -19.05 -14.175 4
      vertex -18.6845 -14.151 4
    endloop
  endfacet
  facet normal -0 0 1
    outer loop
      vertex -19.4155 -8.59896 4
      vertex -19.05 -14.175 4
      vertex -19.05 -8.575 4
    endloop
  endfacet
  facet normal 0 0 1
    outer loop
      vertex -19.4155 -8.59896 4
      vertex -19.4155 -14.151 4
      vertex -19.05 -14.175 4
    endloop
  endfacet
  facet normal -0 0 1
    outer loop
      vertex -19.7747 -8.67041 4
      vertex -19.4155 -14.151 4
      vertex -19.4155 -8.59896 4
    endloop
  endfacet
  facet normal 0 0 1
    outer loop
      vertex -19.7747 -8.67041 4
      vertex -19.7747 -14.0796 4
      vertex -19.4155 -14.151 4
    endloop
  endfacet
  facet normal -0 0 1
    outer loop
      vertex -20.1215 -8.78814 4
      vertex -19.7747 -14.0796 4
      vertex -19.7747 -8.67041 4
    endloop
  endfacet
  facet normal 0 0 1
    outer loop
      vertex -20.1215 -8.78814 4
      vertex -20.1215 -13.9619 4
      vertex -19.7747 -14.0796 4
    endloop
  endfacet
  facet normal -0 0 1
    outer loop
      vertex -20.45 -8.95013 4
      vertex -20.1215 -13.9619 4
      vertex -20.1215 -8.78814 4
    endloop
  endfacet
  facet normal 0 0 1
    outer loop
      vertex -20.45 -8.95013 4
      vertex -20.45 -13.7999 4
      vertex -20.1215 -13.9619 4
    endloop
  endfacet
  facet normal -0 0 1
    outer loop
      vertex -20.7545 -9.15361 4
      vertex -20.45 -13.7999 4
      vertex -20.45 -8.95013 4
    endloop
  endfacet
  facet normal 0 0 1
    outer loop
      vertex -20.7545 -9.15361 4
      vertex -20.7545 -13.5964 4
      vertex -20.45 -13.7999 4
    endloop
  endfacet
  facet normal -0 0 1
    outer loop
      vertex -21.0299 -9.3951 4
      vertex -20.7545 -13.5964 4
      vertex -20.7545 -9.15361 4
    endloop
  endfacet
  facet normal 0 0 1
    outer loop
      vertex -21.0299 -9.3951 4
      vertex -21.0299 -13.3549 4
      vertex -20.7545 -13.5964 4
    endloop
  endfacet
  facet normal -0 0 1
    outer loop
      vertex -21.2714 -9.67047 4
      vertex -21.0299 -13.3549 4
      vertex -21.0299 -9.3951 4
    endloop
  endfacet
  facet normal 0 0 1
    outer loop
      vertex -21.2714 -9.67047 4
      vertex -21.2714 -13.0795 4
      vertex -21.0299 -13.3549 4
    endloop
  endfacet
  facet normal -0 0 1
    outer loop
      vertex -21.4749 -9.975 4
      vertex -21.2714 -13.0795 4
      vertex -21.2714 -9.67047 4
    endloop
  endfacet
  facet normal 0 0 1
    outer loop
      vertex -21.4749 -9.975 4
      vertex -21.4749 -12.775 4
      vertex -21.2714 -13.0795 4
    endloop
  endfacet
  facet normal -0 0 1
    outer loop
      vertex -21.6369 -10.3035 4
      vertex -21.4749 -12.775 4
      vertex -21.4749 -9.975 4
    endloop
  endfacet
  facet normal 0 0 1
    outer loop
      vertex -21.6369 -10.3035 4
      vertex -21.6369 -12.4465 4
      vertex -21.4749 -12.775 4
    endloop
  endfacet
  facet normal -0 0 1
    outer loop
      vertex -21.7546 -10.6503 4
      vertex -21.6369 -12.4465 4
      vertex -21.6369 -10.3035 4
    endloop
  endfacet
  facet normal 0 0 1
    outer loop
      vertex -21.7546 -10.6503 4
      vertex -21.7546 -12.0997 4
      vertex -21.6369 -12.4465 4
    endloop
  endfacet
  facet normal -0 0 1
    outer loop
      vertex -21.826 -11.0095 4
      vertex -21.7546 -12.0997 4
      vertex -21.7546 -10.6503 4
    endloop
  endfacet
  facet normal 0 0 1
    outer loop
      vertex -21.826 -11.0095 4
      vertex -21.826 -11.7405 4
      vertex -21.7546 -12.0997 4
    endloop
  endfacet
  facet normal 0 -0 1
    outer loop
      vertex -21.826 -11.7405 4
      vertex -21.826 -11.0095 4
      vertex -21.85 -11.375 4
    endloop
  endfacet
  facet normal -0.0654136 0.997858 0
    outer loop
      vertex -19.05 -8.575 0
      vertex -19.4155 -8.59896 2
      vertex -19.05 -8.575 2
    endloop
  endfacet
  facet normal -0.0654136 0.997858 0
    outer loop
      vertex -19.4155 -8.59896 2
      vertex -19.05 -8.575 0
      vertex -19.4155 -8.59896 0
    endloop
  endfacet
  facet normal -0.0654136 0.997858 0
    outer loop
      vertex -19.05 -8.575 2.8
      vertex -19.4155 -8.59896 4
      vertex -19.05 -8.575 4
    endloop
  endfacet
  facet normal -0.0654136 0.997858 0
    outer loop
      vertex -19.4155 -8.59896 4
      vertex -19.05 -8.575 2.8
      vertex -19.4155 -8.59896 2.8
    endloop
  endfacet
  facet normal 0.997851 -0.0655224 0
    outer loop
      vertex -16.274 -11.7405 2
      vertex -16.25 -11.375 0
      vertex -16.25 -11.375 2
    endloop
  endfacet
  facet normal 0.997851 -0.0655224 0
    outer loop
      vertex -16.25 -11.375 0
      vertex -16.274 -11.7405 2
      vertex -16.274 -11.7405 0
    endloop
  endfacet
  facet normal 0.997851 -0.0655224 0
    outer loop
      vertex -16.274 -11.7405 4
      vertex -16.25 -11.375 2.8
      vertex -16.25 -11.375 4
    endloop
  endfacet
  facet normal 0.997851 -0.0655224 0
    outer loop
      vertex -16.25 -11.375 2.8
      vertex -16.274 -11.7405 4
      vertex -16.274 -11.7405 2.8
    endloop
  endfacet
  facet normal 0.0655224 -0.997851 0
    outer loop
      vertex -19.05 -14.175 2.8
      vertex -18.6845 -14.151 4
      vertex -19.05 -14.175 4
    endloop
  endfacet
  facet normal 0.0655224 -0.997851 0
    outer loop
      vertex -18.6845 -14.151 4
      vertex -19.05 -14.175 2.8
      vertex -18.6845 -14.151 2.8
    endloop
  endfacet
  facet normal 0.0655224 -0.997851 0
    outer loop
      vertex -19.05 -14.175 0
      vertex -18.6845 -14.151 2
      vertex -19.05 -14.175 2
    endloop
  endfacet
  facet normal 0.0655224 -0.997851 0
    outer loop
      vertex -18.6845 -14.151 2
      vertex -19.05 -14.175 0
      vertex -18.6845 -14.151 0
    endloop
  endfacet
  facet normal 0.321384 -0.946949 0
    outer loop
      vertex -18.3253 -14.0796 0
      vertex -17.9785 -13.9619 4
      vertex -18.3253 -14.0796 4
    endloop
  endfacet
  facet normal 0.321384 -0.946949 0
    outer loop
      vertex -17.9785 -13.9619 4
      vertex -18.3253 -14.0796 0
      vertex -17.9785 -13.9619 0
    endloop
  endfacet
  facet normal 0.442292 -0.896871 0
    outer loop
      vertex -17.9785 -13.9619 0
      vertex -17.65 -13.7999 4
      vertex -17.9785 -13.9619 4
    endloop
  endfacet
  facet normal 0.442292 -0.896871 0
    outer loop
      vertex -17.65 -13.7999 4
      vertex -17.9785 -13.9619 0
      vertex -17.65 -13.7999 0
    endloop
  endfacet
  facet normal 0.659316 -0.751866 0
    outer loop
      vertex -17.3455 -13.5964 0
      vertex -17.0701 -13.3549 4
      vertex -17.3455 -13.5964 4
    endloop
  endfacet
  facet normal 0.659316 -0.751866 0
    outer loop
      vertex -17.0701 -13.3549 4
      vertex -17.3455 -13.5964 0
      vertex -17.0701 -13.3549 0
    endloop
  endfacet
  facet normal 0.555645 -0.83142 0
    outer loop
      vertex -17.65 -13.7999 0
      vertex -17.3455 -13.5964 4
      vertex -17.65 -13.7999 4
    endloop
  endfacet
  facet normal 0.555645 -0.83142 0
    outer loop
      vertex -17.3455 -13.5964 4
      vertex -17.65 -13.7999 0
      vertex -17.3455 -13.5964 0
    endloop
  endfacet
  facet normal 0.946949 -0.321384 0
    outer loop
      vertex -16.4631 -12.4465 4
      vertex -16.3454 -12.0997 0
      vertex -16.3454 -12.0997 4
    endloop
  endfacet
  facet normal 0.946949 -0.321384 0
    outer loop
      vertex -16.3454 -12.0997 0
      vertex -16.4631 -12.4465 4
      vertex -16.4631 -12.4465 0
    endloop
  endfacet
  facet normal 0.83142 -0.555645 0
    outer loop
      vertex -16.8286 -13.0795 4
      vertex -16.6251 -12.775 0
      vertex -16.6251 -12.775 4
    endloop
  endfacet
  facet normal 0.83142 -0.555645 0
    outer loop
      vertex -16.6251 -12.775 0
      vertex -16.8286 -13.0795 4
      vertex -16.8286 -13.0795 0
    endloop
  endfacet
  facet normal -0.555645 -0.83142 0
    outer loop
      vertex -20.7545 -13.5964 0
      vertex -20.45 -13.7999 4
      vertex -20.7545 -13.5964 4
    endloop
  endfacet
  facet normal -0.555645 -0.83142 -0
    outer loop
      vertex -20.45 -13.7999 4
      vertex -20.7545 -13.5964 0
      vertex -20.45 -13.7999 0
    endloop
  endfacet
  facet normal -0.442292 -0.896871 0
    outer loop
      vertex -20.45 -13.7999 0
      vertex -20.1215 -13.9619 4
      vertex -20.45 -13.7999 4
    endloop
  endfacet
  facet normal -0.442292 -0.896871 -0
    outer loop
      vertex -20.1215 -13.9619 4
      vertex -20.45 -13.7999 0
      vertex -20.1215 -13.9619 0
    endloop
  endfacet
  facet normal -0.194961 -0.980811 4.71929e-05
    outer loop
      vertex -19.7747 -14.0796 4
      vertex -19.45 -14.1442 2.8
      vertex -19.4155 -14.151 4
    endloop
  endfacet
  facet normal -0.195129 -0.980778 0
    outer loop
      vertex -19.7747 -14.0796 4
      vertex -19.45 -14.1442 2
      vertex -19.45 -14.1442 2.8
    endloop
  endfacet
  facet normal -0.195129 -0.980778 0
    outer loop
      vertex -19.7747 -14.0796 0
      vertex -19.45 -14.1442 2
      vertex -19.7747 -14.0796 4
    endloop
  endfacet
  facet normal -0.194961 -0.980811 -2.83157e-05
    outer loop
      vertex -19.4155 -14.151 0
      vertex -19.45 -14.1442 2
      vertex -19.7747 -14.0796 0
    endloop
  endfacet
  facet normal -0.193381 -0.981124 0
    outer loop
      vertex -19.45 -14.1442 2
      vertex -19.4155 -14.151 0
      vertex -19.4155 -14.151 2
    endloop
  endfacet
  facet normal -0.193381 -0.981124 -0
    outer loop
      vertex -19.4155 -14.151 4
      vertex -19.45 -14.1442 2.8
      vertex -19.4155 -14.151 2.8
    endloop
  endfacet
  facet normal -0.896871 -0.442292 0
    outer loop
      vertex -21.4749 -12.775 0
      vertex -21.6369 -12.4465 4
      vertex -21.6369 -12.4465 0
    endloop
  endfacet
  facet normal -0.896871 -0.442292 0
    outer loop
      vertex -21.6369 -12.4465 4
      vertex -21.4749 -12.775 0
      vertex -21.4749 -12.775 4
    endloop
  endfacet
  facet normal -0.946949 -0.321384 0
    outer loop
      vertex -21.6369 -12.4465 0
      vertex -21.7546 -12.0997 4
      vertex -21.7546 -12.0997 0
    endloop
  endfacet
  facet normal -0.946949 -0.321384 0
    outer loop
      vertex -21.7546 -12.0997 4
      vertex -21.6369 -12.4465 0
      vertex -21.6369 -12.4465 4
    endloop
  endfacet
  facet normal -0.997851 -0.0655224 0
    outer loop
      vertex -21.826 -11.7405 0
      vertex -21.85 -11.375 2
      vertex -21.85 -11.375 0
    endloop
  endfacet
  facet normal -0.997851 -0.0655224 0
    outer loop
      vertex -21.85 -11.375 2
      vertex -21.826 -11.7405 0
      vertex -21.826 -11.7405 2
    endloop
  endfacet
  facet normal -0.997851 -0.0655224 0
    outer loop
      vertex -21.826 -11.7405 2.8
      vertex -21.85 -11.375 4
      vertex -21.85 -11.375 2.8
    endloop
  endfacet
  facet normal -0.997851 -0.0655224 0
    outer loop
      vertex -21.85 -11.375 4
      vertex -21.826 -11.7405 2.8
      vertex -21.826 -11.7405 4
    endloop
  endfacet
  facet normal 0.75183 0.659357 0
    outer loop
      vertex -16.8286 -9.67047 4
      vertex -17.0701 -9.3951 0
      vertex -17.0701 -9.3951 4
    endloop
  endfacet
  facet normal 0.75183 0.659357 0
    outer loop
      vertex -17.0701 -9.3951 0
      vertex -16.8286 -9.67047 4
      vertex -16.8286 -9.67047 0
    endloop
  endfacet
  facet normal -0.442271 0.896882 0
    outer loop
      vertex -20.1215 -8.78814 0
      vertex -20.45 -8.95013 4
      vertex -20.1215 -8.78814 4
    endloop
  endfacet
  facet normal -0.442271 0.896882 0
    outer loop
      vertex -20.45 -8.95013 4
      vertex -20.1215 -8.78814 0
      vertex -20.45 -8.95013 0
    endloop
  endfacet
  facet normal 0.193381 -0.981124 0
    outer loop
      vertex -18.6845 -14.151 2
      vertex -18.6845 -14.151 0
      vertex -18.65 -14.1442 2
    endloop
  endfacet
  facet normal 0.193381 -0.981124 0
    outer loop
      vertex -18.65 -14.1442 2.8
      vertex -18.6845 -14.151 4
      vertex -18.6845 -14.151 2.8
    endloop
  endfacet
  facet normal 0.194961 -0.980811 4.71929e-05
    outer loop
      vertex -18.6845 -14.151 4
      vertex -18.65 -14.1442 2.8
      vertex -18.3253 -14.0796 4
    endloop
  endfacet
  facet normal 0.195129 -0.980778 0
    outer loop
      vertex -18.65 -14.1442 2
      vertex -18.3253 -14.0796 4
      vertex -18.65 -14.1442 2.8
    endloop
  endfacet
  facet normal 0.194961 -0.980811 -2.83157e-05
    outer loop
      vertex -18.3253 -14.0796 0
      vertex -18.65 -14.1442 2
      vertex -18.6845 -14.151 0
    endloop
  endfacet
  facet normal 0.195129 -0.980778 0
    outer loop
      vertex -18.65 -14.1442 2
      vertex -18.3253 -14.0796 0
      vertex -18.3253 -14.0796 4
    endloop
  endfacet
  facet normal 0.981124 -0.193381 0
    outer loop
      vertex -16.274 -11.7405 4
      vertex -16.2808 -11.775 2.8
      vertex -16.274 -11.7405 2.8
    endloop
  endfacet
  facet normal 0.980778 -0.195129 0
    outer loop
      vertex -16.2808 -11.775 2.8
      vertex -16.3454 -12.0997 4
      vertex -16.2808 -11.775 2
    endloop
  endfacet
  facet normal 0.980811 -0.194961 4.71929e-05
    outer loop
      vertex -16.3454 -12.0997 4
      vertex -16.2808 -11.775 2.8
      vertex -16.274 -11.7405 4
    endloop
  endfacet
  facet normal 0.981124 -0.193381 0
    outer loop
      vertex -16.2808 -11.775 2
      vertex -16.274 -11.7405 0
      vertex -16.274 -11.7405 2
    endloop
  endfacet
  facet normal 0.980778 -0.195129 0
    outer loop
      vertex -16.3454 -12.0997 0
      vertex -16.2808 -11.775 2
      vertex -16.3454 -12.0997 4
    endloop
  endfacet
  facet normal 0.980811 -0.194961 -2.83157e-05
    outer loop
      vertex -16.2808 -11.775 2
      vertex -16.3454 -12.0997 0
      vertex -16.274 -11.7405 0
    endloop
  endfacet
  facet normal 0.896871 -0.442292 0
    outer loop
      vertex -16.6251 -12.775 4
      vertex -16.4631 -12.4465 0
      vertex -16.4631 -12.4465 4
    endloop
  endfacet
  facet normal 0.896871 -0.442292 0
    outer loop
      vertex -16.4631 -12.4465 0
      vertex -16.6251 -12.775 4
      vertex -16.6251 -12.775 0
    endloop
  endfacet
  facet normal -0.83142 -0.555645 0
    outer loop
      vertex -21.2714 -13.0795 0
      vertex -21.4749 -12.775 4
      vertex -21.4749 -12.775 0
    endloop
  endfacet
  facet normal -0.83142 -0.555645 0
    outer loop
      vertex -21.4749 -12.775 4
      vertex -21.2714 -13.0795 0
      vertex -21.2714 -13.0795 4
    endloop
  endfacet
  facet normal -0.981124 -0.193381 0
    outer loop
      vertex -21.826 -11.7405 0
      vertex -21.8192 -11.775 2
      vertex -21.826 -11.7405 2
    endloop
  endfacet
  facet normal -0.980778 -0.195129 -0
    outer loop
      vertex -21.7546 -12.0997 4
      vertex -21.8192 -11.775 2
      vertex -21.7546 -12.0997 0
    endloop
  endfacet
  facet normal -0.980811 -0.194961 -2.83157e-05
    outer loop
      vertex -21.7546 -12.0997 0
      vertex -21.8192 -11.775 2
      vertex -21.826 -11.7405 0
    endloop
  endfacet
  facet normal -0.981124 -0.193381 0
    outer loop
      vertex -21.8192 -11.775 2.8
      vertex -21.826 -11.7405 4
      vertex -21.826 -11.7405 2.8
    endloop
  endfacet
  facet normal -0.980778 -0.195129 0
    outer loop
      vertex -21.8192 -11.775 2
      vertex -21.7546 -12.0997 4
      vertex -21.8192 -11.775 2.8
    endloop
  endfacet
  facet normal -0.980811 -0.194961 4.71929e-05
    outer loop
      vertex -21.8192 -11.775 2.8
      vertex -21.7546 -12.0997 4
      vertex -21.826 -11.7405 4
    endloop
  endfacet
  facet normal -0 0 1
    outer loop
      vertex -10.9064 -10.975 2.8
      vertex -9.595 -11.775 2.8
      vertex -9.595 -10.975 2.8
    endloop
  endfacet
  facet normal 0 0 1
    outer loop
      vertex -9.595 -11.775 2.8
      vertex -10.9064 -10.975 2.8
      vertex -10.9064 -11.775 2.8
    endloop
  endfacet
  facet normal 0 0 1
    outer loop
      vertex -12.4064 -10.975 2.8
      vertex -16.25 -11.375 2.8
      vertex -12.4064 -11.775 2.8
    endloop
  endfacet
  facet normal 0 0 1
    outer loop
      vertex -12.4064 -10.975 2.8
      vertex -16.274 -11.0095 2.8
      vertex -16.25 -11.375 2.8
    endloop
  endfacet
  facet normal 0 -0 1
    outer loop
      vertex -16.274 -11.0095 2.8
      vertex -12.4064 -10.975 2.8
      vertex -16.2808 -10.975 2.8
    endloop
  endfacet
  facet normal -0 0 1
    outer loop
      vertex -16.274 -11.7405 2.8
      vertex -12.4064 -11.775 2.8
      vertex -16.25 -11.375 2.8
    endloop
  endfacet
  facet normal 0 0 1
    outer loop
      vertex -12.4064 -11.775 2.8
      vertex -16.274 -11.7405 2.8
      vertex -16.2808 -11.775 2.8
    endloop
  endfacet
  facet normal 1 -0 0
    outer loop
      vertex -9.595 -11.775 2.8
      vertex -9.595 -10.975 2
      vertex -9.595 -10.975 2.8
    endloop
  endfacet
  facet normal 1 0 0
    outer loop
      vertex -9.595 -10.975 2
      vertex -9.595 -11.775 2.8
      vertex -9.595 -11.775 2
    endloop
  endfacet
  facet normal 0 1 0
    outer loop
      vertex -10.6738 -10.975 2
      vertex -9.595 -10.975 2.8
      vertex -9.595 -10.975 2
    endloop
  endfacet
  facet normal 0 1 0
    outer loop
      vertex -9.595 -10.975 2.8
      vertex -10.6738 -10.975 2
      vertex -10.9064 -10.975 2.8
    endloop
  endfacet
  facet normal 0 1 0
    outer loop
      vertex -16.2808 -10.975 2
      vertex -12.4064 -10.975 2.8
      vertex -12.1738 -10.975 2
    endloop
  endfacet
  facet normal 0 1 0
    outer loop
      vertex -12.4064 -10.975 2.8
      vertex -16.2808 -10.975 2
      vertex -16.2808 -10.975 2.8
    endloop
  endfacet
  facet normal 0 0 -1
    outer loop
      vertex -10.6738 -11.775 2
      vertex -9.595 -10.975 2
      vertex -9.595 -11.775 2
    endloop
  endfacet
  facet normal -0 0 -1
    outer loop
      vertex -9.595 -10.975 2
      vertex -10.6738 -11.775 2
      vertex -10.6738 -10.975 2
    endloop
  endfacet
  facet normal 0 0 -1
    outer loop
      vertex -12.1738 -11.775 2
      vertex -16.25 -11.375 2
      vertex -12.1738 -10.975 2
    endloop
  endfacet
  facet normal 0 0 -1
    outer loop
      vertex -12.1738 -11.775 2
      vertex -16.274 -11.7405 2
      vertex -16.25 -11.375 2
    endloop
  endfacet
  facet normal 0 -0 -1
    outer loop
      vertex -16.274 -11.7405 2
      vertex -12.1738 -11.775 2
      vertex -16.2808 -11.775 2
    endloop
  endfacet
  facet normal 0 0 -1
    outer loop
      vertex -16.274 -11.0095 2
      vertex -12.1738 -10.975 2
      vertex -16.25 -11.375 2
    endloop
  endfacet
  facet normal -0 0 -1
    outer loop
      vertex -12.1738 -10.975 2
      vertex -16.274 -11.0095 2
      vertex -16.2808 -10.975 2
    endloop
  endfacet
  facet normal 0 -1 0
    outer loop
      vertex -10.6738 -11.775 2
      vertex -9.595 -11.775 2.8
      vertex -10.9064 -11.775 2.8
    endloop
  endfacet
  facet normal 0 -1 -0
    outer loop
      vertex -9.595 -11.775 2.8
      vertex -10.6738 -11.775 2
      vertex -9.595 -11.775 2
    endloop
  endfacet
  facet normal 0 -1 0
    outer loop
      vertex -16.2808 -11.775 2
      vertex -12.4064 -11.775 2.8
      vertex -16.2808 -11.775 2.8
    endloop
  endfacet
  facet normal 0 -1 -0
    outer loop
      vertex -12.4064 -11.775 2.8
      vertex -16.2808 -11.775 2
      vertex -12.1738 -11.775 2
    endloop
  endfacet
  facet normal 0 1 -0
    outer loop
      vertex -18.65 -1.92 2
      vertex -19.45 -1.92 2.8
      vertex -18.65 -1.92 2.8
    endloop
  endfacet
  facet normal 0 1 0
    outer loop
      vertex -19.45 -1.92 2.8
      vertex -18.65 -1.92 2
      vertex -19.45 -1.92 2
    endloop
  endfacet
  facet normal -0 0 1
    outer loop
      vertex -19.45 -1.92 2.8
      vertex -18.65 -3.23142 2.8
      vertex -18.65 -1.92 2.8
    endloop
  endfacet
  facet normal 0 0 1
    outer loop
      vertex -18.65 -3.23142 2.8
      vertex -19.45 -1.92 2.8
      vertex -19.45 -3.23142 2.8
    endloop
  endfacet
  facet normal 0 0 1
    outer loop
      vertex -18.65 -4.73142 2.8
      vertex -18.6845 -8.59896 2.8
      vertex -18.65 -8.60582 2.8
    endloop
  endfacet
  facet normal 0 0 1
    outer loop
      vertex -18.65 -4.73142 2.8
      vertex -19.05 -8.575 2.8
      vertex -18.6845 -8.59896 2.8
    endloop
  endfacet
  facet normal -0 0 1
    outer loop
      vertex -19.45 -4.73142 2.8
      vertex -19.05 -8.575 2.8
      vertex -18.65 -4.73142 2.8
    endloop
  endfacet
  facet normal 0 0 1
    outer loop
      vertex -19.05 -8.575 2.8
      vertex -19.45 -4.73142 2.8
      vertex -19.4155 -8.59896 2.8
    endloop
  endfacet
  facet normal 0 0 1
    outer loop
      vertex -19.4155 -8.59896 2.8
      vertex -19.45 -4.73142 2.8
      vertex -19.45 -8.60582 2.8
    endloop
  endfacet
  facet normal -1 0 0
    outer loop
      vertex -19.45 -2.99876 2
      vertex -19.45 -1.92 2.8
      vertex -19.45 -1.92 2
    endloop
  endfacet
  facet normal -1 -0 0
    outer loop
      vertex -19.45 -1.92 2.8
      vertex -19.45 -2.99876 2
      vertex -19.45 -3.23142 2.8
    endloop
  endfacet
  facet normal -1 0 0
    outer loop
      vertex -19.45 -8.60582 2
      vertex -19.45 -4.73142 2.8
      vertex -19.45 -4.49876 2
    endloop
  endfacet
  facet normal -1 -0 0
    outer loop
      vertex -19.45 -4.73142 2.8
      vertex -19.45 -8.60582 2
      vertex -19.45 -8.60582 2.8
    endloop
  endfacet
  facet normal 0 0 -1
    outer loop
      vertex -19.45 -2.99876 2
      vertex -18.65 -1.92 2
      vertex -18.65 -2.99876 2
    endloop
  endfacet
  facet normal -0 0 -1
    outer loop
      vertex -18.65 -1.92 2
      vertex -19.45 -2.99876 2
      vertex -19.45 -1.92 2
    endloop
  endfacet
  facet normal 0 0 -1
    outer loop
      vertex -18.6845 -8.59896 2
      vertex -18.65 -4.49876 2
      vertex -18.65 -8.60582 2
    endloop
  endfacet
  facet normal 0 0 -1
    outer loop
      vertex -19.05 -8.575 2
      vertex -18.65 -4.49876 2
      vertex -18.6845 -8.59896 2
    endloop
  endfacet
  facet normal 0 0 -1
    outer loop
      vertex -19.45 -4.49876 2
      vertex -19.05 -8.575 2
      vertex -19.4155 -8.59896 2
    endloop
  endfacet
  facet normal 0 0 -1
    outer loop
      vertex -19.45 -4.49876 2
      vertex -19.4155 -8.59896 2
      vertex -19.45 -8.60582 2
    endloop
  endfacet
  facet normal 0 0 -1
    outer loop
      vertex -19.05 -8.575 2
      vertex -19.45 -4.49876 2
      vertex -18.65 -4.49876 2
    endloop
  endfacet
  facet normal 1 0 0
    outer loop
      vertex -18.65 -1.92 2.8
      vertex -18.65 -2.99876 2
      vertex -18.65 -1.92 2
    endloop
  endfacet
  facet normal 1 0 -0
    outer loop
      vertex -18.65 -2.99876 2
      vertex -18.65 -1.92 2.8
      vertex -18.65 -3.23142 2.8
    endloop
  endfacet
  facet normal 1 0 0
    outer loop
      vertex -18.65 -8.60582 2
      vertex -18.65 -4.73142 2.8
      vertex -18.65 -8.60582 2.8
    endloop
  endfacet
  facet normal 1 0 0
    outer loop
      vertex -18.65 -4.73142 2.8
      vertex -18.65 -8.60582 2
      vertex -18.65 -4.49876 2
    endloop
  endfacet
  facet normal -0 0 1
    outer loop
      vertex -28.505 -10.975 2.8
      vertex -27.1936 -11.775 2.8
      vertex -27.1936 -10.975 2.8
    endloop
  endfacet
  facet normal 0 0 1
    outer loop
      vertex -27.1936 -11.775 2.8
      vertex -28.505 -10.975 2.8
      vertex -28.505 -11.775 2.8
    endloop
  endfacet
  facet normal 0 0 1
    outer loop
      vertex -21.826 -11.0095 2.8
      vertex -25.6936 -10.975 2.8
      vertex -21.85 -11.375 2.8
    endloop
  endfacet
  facet normal -0 0 1
    outer loop
      vertex -25.6936 -10.975 2.8
      vertex -21.826 -11.0095 2.8
      vertex -21.8192 -10.975 2.8
    endloop
  endfacet
  facet normal 0 0 1
    outer loop
      vertex -25.6936 -11.775 2.8
      vertex -21.85 -11.375 2.8
      vertex -25.6936 -10.975 2.8
    endloop
  endfacet
  facet normal 0 0 1
    outer loop
      vertex -21.85 -11.375 2.8
      vertex -25.6936 -11.775 2.8
      vertex -21.826 -11.7405 2.8
    endloop
  endfacet
  facet normal 0 0 1
    outer loop
      vertex -21.826 -11.7405 2.8
      vertex -25.6936 -11.775 2.8
      vertex -21.8192 -11.775 2.8
    endloop
  endfacet
  facet normal -1 0 0
    outer loop
      vertex -28.505 -11.775 2
      vertex -28.505 -10.975 2.8
      vertex -28.505 -10.975 2
    endloop
  endfacet
  facet normal -1 -0 0
    outer loop
      vertex -28.505 -10.975 2.8
      vertex -28.505 -11.775 2
      vertex -28.505 -11.775 2.8
    endloop
  endfacet
  facet normal 0 1 -0
    outer loop
      vertex -27.4262 -10.975 2
      vertex -28.505 -10.975 2.8
      vertex -27.1936 -10.975 2.8
    endloop
  endfacet
  facet normal 0 1 0
    outer loop
      vertex -28.505 -10.975 2.8
      vertex -27.4262 -10.975 2
      vertex -28.505 -10.975 2
    endloop
  endfacet
  facet normal 0 1 -0
    outer loop
      vertex -21.8192 -10.975 2
      vertex -25.6936 -10.975 2.8
      vertex -21.8192 -10.975 2.8
    endloop
  endfacet
  facet normal 0 1 0
    outer loop
      vertex -25.6936 -10.975 2.8
      vertex -21.8192 -10.975 2
      vertex -25.9262 -10.975 2
    endloop
  endfacet
  facet normal 0 0 -1
    outer loop
      vertex -28.505 -11.775 2
      vertex -27.4262 -10.975 2
      vertex -27.4262 -11.775 2
    endloop
  endfacet
  facet normal -0 0 -1
    outer loop
      vertex -27.4262 -10.975 2
      vertex -28.505 -11.775 2
      vertex -28.505 -10.975 2
    endloop
  endfacet
  facet normal -0 0 -1
    outer loop
      vertex -21.826 -11.7405 2
      vertex -25.9262 -11.775 2
      vertex -21.85 -11.375 2
    endloop
  endfacet
  facet normal 0 0 -1
    outer loop
      vertex -25.9262 -11.775 2
      vertex -21.826 -11.7405 2
      vertex -21.8192 -11.775 2
    endloop
  endfacet
  facet normal 0 0 -1
    outer loop
      vertex -25.9262 -10.975 2
      vertex -21.85 -11.375 2
      vertex -25.9262 -11.775 2
    endloop
  endfacet
  facet normal 0 0 -1
    outer loop
      vertex -21.85 -11.375 2
      vertex -25.9262 -10.975 2
      vertex -21.826 -11.0095 2
    endloop
  endfacet
  facet normal 0 0 -1
    outer loop
      vertex -21.826 -11.0095 2
      vertex -25.9262 -10.975 2
      vertex -21.8192 -10.975 2
    endloop
  endfacet
  facet normal 0 -1 0
    outer loop
      vertex -27.4262 -11.775 2
      vertex -28.505 -11.775 2.8
      vertex -28.505 -11.775 2
    endloop
  endfacet
  facet normal 0 -1 0
    outer loop
      vertex -28.505 -11.775 2.8
      vertex -27.4262 -11.775 2
      vertex -27.1936 -11.775 2.8
    endloop
  endfacet
  facet normal 0 -1 0
    outer loop
      vertex -21.8192 -11.775 2
      vertex -25.6936 -11.775 2.8
      vertex -25.9262 -11.775 2
    endloop
  endfacet
  facet normal 0 -1 0
    outer loop
      vertex -25.6936 -11.775 2.8
      vertex -21.8192 -11.775 2
      vertex -21.8192 -11.775 2.8
    endloop
  endfacet
  facet normal -0 0 1
    outer loop
      vertex -19.45 -19.5186 2.8
      vertex -18.65 -20.83 2.8
      vertex -18.65 -19.5186 2.8
    endloop
  endfacet
  facet normal 0 0 1
    outer loop
      vertex -18.65 -20.83 2.8
      vertex -19.45 -19.5186 2.8
      vertex -19.45 -20.83 2.8
    endloop
  endfacet
  facet normal -0 0 1
    outer loop
      vertex -18.6845 -14.151 2.8
      vertex -18.65 -18.0186 2.8
      vertex -18.65 -14.1442 2.8
    endloop
  endfacet
  facet normal -0 0 1
    outer loop
      vertex -19.05 -14.175 2.8
      vertex -18.65 -18.0186 2.8
      vertex -18.6845 -14.151 2.8
    endloop
  endfacet
  facet normal 0 0 1
    outer loop
      vertex -19.45 -18.0186 2.8
      vertex -19.05 -14.175 2.8
      vertex -19.4155 -14.151 2.8
    endloop
  endfacet
  facet normal 0 0 1
    outer loop
      vertex -19.45 -18.0186 2.8
      vertex -19.4155 -14.151 2.8
      vertex -19.45 -14.1442 2.8
    endloop
  endfacet
  facet normal 0 0 1
    outer loop
      vertex -19.05 -14.175 2.8
      vertex -19.45 -18.0186 2.8
      vertex -18.65 -18.0186 2.8
    endloop
  endfacet
  facet normal 0 -1 0
    outer loop
      vertex -19.45 -20.83 2
      vertex -18.65 -20.83 2.8
      vertex -19.45 -20.83 2.8
    endloop
  endfacet
  facet normal 0 -1 -0
    outer loop
      vertex -18.65 -20.83 2.8
      vertex -19.45 -20.83 2
      vertex -18.65 -20.83 2
    endloop
  endfacet
  facet normal -1 0 0
    outer loop
      vertex -19.45 -20.83 2.8
      vertex -19.45 -19.7512 2
      vertex -19.45 -20.83 2
    endloop
  endfacet
  facet normal -1 0 0
    outer loop
      vertex -19.45 -19.7512 2
      vertex -19.45 -20.83 2.8
      vertex -19.45 -19.5186 2.8
    endloop
  endfacet
  facet normal -1 0 0
    outer loop
      vertex -19.45 -14.1442 2
      vertex -19.45 -18.0186 2.8
      vertex -19.45 -14.1442 2.8
    endloop
  endfacet
  facet normal -1 0 -0
    outer loop
      vertex -19.45 -18.0186 2.8
      vertex -19.45 -14.1442 2
      vertex -19.45 -18.2512 2
    endloop
  endfacet
  facet normal 0 0 -1
    outer loop
      vertex -19.45 -20.83 2
      vertex -18.65 -19.7512 2
      vertex -18.65 -20.83 2
    endloop
  endfacet
  facet normal -0 0 -1
    outer loop
      vertex -18.65 -19.7512 2
      vertex -19.45 -20.83 2
      vertex -19.45 -19.7512 2
    endloop
  endfacet
  facet normal 0 0 -1
    outer loop
      vertex -18.65 -18.2512 2
      vertex -18.6845 -14.151 2
      vertex -18.65 -14.1442 2
    endloop
  endfacet
  facet normal 0 0 -1
    outer loop
      vertex -18.65 -18.2512 2
      vertex -19.05 -14.175 2
      vertex -18.6845 -14.151 2
    endloop
  endfacet
  facet normal 0 0 -1
    outer loop
      vertex -19.45 -18.2512 2
      vertex -19.05 -14.175 2
      vertex -18.65 -18.2512 2
    endloop
  endfacet
  facet normal -0 0 -1
    outer loop
      vertex -19.05 -14.175 2
      vertex -19.45 -18.2512 2
      vertex -19.4155 -14.151 2
    endloop
  endfacet
  facet normal -0 0 -1
    outer loop
      vertex -19.4155 -14.151 2
      vertex -19.45 -18.2512 2
      vertex -19.45 -14.1442 2
    endloop
  endfacet
  facet normal 1 -0 0
    outer loop
      vertex -18.65 -20.83 2.8
      vertex -18.65 -19.7512 2
      vertex -18.65 -19.5186 2.8
    endloop
  endfacet
  facet normal 1 0 0
    outer loop
      vertex -18.65 -19.7512 2
      vertex -18.65 -20.83 2.8
      vertex -18.65 -20.83 2
    endloop
  endfacet
  facet normal 1 -0 0
    outer loop
      vertex -18.65 -18.0186 2.8
      vertex -18.65 -14.1442 2
      vertex -18.65 -14.1442 2.8
    endloop
  endfacet
  facet normal 1 0 0
    outer loop
      vertex -18.65 -14.1442 2
      vertex -18.65 -18.0186 2.8
      vertex -18.65 -18.2512 2
    endloop
  endfacet
  facet normal 0 -0.960217 0.279256
    outer loop
      vertex -5.80579 -18.1808 7.4
      vertex -0.4 -19.5186 2.8
      vertex 5.80579 -18.1808 7.4
    endloop
  endfacet
  facet normal -4.50774e-07 -0.960217 0.279256
    outer loop
      vertex -7.75499 -20.33 0.00999928
      vertex -0.4 -19.5186 2.8
      vertex -5.80579 -18.1808 7.4
    endloop
  endfacet
  facet normal 0 -0.960209 0.279281
    outer loop
      vertex -0.4 -19.7512 2
      vertex -7.75499 -20.33 0.00999928
      vertex 0.4 -19.7512 2
    endloop
  endfacet
  facet normal 2.7063e-05 -0.960236 0.279189
    outer loop
      vertex -0.4 -19.5186 2.8
      vertex -7.75499 -20.33 0.00999928
      vertex -0.4 -19.7512 2
    endloop
  endfacet
  facet normal 0 -0.960217 0.279256
    outer loop
      vertex 0.4 -19.5186 2.8
      vertex 5.80579 -18.1808 7.4
      vertex -0.4 -19.5186 2.8
    endloop
  endfacet
  facet normal -2.7063e-05 -0.960236 0.279189
    outer loop
      vertex 7.75499 -20.33 0.00999928
      vertex 0.4 -19.5186 2.8
      vertex 0.4 -19.7512 2
    endloop
  endfacet
  facet normal 4.50774e-07 -0.960217 0.279256
    outer loop
      vertex 0.4 -19.5186 2.8
      vertex 7.75499 -20.33 0.00999928
      vertex 5.80579 -18.1808 7.4
    endloop
  endfacet
  facet normal 0 -0.960209 0.279281
    outer loop
      vertex 7.75499 -20.33 0.00999928
      vertex 0.4 -19.7512 2
      vertex -7.75499 -20.33 0.00999928
    endloop
  endfacet
  facet normal 0.194952 -0.980813 0
    outer loop
      vertex 7.91162 -20.3197 0
      vertex 8.06557 -20.2891 0.00999928
      vertex 7.91162 -20.3197 0.00999928
    endloop
  endfacet
  facet normal 0.194952 -0.980813 0
    outer loop
      vertex 8.06557 -20.2891 0.00999928
      vertex 7.91162 -20.3197 0
      vertex 8.06557 -20.2891 0
    endloop
  endfacet
  facet normal -0.0625388 0.953793 0.293883
    outer loop
      vertex -7.75499 -2.42001 0.00999928
      vertex -7.91162 -2.43028 0.00999928
      vertex -5.80579 -4.56921 7.4
    endloop
  endfacet
  facet normal 0.0656183 -0.997845 0
    outer loop
      vertex 7.75499 -20.33 0
      vertex 7.91162 -20.3197 0.00999928
      vertex 7.75499 -20.33 0.00999928
    endloop
  endfacet
  facet normal 0.0656183 -0.997845 0
    outer loop
      vertex 7.91162 -20.3197 0.00999928
      vertex 7.75499 -20.33 0
      vertex 7.91162 -20.3197 0
    endloop
  endfacet
  facet normal 0.184736 -0.929417 0.319463
    outer loop
      vertex 8.06557 -20.2891 0.00999928
      vertex 6.06461 -18.1467 7.4
      vertex 7.91162 -20.3197 0.00999928
    endloop
  endfacet
  facet normal 0.062843 -0.953752 0.293953
    outer loop
      vertex 5.93631 -18.1722 7.4
      vertex 5.80579 -18.1808 7.4
      vertex 7.91162 -20.3197 0.00999928
    endloop
  endfacet
  facet normal 0.184725 -0.92942 0.319461
    outer loop
      vertex 6.06461 -18.1467 7.4
      vertex 5.93631 -18.1722 7.4
      vertex 7.91162 -20.3197 0.00999928
    endloop
  endfacet
  facet normal 0 -1 0
    outer loop
      vertex -7.75499 -20.33 0
      vertex 7.75499 -20.33 0.00999928
      vertex -7.75499 -20.33 0.00999928
    endloop
  endfacet
  facet normal 0 -1 -0
    outer loop
      vertex 7.75499 -20.33 0.00999928
      vertex -7.75499 -20.33 0
      vertex 7.75499 -20.33 0
    endloop
  endfacet
  facet normal 0 0.960217 0.279254
    outer loop
      vertex 5.80579 -4.56921 7.4
      vertex 0.4 -3.23142 2.8
      vertex -5.80579 -4.56921 7.4
    endloop
  endfacet
  facet normal -9.99903e-07 0.960217 0.279255
    outer loop
      vertex 7.75499 -2.42001 0.00999928
      vertex 0.4 -3.23142 2.8
      vertex 5.80579 -4.56921 7.4
    endloop
  endfacet
  facet normal 0 0.960216 0.279259
    outer loop
      vertex 0.4 -2.99876 2
      vertex 7.75499 -2.42001 0.00999928
      vertex -0.4 -2.99876 2
    endloop
  endfacet
  facet normal -1.04973e-06 0.960217 0.279255
    outer loop
      vertex 0.4 -3.23142 2.8
      vertex 7.75499 -2.42001 0.00999928
      vertex 0.4 -2.99876 2
    endloop
  endfacet
  facet normal -0 0.960217 0.279254
    outer loop
      vertex -0.4 -3.23142 2.8
      vertex -5.80579 -4.56921 7.4
      vertex 0.4 -3.23142 2.8
    endloop
  endfacet
  facet normal 1.04973e-06 0.960217 0.279255
    outer loop
      vertex -7.75499 -2.42001 0.00999928
      vertex -0.4 -3.23142 2.8
      vertex -0.4 -2.99876 2
    endloop
  endfacet
  facet normal 9.99903e-07 0.960217 0.279255
    outer loop
      vertex -0.4 -3.23142 2.8
      vertex -7.75499 -2.42001 0.00999928
      vertex -5.80579 -4.56921 7.4
    endloop
  endfacet
  facet normal -0 0.960216 0.279259
    outer loop
      vertex -7.75499 -2.42001 0.00999928
      vertex -0.4 -2.99876 2
      vertex 7.75499 -2.42001 0.00999928
    endloop
  endfacet
  facet normal 0.0625388 0.953793 0.293883
    outer loop
      vertex 7.75499 -2.42001 0.00999928
      vertex 5.80579 -4.56921 7.4
      vertex 7.91162 -2.43028 0.00999928
    endloop
  endfacet
  facet normal 1 -0 0
    outer loop
      vertex 8.95499 -19.13 0.00999928
      vertex 8.95499 -3.62001 0
      vertex 8.95499 -3.62001 0.00999928
    endloop
  endfacet
  facet normal 1 0 0
    outer loop
      vertex 8.95499 -3.62001 0
      vertex 8.95499 -19.13 0.00999928
      vertex 8.95499 -19.13 0
    endloop
  endfacet
  facet normal 0.517109 -0.773885 0.365651
    outer loop
      vertex 8.4855 -20.082 0.00999928
      vertex 6.30579 -18.0468 7.4
      vertex 8.355 -20.1692 0.00999928
    endloop
  endfacet
  facet normal 0.0627199 -0.953769 0.293923
    outer loop
      vertex 7.91162 -20.3197 0.00999928
      vertex 5.80579 -18.1808 7.4
      vertex 7.75499 -20.33 0.00999928
    endloop
  endfacet
  facet normal -0.0627199 -0.953769 0.293923
    outer loop
      vertex -5.80579 -18.1808 7.4
      vertex -7.91162 -20.3197 0.00999928
      vertex -7.75499 -20.33 0.00999928
    endloop
  endfacet
  facet normal -0.751787 -0.659406 0
    outer loop
      vertex -8.60352 -19.9785 0
      vertex -8.70702 -19.8605 0.00999928
      vertex -8.70702 -19.8605 0
    endloop
  endfacet
  facet normal -0.751787 -0.659406 0
    outer loop
      vertex -8.70702 -19.8605 0.00999928
      vertex -8.60352 -19.9785 0
      vertex -8.60352 -19.9785 0.00999928
    endloop
  endfacet
  facet normal -0.6981 -0.612524 0.37077
    outer loop
      vertex -6.59914 -17.7896 7.4
      vertex -8.70702 -19.8605 0.00999928
      vertex -6.51289 -17.8879 7.4
    endloop
  endfacet
  facet normal -0.517109 -0.773885 0.365651
    outer loop
      vertex -6.30579 -18.0468 7.4
      vertex -8.4855 -20.082 0.00999928
      vertex -8.355 -20.1692 0.00999928
    endloop
  endfacet
  facet normal -0.065428 0.997857 0
    outer loop
      vertex -7.75499 -2.42001 0
      vertex -7.91162 -2.43028 0.00999928
      vertex -7.75499 -2.42001 0.00999928
    endloop
  endfacet
  facet normal -0.065428 0.997857 0
    outer loop
      vertex -7.91162 -2.43028 0.00999928
      vertex -7.75499 -2.42001 0
      vertex -7.91162 -2.43028 0
    endloop
  endfacet
  facet normal 0.751842 0.659343 0
    outer loop
      vertex 8.70702 -2.8895 0.00999928
      vertex 8.60352 -2.77148 0
      vertex 8.60352 -2.77148 0.00999928
    endloop
  endfacet
  facet normal 0.751842 0.659343 0
    outer loop
      vertex 8.60352 -2.77148 0
      vertex 8.70702 -2.8895 0.00999928
      vertex 8.70702 -2.8895 0
    endloop
  endfacet
  facet normal -0.698255 0.612348 0.370769
    outer loop
      vertex -8.60352 -2.77148 0.00999928
      vertex -8.70702 -2.8895 0.00999928
      vertex -6.51289 -4.86211 7.4
    endloop
  endfacet
  facet normal -0.831462 -0.555582 0
    outer loop
      vertex -8.70702 -19.8605 0
      vertex -8.79422 -19.73 0.00999928
      vertex -8.79422 -19.73 0
    endloop
  endfacet
  facet normal -0.831462 -0.555582 0
    outer loop
      vertex -8.79422 -19.73 0.00999928
      vertex -8.70702 -19.8605 0
      vertex -8.70702 -19.8605 0.00999928
    endloop
  endfacet
  facet normal -0.555582 -0.831462 0
    outer loop
      vertex -8.4855 -20.082 0
      vertex -8.355 -20.1692 0.00999928
      vertex -8.4855 -20.082 0.00999928
    endloop
  endfacet
  facet normal -0.555582 -0.831462 -0
    outer loop
      vertex -8.355 -20.1692 0.00999928
      vertex -8.4855 -20.082 0
      vertex -8.355 -20.1692 0
    endloop
  endfacet
  facet normal -0.0656183 -0.997845 0
    outer loop
      vertex -7.91162 -20.3197 0
      vertex -7.75499 -20.33 0.00999928
      vertex -7.91162 -20.3197 0.00999928
    endloop
  endfacet
  facet normal -0.0656183 -0.997845 -0
    outer loop
      vertex -7.75499 -20.33 0.00999928
      vertex -7.91162 -20.3197 0
      vertex -7.75499 -20.33 0
    endloop
  endfacet
  facet normal -0.184725 -0.92942 0.319461
    outer loop
      vertex -6.06461 -18.1467 7.4
      vertex -7.91162 -20.3197 0.00999928
      vertex -5.93631 -18.1722 7.4
    endloop
  endfacet
  facet normal -0.698203 -0.612407 0.370769
    outer loop
      vertex -6.51289 -17.8879 7.4
      vertex -8.70702 -19.8605 0.00999928
      vertex -8.60352 -19.9785 0.00999928
    endloop
  endfacet
  facet normal 0 1 -0
    outer loop
      vertex 7.75499 -2.42001 0
      vertex -7.75499 -2.42001 0.00999928
      vertex 7.75499 -2.42001 0.00999928
    endloop
  endfacet
  facet normal 0 1 0
    outer loop
      vertex -7.75499 -2.42001 0.00999928
      vertex 7.75499 -2.42001 0
      vertex -7.75499 -2.42001 0
    endloop
  endfacet
  facet normal 0.517093 0.773896 0.36565
    outer loop
      vertex 8.4855 -2.66798 0.00999928
      vertex 6.30579 -4.70319 7.4
      vertex 6.41455 -4.77586 7.4
    endloop
  endfacet
  facet normal 0.3023 0.890508 0.340015
    outer loop
      vertex 8.2142 -2.51135 0.00999928
      vertex 6.06461 -4.60329 7.4
      vertex 6.18848 -4.64534 7.4
    endloop
  endfacet
  facet normal 0.960217 0 0.279254
    outer loop
      vertex 6.80579 -5.56921 7.4
      vertex 8.14358 -11.775 2.8
      vertex 8.14358 -10.975 2.8
    endloop
  endfacet
  facet normal 0.960217 9.99902e-07 0.279255
    outer loop
      vertex 8.95499 -19.13 0.00999928
      vertex 8.14358 -11.775 2.8
      vertex 6.80579 -17.1808 7.4
    endloop
  endfacet
  facet normal 0.960217 -0 0.279254
    outer loop
      vertex 6.80579 -17.1808 7.4
      vertex 8.14358 -11.775 2.8
      vertex 6.80579 -5.56921 7.4
    endloop
  endfacet
  facet normal 0.960217 -9.99903e-07 0.279255
    outer loop
      vertex 8.14358 -10.975 2.8
      vertex 8.95499 -3.62001 0.00999928
      vertex 6.80579 -5.56921 7.4
    endloop
  endfacet
  facet normal 0.960217 -1.04973e-06 0.279255
    outer loop
      vertex 8.37624 -10.975 2
      vertex 8.95499 -3.62001 0.00999928
      vertex 8.14358 -10.975 2.8
    endloop
  endfacet
  facet normal 0.960216 -0 0.279259
    outer loop
      vertex 8.37624 -11.775 2
      vertex 8.95499 -3.62001 0.00999928
      vertex 8.37624 -10.975 2
    endloop
  endfacet
  facet normal 0.960216 0 0.279259
    outer loop
      vertex 8.37624 -11.775 2
      vertex 8.95499 -19.13 0.00999928
      vertex 8.95499 -3.62001 0.00999928
    endloop
  endfacet
  facet normal 0.960217 1.04972e-06 0.279255
    outer loop
      vertex 8.14358 -11.775 2.8
      vertex 8.95499 -19.13 0.00999928
      vertex 8.37624 -11.775 2
    endloop
  endfacet
  facet normal 0.6981 -0.612524 0.37077
    outer loop
      vertex 6.59914 -17.7896 7.4
      vertex 6.51289 -17.8879 7.4
      vertex 8.70702 -19.8605 0.00999928
    endloop
  endfacet
  facet normal -0.953793 0.0625388 0.293883
    outer loop
      vertex -8.94472 -3.46338 0.00999928
      vertex -8.95499 -3.62001 0.00999928
      vertex -6.80579 -5.56921 7.4
    endloop
  endfacet
  facet normal -0.612384 0.698224 0.37077
    outer loop
      vertex -6.41455 -4.77586 7.4
      vertex -8.4855 -2.66798 0.00999928
      vertex -6.51289 -4.86211 7.4
    endloop
  endfacet
  facet normal -0.960217 -1.04973e-06 0.279255
    outer loop
      vertex -8.14358 -10.975 2.8
      vertex -8.95499 -3.62001 0.00999928
      vertex -8.37624 -10.975 2
    endloop
  endfacet
  facet normal -0.960216 0 0.279259
    outer loop
      vertex -8.95499 -3.62001 0.00999928
      vertex -8.37624 -11.775 2
      vertex -8.37624 -10.975 2
    endloop
  endfacet
  facet normal -0.960217 1.04972e-06 0.279255
    outer loop
      vertex -8.95499 -19.13 0.00999928
      vertex -8.14358 -11.775 2.8
      vertex -8.37624 -11.775 2
    endloop
  endfacet
  facet normal -0.960217 9.99902e-07 0.279255
    outer loop
      vertex -8.14358 -11.775 2.8
      vertex -8.95499 -19.13 0.00999928
      vertex -6.80579 -17.1808 7.4
    endloop
  endfacet
  facet normal -0.960216 0 0.279259
    outer loop
      vertex -8.95499 -19.13 0.00999928
      vertex -8.37624 -11.775 2
      vertex -8.95499 -3.62001 0.00999928
    endloop
  endfacet
  facet normal -0.960217 -9.99903e-07 0.279255
    outer loop
      vertex -8.95499 -3.62001 0.00999928
      vertex -8.14358 -10.975 2.8
      vertex -6.80579 -5.56921 7.4
    endloop
  endfacet
  facet normal -0.960217 0 0.279254
    outer loop
      vertex -8.14358 -11.775 2.8
      vertex -6.80579 -5.56921 7.4
      vertex -8.14358 -10.975 2.8
    endloop
  endfacet
  facet normal -0.960217 0 0.279254
    outer loop
      vertex -6.80579 -5.56921 7.4
      vertex -8.14358 -11.775 2.8
      vertex -6.80579 -17.1808 7.4
    endloop
  endfacet
  facet normal 0 0 1
    outer loop
      vertex 5.07147 -6.30353 7.4
      vertex 6.80579 -5.56921 7.4
      vertex 6.79723 -5.43869 7.4
    endloop
  endfacet
  facet normal 0 0 1
    outer loop
      vertex 6.80579 -5.56921 7.4
      vertex 5.30579 -6.86922 7.4
      vertex 6.80579 -17.1808 7.4
    endloop
  endfacet
  facet normal 0 0 1
    outer loop
      vertex 5.07147 -6.30353 7.4
      vertex 6.79723 -5.43869 7.4
      vertex 6.77171 -5.31039 7.4
    endloop
  endfacet
  facet normal -0 0 1
    outer loop
      vertex 5.30579 -15.8808 7.4
      vertex 6.80579 -17.1808 7.4
      vertex 5.30579 -6.86922 7.4
    endloop
  endfacet
  facet normal 0 0 1
    outer loop
      vertex 5.07147 -6.30353 7.4
      vertex 6.77171 -5.31039 7.4
      vertex 6.72966 -5.18652 7.4
    endloop
  endfacet
  facet normal -0 0 1
    outer loop
      vertex 5.29893 -15.9852 7.4
      vertex 6.80579 -17.1808 7.4
      vertex 5.30579 -15.8808 7.4
    endloop
  endfacet
  facet normal 0 0 1
    outer loop
      vertex 5.07147 -6.30353 7.4
      vertex 6.72966 -5.18652 7.4
      vertex 6.67181 -5.06921 7.4
    endloop
  endfacet
  facet normal -0 0 1
    outer loop
      vertex 5.27852 -16.0878 7.4
      vertex 6.80579 -17.1808 7.4
      vertex 5.29893 -15.9852 7.4
    endloop
  endfacet
  facet normal 0 0 1
    outer loop
      vertex 5.07147 -6.30353 7.4
      vertex 6.67181 -5.06921 7.4
      vertex 6.59914 -4.96045 7.4
    endloop
  endfacet
  facet normal -0 0 1
    outer loop
      vertex 5.24489 -16.1869 7.4
      vertex 6.80579 -17.1808 7.4
      vertex 5.27852 -16.0878 7.4
    endloop
  endfacet
  facet normal 0 0 1
    outer loop
      vertex 5.07147 -6.30353 7.4
      vertex 6.59914 -4.96045 7.4
      vertex 6.51289 -4.86211 7.4
    endloop
  endfacet
  facet normal -0 0 1
    outer loop
      vertex 5.19861 -16.2808 7.4
      vertex 6.80579 -17.1808 7.4
      vertex 5.24489 -16.1869 7.4
    endloop
  endfacet
  facet normal 0 0 1
    outer loop
      vertex 5.07147 -6.30353 7.4
      vertex 6.51289 -4.86211 7.4
      vertex 6.41455 -4.77586 7.4
    endloop
  endfacet
  facet normal -0 0 1
    outer loop
      vertex 5.14047 -16.3678 7.4
      vertex 6.80579 -17.1808 7.4
      vertex 5.19861 -16.2808 7.4
    endloop
  endfacet
  facet normal 0 0 1
    outer loop
      vertex 5.07147 -6.30353 7.4
      vertex 6.41455 -4.77586 7.4
      vertex 6.30579 -4.70319 7.4
    endloop
  endfacet
  facet normal -0 0 1
    outer loop
      vertex 5.07147 -16.4465 7.4
      vertex 6.80579 -17.1808 7.4
      vertex 5.14047 -16.3678 7.4
    endloop
  endfacet
  facet normal 0 0 1
    outer loop
      vertex 5.07147 -6.30353 7.4
      vertex 6.30579 -4.70319 7.4
      vertex 6.18848 -4.64534 7.4
    endloop
  endfacet
  facet normal 0 0 1
    outer loop
      vertex 6.80579 -17.1808 7.4
      vertex 5.07147 -16.4465 7.4
      vertex 6.79723 -17.3113 7.4
    endloop
  endfacet
  facet normal 0 0 1
    outer loop
      vertex 5.07147 -6.30353 7.4
      vertex 6.18848 -4.64534 7.4
      vertex 6.06461 -4.60329 7.4
    endloop
  endfacet
  facet normal 0 0 1
    outer loop
      vertex 6.79723 -17.3113 7.4
      vertex 5.07147 -16.4465 7.4
      vertex 6.77171 -17.4396 7.4
    endloop
  endfacet
  facet normal 0 0 1
    outer loop
      vertex 5.07147 -6.30353 7.4
      vertex 6.06461 -4.60329 7.4
      vertex 5.93631 -4.57777 7.4
    endloop
  endfacet
  facet normal 0 0 1
    outer loop
      vertex 6.77171 -17.4396 7.4
      vertex 5.07147 -16.4465 7.4
      vertex 6.72966 -17.5635 7.4
    endloop
  endfacet
  facet normal 0 0 1
    outer loop
      vertex 5.07147 -6.30353 7.4
      vertex 5.93631 -4.57777 7.4
      vertex 5.80579 -4.56921 7.4
    endloop
  endfacet
  facet normal 0 0 1
    outer loop
      vertex 6.72966 -17.5635 7.4
      vertex 5.07147 -16.4465 7.4
      vertex 6.67181 -17.6808 7.4
    endloop
  endfacet
  facet normal 0 0 1
    outer loop
      vertex 6.67181 -17.6808 7.4
      vertex 5.07147 -16.4465 7.4
      vertex 6.59914 -17.7896 7.4
    endloop
  endfacet
  facet normal 0 0 1
    outer loop
      vertex 6.80579 -5.56921 7.4
      vertex 5.29893 -6.7648 7.4
      vertex 5.30579 -6.86922 7.4
    endloop
  endfacet
  facet normal 0 0 1
    outer loop
      vertex 6.80579 -5.56921 7.4
      vertex 5.27852 -6.66216 7.4
      vertex 5.29893 -6.7648 7.4
    endloop
  endfacet
  facet normal 0 0 1
    outer loop
      vertex 6.80579 -5.56921 7.4
      vertex 5.24489 -6.56306 7.4
      vertex 5.27852 -6.66216 7.4
    endloop
  endfacet
  facet normal 0 0 1
    outer loop
      vertex 6.80579 -5.56921 7.4
      vertex 5.19861 -6.46922 7.4
      vertex 5.24489 -6.56306 7.4
    endloop
  endfacet
  facet normal 0 0 1
    outer loop
      vertex 6.80579 -5.56921 7.4
      vertex 5.14047 -6.3822 7.4
      vertex 5.19861 -6.46922 7.4
    endloop
  endfacet
  facet normal 0 0 1
    outer loop
      vertex 6.80579 -5.56921 7.4
      vertex 5.07147 -6.30353 7.4
      vertex 5.14047 -6.3822 7.4
    endloop
  endfacet
  facet normal 0 0 1
    outer loop
      vertex 5.80579 -4.56921 7.4
      vertex 4.9928 -6.23453 7.4
      vertex 5.07147 -6.30353 7.4
    endloop
  endfacet
  facet normal 0 0 1
    outer loop
      vertex 5.80579 -4.56921 7.4
      vertex 4.90578 -6.17639 7.4
      vertex 4.9928 -6.23453 7.4
    endloop
  endfacet
  facet normal 0 0 1
    outer loop
      vertex 5.80579 -4.56921 7.4
      vertex 4.81194 -6.13011 7.4
      vertex 4.90578 -6.17639 7.4
    endloop
  endfacet
  facet normal 0 0 1
    outer loop
      vertex 5.80579 -4.56921 7.4
      vertex 4.71284 -6.09648 7.4
      vertex 4.81194 -6.13011 7.4
    endloop
  endfacet
  facet normal 0 0 1
    outer loop
      vertex 5.80579 -4.56921 7.4
      vertex 4.6102 -6.07607 7.4
      vertex 4.71284 -6.09648 7.4
    endloop
  endfacet
  facet normal 0 0 1
    outer loop
      vertex 5.80579 -4.56921 7.4
      vertex 4.50578 -6.06921 7.4
      vertex 4.6102 -6.07607 7.4
    endloop
  endfacet
  facet normal 0 0 1
    outer loop
      vertex 5.80579 -4.56921 7.4
      vertex -4.50578 -6.06921 7.4
      vertex 4.50578 -6.06921 7.4
    endloop
  endfacet
  facet normal -0 0 1
    outer loop
      vertex -5.80579 -4.56921 7.4
      vertex -4.50578 -6.06921 7.4
      vertex 5.80579 -4.56921 7.4
    endloop
  endfacet
  facet normal 0 0 1
    outer loop
      vertex -5.29893 -6.7648 7.4
      vertex -6.80579 -5.56921 7.4
      vertex -5.30579 -6.86922 7.4
    endloop
  endfacet
  facet normal 0 0 1
    outer loop
      vertex -5.27852 -6.66216 7.4
      vertex -6.80579 -5.56921 7.4
      vertex -5.29893 -6.7648 7.4
    endloop
  endfacet
  facet normal 0 0 1
    outer loop
      vertex -5.24489 -6.56306 7.4
      vertex -6.80579 -5.56921 7.4
      vertex -5.27852 -6.66216 7.4
    endloop
  endfacet
  facet normal 0 0 1
    outer loop
      vertex -5.19861 -6.46922 7.4
      vertex -6.80579 -5.56921 7.4
      vertex -5.24489 -6.56306 7.4
    endloop
  endfacet
  facet normal 0 0 1
    outer loop
      vertex -5.14047 -6.3822 7.4
      vertex -6.80579 -5.56921 7.4
      vertex -5.19861 -6.46922 7.4
    endloop
  endfacet
  facet normal 0 0 1
    outer loop
      vertex -5.07147 -6.30353 7.4
      vertex -6.80579 -5.56921 7.4
      vertex -5.14047 -6.3822 7.4
    endloop
  endfacet
  facet normal -0 0 1
    outer loop
      vertex -6.80579 -5.56921 7.4
      vertex -5.07147 -6.30353 7.4
      vertex -5.80579 -4.56921 7.4
    endloop
  endfacet
  facet normal 0 0 1
    outer loop
      vertex -4.9928 -6.23453 7.4
      vertex -5.80579 -4.56921 7.4
      vertex -5.07147 -6.30353 7.4
    endloop
  endfacet
  facet normal 0 0 1
    outer loop
      vertex -4.90578 -6.17639 7.4
      vertex -5.80579 -4.56921 7.4
      vertex -4.9928 -6.23453 7.4
    endloop
  endfacet
  facet normal 0 0 1
    outer loop
      vertex -4.81194 -6.13011 7.4
      vertex -5.80579 -4.56921 7.4
      vertex -4.90578 -6.17639 7.4
    endloop
  endfacet
  facet normal 0 0 1
    outer loop
      vertex -4.71284 -6.09648 7.4
      vertex -5.80579 -4.56921 7.4
      vertex -4.81194 -6.13011 7.4
    endloop
  endfacet
  facet normal 0 0 1
    outer loop
      vertex -4.6102 -6.07607 7.4
      vertex -5.80579 -4.56921 7.4
      vertex -4.71284 -6.09648 7.4
    endloop
  endfacet
  facet normal 0 0 1
    outer loop
      vertex -4.50578 -6.06921 7.4
      vertex -5.80579 -4.56921 7.4
      vertex -4.6102 -6.07607 7.4
    endloop
  endfacet
  facet normal 0 0 1
    outer loop
      vertex 6.59914 -17.7896 7.4
      vertex 5.07147 -16.4465 7.4
      vertex 6.51289 -17.8879 7.4
    endloop
  endfacet
  facet normal 0 0 1
    outer loop
      vertex 6.51289 -17.8879 7.4
      vertex 5.07147 -16.4465 7.4
      vertex 6.41455 -17.9741 7.4
    endloop
  endfacet
  facet normal 0 0 1
    outer loop
      vertex 6.41455 -17.9741 7.4
      vertex 5.07147 -16.4465 7.4
      vertex 6.30579 -18.0468 7.4
    endloop
  endfacet
  facet normal 0 0 1
    outer loop
      vertex 6.30579 -18.0468 7.4
      vertex 5.07147 -16.4465 7.4
      vertex 6.18848 -18.1047 7.4
    endloop
  endfacet
  facet normal 0 0 1
    outer loop
      vertex 6.18848 -18.1047 7.4
      vertex 5.07147 -16.4465 7.4
      vertex 6.06461 -18.1467 7.4
    endloop
  endfacet
  facet normal 0 0 1
    outer loop
      vertex 6.06461 -18.1467 7.4
      vertex 5.07147 -16.4465 7.4
      vertex 5.93631 -18.1722 7.4
    endloop
  endfacet
  facet normal 0 0 1
    outer loop
      vertex 5.93631 -18.1722 7.4
      vertex 5.07147 -16.4465 7.4
      vertex 5.80579 -18.1808 7.4
    endloop
  endfacet
  facet normal -0 0 1
    outer loop
      vertex 4.9928 -16.5155 7.4
      vertex 5.80579 -18.1808 7.4
      vertex 5.07147 -16.4465 7.4
    endloop
  endfacet
  facet normal -0 0 1
    outer loop
      vertex 4.90578 -16.5736 7.4
      vertex 5.80579 -18.1808 7.4
      vertex 4.9928 -16.5155 7.4
    endloop
  endfacet
  facet normal -0 0 1
    outer loop
      vertex 4.81194 -16.6199 7.4
      vertex 5.80579 -18.1808 7.4
      vertex 4.90578 -16.5736 7.4
    endloop
  endfacet
  facet normal -0 0 1
    outer loop
      vertex 4.71284 -16.6535 7.4
      vertex 5.80579 -18.1808 7.4
      vertex 4.81194 -16.6199 7.4
    endloop
  endfacet
  facet normal -0 0 1
    outer loop
      vertex 4.6102 -16.6739 7.4
      vertex 5.80579 -18.1808 7.4
      vertex 4.71284 -16.6535 7.4
    endloop
  endfacet
  facet normal -0 0 1
    outer loop
      vertex 4.50578 -16.6808 7.4
      vertex 5.80579 -18.1808 7.4
      vertex 4.6102 -16.6739 7.4
    endloop
  endfacet
  facet normal -0 0 1
    outer loop
      vertex -4.50578 -16.6808 7.4
      vertex 5.80579 -18.1808 7.4
      vertex 4.50578 -16.6808 7.4
    endloop
  endfacet
  facet normal 0 0 1
    outer loop
      vertex -5.80579 -18.1808 7.4
      vertex -4.50578 -16.6808 7.4
      vertex -4.6102 -16.6739 7.4
    endloop
  endfacet
  facet normal 0 0 1
    outer loop
      vertex -4.50578 -16.6808 7.4
      vertex -5.80579 -18.1808 7.4
      vertex 5.80579 -18.1808 7.4
    endloop
  endfacet
  facet normal 0 0 1
    outer loop
      vertex -4.71284 -16.6535 7.4
      vertex -5.80579 -18.1808 7.4
      vertex -4.6102 -16.6739 7.4
    endloop
  endfacet
  facet normal 0 0 1
    outer loop
      vertex -4.81194 -16.6199 7.4
      vertex -5.80579 -18.1808 7.4
      vertex -4.71284 -16.6535 7.4
    endloop
  endfacet
  facet normal 0 0 1
    outer loop
      vertex -4.90578 -16.5736 7.4
      vertex -5.80579 -18.1808 7.4
      vertex -4.81194 -16.6199 7.4
    endloop
  endfacet
  facet normal 0 0 1
    outer loop
      vertex -4.9928 -16.5155 7.4
      vertex -5.80579 -18.1808 7.4
      vertex -4.90578 -16.5736 7.4
    endloop
  endfacet
  facet normal 0 0 1
    outer loop
      vertex -5.07147 -16.4465 7.4
      vertex -5.80579 -18.1808 7.4
      vertex -4.9928 -16.5155 7.4
    endloop
  endfacet
  facet normal 0 0 1
    outer loop
      vertex -6.80579 -17.1808 7.4
      vertex -5.07147 -16.4465 7.4
      vertex -5.14047 -16.3678 7.4
    endloop
  endfacet
  facet normal 0 0 1
    outer loop
      vertex -6.80579 -17.1808 7.4
      vertex -5.14047 -16.3678 7.4
      vertex -5.19861 -16.2808 7.4
    endloop
  endfacet
  facet normal 0 0 1
    outer loop
      vertex -6.80579 -17.1808 7.4
      vertex -5.19861 -16.2808 7.4
      vertex -5.24489 -16.1869 7.4
    endloop
  endfacet
  facet normal 0 0 1
    outer loop
      vertex -6.80579 -17.1808 7.4
      vertex -5.24489 -16.1869 7.4
      vertex -5.27852 -16.0878 7.4
    endloop
  endfacet
  facet normal 0 0 1
    outer loop
      vertex -6.80579 -17.1808 7.4
      vertex -5.27852 -16.0878 7.4
      vertex -5.29893 -15.9852 7.4
    endloop
  endfacet
  facet normal 0 0 1
    outer loop
      vertex -6.80579 -17.1808 7.4
      vertex -5.29893 -15.9852 7.4
      vertex -5.30579 -15.8808 7.4
    endloop
  endfacet
  facet normal 0 0 1
    outer loop
      vertex -5.30579 -6.86922 7.4
      vertex -6.80579 -5.56921 7.4
      vertex -5.30579 -15.8808 7.4
    endloop
  endfacet
  facet normal 0 0 1
    outer loop
      vertex -6.80579 -5.56921 7.4
      vertex -5.80579 -4.56921 7.4
      vertex -5.93631 -4.57777 7.4
    endloop
  endfacet
  facet normal 0 0 1
    outer loop
      vertex -6.80579 -17.1808 7.4
      vertex -5.30579 -15.8808 7.4
      vertex -6.80579 -5.56921 7.4
    endloop
  endfacet
  facet normal 0 0 1
    outer loop
      vertex -6.80579 -5.56921 7.4
      vertex -5.93631 -4.57777 7.4
      vertex -6.06461 -4.60329 7.4
    endloop
  endfacet
  facet normal 0 0 1
    outer loop
      vertex -5.07147 -16.4465 7.4
      vertex -6.80579 -17.1808 7.4
      vertex -5.80579 -18.1808 7.4
    endloop
  endfacet
  facet normal 0 0 1
    outer loop
      vertex -6.80579 -5.56921 7.4
      vertex -6.06461 -4.60329 7.4
      vertex -6.18848 -4.64534 7.4
    endloop
  endfacet
  facet normal 0 0 1
    outer loop
      vertex -5.80579 -18.1808 7.4
      vertex -6.80579 -17.1808 7.4
      vertex -5.93631 -18.1722 7.4
    endloop
  endfacet
  facet normal 0 0 1
    outer loop
      vertex -6.80579 -5.56921 7.4
      vertex -6.18848 -4.64534 7.4
      vertex -6.30579 -4.70319 7.4
    endloop
  endfacet
  facet normal 0 0 1
    outer loop
      vertex -5.93631 -18.1722 7.4
      vertex -6.80579 -17.1808 7.4
      vertex -6.06461 -18.1467 7.4
    endloop
  endfacet
  facet normal 0 0 1
    outer loop
      vertex -6.80579 -5.56921 7.4
      vertex -6.30579 -4.70319 7.4
      vertex -6.41455 -4.77586 7.4
    endloop
  endfacet
  facet normal 0 0 1
    outer loop
      vertex -6.06461 -18.1467 7.4
      vertex -6.80579 -17.1808 7.4
      vertex -6.18848 -18.1047 7.4
    endloop
  endfacet
  facet normal 0 0 1
    outer loop
      vertex -6.80579 -5.56921 7.4
      vertex -6.41455 -4.77586 7.4
      vertex -6.51289 -4.86211 7.4
    endloop
  endfacet
  facet normal 0 0 1
    outer loop
      vertex -6.18848 -18.1047 7.4
      vertex -6.80579 -17.1808 7.4
      vertex -6.30579 -18.0468 7.4
    endloop
  endfacet
  facet normal 0 0 1
    outer loop
      vertex -6.80579 -5.56921 7.4
      vertex -6.51289 -4.86211 7.4
      vertex -6.59914 -4.96045 7.4
    endloop
  endfacet
  facet normal 0 0 1
    outer loop
      vertex -6.30579 -18.0468 7.4
      vertex -6.80579 -17.1808 7.4
      vertex -6.41455 -17.9741 7.4
    endloop
  endfacet
  facet normal 0 0 1
    outer loop
      vertex -6.80579 -5.56921 7.4
      vertex -6.59914 -4.96045 7.4
      vertex -6.67181 -5.06921 7.4
    endloop
  endfacet
  facet normal 0 0 1
    outer loop
      vertex -6.41455 -17.9741 7.4
      vertex -6.80579 -17.1808 7.4
      vertex -6.51289 -17.8879 7.4
    endloop
  endfacet
  facet normal 0 0 1
    outer loop
      vertex -6.80579 -5.56921 7.4
      vertex -6.67181 -5.06921 7.4
      vertex -6.72966 -5.18652 7.4
    endloop
  endfacet
  facet normal 0 0 1
    outer loop
      vertex -6.51289 -17.8879 7.4
      vertex -6.80579 -17.1808 7.4
      vertex -6.59914 -17.7896 7.4
    endloop
  endfacet
  facet normal 0 0 1
    outer loop
      vertex -6.80579 -5.56921 7.4
      vertex -6.72966 -5.18652 7.4
      vertex -6.77171 -5.31039 7.4
    endloop
  endfacet
  facet normal 0 0 1
    outer loop
      vertex -6.59914 -17.7896 7.4
      vertex -6.80579 -17.1808 7.4
      vertex -6.67181 -17.6808 7.4
    endloop
  endfacet
  facet normal 0 0 1
    outer loop
      vertex -6.80579 -5.56921 7.4
      vertex -6.77171 -5.31039 7.4
      vertex -6.79723 -5.43869 7.4
    endloop
  endfacet
  facet normal 0 0 1
    outer loop
      vertex -6.67181 -17.6808 7.4
      vertex -6.80579 -17.1808 7.4
      vertex -6.72966 -17.5635 7.4
    endloop
  endfacet
  facet normal 0 0 1
    outer loop
      vertex -6.72966 -17.5635 7.4
      vertex -6.80579 -17.1808 7.4
      vertex -6.77171 -17.4396 7.4
    endloop
  endfacet
  facet normal 0 0 1
    outer loop
      vertex -6.77171 -17.4396 7.4
      vertex -6.80579 -17.1808 7.4
      vertex -6.79723 -17.3113 7.4
    endloop
  endfacet
  facet normal 0 0 -1
    outer loop
      vertex 7.24834 -18.4388 0
      vertex 8.95499 -19.13 0
      vertex 8.94472 -19.2866 0
    endloop
  endfacet
  facet normal 0 0 -1
    outer loop
      vertex 8.95499 -19.13 0
      vertex 7.45499 -17.83 0
      vertex 8.95499 -3.62001 0
    endloop
  endfacet
  facet normal 0 0 -1
    outer loop
      vertex 7.16209 -18.5371 0
      vertex 8.94472 -19.2866 0
      vertex 8.91409 -19.4406 0
    endloop
  endfacet
  facet normal 0 0 -1
    outer loop
      vertex 7.45499 -4.92001 0
      vertex 8.95499 -3.62001 0
      vertex 7.45499 -17.83 0
    endloop
  endfacet
  facet normal 0 0 -1
    outer loop
      vertex 7.16209 -18.5371 0
      vertex 8.91409 -19.4406 0
      vertex 8.86365 -19.5892 0
    endloop
  endfacet
  facet normal 0 0 -1
    outer loop
      vertex 7.44643 -4.78949 0
      vertex 8.95499 -3.62001 0
      vertex 7.45499 -4.92001 0
    endloop
  endfacet
  facet normal 0 0 -1
    outer loop
      vertex 7.16209 -18.5371 0
      vertex 8.86365 -19.5892 0
      vertex 8.79422 -19.73 0
    endloop
  endfacet
  facet normal 0 0 -1
    outer loop
      vertex 7.42091 -4.66119 0
      vertex 8.95499 -3.62001 0
      vertex 7.44643 -4.78949 0
    endloop
  endfacet
  facet normal 0 0 -1
    outer loop
      vertex 7.16209 -18.5371 0
      vertex 8.79422 -19.73 0
      vertex 8.70702 -19.8605 0
    endloop
  endfacet
  facet normal 0 0 -1
    outer loop
      vertex 7.37886 -4.53732 0
      vertex 8.95499 -3.62001 0
      vertex 7.42091 -4.66119 0
    endloop
  endfacet
  facet normal 0 0 -1
    outer loop
      vertex 7.16209 -18.5371 0
      vertex 8.70702 -19.8605 0
      vertex 8.60352 -19.9785 0
    endloop
  endfacet
  facet normal 0 0 -1
    outer loop
      vertex 7.32101 -4.42001 0
      vertex 8.95499 -3.62001 0
      vertex 7.37886 -4.53732 0
    endloop
  endfacet
  facet normal 0 0 -1
    outer loop
      vertex 7.16209 -18.5371 0
      vertex 8.60352 -19.9785 0
      vertex 8.4855 -20.082 0
    endloop
  endfacet
  facet normal 0 0 -1
    outer loop
      vertex 7.24834 -4.31125 0
      vertex 8.95499 -3.62001 0
      vertex 7.32101 -4.42001 0
    endloop
  endfacet
  facet normal 0 0 -1
    outer loop
      vertex 7.16209 -18.5371 0
      vertex 8.4855 -20.082 0
      vertex 8.355 -20.1692 0
    endloop
  endfacet
  facet normal -0 0 -1
    outer loop
      vertex 8.95499 -3.62001 0
      vertex 7.24834 -4.31125 0
      vertex 8.94472 -3.46338 0
    endloop
  endfacet
  facet normal 0 0 -1
    outer loop
      vertex 7.16209 -18.5371 0
      vertex 8.355 -20.1692 0
      vertex 8.2142 -20.2386 0
    endloop
  endfacet
  facet normal 0 0 -1
    outer loop
      vertex 7.16209 -4.21291 0
      vertex 8.94472 -3.46338 0
      vertex 7.24834 -4.31125 0
    endloop
  endfacet
  facet normal 0 0 -1
    outer loop
      vertex 7.16209 -18.5371 0
      vertex 8.2142 -20.2386 0
      vertex 8.06557 -20.2891 0
    endloop
  endfacet
  facet normal -0 0 -1
    outer loop
      vertex 8.94472 -3.46338 0
      vertex 7.16209 -4.21291 0
      vertex 8.91409 -3.30943 0
    endloop
  endfacet
  facet normal 0 0 -1
    outer loop
      vertex 7.16209 -18.5371 0
      vertex 8.06557 -20.2891 0
      vertex 7.91162 -20.3197 0
    endloop
  endfacet
  facet normal -0 0 -1
    outer loop
      vertex 8.91409 -3.30943 0
      vertex 7.16209 -4.21291 0
      vertex 8.86365 -3.1608 0
    endloop
  endfacet
  facet normal 0 0 -1
    outer loop
      vertex 7.16209 -18.5371 0
      vertex 7.91162 -20.3197 0
      vertex 7.75499 -20.33 0
    endloop
  endfacet
  facet normal -0 0 -1
    outer loop
      vertex 8.86365 -3.1608 0
      vertex 7.16209 -4.21291 0
      vertex 8.79422 -3.02 0
    endloop
  endfacet
  facet normal -0 0 -1
    outer loop
      vertex 8.79422 -3.02 0
      vertex 7.16209 -4.21291 0
      vertex 8.70702 -2.8895 0
    endloop
  endfacet
  facet normal 0 0 -1
    outer loop
      vertex 8.95499 -19.13 0
      vertex 7.44643 -17.9605 0
      vertex 7.45499 -17.83 0
    endloop
  endfacet
  facet normal 0 0 -1
    outer loop
      vertex 8.95499 -19.13 0
      vertex 7.42091 -18.0888 0
      vertex 7.44643 -17.9605 0
    endloop
  endfacet
  facet normal 0 0 -1
    outer loop
      vertex 8.95499 -19.13 0
      vertex 7.37886 -18.2127 0
      vertex 7.42091 -18.0888 0
    endloop
  endfacet
  facet normal 0 0 -1
    outer loop
      vertex 8.95499 -19.13 0
      vertex 7.32101 -18.33 0
      vertex 7.37886 -18.2127 0
    endloop
  endfacet
  facet normal 0 0 -1
    outer loop
      vertex 8.95499 -19.13 0
      vertex 7.24834 -18.4388 0
      vertex 7.32101 -18.33 0
    endloop
  endfacet
  facet normal 0 0 -1
    outer loop
      vertex 8.94472 -19.2866 0
      vertex 7.16209 -18.5371 0
      vertex 7.24834 -18.4388 0
    endloop
  endfacet
  facet normal 0 0 -1
    outer loop
      vertex 7.75499 -20.33 0
      vertex 7.06375 -18.6233 0
      vertex 7.16209 -18.5371 0
    endloop
  endfacet
  facet normal 0 0 -1
    outer loop
      vertex 7.75499 -20.33 0
      vertex 6.95499 -18.696 0
      vertex 7.06375 -18.6233 0
    endloop
  endfacet
  facet normal 0 0 -1
    outer loop
      vertex 7.75499 -20.33 0
      vertex 6.83768 -18.7539 0
      vertex 6.95499 -18.696 0
    endloop
  endfacet
  facet normal 0 0 -1
    outer loop
      vertex 7.75499 -20.33 0
      vertex 6.71381 -18.7959 0
      vertex 6.83768 -18.7539 0
    endloop
  endfacet
  facet normal 0 0 -1
    outer loop
      vertex 7.75499 -20.33 0
      vertex 6.58551 -18.8214 0
      vertex 6.71381 -18.7959 0
    endloop
  endfacet
  facet normal 0 0 -1
    outer loop
      vertex 7.75499 -20.33 0
      vertex 6.45499 -18.83 0
      vertex 6.58551 -18.8214 0
    endloop
  endfacet
  facet normal 0 0 -1
    outer loop
      vertex 7.75499 -20.33 0
      vertex -6.45499 -18.83 0
      vertex 6.45499 -18.83 0
    endloop
  endfacet
  facet normal 0 0 -1
    outer loop
      vertex -7.75499 -20.33 0
      vertex -6.45499 -18.83 0
      vertex 7.75499 -20.33 0
    endloop
  endfacet
  facet normal -0 0 -1
    outer loop
      vertex -7.44643 -17.9605 0
      vertex -8.95499 -19.13 0
      vertex -7.45499 -17.83 0
    endloop
  endfacet
  facet normal -0 0 -1
    outer loop
      vertex -7.42091 -18.0888 0
      vertex -8.95499 -19.13 0
      vertex -7.44643 -17.9605 0
    endloop
  endfacet
  facet normal -0 0 -1
    outer loop
      vertex -7.37886 -18.2127 0
      vertex -8.95499 -19.13 0
      vertex -7.42091 -18.0888 0
    endloop
  endfacet
  facet normal -0 0 -1
    outer loop
      vertex -7.32101 -18.33 0
      vertex -8.95499 -19.13 0
      vertex -7.37886 -18.2127 0
    endloop
  endfacet
  facet normal -0 0 -1
    outer loop
      vertex -7.24834 -18.4388 0
      vertex -8.95499 -19.13 0
      vertex -7.32101 -18.33 0
    endloop
  endfacet
  facet normal -0 0 -1
    outer loop
      vertex -7.16209 -18.5371 0
      vertex -8.95499 -19.13 0
      vertex -7.24834 -18.4388 0
    endloop
  endfacet
  facet normal 0 0 -1
    outer loop
      vertex -8.95499 -19.13 0
      vertex -7.16209 -18.5371 0
      vertex -7.75499 -20.33 0
    endloop
  endfacet
  facet normal -0 0 -1
    outer loop
      vertex -7.06375 -18.6233 0
      vertex -7.75499 -20.33 0
      vertex -7.16209 -18.5371 0
    endloop
  endfacet
  facet normal -0 0 -1
    outer loop
      vertex -6.95499 -18.696 0
      vertex -7.75499 -20.33 0
      vertex -7.06375 -18.6233 0
    endloop
  endfacet
  facet normal -0 0 -1
    outer loop
      vertex -6.83768 -18.7539 0
      vertex -7.75499 -20.33 0
      vertex -6.95499 -18.696 0
    endloop
  endfacet
  facet normal -0 0 -1
    outer loop
      vertex -6.71381 -18.7959 0
      vertex -7.75499 -20.33 0
      vertex -6.83768 -18.7539 0
    endloop
  endfacet
  facet normal -0 0 -1
    outer loop
      vertex -6.58551 -18.8214 0
      vertex -7.75499 -20.33 0
      vertex -6.71381 -18.7959 0
    endloop
  endfacet
  facet normal -0 0 -1
    outer loop
      vertex -6.45499 -18.83 0
      vertex -7.75499 -20.33 0
      vertex -6.58551 -18.8214 0
    endloop
  endfacet
  facet normal -0 0 -1
    outer loop
      vertex 8.70702 -2.8895 0
      vertex 7.16209 -4.21291 0
      vertex 8.60352 -2.77148 0
    endloop
  endfacet
  facet normal -0 0 -1
    outer loop
      vertex 8.60352 -2.77148 0
      vertex 7.16209 -4.21291 0
      vertex 8.4855 -2.66798 0
    endloop
  endfacet
  facet normal -0 0 -1
    outer loop
      vertex 8.4855 -2.66798 0
      vertex 7.16209 -4.21291 0
      vertex 8.355 -2.58078 0
    endloop
  endfacet
  facet normal -0 0 -1
    outer loop
      vertex 8.355 -2.58078 0
      vertex 7.16209 -4.21291 0
      vertex 8.2142 -2.51135 0
    endloop
  endfacet
  facet normal -0 0 -1
    outer loop
      vertex 8.2142 -2.51135 0
      vertex 7.16209 -4.21291 0
      vertex 8.06557 -2.46091 0
    endloop
  endfacet
  facet normal -0 0 -1
    outer loop
      vertex 8.06557 -2.46091 0
      vertex 7.16209 -4.21291 0
      vertex 7.91162 -2.43028 0
    endloop
  endfacet
  facet normal -0 0 -1
    outer loop
      vertex 7.91162 -2.43028 0
      vertex 7.16209 -4.21291 0
      vertex 7.75499 -2.42001 0
    endloop
  endfacet
  facet normal 0 0 -1
    outer loop
      vertex 7.06375 -4.12666 0
      vertex 7.75499 -2.42001 0
      vertex 7.16209 -4.21291 0
    endloop
  endfacet
  facet normal 0 0 -1
    outer loop
      vertex 6.95499 -4.05399 0
      vertex 7.75499 -2.42001 0
      vertex 7.06375 -4.12666 0
    endloop
  endfacet
  facet normal 0 0 -1
    outer loop
      vertex 6.83768 -3.99614 0
      vertex 7.75499 -2.42001 0
      vertex 6.95499 -4.05399 0
    endloop
  endfacet
  facet normal 0 0 -1
    outer loop
      vertex 6.71381 -3.95409 0
      vertex 7.75499 -2.42001 0
      vertex 6.83768 -3.99614 0
    endloop
  endfacet
  facet normal 0 0 -1
    outer loop
      vertex 6.58551 -3.92857 0
      vertex 7.75499 -2.42001 0
      vertex 6.71381 -3.95409 0
    endloop
  endfacet
  facet normal 0 0 -1
    outer loop
      vertex 6.45499 -3.92001 0
      vertex 7.75499 -2.42001 0
      vertex 6.58551 -3.92857 0
    endloop
  endfacet
  facet normal 0 0 -1
    outer loop
      vertex -6.45499 -3.92001 0
      vertex 7.75499 -2.42001 0
      vertex 6.45499 -3.92001 0
    endloop
  endfacet
  facet normal 0 0 -1
    outer loop
      vertex -7.75499 -2.42001 0
      vertex -6.45499 -3.92001 0
      vertex -6.58551 -3.92857 0
    endloop
  endfacet
  facet normal 0 0 -1
    outer loop
      vertex -6.45499 -3.92001 0
      vertex -7.75499 -2.42001 0
      vertex 7.75499 -2.42001 0
    endloop
  endfacet
  facet normal 0 0 -1
    outer loop
      vertex -6.71381 -3.95409 0
      vertex -7.75499 -2.42001 0
      vertex -6.58551 -3.92857 0
    endloop
  endfacet
  facet normal 0 0 -1
    outer loop
      vertex -6.83768 -3.99614 0
      vertex -7.75499 -2.42001 0
      vertex -6.71381 -3.95409 0
    endloop
  endfacet
  facet normal 0 0 -1
    outer loop
      vertex -6.95499 -4.05399 0
      vertex -7.75499 -2.42001 0
      vertex -6.83768 -3.99614 0
    endloop
  endfacet
  facet normal 0 0 -1
    outer loop
      vertex -7.06375 -4.12666 0
      vertex -7.75499 -2.42001 0
      vertex -6.95499 -4.05399 0
    endloop
  endfacet
  facet normal 0 0 -1
    outer loop
      vertex -7.16209 -4.21291 0
      vertex -7.75499 -2.42001 0
      vertex -7.06375 -4.12666 0
    endloop
  endfacet
  facet normal 0 0 -1
    outer loop
      vertex -8.94472 -3.46338 0
      vertex -7.16209 -4.21291 0
      vertex -7.24834 -4.31125 0
    endloop
  endfacet
  facet normal 0 0 -1
    outer loop
      vertex -8.95499 -3.62001 0
      vertex -7.24834 -4.31125 0
      vertex -7.32101 -4.42001 0
    endloop
  endfacet
  facet normal 0 0 -1
    outer loop
      vertex -8.95499 -3.62001 0
      vertex -7.32101 -4.42001 0
      vertex -7.37886 -4.53732 0
    endloop
  endfacet
  facet normal 0 0 -1
    outer loop
      vertex -8.95499 -3.62001 0
      vertex -7.37886 -4.53732 0
      vertex -7.42091 -4.66119 0
    endloop
  endfacet
  facet normal 0 0 -1
    outer loop
      vertex -8.95499 -3.62001 0
      vertex -7.42091 -4.66119 0
      vertex -7.44643 -4.78949 0
    endloop
  endfacet
  facet normal 0 0 -1
    outer loop
      vertex -8.95499 -3.62001 0
      vertex -7.44643 -4.78949 0
      vertex -7.45499 -4.92001 0
    endloop
  endfacet
  facet normal -0 0 -1
    outer loop
      vertex -7.45499 -17.83 0
      vertex -8.95499 -19.13 0
      vertex -7.45499 -4.92001 0
    endloop
  endfacet
  facet normal 0 0 -1
    outer loop
      vertex -8.95499 -19.13 0
      vertex -7.75499 -20.33 0
      vertex -7.91162 -20.3197 0
    endloop
  endfacet
  facet normal 0 0 -1
    outer loop
      vertex -8.95499 -3.62001 0
      vertex -7.45499 -4.92001 0
      vertex -8.95499 -19.13 0
    endloop
  endfacet
  facet normal 0 0 -1
    outer loop
      vertex -8.95499 -19.13 0
      vertex -7.91162 -20.3197 0
      vertex -8.06557 -20.2891 0
    endloop
  endfacet
  facet normal 0 0 -1
    outer loop
      vertex -7.24834 -4.31125 0
      vertex -8.95499 -3.62001 0
      vertex -8.94472 -3.46338 0
    endloop
  endfacet
  facet normal 0 0 -1
    outer loop
      vertex -8.95499 -19.13 0
      vertex -8.06557 -20.2891 0
      vertex -8.2142 -20.2386 0
    endloop
  endfacet
  facet normal 0 0 -1
    outer loop
      vertex -7.16209 -4.21291 0
      vertex -7.91162 -2.43028 0
      vertex -7.75499 -2.42001 0
    endloop
  endfacet
  facet normal 0 0 -1
    outer loop
      vertex -8.95499 -19.13 0
      vertex -8.2142 -20.2386 0
      vertex -8.355 -20.1692 0
    endloop
  endfacet
  facet normal 0 0 -1
    outer loop
      vertex -7.16209 -4.21291 0
      vertex -8.06557 -2.46091 0
      vertex -7.91162 -2.43028 0
    endloop
  endfacet
  facet normal 0 0 -1
    outer loop
      vertex -8.95499 -19.13 0
      vertex -8.355 -20.1692 0
      vertex -8.4855 -20.082 0
    endloop
  endfacet
  facet normal 0 0 -1
    outer loop
      vertex -7.16209 -4.21291 0
      vertex -8.2142 -2.51135 0
      vertex -8.06557 -2.46091 0
    endloop
  endfacet
  facet normal 0 0 -1
    outer loop
      vertex -8.95499 -19.13 0
      vertex -8.4855 -20.082 0
      vertex -8.60352 -19.9785 0
    endloop
  endfacet
  facet normal 0 0 -1
    outer loop
      vertex -7.16209 -4.21291 0
      vertex -8.355 -2.58078 0
      vertex -8.2142 -2.51135 0
    endloop
  endfacet
  facet normal 0 0 -1
    outer loop
      vertex -8.95499 -19.13 0
      vertex -8.60352 -19.9785 0
      vertex -8.70702 -19.8605 0
    endloop
  endfacet
  facet normal 0 0 -1
    outer loop
      vertex -7.16209 -4.21291 0
      vertex -8.4855 -2.66798 0
      vertex -8.355 -2.58078 0
    endloop
  endfacet
  facet normal 0 0 -1
    outer loop
      vertex -8.95499 -19.13 0
      vertex -8.70702 -19.8605 0
      vertex -8.79422 -19.73 0
    endloop
  endfacet
  facet normal 0 0 -1
    outer loop
      vertex -7.16209 -4.21291 0
      vertex -8.60352 -2.77148 0
      vertex -8.4855 -2.66798 0
    endloop
  endfacet
  facet normal 0 0 -1
    outer loop
      vertex -8.95499 -19.13 0
      vertex -8.79422 -19.73 0
      vertex -8.86365 -19.5892 0
    endloop
  endfacet
  facet normal 0 0 -1
    outer loop
      vertex -7.16209 -4.21291 0
      vertex -8.70702 -2.8895 0
      vertex -8.60352 -2.77148 0
    endloop
  endfacet
  facet normal 0 0 -1
    outer loop
      vertex -8.95499 -19.13 0
      vertex -8.86365 -19.5892 0
      vertex -8.91409 -19.4406 0
    endloop
  endfacet
  facet normal 0 0 -1
    outer loop
      vertex -7.16209 -4.21291 0
      vertex -8.79422 -3.02 0
      vertex -8.70702 -2.8895 0
    endloop
  endfacet
  facet normal 0 0 -1
    outer loop
      vertex -8.95499 -19.13 0
      vertex -8.91409 -19.4406 0
      vertex -8.94472 -19.2866 0
    endloop
  endfacet
  facet normal 0 0 -1
    outer loop
      vertex -7.16209 -4.21291 0
      vertex -8.86365 -3.1608 0
      vertex -8.79422 -3.02 0
    endloop
  endfacet
  facet normal 0 0 -1
    outer loop
      vertex -7.16209 -4.21291 0
      vertex -8.91409 -3.30943 0
      vertex -8.86365 -3.1608 0
    endloop
  endfacet
  facet normal 0 0 -1
    outer loop
      vertex -7.16209 -4.21291 0
      vertex -8.94472 -3.46338 0
      vertex -8.91409 -3.30943 0
    endloop
  endfacet
  facet normal -1 0 0
    outer loop
      vertex -8.95499 -19.13 0
      vertex -8.95499 -3.62001 0.00999928
      vertex -8.95499 -3.62001 0
    endloop
  endfacet
  facet normal -1 -0 0
    outer loop
      vertex -8.95499 -3.62001 0.00999928
      vertex -8.95499 -19.13 0
      vertex -8.95499 -19.13 0.00999928
    endloop
  endfacet
  facet normal -0.194952 -0.980813 0
    outer loop
      vertex -8.06557 -20.2891 0
      vertex -7.91162 -20.3197 0.00999928
      vertex -8.06557 -20.2891 0.00999928
    endloop
  endfacet
  facet normal -0.194952 -0.980813 -0
    outer loop
      vertex -7.91162 -20.3197 0.00999928
      vertex -8.06557 -20.2891 0
      vertex -7.91162 -20.3197 0
    endloop
  endfacet
  facet normal -0.612349 -0.698255 0.370767
    outer loop
      vertex -6.51289 -17.8879 7.4
      vertex -8.60352 -19.9785 0.00999928
      vertex -8.4855 -20.082 0.00999928
    endloop
  endfacet
  facet normal -0.184736 -0.929417 0.319463
    outer loop
      vertex -6.06461 -18.1467 7.4
      vertex -8.06557 -20.2891 0.00999928
      vertex -7.91162 -20.3197 0.00999928
    endloop
  endfacet
  facet normal -0.41325 -0.838408 0.355382
    outer loop
      vertex -6.30579 -18.0468 7.4
      vertex -8.355 -20.1692 0.00999928
      vertex -8.2142 -20.2386 0.00999928
    endloop
  endfacet
  facet normal -0.062843 -0.953752 0.293953
    outer loop
      vertex -5.93631 -18.1722 7.4
      vertex -7.91162 -20.3197 0.00999928
      vertex -5.80579 -18.1808 7.4
    endloop
  endfacet
  facet normal 0.698224 0.612384 0.37077
    outer loop
      vertex 8.70702 -2.8895 0.00999928
      vertex 6.51289 -4.86211 7.4
      vertex 6.59914 -4.96045 7.4
    endloop
  endfacet
  facet normal 0.065428 0.997857 -0
    outer loop
      vertex 7.91162 -2.43028 0
      vertex 7.75499 -2.42001 0.00999928
      vertex 7.91162 -2.43028 0.00999928
    endloop
  endfacet
  facet normal 0.065428 0.997857 0
    outer loop
      vertex 7.75499 -2.42001 0.00999928
      vertex 7.91162 -2.43028 0
      vertex 7.75499 -2.42001 0
    endloop
  endfacet
  facet normal 0.517109 0.773884 0.365652
    outer loop
      vertex 8.355 -2.58078 0.00999928
      vertex 6.30579 -4.70319 7.4
      vertex 8.4855 -2.66798 0.00999928
    endloop
  endfacet
  facet normal 0.953791 0.0625533 0.293886
    outer loop
      vertex 8.94472 -3.46338 0.00999928
      vertex 6.79723 -5.43869 7.4
      vertex 6.80579 -5.56921 7.4
    endloop
  endfacet
  facet normal 0.41325 -0.838408 0.355382
    outer loop
      vertex 8.355 -20.1692 0.00999928
      vertex 6.30579 -18.0468 7.4
      vertex 8.2142 -20.2386 0.00999928
    endloop
  endfacet
  facet normal 0.946936 -0.321423 0
    outer loop
      vertex 8.86365 -19.5892 0.00999928
      vertex 8.91409 -19.4406 0
      vertex 8.91409 -19.4406 0.00999928
    endloop
  endfacet
  facet normal 0.946936 -0.321423 0
    outer loop
      vertex 8.91409 -19.4406 0
      vertex 8.86365 -19.5892 0.00999928
      vertex 8.86365 -19.5892 0
    endloop
  endfacet
  facet normal 0.997856 -0.0654405 0
    outer loop
      vertex 8.94472 -19.2866 0.00999928
      vertex 8.95499 -19.13 0
      vertex 8.95499 -19.13 0.00999928
    endloop
  endfacet
  facet normal 0.997856 -0.0654405 0
    outer loop
      vertex 8.95499 -19.13 0
      vertex 8.94472 -19.2866 0.00999928
      vertex 8.94472 -19.2866 0
    endloop
  endfacet
  facet normal 0.831462 -0.555582 0
    outer loop
      vertex 8.70702 -19.8605 0.00999928
      vertex 8.79422 -19.73 0
      vertex 8.79422 -19.73 0.00999928
    endloop
  endfacet
  facet normal 0.831462 -0.555582 0
    outer loop
      vertex 8.79422 -19.73 0
      vertex 8.70702 -19.8605 0.00999928
      vertex 8.70702 -19.8605 0
    endloop
  endfacet
  facet normal 0.890508 0.3023 0.340015
    outer loop
      vertex 8.86365 -3.1608 0.00999928
      vertex 6.72966 -5.18652 7.4
      vertex 6.77171 -5.31039 7.4
    endloop
  endfacet
  facet normal 0.953793 0.0625388 0.293883
    outer loop
      vertex 8.94472 -3.46338 0.00999928
      vertex 6.80579 -5.56921 7.4
      vertex 8.95499 -3.62001 0.00999928
    endloop
  endfacet
  facet normal 0.838322 0.413408 0.355402
    outer loop
      vertex 8.86365 -3.1608 0.00999928
      vertex 6.67181 -5.06921 7.4
      vertex 6.72966 -5.18652 7.4
    endloop
  endfacet
  facet normal -0.413408 0.838322 0.355402
    outer loop
      vertex -6.18848 -4.64534 7.4
      vertex -8.2142 -2.51135 0.00999928
      vertex -6.30579 -4.70319 7.4
    endloop
  endfacet
  facet normal -0.997856 -0.0654405 0
    outer loop
      vertex -8.94472 -19.2866 0
      vertex -8.95499 -19.13 0.00999928
      vertex -8.95499 -19.13 0
    endloop
  endfacet
  facet normal -0.997856 -0.0654405 0
    outer loop
      vertex -8.95499 -19.13 0.00999928
      vertex -8.94472 -19.2866 0
      vertex -8.94472 -19.2866 0.00999928
    endloop
  endfacet
  facet normal -0.896885 -0.442264 0
    outer loop
      vertex -8.79422 -19.73 0
      vertex -8.86365 -19.5892 0.00999928
      vertex -8.86365 -19.5892 0
    endloop
  endfacet
  facet normal -0.896885 -0.442264 0
    outer loop
      vertex -8.86365 -19.5892 0.00999928
      vertex -8.79422 -19.73 0
      vertex -8.79422 -19.73 0.00999928
    endloop
  endfacet
  facet normal -0.95379 -0.0625628 0.293888
    outer loop
      vertex -6.80579 -17.1808 7.4
      vertex -8.94472 -19.2866 0.00999928
      vertex -6.79723 -17.3113 7.4
    endloop
  endfacet
  facet normal -0.659343 -0.751842 0
    outer loop
      vertex -8.60352 -19.9785 0
      vertex -8.4855 -20.082 0.00999928
      vertex -8.60352 -19.9785 0.00999928
    endloop
  endfacet
  facet normal -0.659343 -0.751842 -0
    outer loop
      vertex -8.4855 -20.082 0.00999928
      vertex -8.60352 -19.9785 0
      vertex -8.4855 -20.082 0
    endloop
  endfacet
  facet normal -0.321707 -0.946839 0
    outer loop
      vertex -8.2142 -20.2386 0
      vertex -8.06557 -20.2891 0.00999928
      vertex -8.2142 -20.2386 0.00999928
    endloop
  endfacet
  facet normal -0.321707 -0.946839 -0
    outer loop
      vertex -8.06557 -20.2891 0.00999928
      vertex -8.2142 -20.2386 0
      vertex -8.06557 -20.2891 0
    endloop
  endfacet
  facet normal -0.44211 -0.896961 0
    outer loop
      vertex -8.355 -20.1692 0
      vertex -8.2142 -20.2386 0.00999928
      vertex -8.355 -20.1692 0.00999928
    endloop
  endfacet
  facet normal -0.44211 -0.896961 -0
    outer loop
      vertex -8.2142 -20.2386 0.00999928
      vertex -8.355 -20.1692 0
      vertex -8.2142 -20.2386 0
    endloop
  endfacet
  facet normal -0.413691 -0.838172 0.355426
    outer loop
      vertex -6.30579 -18.0468 7.4
      vertex -8.2142 -20.2386 0.00999928
      vertex -6.18848 -18.1047 7.4
    endloop
  endfacet
  facet normal -0.302536 -0.890414 0.340052
    outer loop
      vertex -6.06461 -18.1467 7.4
      vertex -8.2142 -20.2386 0.00999928
      vertex -8.06557 -20.2891 0.00999928
    endloop
  endfacet
  facet normal 0.442264 0.896885 -0
    outer loop
      vertex 8.355 -2.58078 0
      vertex 8.2142 -2.51135 0.00999928
      vertex 8.355 -2.58078 0.00999928
    endloop
  endfacet
  facet normal 0.442264 0.896885 0
    outer loop
      vertex 8.2142 -2.51135 0.00999928
      vertex 8.355 -2.58078 0
      vertex 8.2142 -2.51135 0
    endloop
  endfacet
  facet normal 0.41339 0.838331 0.3554
    outer loop
      vertex 8.2142 -2.51135 0.00999928
      vertex 6.30579 -4.70319 7.4
      vertex 8.355 -2.58078 0.00999928
    endloop
  endfacet
  facet normal 0.413408 0.838322 0.355402
    outer loop
      vertex 8.2142 -2.51135 0.00999928
      vertex 6.18848 -4.64534 7.4
      vertex 6.30579 -4.70319 7.4
    endloop
  endfacet
  facet normal 0.612384 0.698224 0.37077
    outer loop
      vertex 8.4855 -2.66798 0.00999928
      vertex 6.41455 -4.77586 7.4
      vertex 6.51289 -4.86211 7.4
    endloop
  endfacet
  facet normal 0.612348 0.698255 0.370769
    outer loop
      vertex 8.4855 -2.66798 0.00999928
      vertex 6.51289 -4.86211 7.4
      vertex 8.60352 -2.77148 0.00999928
    endloop
  endfacet
  facet normal 0.698255 0.612348 0.370769
    outer loop
      vertex 8.60352 -2.77148 0.00999928
      vertex 6.51289 -4.86211 7.4
      vertex 8.70702 -2.8895 0.00999928
    endloop
  endfacet
  facet normal 0.980788 -0.195075 0
    outer loop
      vertex 8.91409 -19.4406 0.00999928
      vertex 8.94472 -19.2866 0
      vertex 8.94472 -19.2866 0.00999928
    endloop
  endfacet
  facet normal 0.980788 -0.195075 0
    outer loop
      vertex 8.94472 -19.2866 0
      vertex 8.91409 -19.4406 0.00999928
      vertex 8.91409 -19.4406 0
    endloop
  endfacet
  facet normal 0.929387 -0.184851 0.319484
    outer loop
      vertex 8.94472 -19.2866 0.00999928
      vertex 6.77171 -17.4396 7.4
      vertex 8.91409 -19.4406 0.00999928
    endloop
  endfacet
  facet normal 0.555582 -0.831462 0
    outer loop
      vertex 8.355 -20.1692 0
      vertex 8.4855 -20.082 0.00999928
      vertex 8.355 -20.1692 0.00999928
    endloop
  endfacet
  facet normal 0.555582 -0.831462 0
    outer loop
      vertex 8.4855 -20.082 0.00999928
      vertex 8.355 -20.1692 0
      vertex 8.4855 -20.082 0
    endloop
  endfacet
  facet normal 0.301984 -0.890638 0.339955
    outer loop
      vertex 6.18848 -18.1047 7.4
      vertex 6.06461 -18.1467 7.4
      vertex 8.2142 -20.2386 0.00999928
    endloop
  endfacet
  facet normal 0.751787 -0.659406 0
    outer loop
      vertex 8.60352 -19.9785 0.00999928
      vertex 8.70702 -19.8605 0
      vertex 8.70702 -19.8605 0.00999928
    endloop
  endfacet
  facet normal 0.751787 -0.659406 0
    outer loop
      vertex 8.70702 -19.8605 0
      vertex 8.60352 -19.9785 0.00999928
      vertex 8.60352 -19.9785 0
    endloop
  endfacet
  facet normal 0.517238 -0.773793 0.365663
    outer loop
      vertex 6.41455 -17.9741 7.4
      vertex 6.30579 -18.0468 7.4
      vertex 8.4855 -20.082 0.00999928
    endloop
  endfacet
  facet normal 0.302536 -0.890414 0.340052
    outer loop
      vertex 8.2142 -20.2386 0.00999928
      vertex 6.06461 -18.1467 7.4
      vertex 8.06557 -20.2891 0.00999928
    endloop
  endfacet
  facet normal 0.997857 0.065428 0
    outer loop
      vertex 8.95499 -3.62001 0.00999928
      vertex 8.94472 -3.46338 0
      vertex 8.94472 -3.46338 0.00999928
    endloop
  endfacet
  facet normal 0.997857 0.065428 0
    outer loop
      vertex 8.94472 -3.46338 0
      vertex 8.95499 -3.62001 0.00999928
      vertex 8.95499 -3.62001 0
    endloop
  endfacet
  facet normal 0.946956 0.321365 0
    outer loop
      vertex 8.91409 -3.30943 0.00999928
      vertex 8.86365 -3.1608 0
      vertex 8.86365 -3.1608 0.00999928
    endloop
  endfacet
  facet normal 0.946956 0.321365 0
    outer loop
      vertex 8.86365 -3.1608 0
      vertex 8.91409 -3.30943 0.00999928
      vertex 8.91409 -3.30943 0
    endloop
  endfacet
  facet normal 0.929372 0.184909 0.319494
    outer loop
      vertex 8.91409 -3.30943 0.00999928
      vertex 6.77171 -5.31039 7.4
      vertex 8.94472 -3.46338 0.00999928
    endloop
  endfacet
  facet normal 0.890541 0.302219 0.340001
    outer loop
      vertex 8.86365 -3.1608 0.00999928
      vertex 6.77171 -5.31039 7.4
      vertex 8.91409 -3.30943 0.00999928
    endloop
  endfacet
  facet normal 0.838331 0.41339 0.3554
    outer loop
      vertex 8.79422 -3.02 0.00999928
      vertex 6.67181 -5.06921 7.4
      vertex 8.86365 -3.1608 0.00999928
    endloop
  endfacet
  facet normal -0.517093 0.773896 0.36565
    outer loop
      vertex -6.30579 -4.70319 7.4
      vertex -8.4855 -2.66798 0.00999928
      vertex -6.41455 -4.77586 7.4
    endloop
  endfacet
  facet normal -0.41339 0.838331 0.3554
    outer loop
      vertex -8.2142 -2.51135 0.00999928
      vertex -8.355 -2.58078 0.00999928
      vertex -6.30579 -4.70319 7.4
    endloop
  endfacet
  facet normal -0.555582 0.831462 0
    outer loop
      vertex -8.355 -2.58078 0
      vertex -8.4855 -2.66798 0.00999928
      vertex -8.355 -2.58078 0.00999928
    endloop
  endfacet
  facet normal -0.555582 0.831462 0
    outer loop
      vertex -8.4855 -2.66798 0.00999928
      vertex -8.355 -2.58078 0
      vertex -8.4855 -2.66798 0
    endloop
  endfacet
  facet normal -0.517109 0.773884 0.365652
    outer loop
      vertex -8.355 -2.58078 0.00999928
      vertex -8.4855 -2.66798 0.00999928
      vertex -6.30579 -4.70319 7.4
    endloop
  endfacet
  facet normal -0.3023 0.890508 0.340015
    outer loop
      vertex -6.06461 -4.60329 7.4
      vertex -8.2142 -2.51135 0.00999928
      vertex -6.18848 -4.64534 7.4
    endloop
  endfacet
  facet normal -0.890534 -0.302235 0.340004
    outer loop
      vertex -6.77171 -17.4396 7.4
      vertex -8.86365 -19.5892 0.00999928
      vertex -6.72966 -17.5635 7.4
    endloop
  endfacet
  facet normal -0.953792 -0.0625507 0.293885
    outer loop
      vertex -6.80579 -17.1808 7.4
      vertex -8.95499 -19.13 0.00999928
      vertex -8.94472 -19.2866 0.00999928
    endloop
  endfacet
  facet normal -0.838307 -0.413436 0.355404
    outer loop
      vertex -6.72966 -17.5635 7.4
      vertex -8.86365 -19.5892 0.00999928
      vertex -6.67181 -17.6808 7.4
    endloop
  endfacet
  facet normal -0.838331 -0.41339 0.355399
    outer loop
      vertex -6.67181 -17.6808 7.4
      vertex -8.86365 -19.5892 0.00999928
      vertex -8.79422 -19.73 0.00999928
    endloop
  endfacet
  facet normal -0.612184 -0.698401 0.370766
    outer loop
      vertex -6.51289 -17.8879 7.4
      vertex -8.4855 -20.082 0.00999928
      vertex -6.41455 -17.9741 7.4
    endloop
  endfacet
  facet normal -0.517238 -0.773793 0.365663
    outer loop
      vertex -6.41455 -17.9741 7.4
      vertex -8.4855 -20.082 0.00999928
      vertex -6.30579 -18.0468 7.4
    endloop
  endfacet
  facet normal -0.301984 -0.890638 0.339955
    outer loop
      vertex -6.18848 -18.1047 7.4
      vertex -8.2142 -20.2386 0.00999928
      vertex -6.06461 -18.1467 7.4
    endloop
  endfacet
  facet normal 0.184909 0.929372 0.319494
    outer loop
      vertex 7.91162 -2.43028 0.00999928
      vertex 6.06461 -4.60329 7.4
      vertex 8.06557 -2.46091 0.00999928
    endloop
  endfacet
  facet normal 0.302219 0.890541 0.340001
    outer loop
      vertex 8.06557 -2.46091 0.00999928
      vertex 6.06461 -4.60329 7.4
      vertex 8.2142 -2.51135 0.00999928
    endloop
  endfacet
  facet normal 0.184863 0.929384 0.319486
    outer loop
      vertex 7.91162 -2.43028 0.00999928
      vertex 5.93631 -4.57777 7.4
      vertex 6.06461 -4.60329 7.4
    endloop
  endfacet
  facet normal 0.0625533 0.953791 0.293886
    outer loop
      vertex 7.91162 -2.43028 0.00999928
      vertex 5.80579 -4.56921 7.4
      vertex 5.93631 -4.57777 7.4
    endloop
  endfacet
  facet normal 0.555582 0.831462 -0
    outer loop
      vertex 8.4855 -2.66798 0
      vertex 8.355 -2.58078 0.00999928
      vertex 8.4855 -2.66798 0.00999928
    endloop
  endfacet
  facet normal 0.555582 0.831462 0
    outer loop
      vertex 8.355 -2.58078 0.00999928
      vertex 8.4855 -2.66798 0
      vertex 8.355 -2.58078 0
    endloop
  endfacet
  facet normal 0.659343 0.751842 -0
    outer loop
      vertex 8.60352 -2.77148 0
      vertex 8.4855 -2.66798 0.00999928
      vertex 8.60352 -2.77148 0.00999928
    endloop
  endfacet
  facet normal 0.659343 0.751842 0
    outer loop
      vertex 8.4855 -2.66798 0.00999928
      vertex 8.60352 -2.77148 0
      vertex 8.4855 -2.66798 0
    endloop
  endfacet
  facet normal 0.953792 -0.0625507 0.293885
    outer loop
      vertex 8.95499 -19.13 0.00999928
      vertex 6.80579 -17.1808 7.4
      vertex 8.94472 -19.2866 0.00999928
    endloop
  endfacet
  facet normal 0.95379 -0.0625628 0.293888
    outer loop
      vertex 6.80579 -17.1808 7.4
      vertex 6.79723 -17.3113 7.4
      vertex 8.94472 -19.2866 0.00999928
    endloop
  endfacet
  facet normal 0.773885 -0.517109 0.365651
    outer loop
      vertex 8.79422 -19.73 0.00999928
      vertex 6.67181 -17.6808 7.4
      vertex 8.70702 -19.8605 0.00999928
    endloop
  endfacet
  facet normal 0.838307 -0.413436 0.355404
    outer loop
      vertex 6.72966 -17.5635 7.4
      vertex 6.67181 -17.6808 7.4
      vertex 8.86365 -19.5892 0.00999928
    endloop
  endfacet
  facet normal 0.659343 -0.751842 0
    outer loop
      vertex 8.4855 -20.082 0
      vertex 8.60352 -19.9785 0.00999928
      vertex 8.4855 -20.082 0.00999928
    endloop
  endfacet
  facet normal 0.659343 -0.751842 0
    outer loop
      vertex 8.60352 -19.9785 0.00999928
      vertex 8.4855 -20.082 0
      vertex 8.60352 -19.9785 0
    endloop
  endfacet
  facet normal 0.612184 -0.698401 0.370766
    outer loop
      vertex 6.51289 -17.8879 7.4
      vertex 6.41455 -17.9741 7.4
      vertex 8.4855 -20.082 0.00999928
    endloop
  endfacet
  facet normal 0.44211 -0.896961 0
    outer loop
      vertex 8.2142 -20.2386 0
      vertex 8.355 -20.1692 0.00999928
      vertex 8.2142 -20.2386 0.00999928
    endloop
  endfacet
  facet normal 0.44211 -0.896961 0
    outer loop
      vertex 8.355 -20.1692 0.00999928
      vertex 8.2142 -20.2386 0
      vertex 8.355 -20.1692 0
    endloop
  endfacet
  facet normal 0.321707 -0.946839 0
    outer loop
      vertex 8.06557 -20.2891 0
      vertex 8.2142 -20.2386 0.00999928
      vertex 8.06557 -20.2891 0.00999928
    endloop
  endfacet
  facet normal 0.321707 -0.946839 0
    outer loop
      vertex 8.2142 -20.2386 0.00999928
      vertex 8.06557 -20.2891 0
      vertex 8.2142 -20.2386 0
    endloop
  endfacet
  facet normal 0.413691 -0.838172 0.355426
    outer loop
      vertex 6.30579 -18.0468 7.4
      vertex 6.18848 -18.1047 7.4
      vertex 8.2142 -20.2386 0.00999928
    endloop
  endfacet
  facet normal 0.980776 0.195136 0
    outer loop
      vertex 8.94472 -3.46338 0.00999928
      vertex 8.91409 -3.30943 0
      vertex 8.91409 -3.30943 0.00999928
    endloop
  endfacet
  facet normal 0.980776 0.195136 0
    outer loop
      vertex 8.91409 -3.30943 0
      vertex 8.94472 -3.46338 0.00999928
      vertex 8.94472 -3.46338 0
    endloop
  endfacet
  facet normal 0.929384 0.184863 0.319486
    outer loop
      vertex 8.94472 -3.46338 0.00999928
      vertex 6.77171 -5.31039 7.4
      vertex 6.79723 -5.43869 7.4
    endloop
  endfacet
  facet normal 0.773884 0.517109 0.365652
    outer loop
      vertex 8.70702 -2.8895 0.00999928
      vertex 6.67181 -5.06921 7.4
      vertex 8.79422 -3.02 0.00999928
    endloop
  endfacet
  facet normal 0.773896 0.517093 0.36565
    outer loop
      vertex 8.70702 -2.8895 0.00999928
      vertex 6.59914 -4.96045 7.4
      vertex 6.67181 -5.06921 7.4
    endloop
  endfacet
  facet normal 0.831462 0.555582 0
    outer loop
      vertex 8.79422 -3.02 0.00999928
      vertex 8.70702 -2.8895 0
      vertex 8.70702 -2.8895 0.00999928
    endloop
  endfacet
  facet normal 0.831462 0.555582 0
    outer loop
      vertex 8.70702 -2.8895 0
      vertex 8.79422 -3.02 0.00999928
      vertex 8.79422 -3.02 0
    endloop
  endfacet
  facet normal 0.896885 0.442264 0
    outer loop
      vertex 8.86365 -3.1608 0.00999928
      vertex 8.79422 -3.02 0
      vertex 8.79422 -3.02 0.00999928
    endloop
  endfacet
  facet normal 0.896885 0.442264 0
    outer loop
      vertex 8.79422 -3.02 0
      vertex 8.86365 -3.1608 0.00999928
      vertex 8.86365 -3.1608 0
    endloop
  endfacet
  facet normal -0.184863 0.929384 0.319486
    outer loop
      vertex -5.93631 -4.57777 7.4
      vertex -7.91162 -2.43028 0.00999928
      vertex -6.06461 -4.60329 7.4
    endloop
  endfacet
  facet normal -0.0625533 0.953791 0.293886
    outer loop
      vertex -5.80579 -4.56921 7.4
      vertex -7.91162 -2.43028 0.00999928
      vertex -5.93631 -4.57777 7.4
    endloop
  endfacet
  facet normal -0.997857 0.065428 0
    outer loop
      vertex -8.95499 -3.62001 0
      vertex -8.94472 -3.46338 0.00999928
      vertex -8.94472 -3.46338 0
    endloop
  endfacet
  facet normal -0.997857 0.065428 0
    outer loop
      vertex -8.94472 -3.46338 0.00999928
      vertex -8.95499 -3.62001 0
      vertex -8.95499 -3.62001 0.00999928
    endloop
  endfacet
  facet normal -0.838322 0.413408 0.355402
    outer loop
      vertex -6.67181 -5.06921 7.4
      vertex -8.86365 -3.1608 0.00999928
      vertex -6.72966 -5.18652 7.4
    endloop
  endfacet
  facet normal -0.659343 0.751842 0
    outer loop
      vertex -8.4855 -2.66798 0
      vertex -8.60352 -2.77148 0.00999928
      vertex -8.4855 -2.66798 0.00999928
    endloop
  endfacet
  facet normal -0.659343 0.751842 0
    outer loop
      vertex -8.60352 -2.77148 0.00999928
      vertex -8.4855 -2.66798 0
      vertex -8.60352 -2.77148 0
    endloop
  endfacet
  facet normal -0.442264 0.896885 0
    outer loop
      vertex -8.2142 -2.51135 0
      vertex -8.355 -2.58078 0.00999928
      vertex -8.2142 -2.51135 0.00999928
    endloop
  endfacet
  facet normal -0.442264 0.896885 0
    outer loop
      vertex -8.355 -2.58078 0.00999928
      vertex -8.2142 -2.51135 0
      vertex -8.355 -2.58078 0
    endloop
  endfacet
  facet normal -0.302219 0.890541 0.340001
    outer loop
      vertex -8.06557 -2.46091 0.00999928
      vertex -8.2142 -2.51135 0.00999928
      vertex -6.06461 -4.60329 7.4
    endloop
  endfacet
  facet normal -0.980788 -0.195075 0
    outer loop
      vertex -8.91409 -19.4406 0
      vertex -8.94472 -19.2866 0.00999928
      vertex -8.94472 -19.2866 0
    endloop
  endfacet
  facet normal -0.980788 -0.195075 0
    outer loop
      vertex -8.94472 -19.2866 0.00999928
      vertex -8.91409 -19.4406 0
      vertex -8.91409 -19.4406 0.00999928
    endloop
  endfacet
  facet normal -0.946936 -0.321423 0
    outer loop
      vertex -8.86365 -19.5892 0
      vertex -8.91409 -19.4406 0.00999928
      vertex -8.91409 -19.4406 0
    endloop
  endfacet
  facet normal -0.946936 -0.321423 0
    outer loop
      vertex -8.91409 -19.4406 0.00999928
      vertex -8.86365 -19.5892 0
      vertex -8.86365 -19.5892 0.00999928
    endloop
  endfacet
  facet normal -0.929387 -0.184851 0.319484
    outer loop
      vertex -6.77171 -17.4396 7.4
      vertex -8.94472 -19.2866 0.00999928
      vertex -8.91409 -19.4406 0.00999928
    endloop
  endfacet
  facet normal -0.890519 -0.302273 0.340011
    outer loop
      vertex -6.77171 -17.4396 7.4
      vertex -8.91409 -19.4406 0.00999928
      vertex -8.86365 -19.5892 0.00999928
    endloop
  endfacet
  facet normal -0.773885 -0.517109 0.365651
    outer loop
      vertex -6.67181 -17.6808 7.4
      vertex -8.79422 -19.73 0.00999928
      vertex -8.70702 -19.8605 0.00999928
    endloop
  endfacet
  facet normal -0.773988 -0.516964 0.365637
    outer loop
      vertex -6.67181 -17.6808 7.4
      vertex -8.70702 -19.8605 0.00999928
      vertex -6.59914 -17.7896 7.4
    endloop
  endfacet
  facet normal 0.195136 0.980776 -0
    outer loop
      vertex 8.06557 -2.46091 0
      vertex 7.91162 -2.43028 0.00999928
      vertex 8.06557 -2.46091 0.00999928
    endloop
  endfacet
  facet normal 0.195136 0.980776 0
    outer loop
      vertex 7.91162 -2.43028 0.00999928
      vertex 8.06557 -2.46091 0
      vertex 7.91162 -2.43028 0
    endloop
  endfacet
  facet normal 0.321365 0.946956 -0
    outer loop
      vertex 8.2142 -2.51135 0
      vertex 8.06557 -2.46091 0.00999928
      vertex 8.2142 -2.51135 0.00999928
    endloop
  endfacet
  facet normal 0.321365 0.946956 0
    outer loop
      vertex 8.06557 -2.46091 0.00999928
      vertex 8.2142 -2.51135 0
      vertex 8.06557 -2.46091 0
    endloop
  endfacet
  facet normal 0.838331 -0.41339 0.355399
    outer loop
      vertex 8.86365 -19.5892 0.00999928
      vertex 6.67181 -17.6808 7.4
      vertex 8.79422 -19.73 0.00999928
    endloop
  endfacet
  facet normal 0.929384 -0.184863 0.319486
    outer loop
      vertex 6.79723 -17.3113 7.4
      vertex 6.77171 -17.4396 7.4
      vertex 8.94472 -19.2866 0.00999928
    endloop
  endfacet
  facet normal 0.896885 -0.442264 0
    outer loop
      vertex 8.79422 -19.73 0.00999928
      vertex 8.86365 -19.5892 0
      vertex 8.86365 -19.5892 0.00999928
    endloop
  endfacet
  facet normal 0.896885 -0.442264 0
    outer loop
      vertex 8.86365 -19.5892 0
      vertex 8.79422 -19.73 0.00999928
      vertex 8.79422 -19.73 0
    endloop
  endfacet
  facet normal 0.612349 -0.698255 0.370767
    outer loop
      vertex 8.60352 -19.9785 0.00999928
      vertex 6.51289 -17.8879 7.4
      vertex 8.4855 -20.082 0.00999928
    endloop
  endfacet
  facet normal 0.698203 -0.612407 0.370769
    outer loop
      vertex 8.70702 -19.8605 0.00999928
      vertex 6.51289 -17.8879 7.4
      vertex 8.60352 -19.9785 0.00999928
    endloop
  endfacet
  facet normal -0.184909 0.929372 0.319494
    outer loop
      vertex -7.91162 -2.43028 0.00999928
      vertex -8.06557 -2.46091 0.00999928
      vertex -6.06461 -4.60329 7.4
    endloop
  endfacet
  facet normal -0.929384 0.184863 0.319486
    outer loop
      vertex -6.77171 -5.31039 7.4
      vertex -8.94472 -3.46338 0.00999928
      vertex -6.79723 -5.43869 7.4
    endloop
  endfacet
  facet normal -0.773884 0.517109 0.365652
    outer loop
      vertex -8.70702 -2.8895 0.00999928
      vertex -8.79422 -3.02 0.00999928
      vertex -6.67181 -5.06921 7.4
    endloop
  endfacet
  facet normal -0.890541 0.302219 0.340001
    outer loop
      vertex -8.86365 -3.1608 0.00999928
      vertex -8.91409 -3.30943 0.00999928
      vertex -6.77171 -5.31039 7.4
    endloop
  endfacet
  facet normal -0.929372 0.184909 0.319494
    outer loop
      vertex -8.91409 -3.30943 0.00999928
      vertex -8.94472 -3.46338 0.00999928
      vertex -6.77171 -5.31039 7.4
    endloop
  endfacet
  facet normal -0.612348 0.698255 0.370769
    outer loop
      vertex -8.4855 -2.66798 0.00999928
      vertex -8.60352 -2.77148 0.00999928
      vertex -6.51289 -4.86211 7.4
    endloop
  endfacet
  facet normal -0.751842 0.659343 0
    outer loop
      vertex -8.70702 -2.8895 0
      vertex -8.60352 -2.77148 0.00999928
      vertex -8.60352 -2.77148 0
    endloop
  endfacet
  facet normal -0.751842 0.659343 0
    outer loop
      vertex -8.60352 -2.77148 0.00999928
      vertex -8.70702 -2.8895 0
      vertex -8.70702 -2.8895 0.00999928
    endloop
  endfacet
  facet normal -0.929384 -0.184863 0.319486
    outer loop
      vertex -6.79723 -17.3113 7.4
      vertex -8.94472 -19.2866 0.00999928
      vertex -6.77171 -17.4396 7.4
    endloop
  endfacet
  facet normal 0.890534 -0.302235 0.340004
    outer loop
      vertex 6.77171 -17.4396 7.4
      vertex 6.72966 -17.5635 7.4
      vertex 8.86365 -19.5892 0.00999928
    endloop
  endfacet
  facet normal 0.890519 -0.302273 0.340011
    outer loop
      vertex 8.91409 -19.4406 0.00999928
      vertex 6.77171 -17.4396 7.4
      vertex 8.86365 -19.5892 0.00999928
    endloop
  endfacet
  facet normal 0.773988 -0.516964 0.365637
    outer loop
      vertex 6.67181 -17.6808 7.4
      vertex 6.59914 -17.7896 7.4
      vertex 8.70702 -19.8605 0.00999928
    endloop
  endfacet
  facet normal -0.321365 0.946956 0
    outer loop
      vertex -8.06557 -2.46091 0
      vertex -8.2142 -2.51135 0.00999928
      vertex -8.06557 -2.46091 0.00999928
    endloop
  endfacet
  facet normal -0.321365 0.946956 0
    outer loop
      vertex -8.2142 -2.51135 0.00999928
      vertex -8.06557 -2.46091 0
      vertex -8.2142 -2.51135 0
    endloop
  endfacet
  facet normal -0.195136 0.980776 0
    outer loop
      vertex -7.91162 -2.43028 0
      vertex -8.06557 -2.46091 0.00999928
      vertex -7.91162 -2.43028 0.00999928
    endloop
  endfacet
  facet normal -0.195136 0.980776 0
    outer loop
      vertex -8.06557 -2.46091 0.00999928
      vertex -7.91162 -2.43028 0
      vertex -8.06557 -2.46091 0
    endloop
  endfacet
  facet normal -0.773896 0.517093 0.36565
    outer loop
      vertex -6.59914 -4.96045 7.4
      vertex -8.70702 -2.8895 0.00999928
      vertex -6.67181 -5.06921 7.4
    endloop
  endfacet
  facet normal -0.698224 0.612384 0.37077
    outer loop
      vertex -6.51289 -4.86211 7.4
      vertex -8.70702 -2.8895 0.00999928
      vertex -6.59914 -4.96045 7.4
    endloop
  endfacet
  facet normal -0.896885 0.442264 0
    outer loop
      vertex -8.86365 -3.1608 0
      vertex -8.79422 -3.02 0.00999928
      vertex -8.79422 -3.02 0
    endloop
  endfacet
  facet normal -0.896885 0.442264 0
    outer loop
      vertex -8.79422 -3.02 0.00999928
      vertex -8.86365 -3.1608 0
      vertex -8.86365 -3.1608 0.00999928
    endloop
  endfacet
  facet normal -0.831462 0.555582 0
    outer loop
      vertex -8.79422 -3.02 0
      vertex -8.70702 -2.8895 0.00999928
      vertex -8.70702 -2.8895 0
    endloop
  endfacet
  facet normal -0.831462 0.555582 0
    outer loop
      vertex -8.70702 -2.8895 0.00999928
      vertex -8.79422 -3.02 0
      vertex -8.79422 -3.02 0.00999928
    endloop
  endfacet
  facet normal -0.838331 0.41339 0.3554
    outer loop
      vertex -8.79422 -3.02 0.00999928
      vertex -8.86365 -3.1608 0.00999928
      vertex -6.67181 -5.06921 7.4
    endloop
  endfacet
  facet normal -0.890508 0.3023 0.340015
    outer loop
      vertex -6.72966 -5.18652 7.4
      vertex -8.86365 -3.1608 0.00999928
      vertex -6.77171 -5.31039 7.4
    endloop
  endfacet
  facet normal -0.980776 0.195136 0
    outer loop
      vertex -8.94472 -3.46338 0
      vertex -8.91409 -3.30943 0.00999928
      vertex -8.91409 -3.30943 0
    endloop
  endfacet
  facet normal -0.980776 0.195136 0
    outer loop
      vertex -8.91409 -3.30943 0.00999928
      vertex -8.94472 -3.46338 0
      vertex -8.94472 -3.46338 0.00999928
    endloop
  endfacet
  facet normal -0.946956 0.321365 0
    outer loop
      vertex -8.91409 -3.30943 0
      vertex -8.86365 -3.1608 0.00999928
      vertex -8.86365 -3.1608 0
    endloop
  endfacet
  facet normal -0.946956 0.321365 0
    outer loop
      vertex -8.86365 -3.1608 0.00999928
      vertex -8.91409 -3.30943 0
      vertex -8.91409 -3.30943 0.00999928
    endloop
  endfacet
  facet normal -0.953791 0.0625533 0.293886
    outer loop
      vertex -6.79723 -5.43869 7.4
      vertex -8.94472 -3.46338 0.00999928
      vertex -6.80579 -5.56921 7.4
    endloop
  endfacet
  facet normal -0.301972 0.890638 -0.339965
    outer loop
      vertex 4.81194 -16.6199 7.4
      vertex 6.71381 -18.7959 0.00999928
      vertex 4.71284 -16.6535 7.4
    endloop
  endfacet
  facet normal -0.19494 0.980815 0
    outer loop
      vertex 6.71381 -18.7959 0
      vertex 6.58551 -18.8214 0.00999928
      vertex 6.71381 -18.7959 0.00999928
    endloop
  endfacet
  facet normal -0.19494 0.980815 0
    outer loop
      vertex 6.58551 -18.8214 0.00999928
      vertex 6.71381 -18.7959 0
      vertex 6.58551 -18.8214 0
    endloop
  endfacet
  facet normal -0.997856 -0.0654432 0
    outer loop
      vertex 7.45499 -4.92001 0
      vertex 7.44643 -4.78949 0.00999928
      vertex 7.44643 -4.78949 0
    endloop
  endfacet
  facet normal -0.997856 -0.0654432 0
    outer loop
      vertex 7.44643 -4.78949 0.00999928
      vertex 7.45499 -4.92001 0
      vertex 7.45499 -4.92001 0.00999928
    endloop
  endfacet
  facet normal -0.321109 0.947042 0
    outer loop
      vertex 6.83768 -18.7539 0
      vertex 6.71381 -18.7959 0.00999928
      vertex 6.83768 -18.7539 0.00999928
    endloop
  endfacet
  facet normal -0.321109 0.947042 0
    outer loop
      vertex 6.71381 -18.7959 0.00999928
      vertex 6.83768 -18.7539 0
      vertex 6.71381 -18.7959 0
    endloop
  endfacet
  facet normal -0.0657477 0.997836 0
    outer loop
      vertex 6.58551 -18.8214 0
      vertex 6.45499 -18.83 0.00999928
      vertex 6.58551 -18.8214 0.00999928
    endloop
  endfacet
  facet normal -0.0657477 0.997836 0
    outer loop
      vertex 6.45499 -18.83 0.00999928
      vertex 6.58551 -18.8214 0
      vertex 6.45499 -18.83 0
    endloop
  endfacet
  facet normal -0.184725 0.92942 -0.319461
    outer loop
      vertex 6.71381 -18.7959 0.00999928
      vertex 6.58551 -18.8214 0.00999928
      vertex 4.6102 -16.6739 7.4
    endloop
  endfacet
  facet normal 0 -0.960217 -0.279254
    outer loop
      vertex -4.50578 -6.06921 7.4
      vertex -0.4 -4.73142 2.8
      vertex 4.50578 -6.06921 7.4
    endloop
  endfacet
  facet normal -1.24428e-06 -0.960217 -0.279255
    outer loop
      vertex -6.45499 -3.92001 0.00999928
      vertex -0.4 -4.73142 2.8
      vertex -4.50578 -6.06921 7.4
    endloop
  endfacet
  facet normal 0 -0.960216 -0.279259
    outer loop
      vertex -0.4 -4.49876 2
      vertex -6.45499 -3.92001 0.00999928
      vertex 0.4 -4.49876 2
    endloop
  endfacet
  facet normal -1.2751e-06 -0.960217 -0.279255
    outer loop
      vertex -0.4 -4.73142 2.8
      vertex -6.45499 -3.92001 0.00999928
      vertex -0.4 -4.49876 2
    endloop
  endfacet
  facet normal -0 -0.960217 -0.279254
    outer loop
      vertex 0.4 -4.73142 2.8
      vertex 4.50578 -6.06921 7.4
      vertex -0.4 -4.73142 2.8
    endloop
  endfacet
  facet normal 1.2751e-06 -0.960217 -0.279255
    outer loop
      vertex 6.45499 -3.92001 0.00999928
      vertex 0.4 -4.73142 2.8
      vertex 0.4 -4.49876 2
    endloop
  endfacet
  facet normal 1.24428e-06 -0.960217 -0.279255
    outer loop
      vertex 0.4 -4.73142 2.8
      vertex 6.45499 -3.92001 0.00999928
      vertex 4.50578 -6.06921 7.4
    endloop
  endfacet
  facet normal -0 -0.960216 -0.279259
    outer loop
      vertex 6.45499 -3.92001 0.00999928
      vertex 0.4 -4.49876 2
      vertex -6.45499 -3.92001 0.00999928
    endloop
  endfacet
  facet normal 0.698333 0.612262 -0.370764
    outer loop
      vertex -5.14047 -16.3678 7.4
      vertex -5.07147 -16.4465 7.4
      vertex -7.16209 -18.5371 0.00999928
    endloop
  endfacet
  facet normal -0.953791 -0.0625533 -0.293886
    outer loop
      vertex 7.44643 -4.78949 0.00999928
      vertex 7.45499 -4.92001 0.00999928
      vertex 5.30579 -6.86922 7.4
    endloop
  endfacet
  facet normal -0.612393 0.698217 -0.370768
    outer loop
      vertex 5.07147 -16.4465 7.4
      vertex 7.16209 -18.5371 0.00999928
      vertex 4.9928 -16.5155 7.4
    endloop
  endfacet
  facet normal -0.980786 0.195087 0
    outer loop
      vertex 7.42091 -18.0888 0
      vertex 7.44643 -17.9605 0.00999928
      vertex 7.44643 -17.9605 0
    endloop
  endfacet
  facet normal -0.980786 0.195087 0
    outer loop
      vertex 7.44643 -17.9605 0.00999928
      vertex 7.42091 -18.0888 0
      vertex 7.42091 -18.0888 0.00999928
    endloop
  endfacet
  facet normal -0.0630216 0.953727 -0.293994
    outer loop
      vertex 4.6102 -16.6739 7.4
      vertex 6.58551 -18.8214 0.00999928
      vertex 4.50578 -16.6808 7.4
    endloop
  endfacet
  facet normal 0.612186 0.698403 -0.370758
    outer loop
      vertex -4.9928 -16.5155 7.4
      vertex -7.06375 -18.6233 0.00999928
      vertex -7.16209 -18.5371 0.00999928
    endloop
  endfacet
  facet normal 0.960217 0 -0.279254
    outer loop
      vertex -5.30579 -6.86922 7.4
      vertex -6.64358 -11.775 2.8
      vertex -6.64358 -10.975 2.8
    endloop
  endfacet
  facet normal 0.960217 -1.24428e-06 -0.279255
    outer loop
      vertex -7.45499 -17.83 0.00999928
      vertex -6.64358 -11.775 2.8
      vertex -5.30579 -15.8808 7.4
    endloop
  endfacet
  facet normal 0.960217 0 -0.279254
    outer loop
      vertex -5.30579 -15.8808 7.4
      vertex -6.64358 -11.775 2.8
      vertex -5.30579 -6.86922 7.4
    endloop
  endfacet
  facet normal 0.960217 1.24428e-06 -0.279255
    outer loop
      vertex -6.64358 -10.975 2.8
      vertex -7.45499 -4.92001 0.00999928
      vertex -5.30579 -6.86922 7.4
    endloop
  endfacet
  facet normal 0.960217 1.2751e-06 -0.279255
    outer loop
      vertex -6.87624 -10.975 2
      vertex -7.45499 -4.92001 0.00999928
      vertex -6.64358 -10.975 2.8
    endloop
  endfacet
  facet normal 0.960216 0 -0.279259
    outer loop
      vertex -6.87624 -11.775 2
      vertex -7.45499 -4.92001 0.00999928
      vertex -6.87624 -10.975 2
    endloop
  endfacet
  facet normal 0.960216 0 -0.279259
    outer loop
      vertex -6.87624 -11.775 2
      vertex -7.45499 -17.83 0.00999928
      vertex -7.45499 -4.92001 0.00999928
    endloop
  endfacet
  facet normal 0.960217 -1.2751e-06 -0.279255
    outer loop
      vertex -6.64358 -11.775 2.8
      vertex -7.45499 -17.83 0.00999928
      vertex -6.87624 -11.775 2
    endloop
  endfacet
  facet normal -0.30221 -0.890544 -0.340001
    outer loop
      vertex 6.71381 -3.95409 0.00999928
      vertex 4.81194 -6.13011 7.4
      vertex 4.71284 -6.09648 7.4
    endloop
  endfacet
  facet normal 0 -1 0
    outer loop
      vertex -6.45499 -3.92001 0
      vertex 6.45499 -3.92001 0.00999928
      vertex -6.45499 -3.92001 0.00999928
    endloop
  endfacet
  facet normal 0 -1 -0
    outer loop
      vertex 6.45499 -3.92001 0.00999928
      vertex -6.45499 -3.92001 0
      vertex 6.45499 -3.92001 0
    endloop
  endfacet
  facet normal 1 -0 0
    outer loop
      vertex -7.45499 -17.83 0.00999928
      vertex -7.45499 -4.92001 0
      vertex -7.45499 -4.92001 0.00999928
    endloop
  endfacet
  facet normal 1 0 0
    outer loop
      vertex -7.45499 -4.92001 0
      vertex -7.45499 -17.83 0.00999928
      vertex -7.45499 -17.83 0
    endloop
  endfacet
  facet normal -1 0 0
    outer loop
      vertex 7.45499 -17.83 0
      vertex 7.45499 -4.92001 0.00999928
      vertex 7.45499 -4.92001 0
    endloop
  endfacet
  facet normal -1 -0 0
    outer loop
      vertex 7.45499 -4.92001 0.00999928
      vertex 7.45499 -17.83 0
      vertex 7.45499 -17.83 0.00999928
    endloop
  endfacet
  facet normal -0.95379 0.0625628 -0.293888
    outer loop
      vertex 7.45499 -17.83 0.00999928
      vertex 7.44643 -17.9605 0.00999928
      vertex 5.30579 -15.8808 7.4
    endloop
  endfacet
  facet normal -0.960217 1.2751e-06 -0.279255
    outer loop
      vertex 6.64358 -10.975 2.8
      vertex 7.45499 -4.92001 0.00999928
      vertex 6.87624 -10.975 2
    endloop
  endfacet
  facet normal -0.960216 0 -0.279259
    outer loop
      vertex 7.45499 -4.92001 0.00999928
      vertex 6.87624 -11.775 2
      vertex 6.87624 -10.975 2
    endloop
  endfacet
  facet normal -0.960217 -1.2751e-06 -0.279255
    outer loop
      vertex 7.45499 -17.83 0.00999928
      vertex 6.64358 -11.775 2.8
      vertex 6.87624 -11.775 2
    endloop
  endfacet
  facet normal -0.960217 -1.24428e-06 -0.279255
    outer loop
      vertex 6.64358 -11.775 2.8
      vertex 7.45499 -17.83 0.00999928
      vertex 5.30579 -15.8808 7.4
    endloop
  endfacet
  facet normal -0.960216 0 -0.279259
    outer loop
      vertex 7.45499 -17.83 0.00999928
      vertex 6.87624 -11.775 2
      vertex 7.45499 -4.92001 0.00999928
    endloop
  endfacet
  facet normal -0.960217 1.24428e-06 -0.279255
    outer loop
      vertex 7.45499 -4.92001 0.00999928
      vertex 6.64358 -10.975 2.8
      vertex 5.30579 -6.86922 7.4
    endloop
  endfacet
  facet normal -0.960217 0 -0.279254
    outer loop
      vertex 6.64358 -11.775 2.8
      vertex 5.30579 -6.86922 7.4
      vertex 6.64358 -10.975 2.8
    endloop
  endfacet
  facet normal -0.960217 -0 -0.279254
    outer loop
      vertex 5.30579 -6.86922 7.4
      vertex 6.64358 -11.775 2.8
      vertex 5.30579 -15.8808 7.4
    endloop
  endfacet
  facet normal -0.3023 -0.890509 -0.340013
    outer loop
      vertex 6.71381 -3.95409 0.00999928
      vertex 6.83768 -3.99614 0.00999928
      vertex 4.81194 -6.13011 7.4
    endloop
  endfacet
  facet normal -0.953775 0.0626714 -0.293914
    outer loop
      vertex 5.30579 -15.8808 7.4
      vertex 7.44643 -17.9605 0.00999928
      vertex 5.29893 -15.9852 7.4
    endloop
  endfacet
  facet normal -0.890534 0.302235 -0.340005
    outer loop
      vertex 7.42091 -18.0888 0.00999928
      vertex 7.37886 -18.2127 0.00999928
      vertex 5.24489 -16.1869 7.4
    endloop
  endfacet
  facet normal -0.41369 0.838168 -0.355437
    outer loop
      vertex 6.95499 -18.696 0.00999928
      vertex 6.83768 -18.7539 0.00999928
      vertex 4.81194 -16.6199 7.4
    endloop
  endfacet
  facet normal -0.062843 0.953752 -0.293951
    outer loop
      vertex 6.58551 -18.8214 0.00999928
      vertex 6.45499 -18.83 0.00999928
      vertex 4.50578 -16.6808 7.4
    endloop
  endfacet
  facet normal 0.659165 0.751998 -0
    outer loop
      vertex -7.06375 -18.6233 0
      vertex -7.16209 -18.5371 0.00999928
      vertex -7.06375 -18.6233 0.00999928
    endloop
  endfacet
  facet normal 0.659165 0.751998 0
    outer loop
      vertex -7.16209 -18.5371 0.00999928
      vertex -7.06375 -18.6233 0
      vertex -7.16209 -18.5371 0
    endloop
  endfacet
  facet normal 0.0625533 -0.953791 -0.293886
    outer loop
      vertex -6.45499 -3.92001 0.00999928
      vertex -4.50578 -6.06921 7.4
      vertex -6.58551 -3.92857 0.00999928
    endloop
  endfacet
  facet normal -0.0625533 -0.953791 -0.293886
    outer loop
      vertex 6.45499 -3.92001 0.00999928
      vertex 6.58551 -3.92857 0.00999928
      vertex 4.50578 -6.06921 7.4
    endloop
  endfacet
  facet normal 0.0654432 -0.997856 0
    outer loop
      vertex -6.58551 -3.92857 0
      vertex -6.45499 -3.92001 0.00999928
      vertex -6.58551 -3.92857 0.00999928
    endloop
  endfacet
  facet normal 0.0654432 -0.997856 0
    outer loop
      vertex -6.45499 -3.92001 0.00999928
      vertex -6.58551 -3.92857 0
      vertex -6.45499 -3.92001 0
    endloop
  endfacet
  facet normal 0.773896 -0.517093 -0.365649
    outer loop
      vertex -7.24834 -4.31125 0.00999928
      vertex -5.14047 -6.3822 7.4
      vertex -7.32101 -4.42001 0.00999928
    endloop
  endfacet
  facet normal 0.946926 -0.321452 0
    outer loop
      vertex -7.42091 -4.66119 0.00999928
      vertex -7.37886 -4.53732 0
      vertex -7.37886 -4.53732 0.00999928
    endloop
  endfacet
  facet normal 0.946926 -0.321452 0
    outer loop
      vertex -7.37886 -4.53732 0
      vertex -7.42091 -4.66119 0.00999928
      vertex -7.42091 -4.66119 0
    endloop
  endfacet
  facet normal 0.94695 0.321382 0
    outer loop
      vertex -7.37886 -18.2127 0.00999928
      vertex -7.42091 -18.0888 0
      vertex -7.42091 -18.0888 0.00999928
    endloop
  endfacet
  facet normal 0.94695 0.321382 0
    outer loop
      vertex -7.42091 -18.0888 0
      vertex -7.37886 -18.2127 0.00999928
      vertex -7.37886 -18.2127 0
    endloop
  endfacet
  facet normal -0.946926 -0.321452 0
    outer loop
      vertex 7.42091 -4.66119 0
      vertex 7.37886 -4.53732 0.00999928
      vertex 7.37886 -4.53732 0
    endloop
  endfacet
  facet normal -0.946926 -0.321452 0
    outer loop
      vertex 7.37886 -4.53732 0.00999928
      vertex 7.42091 -4.66119 0
      vertex 7.42091 -4.66119 0.00999928
    endloop
  endfacet
  facet normal -0.612384 -0.698224 -0.370769
    outer loop
      vertex 7.06375 -4.12666 0.00999928
      vertex 7.16209 -4.21291 0.00999928
      vertex 4.9928 -6.23453 7.4
    endloop
  endfacet
  facet normal -0.838306 0.413436 -0.355407
    outer loop
      vertex 7.37886 -18.2127 0.00999928
      vertex 7.32101 -18.33 0.00999928
      vertex 5.24489 -16.1869 7.4
    endloop
  endfacet
  facet normal -0.773986 0.516963 -0.365642
    outer loop
      vertex 7.32101 -18.33 0.00999928
      vertex 7.24834 -18.4388 0.00999928
      vertex 5.14047 -16.3678 7.4
    endloop
  endfacet
  facet normal 0 1 -0
    outer loop
      vertex 6.45499 -18.83 0
      vertex -6.45499 -18.83 0.00999928
      vertex 6.45499 -18.83 0.00999928
    endloop
  endfacet
  facet normal 0 1 0
    outer loop
      vertex -6.45499 -18.83 0.00999928
      vertex 6.45499 -18.83 0
      vertex -6.45499 -18.83 0
    endloop
  endfacet
  facet normal -0.184725 0.92942 -0.319461
    outer loop
      vertex 4.71284 -16.6535 7.4
      vertex 6.71381 -18.7959 0.00999928
      vertex 4.6102 -16.6739 7.4
    endloop
  endfacet
  facet normal 0.301983 0.890634 -0.339966
    outer loop
      vertex -4.81194 -16.6199 7.4
      vertex -6.71381 -18.7959 0.00999928
      vertex -6.83768 -18.7539 0.00999928
    endloop
  endfacet
  facet normal 0.062843 0.953752 -0.293951
    outer loop
      vertex -4.50578 -16.6808 7.4
      vertex -6.45499 -18.83 0.00999928
      vertex -6.58551 -18.8214 0.00999928
    endloop
  endfacet
  facet normal 0.890534 0.302235 -0.340005
    outer loop
      vertex -5.24489 -16.1869 7.4
      vertex -7.37886 -18.2127 0.00999928
      vertex -7.42091 -18.0888 0.00999928
    endloop
  endfacet
  facet normal 0.41369 0.838168 -0.355437
    outer loop
      vertex -4.81194 -16.6199 7.4
      vertex -6.83768 -18.7539 0.00999928
      vertex -6.95499 -18.696 0.00999928
    endloop
  endfacet
  facet normal 0.51724 0.773796 -0.365654
    outer loop
      vertex -4.9928 -16.5155 7.4
      vertex -6.95499 -18.696 0.00999928
      vertex -7.06375 -18.6233 0.00999928
    endloop
  endfacet
  facet normal 0.0626595 -0.953777 -0.293912
    outer loop
      vertex -4.50578 -6.06921 7.4
      vertex -4.6102 -6.07607 7.4
      vertex -6.58551 -3.92857 0.00999928
    endloop
  endfacet
  facet normal -0.0626595 -0.953777 -0.293912
    outer loop
      vertex 6.58551 -3.92857 0.00999928
      vertex 4.6102 -6.07607 7.4
      vertex 4.50578 -6.06921 7.4
    endloop
  endfacet
  facet normal -0.321452 -0.946926 0
    outer loop
      vertex 6.71381 -3.95409 0
      vertex 6.83768 -3.99614 0.00999928
      vertex 6.71381 -3.95409 0.00999928
    endloop
  endfacet
  facet normal -0.321452 -0.946926 -0
    outer loop
      vertex 6.83768 -3.99614 0.00999928
      vertex 6.71381 -3.95409 0
      vertex 6.83768 -3.99614 0
    endloop
  endfacet
  facet normal -0.195087 -0.980786 0
    outer loop
      vertex 6.58551 -3.92857 0
      vertex 6.71381 -3.95409 0.00999928
      vertex 6.58551 -3.92857 0.00999928
    endloop
  endfacet
  facet normal -0.195087 -0.980786 -0
    outer loop
      vertex 6.71381 -3.95409 0.00999928
      vertex 6.58551 -3.92857 0
      vertex 6.71381 -3.95409 0
    endloop
  endfacet
  facet normal 0.838306 0.413436 -0.355407
    outer loop
      vertex -5.24489 -16.1869 7.4
      vertex -7.32101 -18.33 0.00999928
      vertex -7.37886 -18.2127 0.00999928
    endloop
  endfacet
  facet normal 0.953775 0.0626714 -0.293914
    outer loop
      vertex -5.30579 -15.8808 7.4
      vertex -5.29893 -15.9852 7.4
      vertex -7.44643 -17.9605 0.00999928
    endloop
  endfacet
  facet normal -0.698098 0.612523 -0.370776
    outer loop
      vertex 7.24834 -18.4388 0.00999928
      vertex 7.16209 -18.5371 0.00999928
      vertex 5.14047 -16.3678 7.4
    endloop
  endfacet
  facet normal -0.751676 0.659533 0
    outer loop
      vertex 7.16209 -18.5371 0
      vertex 7.24834 -18.4388 0.00999928
      vertex 7.24834 -18.4388 0
    endloop
  endfacet
  facet normal -0.751676 0.659533 0
    outer loop
      vertex 7.24834 -18.4388 0.00999928
      vertex 7.16209 -18.5371 0
      vertex 7.16209 -18.5371 0.00999928
    endloop
  endfacet
  facet normal -0.698224 -0.612384 -0.370769
    outer loop
      vertex 7.16209 -4.21291 0.00999928
      vertex 7.24834 -4.31125 0.00999928
      vertex 5.14047 -6.3822 7.4
    endloop
  endfacet
  facet normal -0.773896 -0.517093 -0.365649
    outer loop
      vertex 7.24834 -4.31125 0.00999928
      vertex 7.32101 -4.42001 0.00999928
      vertex 5.14047 -6.3822 7.4
    endloop
  endfacet
  facet normal -0.831474 -0.555564 0
    outer loop
      vertex 7.32101 -4.42001 0
      vertex 7.24834 -4.31125 0.00999928
      vertex 7.24834 -4.31125 0
    endloop
  endfacet
  facet normal -0.831474 -0.555564 0
    outer loop
      vertex 7.24834 -4.31125 0.00999928
      vertex 7.32101 -4.42001 0
      vertex 7.32101 -4.42001 0.00999928
    endloop
  endfacet
  facet normal -0.890509 -0.3023 -0.340013
    outer loop
      vertex 7.37886 -4.53732 0.00999928
      vertex 7.42091 -4.66119 0.00999928
      vertex 5.24489 -6.56306 7.4
    endloop
  endfacet
  facet normal -0.659381 -0.751809 0
    outer loop
      vertex 7.06375 -4.12666 0
      vertex 7.16209 -4.21291 0.00999928
      vertex 7.06375 -4.12666 0.00999928
    endloop
  endfacet
  facet normal -0.659381 -0.751809 -0
    outer loop
      vertex 7.16209 -4.21291 0.00999928
      vertex 7.06375 -4.12666 0
      vertex 7.16209 -4.21291 0
    endloop
  endfacet
  facet normal -0.517093 -0.773896 -0.365649
    outer loop
      vertex 6.95499 -4.05399 0.00999928
      vertex 7.06375 -4.12666 0.00999928
      vertex 4.9928 -6.23453 7.4
    endloop
  endfacet
  facet normal -0.997856 0.0654532 0
    outer loop
      vertex 7.44643 -17.9605 0
      vertex 7.45499 -17.83 0.00999928
      vertex 7.45499 -17.83 0
    endloop
  endfacet
  facet normal -0.997856 0.0654532 0
    outer loop
      vertex 7.45499 -17.83 0.00999928
      vertex 7.44643 -17.9605 0
      vertex 7.44643 -17.9605 0.00999928
    endloop
  endfacet
  facet normal 0.413577 0.83823 -0.355422
    outer loop
      vertex -4.90578 -16.5736 7.4
      vertex -4.81194 -16.6199 7.4
      vertex -6.95499 -18.696 0.00999928
    endloop
  endfacet
  facet normal 0.442591 0.896724 -0
    outer loop
      vertex -6.83768 -18.7539 0
      vertex -6.95499 -18.696 0.00999928
      vertex -6.83768 -18.7539 0.00999928
    endloop
  endfacet
  facet normal 0.442591 0.896724 0
    outer loop
      vertex -6.95499 -18.696 0.00999928
      vertex -6.83768 -18.7539 0
      vertex -6.95499 -18.696 0
    endloop
  endfacet
  facet normal 0.195087 -0.980786 0
    outer loop
      vertex -6.71381 -3.95409 0
      vertex -6.58551 -3.92857 0.00999928
      vertex -6.71381 -3.95409 0.00999928
    endloop
  endfacet
  facet normal 0.195087 -0.980786 0
    outer loop
      vertex -6.58551 -3.92857 0.00999928
      vertex -6.71381 -3.95409 0
      vertex -6.58551 -3.92857 0
    endloop
  endfacet
  facet normal 0.555564 -0.831474 0
    outer loop
      vertex -7.06375 -4.12666 0
      vertex -6.95499 -4.05399 0.00999928
      vertex -7.06375 -4.12666 0.00999928
    endloop
  endfacet
  facet normal 0.555564 -0.831474 0
    outer loop
      vertex -6.95499 -4.05399 0.00999928
      vertex -7.06375 -4.12666 0
      vertex -6.95499 -4.05399 0
    endloop
  endfacet
  facet normal 0.184863 -0.929383 -0.319487
    outer loop
      vertex -6.58551 -3.92857 0.00999928
      vertex -4.6102 -6.07607 7.4
      vertex -6.71381 -3.95409 0.00999928
    endloop
  endfacet
  facet normal -0.0654432 -0.997856 0
    outer loop
      vertex 6.45499 -3.92001 0
      vertex 6.58551 -3.92857 0.00999928
      vertex 6.45499 -3.92001 0.00999928
    endloop
  endfacet
  facet normal -0.0654432 -0.997856 -0
    outer loop
      vertex 6.58551 -3.92857 0.00999928
      vertex 6.45499 -3.92001 0
      vertex 6.58551 -3.92857 0
    endloop
  endfacet
  facet normal 0.890509 -0.3023 -0.340013
    outer loop
      vertex -7.37886 -4.53732 0.00999928
      vertex -5.24489 -6.56306 7.4
      vertex -7.42091 -4.66119 0.00999928
    endloop
  endfacet
  facet normal 0.953791 -0.0625533 -0.293886
    outer loop
      vertex -7.44643 -4.78949 0.00999928
      vertex -5.30579 -6.86922 7.4
      vertex -7.45499 -4.92001 0.00999928
    endloop
  endfacet
  facet normal 0.773986 0.516963 -0.365642
    outer loop
      vertex -5.14047 -16.3678 7.4
      vertex -7.24834 -18.4388 0.00999928
      vertex -7.32101 -18.33 0.00999928
    endloop
  endfacet
  facet normal 0.89686 0.442314 0
    outer loop
      vertex -7.32101 -18.33 0.00999928
      vertex -7.37886 -18.2127 0
      vertex -7.37886 -18.2127 0.00999928
    endloop
  endfacet
  facet normal 0.89686 0.442314 0
    outer loop
      vertex -7.37886 -18.2127 0
      vertex -7.32101 -18.33 0.00999928
      vertex -7.32101 -18.33 0
    endloop
  endfacet
  facet normal -0.89686 0.442314 0
    outer loop
      vertex 7.32101 -18.33 0
      vertex 7.37886 -18.2127 0.00999928
      vertex 7.37886 -18.2127 0
    endloop
  endfacet
  facet normal -0.89686 0.442314 0
    outer loop
      vertex 7.37886 -18.2127 0.00999928
      vertex 7.32101 -18.33 0
      vertex 7.32101 -18.33 0.00999928
    endloop
  endfacet
  facet normal -0.94695 0.321382 0
    outer loop
      vertex 7.37886 -18.2127 0
      vertex 7.42091 -18.0888 0.00999928
      vertex 7.42091 -18.0888 0
    endloop
  endfacet
  facet normal -0.94695 0.321382 0
    outer loop
      vertex 7.42091 -18.0888 0.00999928
      vertex 7.37886 -18.2127 0
      vertex 7.37886 -18.2127 0.00999928
    endloop
  endfacet
  facet normal -0.890544 0.30221 -0.340002
    outer loop
      vertex 5.27852 -16.0878 7.4
      vertex 7.42091 -18.0888 0.00999928
      vertex 5.24489 -16.1869 7.4
    endloop
  endfacet
  facet normal -0.773857 0.51715 -0.365653
    outer loop
      vertex 5.19861 -16.2808 7.4
      vertex 7.32101 -18.33 0.00999928
      vertex 5.14047 -16.3678 7.4
    endloop
  endfacet
  facet normal -0.83842 0.413228 -0.355379
    outer loop
      vertex 5.24489 -16.1869 7.4
      vertex 7.32101 -18.33 0.00999928
      vertex 5.19861 -16.2808 7.4
    endloop
  endfacet
  facet normal -0.698333 0.612262 -0.370764
    outer loop
      vertex 5.14047 -16.3678 7.4
      vertex 7.16209 -18.5371 0.00999928
      vertex 5.07147 -16.4465 7.4
    endloop
  endfacet
  facet normal -0.301983 0.890634 -0.339966
    outer loop
      vertex 6.83768 -18.7539 0.00999928
      vertex 6.71381 -18.7959 0.00999928
      vertex 4.81194 -16.6199 7.4
    endloop
  endfacet
  facet normal -0.612186 0.698403 -0.370758
    outer loop
      vertex 7.16209 -18.5371 0.00999928
      vertex 7.06375 -18.6233 0.00999928
      vertex 4.9928 -16.5155 7.4
    endloop
  endfacet
  facet normal -0.442591 0.896724 0
    outer loop
      vertex 6.95499 -18.696 0
      vertex 6.83768 -18.7539 0.00999928
      vertex 6.95499 -18.696 0.00999928
    endloop
  endfacet
  facet normal -0.442591 0.896724 0
    outer loop
      vertex 6.83768 -18.7539 0.00999928
      vertex 6.95499 -18.696 0
      vertex 6.83768 -18.7539 0
    endloop
  endfacet
  facet normal -0.659165 0.751998 0
    outer loop
      vertex 7.16209 -18.5371 0
      vertex 7.06375 -18.6233 0.00999928
      vertex 7.16209 -18.5371 0.00999928
    endloop
  endfacet
  facet normal -0.659165 0.751998 0
    outer loop
      vertex 7.06375 -18.6233 0.00999928
      vertex 7.16209 -18.5371 0
      vertex 7.06375 -18.6233 0
    endloop
  endfacet
  facet normal -0.831568 0.555423 0
    outer loop
      vertex 7.24834 -18.4388 0
      vertex 7.32101 -18.33 0.00999928
      vertex 7.32101 -18.33 0
    endloop
  endfacet
  facet normal -0.831568 0.555423 0
    outer loop
      vertex 7.32101 -18.33 0.00999928
      vertex 7.24834 -18.4388 0
      vertex 7.24834 -18.4388 0.00999928
    endloop
  endfacet
  facet normal -0.896875 -0.442283 0
    outer loop
      vertex 7.37886 -4.53732 0
      vertex 7.32101 -4.42001 0.00999928
      vertex 7.32101 -4.42001 0
    endloop
  endfacet
  facet normal -0.896875 -0.442283 0
    outer loop
      vertex 7.32101 -4.42001 0.00999928
      vertex 7.37886 -4.53732 0
      vertex 7.37886 -4.53732 0.00999928
    endloop
  endfacet
  facet normal -0.612392 -0.698216 -0.370769
    outer loop
      vertex 7.16209 -4.21291 0.00999928
      vertex 5.07147 -6.30353 7.4
      vertex 4.9928 -6.23453 7.4
    endloop
  endfacet
  facet normal -0.698216 -0.612392 -0.370769
    outer loop
      vertex 7.16209 -4.21291 0.00999928
      vertex 5.14047 -6.3822 7.4
      vertex 5.07147 -6.30353 7.4
    endloop
  endfacet
  facet normal -0.953777 -0.0626595 -0.293912
    outer loop
      vertex 7.44643 -4.78949 0.00999928
      vertex 5.30579 -6.86922 7.4
      vertex 5.29893 -6.7648 7.4
    endloop
  endfacet
  facet normal -0.184811 -0.929397 -0.319477
    outer loop
      vertex 6.71381 -3.95409 0.00999928
      vertex 4.71284 -6.09648 7.4
      vertex 4.6102 -6.07607 7.4
    endloop
  endfacet
  facet normal -0.184863 -0.929383 -0.319487
    outer loop
      vertex 6.58551 -3.92857 0.00999928
      vertex 6.71381 -3.95409 0.00999928
      vertex 4.6102 -6.07607 7.4
    endloop
  endfacet
  facet normal -0.413408 -0.838322 -0.355401
    outer loop
      vertex 6.83768 -3.99614 0.00999928
      vertex 6.95499 -4.05399 0.00999928
      vertex 4.81194 -6.13011 7.4
    endloop
  endfacet
  facet normal 0.301972 0.890638 -0.339965
    outer loop
      vertex -4.81194 -16.6199 7.4
      vertex -4.71284 -16.6535 7.4
      vertex -6.71381 -18.7959 0.00999928
    endloop
  endfacet
  facet normal 0.184725 0.92942 -0.319461
    outer loop
      vertex -4.71284 -16.6535 7.4
      vertex -4.6102 -16.6739 7.4
      vertex -6.71381 -18.7959 0.00999928
    endloop
  endfacet
  facet normal 0.19494 0.980815 -0
    outer loop
      vertex -6.58551 -18.8214 0
      vertex -6.71381 -18.7959 0.00999928
      vertex -6.58551 -18.8214 0.00999928
    endloop
  endfacet
  facet normal 0.19494 0.980815 0
    outer loop
      vertex -6.71381 -18.7959 0.00999928
      vertex -6.58551 -18.8214 0
      vertex -6.71381 -18.7959 0
    endloop
  endfacet
  facet normal 0.321109 0.947042 -0
    outer loop
      vertex -6.71381 -18.7959 0
      vertex -6.83768 -18.7539 0.00999928
      vertex -6.71381 -18.7959 0.00999928
    endloop
  endfacet
  facet normal 0.321109 0.947042 0
    outer loop
      vertex -6.83768 -18.7539 0.00999928
      vertex -6.71381 -18.7959 0
      vertex -6.83768 -18.7539 0
    endloop
  endfacet
  facet normal 0.0657477 0.997836 -0
    outer loop
      vertex -6.45499 -18.83 0
      vertex -6.58551 -18.8214 0.00999928
      vertex -6.45499 -18.83 0.00999928
    endloop
  endfacet
  facet normal 0.0657477 0.997836 0
    outer loop
      vertex -6.58551 -18.8214 0.00999928
      vertex -6.45499 -18.83 0
      vertex -6.58551 -18.8214 0
    endloop
  endfacet
  facet normal 0 0.960217 -0.279256
    outer loop
      vertex 4.50578 -16.6808 7.4
      vertex 0.4 -18.0186 2.8
      vertex -4.50578 -16.6808 7.4
    endloop
  endfacet
  facet normal -5.60945e-07 0.960217 -0.279256
    outer loop
      vertex 6.45499 -18.83 0.00999928
      vertex 0.4 -18.0186 2.8
      vertex 4.50578 -16.6808 7.4
    endloop
  endfacet
  facet normal 0 0.960209 -0.279281
    outer loop
      vertex 0.4 -18.2512 2
      vertex 6.45499 -18.83 0.00999928
      vertex -0.4 -18.2512 2
    endloop
  endfacet
  facet normal 3.28734e-05 0.960236 -0.279189
    outer loop
      vertex 0.4 -18.0186 2.8
      vertex 6.45499 -18.83 0.00999928
      vertex 0.4 -18.2512 2
    endloop
  endfacet
  facet normal 0 0.960217 -0.279256
    outer loop
      vertex -0.4 -18.0186 2.8
      vertex -4.50578 -16.6808 7.4
      vertex 0.4 -18.0186 2.8
    endloop
  endfacet
  facet normal -3.28734e-05 0.960236 -0.279189
    outer loop
      vertex -6.45499 -18.83 0.00999928
      vertex -0.4 -18.0186 2.8
      vertex -0.4 -18.2512 2
    endloop
  endfacet
  facet normal 5.60945e-07 0.960217 -0.279256
    outer loop
      vertex -0.4 -18.0186 2.8
      vertex -6.45499 -18.83 0.00999928
      vertex -4.50578 -16.6808 7.4
    endloop
  endfacet
  facet normal 0 0.960209 -0.279281
    outer loop
      vertex -6.45499 -18.83 0.00999928
      vertex -0.4 -18.2512 2
      vertex 6.45499 -18.83 0.00999928
    endloop
  endfacet
  facet normal 0.612393 0.698217 -0.370768
    outer loop
      vertex -5.07147 -16.4465 7.4
      vertex -4.9928 -16.5155 7.4
      vertex -7.16209 -18.5371 0.00999928
    endloop
  endfacet
  facet normal 0.555723 0.831368 -0
    outer loop
      vertex -6.95499 -18.696 0
      vertex -7.06375 -18.6233 0.00999928
      vertex -6.95499 -18.696 0.00999928
    endloop
  endfacet
  facet normal 0.555723 0.831368 0
    outer loop
      vertex -7.06375 -18.6233 0.00999928
      vertex -6.95499 -18.696 0
      vertex -7.06375 -18.6233 0
    endloop
  endfacet
  facet normal 0.516827 0.774084 -0.365629
    outer loop
      vertex -4.9928 -16.5155 7.4
      vertex -4.90578 -16.5736 7.4
      vertex -6.95499 -18.696 0.00999928
    endloop
  endfacet
  facet normal 0.517069 -0.773913 -0.365648
    outer loop
      vertex -4.90578 -6.17639 7.4
      vertex -4.9928 -6.23453 7.4
      vertex -6.95499 -4.05399 0.00999928
    endloop
  endfacet
  facet normal 0.773913 -0.517069 -0.365648
    outer loop
      vertex -5.14047 -6.3822 7.4
      vertex -5.19861 -6.46922 7.4
      vertex -7.32101 -4.42001 0.00999928
    endloop
  endfacet
  facet normal 0.953777 -0.0626595 -0.293912
    outer loop
      vertex -5.29893 -6.7648 7.4
      vertex -5.30579 -6.86922 7.4
      vertex -7.44643 -4.78949 0.00999928
    endloop
  endfacet
  facet normal 0.997856 -0.0654432 0
    outer loop
      vertex -7.45499 -4.92001 0.00999928
      vertex -7.44643 -4.78949 0
      vertex -7.44643 -4.78949 0.00999928
    endloop
  endfacet
  facet normal 0.997856 -0.0654432 0
    outer loop
      vertex -7.44643 -4.78949 0
      vertex -7.45499 -4.92001 0.00999928
      vertex -7.45499 -4.92001 0
    endloop
  endfacet
  facet normal 0.980786 -0.195087 0
    outer loop
      vertex -7.44643 -4.78949 0.00999928
      vertex -7.42091 -4.66119 0
      vertex -7.42091 -4.66119 0.00999928
    endloop
  endfacet
  facet normal 0.980786 -0.195087 0
    outer loop
      vertex -7.42091 -4.66119 0
      vertex -7.44643 -4.78949 0.00999928
      vertex -7.44643 -4.78949 0
    endloop
  endfacet
  facet normal 0.83842 0.413228 -0.355379
    outer loop
      vertex -5.24489 -16.1869 7.4
      vertex -5.19861 -16.2808 7.4
      vertex -7.32101 -18.33 0.00999928
    endloop
  endfacet
  facet normal 0.773857 0.51715 -0.365653
    outer loop
      vertex -5.19861 -16.2808 7.4
      vertex -5.14047 -16.3678 7.4
      vertex -7.32101 -18.33 0.00999928
    endloop
  endfacet
  facet normal 0.698098 0.612523 -0.370776
    outer loop
      vertex -5.14047 -16.3678 7.4
      vertex -7.16209 -18.5371 0.00999928
      vertex -7.24834 -18.4388 0.00999928
    endloop
  endfacet
  facet normal 0.751676 0.659533 0
    outer loop
      vertex -7.16209 -18.5371 0.00999928
      vertex -7.24834 -18.4388 0
      vertex -7.24834 -18.4388 0.00999928
    endloop
  endfacet
  facet normal 0.751676 0.659533 0
    outer loop
      vertex -7.24834 -18.4388 0
      vertex -7.16209 -18.5371 0.00999928
      vertex -7.16209 -18.5371 0
    endloop
  endfacet
  facet normal 0.831568 0.555423 0
    outer loop
      vertex -7.24834 -18.4388 0.00999928
      vertex -7.32101 -18.33 0
      vertex -7.32101 -18.33 0.00999928
    endloop
  endfacet
  facet normal 0.831568 0.555423 0
    outer loop
      vertex -7.32101 -18.33 0
      vertex -7.24834 -18.4388 0.00999928
      vertex -7.24834 -18.4388 0
    endloop
  endfacet
  facet normal -0.929379 0.184879 -0.319491
    outer loop
      vertex 5.29893 -15.9852 7.4
      vertex 7.42091 -18.0888 0.00999928
      vertex 5.27852 -16.0878 7.4
    endloop
  endfacet
  facet normal -0.929384 0.184863 -0.319487
    outer loop
      vertex 7.44643 -17.9605 0.00999928
      vertex 7.42091 -18.0888 0.00999928
      vertex 5.29893 -15.9852 7.4
    endloop
  endfacet
  facet normal -0.51724 0.773796 -0.365654
    outer loop
      vertex 7.06375 -18.6233 0.00999928
      vertex 6.95499 -18.696 0.00999928
      vertex 4.9928 -16.5155 7.4
    endloop
  endfacet
  facet normal -0.555723 0.831368 0
    outer loop
      vertex 7.06375 -18.6233 0
      vertex 6.95499 -18.696 0.00999928
      vertex 7.06375 -18.6233 0.00999928
    endloop
  endfacet
  facet normal -0.555723 0.831368 0
    outer loop
      vertex 6.95499 -18.696 0.00999928
      vertex 7.06375 -18.6233 0
      vertex 6.95499 -18.696 0
    endloop
  endfacet
  facet normal -0.413577 0.83823 -0.355422
    outer loop
      vertex 4.90578 -16.5736 7.4
      vertex 6.95499 -18.696 0.00999928
      vertex 4.81194 -16.6199 7.4
    endloop
  endfacet
  facet normal -0.516827 0.774084 -0.365629
    outer loop
      vertex 4.9928 -16.5155 7.4
      vertex 6.95499 -18.696 0.00999928
      vertex 4.90578 -16.5736 7.4
    endloop
  endfacet
  facet normal -0.980786 -0.195087 0
    outer loop
      vertex 7.44643 -4.78949 0
      vertex 7.42091 -4.66119 0.00999928
      vertex 7.42091 -4.66119 0
    endloop
  endfacet
  facet normal -0.980786 -0.195087 0
    outer loop
      vertex 7.42091 -4.66119 0.00999928
      vertex 7.44643 -4.78949 0
      vertex 7.44643 -4.78949 0.00999928
    endloop
  endfacet
  facet normal -0.929383 -0.184863 -0.319487
    outer loop
      vertex 7.42091 -4.66119 0.00999928
      vertex 7.44643 -4.78949 0.00999928
      vertex 5.29893 -6.7648 7.4
    endloop
  endfacet
  facet normal -0.751809 -0.659381 0
    outer loop
      vertex 7.24834 -4.31125 0
      vertex 7.16209 -4.21291 0.00999928
      vertex 7.16209 -4.21291 0
    endloop
  endfacet
  facet normal -0.751809 -0.659381 0
    outer loop
      vertex 7.16209 -4.21291 0.00999928
      vertex 7.24834 -4.31125 0
      vertex 7.24834 -4.31125 0.00999928
    endloop
  endfacet
  facet normal -0.773913 -0.517069 -0.365648
    outer loop
      vertex 7.32101 -4.42001 0.00999928
      vertex 5.19861 -6.46922 7.4
      vertex 5.14047 -6.3822 7.4
    endloop
  endfacet
  facet normal -0.838307 -0.413436 -0.355405
    outer loop
      vertex 7.32101 -4.42001 0.00999928
      vertex 5.24489 -6.56306 7.4
      vertex 5.19861 -6.46922 7.4
    endloop
  endfacet
  facet normal -0.517069 -0.773913 -0.365648
    outer loop
      vertex 6.95499 -4.05399 0.00999928
      vertex 4.9928 -6.23453 7.4
      vertex 4.90578 -6.17639 7.4
    endloop
  endfacet
  facet normal -0.413436 -0.838307 -0.355405
    outer loop
      vertex 6.95499 -4.05399 0.00999928
      vertex 4.90578 -6.17639 7.4
      vertex 4.81194 -6.13011 7.4
    endloop
  endfacet
  facet normal -0.442283 -0.896875 0
    outer loop
      vertex 6.83768 -3.99614 0
      vertex 6.95499 -4.05399 0.00999928
      vertex 6.83768 -3.99614 0.00999928
    endloop
  endfacet
  facet normal -0.442283 -0.896875 -0
    outer loop
      vertex 6.95499 -4.05399 0.00999928
      vertex 6.83768 -3.99614 0
      vertex 6.95499 -4.05399 0
    endloop
  endfacet
  facet normal -0.555564 -0.831474 0
    outer loop
      vertex 6.95499 -4.05399 0
      vertex 7.06375 -4.12666 0.00999928
      vertex 6.95499 -4.05399 0.00999928
    endloop
  endfacet
  facet normal -0.555564 -0.831474 -0
    outer loop
      vertex 7.06375 -4.12666 0.00999928
      vertex 6.95499 -4.05399 0
      vertex 7.06375 -4.12666 0
    endloop
  endfacet
  facet normal 0.184725 0.92942 -0.319461
    outer loop
      vertex -4.6102 -16.6739 7.4
      vertex -6.58551 -18.8214 0.00999928
      vertex -6.71381 -18.7959 0.00999928
    endloop
  endfacet
  facet normal 0.0630216 0.953727 -0.293994
    outer loop
      vertex -4.6102 -16.6739 7.4
      vertex -4.50578 -16.6808 7.4
      vertex -6.58551 -18.8214 0.00999928
    endloop
  endfacet
  facet normal 0.413436 -0.838307 -0.355405
    outer loop
      vertex -4.81194 -6.13011 7.4
      vertex -4.90578 -6.17639 7.4
      vertex -6.95499 -4.05399 0.00999928
    endloop
  endfacet
  facet normal 0.751809 -0.659381 0
    outer loop
      vertex -7.24834 -4.31125 0.00999928
      vertex -7.16209 -4.21291 0
      vertex -7.16209 -4.21291 0.00999928
    endloop
  endfacet
  facet normal 0.751809 -0.659381 0
    outer loop
      vertex -7.16209 -4.21291 0
      vertex -7.24834 -4.31125 0.00999928
      vertex -7.24834 -4.31125 0
    endloop
  endfacet
  facet normal 0.698224 -0.612384 -0.370769
    outer loop
      vertex -7.16209 -4.21291 0.00999928
      vertex -5.14047 -6.3822 7.4
      vertex -7.24834 -4.31125 0.00999928
    endloop
  endfacet
  facet normal 0.831474 -0.555564 0
    outer loop
      vertex -7.32101 -4.42001 0.00999928
      vertex -7.24834 -4.31125 0
      vertex -7.24834 -4.31125 0.00999928
    endloop
  endfacet
  facet normal 0.831474 -0.555564 0
    outer loop
      vertex -7.24834 -4.31125 0
      vertex -7.32101 -4.42001 0.00999928
      vertex -7.32101 -4.42001 0
    endloop
  endfacet
  facet normal 0.890544 -0.30221 -0.340001
    outer loop
      vertex -5.24489 -6.56306 7.4
      vertex -5.27852 -6.66216 7.4
      vertex -7.42091 -4.66119 0.00999928
    endloop
  endfacet
  facet normal 0.929397 -0.184811 -0.319477
    outer loop
      vertex -5.27852 -6.66216 7.4
      vertex -5.29893 -6.7648 7.4
      vertex -7.42091 -4.66119 0.00999928
    endloop
  endfacet
  facet normal 0.929383 -0.184863 -0.319487
    outer loop
      vertex -7.42091 -4.66119 0.00999928
      vertex -5.29893 -6.7648 7.4
      vertex -7.44643 -4.78949 0.00999928
    endloop
  endfacet
  facet normal 0.929384 0.184863 -0.319487
    outer loop
      vertex -5.29893 -15.9852 7.4
      vertex -7.42091 -18.0888 0.00999928
      vertex -7.44643 -17.9605 0.00999928
    endloop
  endfacet
  facet normal 0.890544 0.30221 -0.340002
    outer loop
      vertex -5.27852 -16.0878 7.4
      vertex -5.24489 -16.1869 7.4
      vertex -7.42091 -18.0888 0.00999928
    endloop
  endfacet
  facet normal 0.95379 0.0625628 -0.293888
    outer loop
      vertex -5.30579 -15.8808 7.4
      vertex -7.44643 -17.9605 0.00999928
      vertex -7.45499 -17.83 0.00999928
    endloop
  endfacet
  facet normal 0.997856 0.0654532 0
    outer loop
      vertex -7.44643 -17.9605 0.00999928
      vertex -7.45499 -17.83 0
      vertex -7.45499 -17.83 0.00999928
    endloop
  endfacet
  facet normal 0.997856 0.0654532 0
    outer loop
      vertex -7.45499 -17.83 0
      vertex -7.44643 -17.9605 0.00999928
      vertex -7.44643 -17.9605 0
    endloop
  endfacet
  facet normal -0.929397 -0.184811 -0.319477
    outer loop
      vertex 7.42091 -4.66119 0.00999928
      vertex 5.29893 -6.7648 7.4
      vertex 5.27852 -6.66216 7.4
    endloop
  endfacet
  facet normal -0.890544 -0.30221 -0.340001
    outer loop
      vertex 7.42091 -4.66119 0.00999928
      vertex 5.27852 -6.66216 7.4
      vertex 5.24489 -6.56306 7.4
    endloop
  endfacet
  facet normal -0.838322 -0.413408 -0.355401
    outer loop
      vertex 7.32101 -4.42001 0.00999928
      vertex 7.37886 -4.53732 0.00999928
      vertex 5.24489 -6.56306 7.4
    endloop
  endfacet
  facet normal 0.30221 -0.890544 -0.340001
    outer loop
      vertex -4.71284 -6.09648 7.4
      vertex -4.81194 -6.13011 7.4
      vertex -6.71381 -3.95409 0.00999928
    endloop
  endfacet
  facet normal 0.659381 -0.751809 0
    outer loop
      vertex -7.16209 -4.21291 0
      vertex -7.06375 -4.12666 0.00999928
      vertex -7.16209 -4.21291 0.00999928
    endloop
  endfacet
  facet normal 0.659381 -0.751809 0
    outer loop
      vertex -7.06375 -4.12666 0.00999928
      vertex -7.16209 -4.21291 0
      vertex -7.06375 -4.12666 0
    endloop
  endfacet
  facet normal 0.896875 -0.442283 0
    outer loop
      vertex -7.37886 -4.53732 0.00999928
      vertex -7.32101 -4.42001 0
      vertex -7.32101 -4.42001 0.00999928
    endloop
  endfacet
  facet normal 0.896875 -0.442283 0
    outer loop
      vertex -7.32101 -4.42001 0
      vertex -7.37886 -4.53732 0.00999928
      vertex -7.37886 -4.53732 0
    endloop
  endfacet
  facet normal 0.838307 -0.413436 -0.355405
    outer loop
      vertex -5.19861 -6.46922 7.4
      vertex -5.24489 -6.56306 7.4
      vertex -7.32101 -4.42001 0.00999928
    endloop
  endfacet
  facet normal 0.838322 -0.413408 -0.355401
    outer loop
      vertex -7.32101 -4.42001 0.00999928
      vertex -5.24489 -6.56306 7.4
      vertex -7.37886 -4.53732 0.00999928
    endloop
  endfacet
  facet normal 0.929379 0.184879 -0.319491
    outer loop
      vertex -5.29893 -15.9852 7.4
      vertex -5.27852 -16.0878 7.4
      vertex -7.42091 -18.0888 0.00999928
    endloop
  endfacet
  facet normal 0.980786 0.195087 0
    outer loop
      vertex -7.42091 -18.0888 0.00999928
      vertex -7.44643 -17.9605 0
      vertex -7.44643 -17.9605 0.00999928
    endloop
  endfacet
  facet normal 0.980786 0.195087 0
    outer loop
      vertex -7.44643 -17.9605 0
      vertex -7.42091 -18.0888 0.00999928
      vertex -7.42091 -18.0888 0
    endloop
  endfacet
  facet normal 0.413408 -0.838322 -0.355401
    outer loop
      vertex -6.83768 -3.99614 0.00999928
      vertex -4.81194 -6.13011 7.4
      vertex -6.95499 -4.05399 0.00999928
    endloop
  endfacet
  facet normal 0.3023 -0.890509 -0.340013
    outer loop
      vertex -6.71381 -3.95409 0.00999928
      vertex -4.81194 -6.13011 7.4
      vertex -6.83768 -3.99614 0.00999928
    endloop
  endfacet
  facet normal 0.184811 -0.929397 -0.319477
    outer loop
      vertex -4.6102 -6.07607 7.4
      vertex -4.71284 -6.09648 7.4
      vertex -6.71381 -3.95409 0.00999928
    endloop
  endfacet
  facet normal 0.612384 -0.698224 -0.370769
    outer loop
      vertex -7.06375 -4.12666 0.00999928
      vertex -4.9928 -6.23453 7.4
      vertex -7.16209 -4.21291 0.00999928
    endloop
  endfacet
  facet normal 0.517093 -0.773896 -0.365649
    outer loop
      vertex -6.95499 -4.05399 0.00999928
      vertex -4.9928 -6.23453 7.4
      vertex -7.06375 -4.12666 0.00999928
    endloop
  endfacet
  facet normal 0.612392 -0.698216 -0.370769
    outer loop
      vertex -4.9928 -6.23453 7.4
      vertex -5.07147 -6.30353 7.4
      vertex -7.16209 -4.21291 0.00999928
    endloop
  endfacet
  facet normal 0.698216 -0.612392 -0.370769
    outer loop
      vertex -5.07147 -6.30353 7.4
      vertex -5.14047 -6.3822 7.4
      vertex -7.16209 -4.21291 0.00999928
    endloop
  endfacet
  facet normal 0.442283 -0.896875 0
    outer loop
      vertex -6.95499 -4.05399 0
      vertex -6.83768 -3.99614 0.00999928
      vertex -6.95499 -4.05399 0.00999928
    endloop
  endfacet
  facet normal 0.442283 -0.896875 0
    outer loop
      vertex -6.83768 -3.99614 0.00999928
      vertex -6.95499 -4.05399 0
      vertex -6.83768 -3.99614 0
    endloop
  endfacet
  facet normal 0.321452 -0.946926 0
    outer loop
      vertex -6.83768 -3.99614 0
      vertex -6.71381 -3.95409 0.00999928
      vertex -6.83768 -3.99614 0.00999928
    endloop
  endfacet
  facet normal 0.321452 -0.946926 0
    outer loop
      vertex -6.71381 -3.95409 0.00999928
      vertex -6.83768 -3.99614 0
      vertex -6.71381 -3.95409 0
    endloop
  endfacet
  facet normal 1 -0 0
    outer loop
      vertex -1.85 -11.775 2.1
      vertex -1.85 -10.975 0
      vertex -1.85 -10.975 2.1
    endloop
  endfacet
  facet normal 1 0 0
    outer loop
      vertex -1.85 -10.975 0
      vertex -1.85 -11.775 2.1
      vertex -1.85 -11.775 0
    endloop
  endfacet
  facet normal 0 0 -1
    outer loop
      vertex -1.85 -11.775 2.1
      vertex -0.4 -10.975 2.1
      vertex -0.4 -11.775 2.1
    endloop
  endfacet
  facet normal -0 0 -1
    outer loop
      vertex -0.4 -10.975 2.1
      vertex -1.85 -11.775 2.1
      vertex -1.85 -10.975 2.1
    endloop
  endfacet
  facet normal 0 0 -1
    outer loop
      vertex -0.4 -11.775 2.1
      vertex 0.4 -11.775 2.1
      vertex 0.4 -13.225 2.1
    endloop
  endfacet
  facet normal 0 0 -1
    outer loop
      vertex 0.4 -11.775 2.1
      vertex -0.4 -11.775 2.1
      vertex 0.4 -10.975 2.1
    endloop
  endfacet
  facet normal 0 0 -1
    outer loop
      vertex -0.4 -11.775 2.1
      vertex 0.4 -13.225 2.1
      vertex -0.4 -13.225 2.1
    endloop
  endfacet
  facet normal 0 0 -1
    outer loop
      vertex -0.4 -10.975 2.1
      vertex 0.4 -10.975 2.1
      vertex -0.4 -11.775 2.1
    endloop
  endfacet
  facet normal 0 0 -1
    outer loop
      vertex 0.4 -10.975 2.1
      vertex -0.4 -10.975 2.1
      vertex 0.4 -9.525 2.1
    endloop
  endfacet
  facet normal -0 0 -1
    outer loop
      vertex 0.4 -9.525 2.1
      vertex -0.4 -10.975 2.1
      vertex -0.4 -9.525 2.1
    endloop
  endfacet
  facet normal 0 0 -1
    outer loop
      vertex 0.4 -11.775 2.1
      vertex 1.85 -10.975 2.1
      vertex 1.85 -11.775 2.1
    endloop
  endfacet
  facet normal -0 0 -1
    outer loop
      vertex 1.85 -10.975 2.1
      vertex 0.4 -11.775 2.1
      vertex 0.4 -10.975 2.1
    endloop
  endfacet
  facet normal -1 0 0
    outer loop
      vertex 1.85 -11.775 0
      vertex 1.85 -10.975 2.1
      vertex 1.85 -10.975 0
    endloop
  endfacet
  facet normal -1 -0 0
    outer loop
      vertex 1.85 -10.975 2.1
      vertex 1.85 -11.775 0
      vertex 1.85 -11.775 2.1
    endloop
  endfacet
  facet normal 0 -1 0
    outer loop
      vertex 0.4 -10.975 0
      vertex 1.85 -10.975 2.1
      vertex 0.4 -10.975 2.1
    endloop
  endfacet
  facet normal 0 -1 -0
    outer loop
      vertex 1.85 -10.975 2.1
      vertex 0.4 -10.975 0
      vertex 1.85 -10.975 0
    endloop
  endfacet
  facet normal 0 -1 0
    outer loop
      vertex -1.85 -10.975 0
      vertex -0.4 -10.975 2.1
      vertex -1.85 -10.975 2.1
    endloop
  endfacet
  facet normal 0 -1 -0
    outer loop
      vertex -0.4 -10.975 2.1
      vertex -1.85 -10.975 0
      vertex -0.4 -10.975 0
    endloop
  endfacet
  facet normal 0 1 -0
    outer loop
      vertex 1.85 -11.775 0
      vertex 0.4 -11.775 2.1
      vertex 1.85 -11.775 2.1
    endloop
  endfacet
  facet normal 0 1 0
    outer loop
      vertex 0.4 -11.775 2.1
      vertex 1.85 -11.775 0
      vertex 0.4 -11.775 0
    endloop
  endfacet
  facet normal 0 1 -0
    outer loop
      vertex -0.4 -11.775 0
      vertex -1.85 -11.775 2.1
      vertex -0.4 -11.775 2.1
    endloop
  endfacet
  facet normal 0 1 0
    outer loop
      vertex -1.85 -11.775 2.1
      vertex -0.4 -11.775 0
      vertex -1.85 -11.775 0
    endloop
  endfacet
  facet normal 1 -0 0
    outer loop
      vertex -0.4 -13.225 2.1
      vertex -0.4 -11.775 0
      vertex -0.4 -11.775 2.1
    endloop
  endfacet
  facet normal 1 0 0
    outer loop
      vertex -0.4 -11.775 0
      vertex -0.4 -13.225 2.1
      vertex -0.4 -13.225 0
    endloop
  endfacet
  facet normal 1 -0 0
    outer loop
      vertex -0.4 -10.975 2.1
      vertex -0.4 -9.525 0
      vertex -0.4 -9.525 2.1
    endloop
  endfacet
  facet normal 1 0 0
    outer loop
      vertex -0.4 -9.525 0
      vertex -0.4 -10.975 2.1
      vertex -0.4 -10.975 0
    endloop
  endfacet
  facet normal -1 0 0
    outer loop
      vertex 0.4 -13.225 0
      vertex 0.4 -11.775 2.1
      vertex 0.4 -11.775 0
    endloop
  endfacet
  facet normal -1 -0 0
    outer loop
      vertex 0.4 -11.775 2.1
      vertex 0.4 -13.225 0
      vertex 0.4 -13.225 2.1
    endloop
  endfacet
  facet normal -1 0 0
    outer loop
      vertex 0.4 -10.975 0
      vertex 0.4 -9.525 2.1
      vertex 0.4 -9.525 0
    endloop
  endfacet
  facet normal -1 -0 0
    outer loop
      vertex 0.4 -9.525 2.1
      vertex 0.4 -10.975 0
      vertex 0.4 -10.975 2.1
    endloop
  endfacet
  facet normal 0 -1 0
    outer loop
      vertex -0.4 -9.525 0
      vertex 0.4 -9.525 2.1
      vertex -0.4 -9.525 2.1
    endloop
  endfacet
  facet normal 0 -1 -0
    outer loop
      vertex 0.4 -9.525 2.1
      vertex -0.4 -9.525 0
      vertex 0.4 -9.525 0
    endloop
  endfacet
  facet normal 0 1 -0
    outer loop
      vertex 0.4 -13.225 0
      vertex -0.4 -13.225 2.1
      vertex 0.4 -13.225 2.1
    endloop
  endfacet
  facet normal 0 1 0
    outer loop
      vertex -0.4 -13.225 2.1
      vertex 0.4 -13.225 0
      vertex -0.4 -13.225 0
    endloop
  endfacet
  facet normal 0.997858 0.0654136 0
    outer loop
      vertex 2.8 -11.375 2
      vertex 2.77604 -11.0095 0
      vertex 2.77604 -11.0095 2
    endloop
  endfacet
  facet normal 0.997858 0.0654136 0
    outer loop
      vertex 2.77604 -11.0095 0
      vertex 2.8 -11.375 2
      vertex 2.8 -11.375 0
    endloop
  endfacet
  facet normal 0.997858 0.0654136 0
    outer loop
      vertex 2.8 -11.375 4
      vertex 2.77604 -11.0095 2.8
      vertex 2.77604 -11.0095 4
    endloop
  endfacet
  facet normal 0.997858 0.0654136 0
    outer loop
      vertex 2.77604 -11.0095 2.8
      vertex 2.8 -11.375 4
      vertex 2.8 -11.375 2.8
    endloop
  endfacet
  facet normal -0.997858 0.0654136 0
    outer loop
      vertex -2.8 -11.375 0
      vertex -2.77604 -11.0095 2
      vertex -2.77604 -11.0095 0
    endloop
  endfacet
  facet normal -0.997858 0.0654136 0
    outer loop
      vertex -2.77604 -11.0095 2
      vertex -2.8 -11.375 0
      vertex -2.8 -11.375 2
    endloop
  endfacet
  facet normal -0.997858 0.0654136 0
    outer loop
      vertex -2.8 -11.375 2.8
      vertex -2.77604 -11.0095 4
      vertex -2.77604 -11.0095 2.8
    endloop
  endfacet
  facet normal -0.997858 0.0654136 0
    outer loop
      vertex -2.77604 -11.0095 4
      vertex -2.8 -11.375 2.8
      vertex -2.8 -11.375 4
    endloop
  endfacet
  facet normal 0.0654184 0.997858 -0
    outer loop
      vertex 0.365473 -8.59896 0
      vertex 0 -8.575 2
      vertex 0.365473 -8.59896 2
    endloop
  endfacet
  facet normal 0.0654184 0.997858 0
    outer loop
      vertex 0 -8.575 2
      vertex 0.365473 -8.59896 0
      vertex 0 -8.575 0
    endloop
  endfacet
  facet normal 0.0654184 0.997858 -0
    outer loop
      vertex 0.365473 -8.59896 2.8
      vertex 0 -8.575 4
      vertex 0.365473 -8.59896 4
    endloop
  endfacet
  facet normal 0.0654184 0.997858 0
    outer loop
      vertex 0 -8.575 4
      vertex 0.365473 -8.59896 2.8
      vertex 0 -8.575 2.8
    endloop
  endfacet
  facet normal -0.0655272 -0.997851 0
    outer loop
      vertex -0.365473 -14.151 2.8
      vertex 0 -14.175 4
      vertex -0.365473 -14.151 4
    endloop
  endfacet
  facet normal -0.0655272 -0.997851 -0
    outer loop
      vertex 0 -14.175 4
      vertex -0.365473 -14.151 2.8
      vertex 0 -14.175 2.8
    endloop
  endfacet
  facet normal -0.0655272 -0.997851 0
    outer loop
      vertex -0.365473 -14.151 0
      vertex 0 -14.175 2
      vertex -0.365473 -14.151 2
    endloop
  endfacet
  facet normal -0.0655272 -0.997851 -0
    outer loop
      vertex 0 -14.175 2
      vertex -0.365473 -14.151 0
      vertex 0 -14.175 0
    endloop
  endfacet
  facet normal 0.659341 0.751844 -0
    outer loop
      vertex 1.9799 -9.3951 0
      vertex 1.70453 -9.15361 4
      vertex 1.9799 -9.3951 4
    endloop
  endfacet
  facet normal 0.659341 0.751844 0
    outer loop
      vertex 1.70453 -9.15361 4
      vertex 1.9799 -9.3951 0
      vertex 1.70453 -9.15361 0
    endloop
  endfacet
  facet normal -0.659341 0.751844 0
    outer loop
      vertex -1.70453 -9.15361 0
      vertex -1.9799 -9.3951 4
      vertex -1.70453 -9.15361 4
    endloop
  endfacet
  facet normal -0.659341 0.751844 0
    outer loop
      vertex -1.9799 -9.3951 4
      vertex -1.70453 -9.15361 0
      vertex -1.9799 -9.3951 0
    endloop
  endfacet
  facet normal -0.321443 0.946929 0
    outer loop
      vertex -0.724693 -8.67041 0
      vertex -1.07151 -8.78814 4
      vertex -0.724693 -8.67041 4
    endloop
  endfacet
  facet normal -0.321443 0.946929 0
    outer loop
      vertex -1.07151 -8.78814 4
      vertex -0.724693 -8.67041 0
      vertex -1.07151 -8.78814 0
    endloop
  endfacet
  facet normal 0.896882 0.442271 0
    outer loop
      vertex 2.58686 -10.3035 4
      vertex 2.42487 -9.975 0
      vertex 2.42487 -9.975 4
    endloop
  endfacet
  facet normal 0.896882 0.442271 0
    outer loop
      vertex 2.42487 -9.975 0
      vertex 2.58686 -10.3035 4
      vertex 2.58686 -10.3035 0
    endloop
  endfacet
  facet normal 0.83147 0.555569 0
    outer loop
      vertex 2.42487 -9.975 4
      vertex 2.22139 -9.67047 0
      vertex 2.22139 -9.67047 4
    endloop
  endfacet
  facet normal 0.83147 0.555569 0
    outer loop
      vertex 2.22139 -9.67047 0
      vertex 2.42487 -9.975 4
      vertex 2.42487 -9.975 0
    endloop
  endfacet
  facet normal 0.442281 0.896876 -0
    outer loop
      vertex 1.4 -8.95013 0
      vertex 1.07151 -8.78814 4
      vertex 1.4 -8.95013 4
    endloop
  endfacet
  facet normal 0.442281 0.896876 0
    outer loop
      vertex 1.07151 -8.78814 4
      vertex 1.4 -8.95013 0
      vertex 1.07151 -8.78814 0
    endloop
  endfacet
  facet normal 0.321443 0.946929 -0
    outer loop
      vertex 1.07151 -8.78814 0
      vertex 0.724693 -8.67041 4
      vertex 1.07151 -8.78814 4
    endloop
  endfacet
  facet normal 0.321443 0.946929 0
    outer loop
      vertex 0.724693 -8.67041 4
      vertex 1.07151 -8.78814 0
      vertex 0.724693 -8.67041 0
    endloop
  endfacet
  facet normal 0.555569 0.83147 -0
    outer loop
      vertex 1.70453 -9.15361 0
      vertex 1.4 -8.95013 4
      vertex 1.70453 -9.15361 4
    endloop
  endfacet
  facet normal 0.555569 0.83147 0
    outer loop
      vertex 1.4 -8.95013 4
      vertex 1.70453 -9.15361 0
      vertex 1.4 -8.95013 0
    endloop
  endfacet
  facet normal -0.83147 0.555569 0
    outer loop
      vertex -2.42487 -9.975 0
      vertex -2.22139 -9.67047 4
      vertex -2.22139 -9.67047 0
    endloop
  endfacet
  facet normal -0.83147 0.555569 0
    outer loop
      vertex -2.22139 -9.67047 4
      vertex -2.42487 -9.975 0
      vertex -2.42487 -9.975 4
    endloop
  endfacet
  facet normal -0.751844 0.659341 0
    outer loop
      vertex -2.22139 -9.67047 0
      vertex -1.9799 -9.3951 4
      vertex -1.9799 -9.3951 0
    endloop
  endfacet
  facet normal -0.751844 0.659341 0
    outer loop
      vertex -1.9799 -9.3951 4
      vertex -2.22139 -9.67047 0
      vertex -2.22139 -9.67047 4
    endloop
  endfacet
  facet normal -0.946924 0.321457 0
    outer loop
      vertex -2.70459 -10.6503 0
      vertex -2.58686 -10.3035 4
      vertex -2.58686 -10.3035 0
    endloop
  endfacet
  facet normal -0.946924 0.321457 0
    outer loop
      vertex -2.58686 -10.3035 4
      vertex -2.70459 -10.6503 0
      vertex -2.70459 -10.6503 4
    endloop
  endfacet
  facet normal -0.555569 0.83147 0
    outer loop
      vertex -1.4 -8.95013 0
      vertex -1.70453 -9.15361 4
      vertex -1.4 -8.95013 4
    endloop
  endfacet
  facet normal -0.555569 0.83147 0
    outer loop
      vertex -1.70453 -9.15361 4
      vertex -1.4 -8.95013 0
      vertex -1.70453 -9.15361 0
    endloop
  endfacet
  facet normal -0.194876 0.980828 0
    outer loop
      vertex -0.365473 -8.59896 2
      vertex -0.365473 -8.59896 0
      vertex -0.4 -8.60582 2
    endloop
  endfacet
  facet normal -0.194876 0.980828 0
    outer loop
      vertex -0.4 -8.60582 2.8
      vertex -0.365473 -8.59896 4
      vertex -0.365473 -8.59896 2.8
    endloop
  endfacet
  facet normal -0.195082 0.980787 6.15449e-06
    outer loop
      vertex -0.365473 -8.59896 4
      vertex -0.4 -8.60582 2.8
      vertex -0.724693 -8.67041 4
    endloop
  endfacet
  facet normal -0.195104 0.980783 0
    outer loop
      vertex -0.4 -8.60582 2
      vertex -0.724693 -8.67041 4
      vertex -0.4 -8.60582 2.8
    endloop
  endfacet
  facet normal -0.195082 0.980787 -3.6927e-06
    outer loop
      vertex -0.724693 -8.67041 0
      vertex -0.4 -8.60582 2
      vertex -0.365473 -8.59896 0
    endloop
  endfacet
  facet normal -0.195104 0.980783 0
    outer loop
      vertex -0.4 -8.60582 2
      vertex -0.724693 -8.67041 0
      vertex -0.724693 -8.67041 4
    endloop
  endfacet
  facet normal 0.751879 -0.659301 0
    outer loop
      vertex 1.9799 -13.3549 4
      vertex 2.22139 -13.0795 0
      vertex 2.22139 -13.0795 4
    endloop
  endfacet
  facet normal 0.751879 -0.659301 0
    outer loop
      vertex 2.22139 -13.0795 0
      vertex 1.9799 -13.3549 4
      vertex 1.9799 -13.3549 0
    endloop
  endfacet
  facet normal -0.659357 -0.75183 0
    outer loop
      vertex -1.9799 -13.3549 0
      vertex -1.70453 -13.5964 4
      vertex -1.9799 -13.3549 4
    endloop
  endfacet
  facet normal -0.659357 -0.75183 -0
    outer loop
      vertex -1.70453 -13.5964 4
      vertex -1.9799 -13.3549 0
      vertex -1.70453 -13.5964 0
    endloop
  endfacet
  facet normal -0.32137 -0.946954 0
    outer loop
      vertex -1.07151 -13.9619 0
      vertex -0.724693 -14.0796 4
      vertex -1.07151 -13.9619 4
    endloop
  endfacet
  facet normal -0.32137 -0.946954 -0
    outer loop
      vertex -0.724693 -14.0796 4
      vertex -1.07151 -13.9619 0
      vertex -0.724693 -14.0796 0
    endloop
  endfacet
  facet normal -0.751879 -0.659301 0
    outer loop
      vertex -1.9799 -13.3549 0
      vertex -2.22139 -13.0795 4
      vertex -2.22139 -13.0795 0
    endloop
  endfacet
  facet normal -0.751879 -0.659301 0
    outer loop
      vertex -2.22139 -13.0795 4
      vertex -1.9799 -13.3549 0
      vertex -1.9799 -13.3549 4
    endloop
  endfacet
  facet normal 0 0 -1
    outer loop
      vertex -1.85 -10.975 0
      vertex -0.4 -9.525 0
      vertex -0.4 -10.975 0
    endloop
  endfacet
  facet normal 0 0 -1
    outer loop
      vertex -0.4 -9.525 0
      vertex -1.07151 -8.78814 0
      vertex -0.724693 -8.67041 0
    endloop
  endfacet
  facet normal 0 0 -1
    outer loop
      vertex -0.4 -9.525 0
      vertex -1.4 -8.95013 0
      vertex -1.07151 -8.78814 0
    endloop
  endfacet
  facet normal 0 0 -1
    outer loop
      vertex -0.4 -9.525 0
      vertex -1.70453 -9.15361 0
      vertex -1.4 -8.95013 0
    endloop
  endfacet
  facet normal -0 0 -1
    outer loop
      vertex -0.4 -9.525 0
      vertex -1.85 -10.975 0
      vertex -1.9799 -9.3951 0
    endloop
  endfacet
  facet normal 0 0 -1
    outer loop
      vertex -0.4 -9.525 0
      vertex -1.9799 -9.3951 0
      vertex -1.70453 -9.15361 0
    endloop
  endfacet
  facet normal 0 0 -1
    outer loop
      vertex -2.42487 -12.775 0
      vertex -1.85 -11.775 0
      vertex -2.22139 -13.0795 0
    endloop
  endfacet
  facet normal 0 0 -1
    outer loop
      vertex -2.58686 -12.4465 0
      vertex -1.85 -11.775 0
      vertex -2.42487 -12.775 0
    endloop
  endfacet
  facet normal 0 0 -1
    outer loop
      vertex -1.85 -10.975 0
      vertex -2.22139 -9.67047 0
      vertex -1.9799 -9.3951 0
    endloop
  endfacet
  facet normal 0 0 -1
    outer loop
      vertex -2.70459 -12.0997 0
      vertex -1.85 -11.775 0
      vertex -2.58686 -12.4465 0
    endloop
  endfacet
  facet normal 0 0 -1
    outer loop
      vertex -1.85 -10.975 0
      vertex -2.42487 -9.975 0
      vertex -2.22139 -9.67047 0
    endloop
  endfacet
  facet normal 0 0 -1
    outer loop
      vertex -2.77604 -11.7405 0
      vertex -1.85 -11.775 0
      vertex -2.70459 -12.0997 0
    endloop
  endfacet
  facet normal 0 0 -1
    outer loop
      vertex -1.85 -10.975 0
      vertex -2.58686 -10.3035 0
      vertex -2.42487 -9.975 0
    endloop
  endfacet
  facet normal 0 0 -1
    outer loop
      vertex -2.8 -11.375 0
      vertex -1.85 -11.775 0
      vertex -2.77604 -11.7405 0
    endloop
  endfacet
  facet normal 0 0 -1
    outer loop
      vertex -1.85 -10.975 0
      vertex -2.70459 -10.6503 0
      vertex -2.58686 -10.3035 0
    endloop
  endfacet
  facet normal 0 0 -1
    outer loop
      vertex -1.85 -11.775 0
      vertex -2.8 -11.375 0
      vertex -1.85 -10.975 0
    endloop
  endfacet
  facet normal -0 0 -1
    outer loop
      vertex -1.85 -10.975 0
      vertex -2.77604 -11.0095 0
      vertex -2.70459 -10.6503 0
    endloop
  endfacet
  facet normal 0 0 -1
    outer loop
      vertex -1.85 -10.975 0
      vertex -2.8 -11.375 0
      vertex -2.77604 -11.0095 0
    endloop
  endfacet
  facet normal 0 0 -1
    outer loop
      vertex 0.365473 -14.151 0
      vertex 0.4 -13.225 0
      vertex 0.724693 -14.0796 0
    endloop
  endfacet
  facet normal 0 0 -1
    outer loop
      vertex 0 -14.175 0
      vertex 0.4 -13.225 0
      vertex 0.365473 -14.151 0
    endloop
  endfacet
  facet normal 0 0 -1
    outer loop
      vertex -0.4 -13.225 0
      vertex 0 -14.175 0
      vertex -0.365473 -14.151 0
    endloop
  endfacet
  facet normal 0 0 -1
    outer loop
      vertex 0 -14.175 0
      vertex -0.4 -13.225 0
      vertex 0.4 -13.225 0
    endloop
  endfacet
  facet normal 0 0 -1
    outer loop
      vertex -0.724693 -14.0796 0
      vertex -0.4 -13.225 0
      vertex -0.365473 -14.151 0
    endloop
  endfacet
  facet normal 0 0 -1
    outer loop
      vertex -1.07151 -13.9619 0
      vertex -0.4 -13.225 0
      vertex -0.724693 -14.0796 0
    endloop
  endfacet
  facet normal 0 0 -1
    outer loop
      vertex -1.4 -13.7999 0
      vertex -0.4 -13.225 0
      vertex -1.07151 -13.9619 0
    endloop
  endfacet
  facet normal 0 0 -1
    outer loop
      vertex -1.70453 -13.5964 0
      vertex -0.4 -13.225 0
      vertex -1.4 -13.7999 0
    endloop
  endfacet
  facet normal 0 0 -1
    outer loop
      vertex -1.9799 -13.3549 0
      vertex -0.4 -13.225 0
      vertex -1.70453 -13.5964 0
    endloop
  endfacet
  facet normal 0 -0 -1
    outer loop
      vertex -1.85 -11.775 0
      vertex -0.4 -13.225 0
      vertex -1.9799 -13.3549 0
    endloop
  endfacet
  facet normal 0 0 -1
    outer loop
      vertex -2.22139 -13.0795 0
      vertex -1.85 -11.775 0
      vertex -1.9799 -13.3549 0
    endloop
  endfacet
  facet normal 0 0 -1
    outer loop
      vertex -0.4 -13.225 0
      vertex -1.85 -11.775 0
      vertex -0.4 -11.775 0
    endloop
  endfacet
  facet normal 0 0 -1
    outer loop
      vertex 1.85 -11.775 0
      vertex 2.8 -11.375 0
      vertex 2.77604 -11.7405 0
    endloop
  endfacet
  facet normal 0 0 -1
    outer loop
      vertex 1.85 -11.775 0
      vertex 2.77604 -11.7405 0
      vertex 2.70459 -12.0997 0
    endloop
  endfacet
  facet normal 0 0 -1
    outer loop
      vertex 1.85 -10.975 0
      vertex 2.8 -11.375 0
      vertex 1.85 -11.775 0
    endloop
  endfacet
  facet normal 0 0 -1
    outer loop
      vertex 1.85 -11.775 0
      vertex 2.70459 -12.0997 0
      vertex 2.58686 -12.4465 0
    endloop
  endfacet
  facet normal 0 0 -1
    outer loop
      vertex 2.8 -11.375 0
      vertex 1.85 -10.975 0
      vertex 2.77604 -11.0095 0
    endloop
  endfacet
  facet normal 0 0 -1
    outer loop
      vertex 1.85 -11.775 0
      vertex 2.58686 -12.4465 0
      vertex 2.42487 -12.775 0
    endloop
  endfacet
  facet normal 0 0 -1
    outer loop
      vertex 2.77604 -11.0095 0
      vertex 1.85 -10.975 0
      vertex 2.70459 -10.6503 0
    endloop
  endfacet
  facet normal 0 0 -1
    outer loop
      vertex 1.85 -11.775 0
      vertex 2.42487 -12.775 0
      vertex 2.22139 -13.0795 0
    endloop
  endfacet
  facet normal -0 0 -1
    outer loop
      vertex 2.70459 -10.6503 0
      vertex 1.85 -10.975 0
      vertex 2.58686 -10.3035 0
    endloop
  endfacet
  facet normal 0 0 -1
    outer loop
      vertex 1.85 -11.775 0
      vertex 2.22139 -13.0795 0
      vertex 1.9799 -13.3549 0
    endloop
  endfacet
  facet normal -0 0 -1
    outer loop
      vertex 2.58686 -10.3035 0
      vertex 1.85 -10.975 0
      vertex 2.42487 -9.975 0
    endloop
  endfacet
  facet normal -0 0 -1
    outer loop
      vertex 2.42487 -9.975 0
      vertex 1.85 -10.975 0
      vertex 2.22139 -9.67047 0
    endloop
  endfacet
  facet normal 0 0 -1
    outer loop
      vertex 0.4 -13.225 0
      vertex 1.9799 -13.3549 0
      vertex 1.70453 -13.5964 0
    endloop
  endfacet
  facet normal 0 0 -1
    outer loop
      vertex 0.4 -13.225 0
      vertex 1.70453 -13.5964 0
      vertex 1.4 -13.7999 0
    endloop
  endfacet
  facet normal 0 0 -1
    outer loop
      vertex 0.4 -13.225 0
      vertex 1.4 -13.7999 0
      vertex 1.07151 -13.9619 0
    endloop
  endfacet
  facet normal 0 0 -1
    outer loop
      vertex 0.4 -13.225 0
      vertex 1.07151 -13.9619 0
      vertex 0.724693 -14.0796 0
    endloop
  endfacet
  facet normal 0 0 -1
    outer loop
      vertex 1.9799 -13.3549 0
      vertex 0.4 -13.225 0
      vertex 1.85 -11.775 0
    endloop
  endfacet
  facet normal -0 0 -1
    outer loop
      vertex 1.85 -11.775 0
      vertex 0.4 -13.225 0
      vertex 0.4 -11.775 0
    endloop
  endfacet
  facet normal -0 0 -1
    outer loop
      vertex 2.22139 -9.67047 0
      vertex 1.85 -10.975 0
      vertex 1.9799 -9.3951 0
    endloop
  endfacet
  facet normal 0 0 -1
    outer loop
      vertex 0.4 -9.525 0
      vertex 1.9799 -9.3951 0
      vertex 1.85 -10.975 0
    endloop
  endfacet
  facet normal -0 0 -1
    outer loop
      vertex 1.9799 -9.3951 0
      vertex 0.4 -9.525 0
      vertex 1.70453 -9.15361 0
    endloop
  endfacet
  facet normal -0 0 -1
    outer loop
      vertex 1.70453 -9.15361 0
      vertex 0.4 -9.525 0
      vertex 1.4 -8.95013 0
    endloop
  endfacet
  facet normal -0 0 -1
    outer loop
      vertex 1.4 -8.95013 0
      vertex 0.4 -9.525 0
      vertex 1.07151 -8.78814 0
    endloop
  endfacet
  facet normal 0 0 -1
    outer loop
      vertex 0.4 -9.525 0
      vertex 1.85 -10.975 0
      vertex 0.4 -10.975 0
    endloop
  endfacet
  facet normal -0 0 -1
    outer loop
      vertex 1.07151 -8.78814 0
      vertex 0.4 -9.525 0
      vertex 0.724693 -8.67041 0
    endloop
  endfacet
  facet normal 0 0 -1
    outer loop
      vertex 0.4 -9.525 0
      vertex 0.365473 -8.59896 0
      vertex 0.724693 -8.67041 0
    endloop
  endfacet
  facet normal 0 0 -1
    outer loop
      vertex 0.4 -9.525 0
      vertex 0 -8.575 0
      vertex 0.365473 -8.59896 0
    endloop
  endfacet
  facet normal 0 0 -1
    outer loop
      vertex -0.4 -9.525 0
      vertex 0 -8.575 0
      vertex 0.4 -9.525 0
    endloop
  endfacet
  facet normal 0 0 -1
    outer loop
      vertex 0 -8.575 0
      vertex -0.4 -9.525 0
      vertex -0.365473 -8.59896 0
    endloop
  endfacet
  facet normal 0 0 -1
    outer loop
      vertex -0.365473 -8.59896 0
      vertex -0.4 -9.525 0
      vertex -0.724693 -8.67041 0
    endloop
  endfacet
  facet normal 0.946924 0.321457 0
    outer loop
      vertex 2.70459 -10.6503 4
      vertex 2.58686 -10.3035 0
      vertex 2.58686 -10.3035 4
    endloop
  endfacet
  facet normal 0.946924 0.321457 0
    outer loop
      vertex 2.58686 -10.3035 0
      vertex 2.70459 -10.6503 4
      vertex 2.70459 -10.6503 0
    endloop
  endfacet
  facet normal 0.980783 0.195099 -0
    outer loop
      vertex 2.76918 -10.975 2
      vertex 2.70459 -10.6503 4
      vertex 2.76918 -10.975 2.8
    endloop
  endfacet
  facet normal 0.980785 0.195092 2.07743e-06
    outer loop
      vertex 2.77604 -11.0095 4
      vertex 2.76918 -10.975 2.8
      vertex 2.70459 -10.6503 4
    endloop
  endfacet
  facet normal 0.980799 0.195023 0
    outer loop
      vertex 2.76918 -10.975 2.8
      vertex 2.77604 -11.0095 4
      vertex 2.77604 -11.0095 2.8
    endloop
  endfacet
  facet normal 0.980783 0.195099 0
    outer loop
      vertex 2.70459 -10.6503 4
      vertex 2.76918 -10.975 2
      vertex 2.70459 -10.6503 0
    endloop
  endfacet
  facet normal 0.980799 0.195023 -0
    outer loop
      vertex 2.77604 -11.0095 0
      vertex 2.76918 -10.975 2
      vertex 2.77604 -11.0095 2
    endloop
  endfacet
  facet normal 0.980785 0.195092 -1.24646e-06
    outer loop
      vertex 2.76918 -10.975 2
      vertex 2.77604 -11.0095 0
      vertex 2.70459 -10.6503 0
    endloop
  endfacet
  facet normal 0.195082 0.980787 6.15449e-06
    outer loop
      vertex 0.724693 -8.67041 4
      vertex 0.4 -8.60582 2.8
      vertex 0.365473 -8.59896 4
    endloop
  endfacet
  facet normal 0.195104 0.980783 0
    outer loop
      vertex 0.724693 -8.67041 4
      vertex 0.4 -8.60582 2
      vertex 0.4 -8.60582 2.8
    endloop
  endfacet
  facet normal 0.195104 0.980783 -0
    outer loop
      vertex 0.724693 -8.67041 0
      vertex 0.4 -8.60582 2
      vertex 0.724693 -8.67041 4
    endloop
  endfacet
  facet normal 0.195082 0.980787 -3.6927e-06
    outer loop
      vertex 0.365473 -8.59896 0
      vertex 0.4 -8.60582 2
      vertex 0.724693 -8.67041 0
    endloop
  endfacet
  facet normal 0.194876 0.980828 0
    outer loop
      vertex 0.4 -8.60582 2
      vertex 0.365473 -8.59896 0
      vertex 0.365473 -8.59896 2
    endloop
  endfacet
  facet normal 0.194876 0.980828 0
    outer loop
      vertex 0.365473 -8.59896 4
      vertex 0.4 -8.60582 2.8
      vertex 0.365473 -8.59896 2.8
    endloop
  endfacet
  facet normal -0.896882 0.442271 0
    outer loop
      vertex -2.58686 -10.3035 0
      vertex -2.42487 -9.975 4
      vertex -2.42487 -9.975 0
    endloop
  endfacet
  facet normal -0.896882 0.442271 0
    outer loop
      vertex -2.42487 -9.975 4
      vertex -2.58686 -10.3035 0
      vertex -2.58686 -10.3035 4
    endloop
  endfacet
  facet normal -0.980783 0.195099 0
    outer loop
      vertex -2.70459 -10.6503 0
      vertex -2.76918 -10.975 2
      vertex -2.70459 -10.6503 4
    endloop
  endfacet
  facet normal -0.980785 0.195092 -1.24646e-06
    outer loop
      vertex -2.77604 -11.0095 0
      vertex -2.76918 -10.975 2
      vertex -2.70459 -10.6503 0
    endloop
  endfacet
  facet normal -0.980799 0.195023 0
    outer loop
      vertex -2.76918 -10.975 2
      vertex -2.77604 -11.0095 0
      vertex -2.77604 -11.0095 2
    endloop
  endfacet
  facet normal -0.980783 0.195099 0
    outer loop
      vertex -2.76918 -10.975 2.8
      vertex -2.70459 -10.6503 4
      vertex -2.76918 -10.975 2
    endloop
  endfacet
  facet normal -0.980799 0.195023 0
    outer loop
      vertex -2.77604 -11.0095 4
      vertex -2.76918 -10.975 2.8
      vertex -2.77604 -11.0095 2.8
    endloop
  endfacet
  facet normal -0.980785 0.195092 2.07743e-06
    outer loop
      vertex -2.76918 -10.975 2.8
      vertex -2.77604 -11.0095 4
      vertex -2.70459 -10.6503 4
    endloop
  endfacet
  facet normal 0 0 1
    outer loop
      vertex 2.77604 -11.0095 4
      vertex 2.77604 -11.7405 4
      vertex 2.8 -11.375 4
    endloop
  endfacet
  facet normal 0 0 1
    outer loop
      vertex 2.70459 -10.6503 4
      vertex 2.77604 -11.7405 4
      vertex 2.77604 -11.0095 4
    endloop
  endfacet
  facet normal 0 0 1
    outer loop
      vertex 2.70459 -10.6503 4
      vertex 2.70459 -12.0997 4
      vertex 2.77604 -11.7405 4
    endloop
  endfacet
  facet normal 0 0 1
    outer loop
      vertex 2.58686 -10.3035 4
      vertex 2.70459 -12.0997 4
      vertex 2.70459 -10.6503 4
    endloop
  endfacet
  facet normal 0 0 1
    outer loop
      vertex 2.58686 -10.3035 4
      vertex 2.58686 -12.4465 4
      vertex 2.70459 -12.0997 4
    endloop
  endfacet
  facet normal 0 0 1
    outer loop
      vertex 2.42487 -9.975 4
      vertex 2.58686 -12.4465 4
      vertex 2.58686 -10.3035 4
    endloop
  endfacet
  facet normal 0 0 1
    outer loop
      vertex 2.42487 -9.975 4
      vertex 2.42487 -12.775 4
      vertex 2.58686 -12.4465 4
    endloop
  endfacet
  facet normal 0 0 1
    outer loop
      vertex 2.22139 -9.67047 4
      vertex 2.42487 -12.775 4
      vertex 2.42487 -9.975 4
    endloop
  endfacet
  facet normal 0 0 1
    outer loop
      vertex 2.22139 -9.67047 4
      vertex 2.22139 -13.0795 4
      vertex 2.42487 -12.775 4
    endloop
  endfacet
  facet normal 0 0 1
    outer loop
      vertex 1.9799 -9.3951 4
      vertex 2.22139 -13.0795 4
      vertex 2.22139 -9.67047 4
    endloop
  endfacet
  facet normal 0 0 1
    outer loop
      vertex 1.9799 -9.3951 4
      vertex 1.9799 -13.3549 4
      vertex 2.22139 -13.0795 4
    endloop
  endfacet
  facet normal 0 0 1
    outer loop
      vertex 1.70453 -9.15361 4
      vertex 1.9799 -13.3549 4
      vertex 1.9799 -9.3951 4
    endloop
  endfacet
  facet normal 0 0 1
    outer loop
      vertex 1.70453 -9.15361 4
      vertex 1.70453 -13.5964 4
      vertex 1.9799 -13.3549 4
    endloop
  endfacet
  facet normal 0 0 1
    outer loop
      vertex 1.4 -8.95013 4
      vertex 1.70453 -13.5964 4
      vertex 1.70453 -9.15361 4
    endloop
  endfacet
  facet normal 0 0 1
    outer loop
      vertex 1.4 -8.95013 4
      vertex 1.4 -13.7999 4
      vertex 1.70453 -13.5964 4
    endloop
  endfacet
  facet normal 0 0 1
    outer loop
      vertex 1.07151 -8.78814 4
      vertex 1.4 -13.7999 4
      vertex 1.4 -8.95013 4
    endloop
  endfacet
  facet normal 0 0 1
    outer loop
      vertex 1.07151 -8.78814 4
      vertex 1.07151 -13.9619 4
      vertex 1.4 -13.7999 4
    endloop
  endfacet
  facet normal 0 0 1
    outer loop
      vertex 0.724693 -8.67041 4
      vertex 1.07151 -13.9619 4
      vertex 1.07151 -8.78814 4
    endloop
  endfacet
  facet normal 0 0 1
    outer loop
      vertex 0.724693 -8.67041 4
      vertex 0.724693 -14.0796 4
      vertex 1.07151 -13.9619 4
    endloop
  endfacet
  facet normal 0 0 1
    outer loop
      vertex 0.365473 -8.59896 4
      vertex 0.724693 -14.0796 4
      vertex 0.724693 -8.67041 4
    endloop
  endfacet
  facet normal 0 0 1
    outer loop
      vertex 0.365473 -8.59896 4
      vertex 0.365473 -14.151 4
      vertex 0.724693 -14.0796 4
    endloop
  endfacet
  facet normal 0 0 1
    outer loop
      vertex 0 -8.575 4
      vertex 0.365473 -14.151 4
      vertex 0.365473 -8.59896 4
    endloop
  endfacet
  facet normal 0 0 1
    outer loop
      vertex 0 -8.575 4
      vertex 0 -14.175 4
      vertex 0.365473 -14.151 4
    endloop
  endfacet
  facet normal -0 0 1
    outer loop
      vertex -0.365473 -8.59896 4
      vertex 0 -14.175 4
      vertex 0 -8.575 4
    endloop
  endfacet
  facet normal 0 0 1
    outer loop
      vertex -0.365473 -8.59896 4
      vertex -0.365473 -14.151 4
      vertex 0 -14.175 4
    endloop
  endfacet
  facet normal -0 0 1
    outer loop
      vertex -0.724693 -8.67041 4
      vertex -0.365473 -14.151 4
      vertex -0.365473 -8.59896 4
    endloop
  endfacet
  facet normal 0 0 1
    outer loop
      vertex -0.724693 -8.67041 4
      vertex -0.724693 -14.0796 4
      vertex -0.365473 -14.151 4
    endloop
  endfacet
  facet normal -0 0 1
    outer loop
      vertex -1.07151 -8.78814 4
      vertex -0.724693 -14.0796 4
      vertex -0.724693 -8.67041 4
    endloop
  endfacet
  facet normal 0 0 1
    outer loop
      vertex -1.07151 -8.78814 4
      vertex -1.07151 -13.9619 4
      vertex -0.724693 -14.0796 4
    endloop
  endfacet
  facet normal -0 0 1
    outer loop
      vertex -1.4 -8.95013 4
      vertex -1.07151 -13.9619 4
      vertex -1.07151 -8.78814 4
    endloop
  endfacet
  facet normal 0 0 1
    outer loop
      vertex -1.4 -8.95013 4
      vertex -1.4 -13.7999 4
      vertex -1.07151 -13.9619 4
    endloop
  endfacet
  facet normal -0 0 1
    outer loop
      vertex -1.70453 -9.15361 4
      vertex -1.4 -13.7999 4
      vertex -1.4 -8.95013 4
    endloop
  endfacet
  facet normal 0 0 1
    outer loop
      vertex -1.70453 -9.15361 4
      vertex -1.70453 -13.5964 4
      vertex -1.4 -13.7999 4
    endloop
  endfacet
  facet normal -0 0 1
    outer loop
      vertex -1.9799 -9.3951 4
      vertex -1.70453 -13.5964 4
      vertex -1.70453 -9.15361 4
    endloop
  endfacet
  facet normal 0 0 1
    outer loop
      vertex -1.9799 -9.3951 4
      vertex -1.9799 -13.3549 4
      vertex -1.70453 -13.5964 4
    endloop
  endfacet
  facet normal -0 0 1
    outer loop
      vertex -2.22139 -9.67047 4
      vertex -1.9799 -13.3549 4
      vertex -1.9799 -9.3951 4
    endloop
  endfacet
  facet normal 0 0 1
    outer loop
      vertex -2.22139 -9.67047 4
      vertex -2.22139 -13.0795 4
      vertex -1.9799 -13.3549 4
    endloop
  endfacet
  facet normal -0 0 1
    outer loop
      vertex -2.42487 -9.975 4
      vertex -2.22139 -13.0795 4
      vertex -2.22139 -9.67047 4
    endloop
  endfacet
  facet normal 0 0 1
    outer loop
      vertex -2.42487 -9.975 4
      vertex -2.42487 -12.775 4
      vertex -2.22139 -13.0795 4
    endloop
  endfacet
  facet normal -0 0 1
    outer loop
      vertex -2.58686 -10.3035 4
      vertex -2.42487 -12.775 4
      vertex -2.42487 -9.975 4
    endloop
  endfacet
  facet normal 0 0 1
    outer loop
      vertex -2.58686 -10.3035 4
      vertex -2.58686 -12.4465 4
      vertex -2.42487 -12.775 4
    endloop
  endfacet
  facet normal -0 0 1
    outer loop
      vertex -2.70459 -10.6503 4
      vertex -2.58686 -12.4465 4
      vertex -2.58686 -10.3035 4
    endloop
  endfacet
  facet normal 0 0 1
    outer loop
      vertex -2.70459 -10.6503 4
      vertex -2.70459 -12.0997 4
      vertex -2.58686 -12.4465 4
    endloop
  endfacet
  facet normal -0 0 1
    outer loop
      vertex -2.77604 -11.0095 4
      vertex -2.70459 -12.0997 4
      vertex -2.70459 -10.6503 4
    endloop
  endfacet
  facet normal 0 0 1
    outer loop
      vertex -2.77604 -11.0095 4
      vertex -2.77604 -11.7405 4
      vertex -2.70459 -12.0997 4
    endloop
  endfacet
  facet normal 0 -0 1
    outer loop
      vertex -2.77604 -11.7405 4
      vertex -2.77604 -11.0095 4
      vertex -2.8 -11.375 4
    endloop
  endfacet
  facet normal -0.0654184 0.997858 0
    outer loop
      vertex 0 -8.575 0
      vertex -0.365473 -8.59896 2
      vertex 0 -8.575 2
    endloop
  endfacet
  facet normal -0.0654184 0.997858 0
    outer loop
      vertex -0.365473 -8.59896 2
      vertex 0 -8.575 0
      vertex -0.365473 -8.59896 0
    endloop
  endfacet
  facet normal -0.0654184 0.997858 0
    outer loop
      vertex 0 -8.575 2.8
      vertex -0.365473 -8.59896 4
      vertex 0 -8.575 4
    endloop
  endfacet
  facet normal -0.0654184 0.997858 0
    outer loop
      vertex -0.365473 -8.59896 4
      vertex 0 -8.575 2.8
      vertex -0.365473 -8.59896 2.8
    endloop
  endfacet
  facet normal 0.997858 -0.0654136 0
    outer loop
      vertex 2.77604 -11.7405 2
      vertex 2.8 -11.375 0
      vertex 2.8 -11.375 2
    endloop
  endfacet
  facet normal 0.997858 -0.0654136 0
    outer loop
      vertex 2.8 -11.375 0
      vertex 2.77604 -11.7405 2
      vertex 2.77604 -11.7405 0
    endloop
  endfacet
  facet normal 0.997858 -0.0654136 0
    outer loop
      vertex 2.77604 -11.7405 4
      vertex 2.8 -11.375 2.8
      vertex 2.8 -11.375 4
    endloop
  endfacet
  facet normal 0.997858 -0.0654136 0
    outer loop
      vertex 2.8 -11.375 2.8
      vertex 2.77604 -11.7405 4
      vertex 2.77604 -11.7405 2.8
    endloop
  endfacet
  facet normal 0.0655272 -0.997851 0
    outer loop
      vertex 0 -14.175 2.8
      vertex 0.365473 -14.151 4
      vertex 0 -14.175 4
    endloop
  endfacet
  facet normal 0.0655272 -0.997851 0
    outer loop
      vertex 0.365473 -14.151 4
      vertex 0 -14.175 2.8
      vertex 0.365473 -14.151 2.8
    endloop
  endfacet
  facet normal 0.0655272 -0.997851 0
    outer loop
      vertex 0 -14.175 0
      vertex 0.365473 -14.151 2
      vertex 0 -14.175 2
    endloop
  endfacet
  facet normal 0.0655272 -0.997851 0
    outer loop
      vertex 0.365473 -14.151 2
      vertex 0 -14.175 0
      vertex 0.365473 -14.151 0
    endloop
  endfacet
  facet normal 0.32137 -0.946954 0
    outer loop
      vertex 0.724693 -14.0796 0
      vertex 1.07151 -13.9619 4
      vertex 0.724693 -14.0796 4
    endloop
  endfacet
  facet normal 0.32137 -0.946954 0
    outer loop
      vertex 1.07151 -13.9619 4
      vertex 0.724693 -14.0796 0
      vertex 1.07151 -13.9619 0
    endloop
  endfacet
  facet normal 0.442303 -0.896866 0
    outer loop
      vertex 1.07151 -13.9619 0
      vertex 1.4 -13.7999 4
      vertex 1.07151 -13.9619 4
    endloop
  endfacet
  facet normal 0.442303 -0.896866 0
    outer loop
      vertex 1.4 -13.7999 4
      vertex 1.07151 -13.9619 0
      vertex 1.4 -13.7999 0
    endloop
  endfacet
  facet normal 0.659357 -0.75183 0
    outer loop
      vertex 1.70453 -13.5964 0
      vertex 1.9799 -13.3549 4
      vertex 1.70453 -13.5964 4
    endloop
  endfacet
  facet normal 0.659357 -0.75183 0
    outer loop
      vertex 1.9799 -13.3549 4
      vertex 1.70453 -13.5964 0
      vertex 1.9799 -13.3549 0
    endloop
  endfacet
  facet normal 0.555607 -0.831445 0
    outer loop
      vertex 1.4 -13.7999 0
      vertex 1.70453 -13.5964 4
      vertex 1.4 -13.7999 4
    endloop
  endfacet
  facet normal 0.555607 -0.831445 0
    outer loop
      vertex 1.70453 -13.5964 4
      vertex 1.4 -13.7999 0
      vertex 1.70453 -13.5964 0
    endloop
  endfacet
  facet normal 0.946924 -0.321457 0
    outer loop
      vertex 2.58686 -12.4465 4
      vertex 2.70459 -12.0997 0
      vertex 2.70459 -12.0997 4
    endloop
  endfacet
  facet normal 0.946924 -0.321457 0
    outer loop
      vertex 2.70459 -12.0997 0
      vertex 2.58686 -12.4465 4
      vertex 2.58686 -12.4465 0
    endloop
  endfacet
  facet normal 0.831445 -0.555607 0
    outer loop
      vertex 2.22139 -13.0795 4
      vertex 2.42487 -12.775 0
      vertex 2.42487 -12.775 4
    endloop
  endfacet
  facet normal 0.831445 -0.555607 0
    outer loop
      vertex 2.42487 -12.775 0
      vertex 2.22139 -13.0795 4
      vertex 2.22139 -13.0795 0
    endloop
  endfacet
  facet normal -0.555607 -0.831445 0
    outer loop
      vertex -1.70453 -13.5964 0
      vertex -1.4 -13.7999 4
      vertex -1.70453 -13.5964 4
    endloop
  endfacet
  facet normal -0.555607 -0.831445 -0
    outer loop
      vertex -1.4 -13.7999 4
      vertex -1.70453 -13.5964 0
      vertex -1.4 -13.7999 0
    endloop
  endfacet
  facet normal -0.442303 -0.896866 0
    outer loop
      vertex -1.4 -13.7999 0
      vertex -1.07151 -13.9619 4
      vertex -1.4 -13.7999 4
    endloop
  endfacet
  facet normal -0.442303 -0.896866 -0
    outer loop
      vertex -1.07151 -13.9619 4
      vertex -1.4 -13.7999 0
      vertex -1.07151 -13.9619 0
    endloop
  endfacet
  facet normal -0.19495 -0.980813 5.12673e-05
    outer loop
      vertex -0.724693 -14.0796 4
      vertex -0.4 -14.1442 2.8
      vertex -0.365473 -14.151 4
    endloop
  endfacet
  facet normal -0.195133 -0.980777 0
    outer loop
      vertex -0.724693 -14.0796 4
      vertex -0.4 -14.1442 2
      vertex -0.4 -14.1442 2.8
    endloop
  endfacet
  facet normal -0.195133 -0.980777 0
    outer loop
      vertex -0.724693 -14.0796 0
      vertex -0.4 -14.1442 2
      vertex -0.724693 -14.0796 4
    endloop
  endfacet
  facet normal -0.19495 -0.980813 -3.07604e-05
    outer loop
      vertex -0.365473 -14.151 0
      vertex -0.4 -14.1442 2
      vertex -0.724693 -14.0796 0
    endloop
  endfacet
  facet normal -0.193235 -0.981152 0
    outer loop
      vertex -0.4 -14.1442 2
      vertex -0.365473 -14.151 0
      vertex -0.365473 -14.151 2
    endloop
  endfacet
  facet normal -0.193235 -0.981152 -0
    outer loop
      vertex -0.365473 -14.151 4
      vertex -0.4 -14.1442 2.8
      vertex -0.365473 -14.151 2.8
    endloop
  endfacet
  facet normal -0.896882 -0.442271 0
    outer loop
      vertex -2.42487 -12.775 0
      vertex -2.58686 -12.4465 4
      vertex -2.58686 -12.4465 0
    endloop
  endfacet
  facet normal -0.896882 -0.442271 0
    outer loop
      vertex -2.58686 -12.4465 4
      vertex -2.42487 -12.775 0
      vertex -2.42487 -12.775 4
    endloop
  endfacet
  facet normal -0.946924 -0.321457 0
    outer loop
      vertex -2.58686 -12.4465 0
      vertex -2.70459 -12.0997 4
      vertex -2.70459 -12.0997 0
    endloop
  endfacet
  facet normal -0.946924 -0.321457 0
    outer loop
      vertex -2.70459 -12.0997 4
      vertex -2.58686 -12.4465 0
      vertex -2.58686 -12.4465 4
    endloop
  endfacet
  facet normal -0.997858 -0.0654136 0
    outer loop
      vertex -2.77604 -11.7405 0
      vertex -2.8 -11.375 2
      vertex -2.8 -11.375 0
    endloop
  endfacet
  facet normal -0.997858 -0.0654136 0
    outer loop
      vertex -2.8 -11.375 2
      vertex -2.77604 -11.7405 0
      vertex -2.77604 -11.7405 2
    endloop
  endfacet
  facet normal -0.997858 -0.0654136 0
    outer loop
      vertex -2.77604 -11.7405 2.8
      vertex -2.8 -11.375 4
      vertex -2.8 -11.375 2.8
    endloop
  endfacet
  facet normal -0.997858 -0.0654136 0
    outer loop
      vertex -2.8 -11.375 4
      vertex -2.77604 -11.7405 2.8
      vertex -2.77604 -11.7405 4
    endloop
  endfacet
  facet normal 0.751844 0.659341 0
    outer loop
      vertex 2.22139 -9.67047 4
      vertex 1.9799 -9.3951 0
      vertex 1.9799 -9.3951 4
    endloop
  endfacet
  facet normal 0.751844 0.659341 0
    outer loop
      vertex 1.9799 -9.3951 0
      vertex 2.22139 -9.67047 4
      vertex 2.22139 -9.67047 0
    endloop
  endfacet
  facet normal -0.442281 0.896876 0
    outer loop
      vertex -1.07151 -8.78814 0
      vertex -1.4 -8.95013 4
      vertex -1.07151 -8.78814 4
    endloop
  endfacet
  facet normal -0.442281 0.896876 0
    outer loop
      vertex -1.4 -8.95013 4
      vertex -1.07151 -8.78814 0
      vertex -1.4 -8.95013 0
    endloop
  endfacet
  facet normal 0.193235 -0.981152 0
    outer loop
      vertex 0.365473 -14.151 2
      vertex 0.365473 -14.151 0
      vertex 0.4 -14.1442 2
    endloop
  endfacet
  facet normal 0.193235 -0.981152 0
    outer loop
      vertex 0.4 -14.1442 2.8
      vertex 0.365473 -14.151 4
      vertex 0.365473 -14.151 2.8
    endloop
  endfacet
  facet normal 0.19495 -0.980813 5.12673e-05
    outer loop
      vertex 0.365473 -14.151 4
      vertex 0.4 -14.1442 2.8
      vertex 0.724693 -14.0796 4
    endloop
  endfacet
  facet normal 0.195133 -0.980777 0
    outer loop
      vertex 0.4 -14.1442 2
      vertex 0.724693 -14.0796 4
      vertex 0.4 -14.1442 2.8
    endloop
  endfacet
  facet normal 0.19495 -0.980813 -3.07604e-05
    outer loop
      vertex 0.724693 -14.0796 0
      vertex 0.4 -14.1442 2
      vertex 0.365473 -14.151 0
    endloop
  endfacet
  facet normal 0.195133 -0.980777 0
    outer loop
      vertex 0.4 -14.1442 2
      vertex 0.724693 -14.0796 0
      vertex 0.724693 -14.0796 4
    endloop
  endfacet
  facet normal 0.980799 -0.195023 0
    outer loop
      vertex 2.77604 -11.7405 4
      vertex 2.76918 -11.775 2.8
      vertex 2.77604 -11.7405 2.8
    endloop
  endfacet
  facet normal 0.980783 -0.195099 0
    outer loop
      vertex 2.76918 -11.775 2.8
      vertex 2.70459 -12.0997 4
      vertex 2.76918 -11.775 2
    endloop
  endfacet
  facet normal 0.980785 -0.195092 2.07743e-06
    outer loop
      vertex 2.70459 -12.0997 4
      vertex 2.76918 -11.775 2.8
      vertex 2.77604 -11.7405 4
    endloop
  endfacet
  facet normal 0.980799 -0.195023 0
    outer loop
      vertex 2.76918 -11.775 2
      vertex 2.77604 -11.7405 0
      vertex 2.77604 -11.7405 2
    endloop
  endfacet
  facet normal 0.980783 -0.195099 0
    outer loop
      vertex 2.70459 -12.0997 0
      vertex 2.76918 -11.775 2
      vertex 2.70459 -12.0997 4
    endloop
  endfacet
  facet normal 0.980785 -0.195092 -1.24646e-06
    outer loop
      vertex 2.76918 -11.775 2
      vertex 2.70459 -12.0997 0
      vertex 2.77604 -11.7405 0
    endloop
  endfacet
  facet normal 0.896882 -0.442271 0
    outer loop
      vertex 2.42487 -12.775 4
      vertex 2.58686 -12.4465 0
      vertex 2.58686 -12.4465 4
    endloop
  endfacet
  facet normal 0.896882 -0.442271 0
    outer loop
      vertex 2.58686 -12.4465 0
      vertex 2.42487 -12.775 4
      vertex 2.42487 -12.775 0
    endloop
  endfacet
  facet normal -0.831445 -0.555607 0
    outer loop
      vertex -2.22139 -13.0795 0
      vertex -2.42487 -12.775 4
      vertex -2.42487 -12.775 0
    endloop
  endfacet
  facet normal -0.831445 -0.555607 0
    outer loop
      vertex -2.42487 -12.775 4
      vertex -2.22139 -13.0795 0
      vertex -2.22139 -13.0795 4
    endloop
  endfacet
  facet normal -0.980799 -0.195023 0
    outer loop
      vertex -2.77604 -11.7405 0
      vertex -2.76918 -11.775 2
      vertex -2.77604 -11.7405 2
    endloop
  endfacet
  facet normal -0.980783 -0.195099 -0
    outer loop
      vertex -2.70459 -12.0997 4
      vertex -2.76918 -11.775 2
      vertex -2.70459 -12.0997 0
    endloop
  endfacet
  facet normal -0.980785 -0.195092 -1.24646e-06
    outer loop
      vertex -2.70459 -12.0997 0
      vertex -2.76918 -11.775 2
      vertex -2.77604 -11.7405 0
    endloop
  endfacet
  facet normal -0.980799 -0.195023 0
    outer loop
      vertex -2.76918 -11.775 2.8
      vertex -2.77604 -11.7405 4
      vertex -2.77604 -11.7405 2.8
    endloop
  endfacet
  facet normal -0.980783 -0.195099 0
    outer loop
      vertex -2.76918 -11.775 2
      vertex -2.70459 -12.0997 4
      vertex -2.76918 -11.775 2.8
    endloop
  endfacet
  facet normal -0.980785 -0.195092 2.07743e-06
    outer loop
      vertex -2.76918 -11.775 2.8
      vertex -2.70459 -12.0997 4
      vertex -2.77604 -11.7405 4
    endloop
  endfacet
  facet normal -0 0 1
    outer loop
      vertex 8.14358 -10.975 2.8
      vertex 9.455 -11.775 2.8
      vertex 9.455 -10.975 2.8
    endloop
  endfacet
  facet normal 0 0 1
    outer loop
      vertex 9.455 -11.775 2.8
      vertex 8.14358 -10.975 2.8
      vertex 8.14358 -11.775 2.8
    endloop
  endfacet
  facet normal 0 0 1
    outer loop
      vertex 6.64358 -10.975 2.8
      vertex 2.8 -11.375 2.8
      vertex 6.64358 -11.775 2.8
    endloop
  endfacet
  facet normal 0 0 1
    outer loop
      vertex 6.64358 -10.975 2.8
      vertex 2.77604 -11.0095 2.8
      vertex 2.8 -11.375 2.8
    endloop
  endfacet
  facet normal 0 -0 1
    outer loop
      vertex 2.77604 -11.0095 2.8
      vertex 6.64358 -10.975 2.8
      vertex 2.76918 -10.975 2.8
    endloop
  endfacet
  facet normal -0 0 1
    outer loop
      vertex 2.77604 -11.7405 2.8
      vertex 6.64358 -11.775 2.8
      vertex 2.8 -11.375 2.8
    endloop
  endfacet
  facet normal 0 0 1
    outer loop
      vertex 6.64358 -11.775 2.8
      vertex 2.77604 -11.7405 2.8
      vertex 2.76918 -11.775 2.8
    endloop
  endfacet
  facet normal 1 -0 0
    outer loop
      vertex 9.455 -11.775 2.8
      vertex 9.455 -10.975 2
      vertex 9.455 -10.975 2.8
    endloop
  endfacet
  facet normal 1 0 0
    outer loop
      vertex 9.455 -10.975 2
      vertex 9.455 -11.775 2.8
      vertex 9.455 -11.775 2
    endloop
  endfacet
  facet normal 0 1 0
    outer loop
      vertex 8.37624 -10.975 2
      vertex 9.455 -10.975 2.8
      vertex 9.455 -10.975 2
    endloop
  endfacet
  facet normal 0 1 0
    outer loop
      vertex 9.455 -10.975 2.8
      vertex 8.37624 -10.975 2
      vertex 8.14358 -10.975 2.8
    endloop
  endfacet
  facet normal 0 1 0
    outer loop
      vertex 2.76918 -10.975 2
      vertex 6.64358 -10.975 2.8
      vertex 6.87624 -10.975 2
    endloop
  endfacet
  facet normal 0 1 0
    outer loop
      vertex 6.64358 -10.975 2.8
      vertex 2.76918 -10.975 2
      vertex 2.76918 -10.975 2.8
    endloop
  endfacet
  facet normal 0 0 -1
    outer loop
      vertex 8.37624 -11.775 2
      vertex 9.455 -10.975 2
      vertex 9.455 -11.775 2
    endloop
  endfacet
  facet normal -0 0 -1
    outer loop
      vertex 9.455 -10.975 2
      vertex 8.37624 -11.775 2
      vertex 8.37624 -10.975 2
    endloop
  endfacet
  facet normal 0 0 -1
    outer loop
      vertex 6.87624 -11.775 2
      vertex 2.8 -11.375 2
      vertex 6.87624 -10.975 2
    endloop
  endfacet
  facet normal 0 0 -1
    outer loop
      vertex 6.87624 -11.775 2
      vertex 2.77604 -11.7405 2
      vertex 2.8 -11.375 2
    endloop
  endfacet
  facet normal 0 -0 -1
    outer loop
      vertex 2.77604 -11.7405 2
      vertex 6.87624 -11.775 2
      vertex 2.76918 -11.775 2
    endloop
  endfacet
  facet normal 0 0 -1
    outer loop
      vertex 2.77604 -11.0095 2
      vertex 6.87624 -10.975 2
      vertex 2.8 -11.375 2
    endloop
  endfacet
  facet normal -0 0 -1
    outer loop
      vertex 6.87624 -10.975 2
      vertex 2.77604 -11.0095 2
      vertex 2.76918 -10.975 2
    endloop
  endfacet
  facet normal 0 -1 0
    outer loop
      vertex 8.37624 -11.775 2
      vertex 9.455 -11.775 2.8
      vertex 8.14358 -11.775 2.8
    endloop
  endfacet
  facet normal 0 -1 -0
    outer loop
      vertex 9.455 -11.775 2.8
      vertex 8.37624 -11.775 2
      vertex 9.455 -11.775 2
    endloop
  endfacet
  facet normal 0 -1 0
    outer loop
      vertex 2.76918 -11.775 2
      vertex 6.64358 -11.775 2.8
      vertex 2.76918 -11.775 2.8
    endloop
  endfacet
  facet normal 0 -1 -0
    outer loop
      vertex 6.64358 -11.775 2.8
      vertex 2.76918 -11.775 2
      vertex 6.87624 -11.775 2
    endloop
  endfacet
  facet normal 0 1 -0
    outer loop
      vertex 0.4 -1.92 2
      vertex -0.4 -1.92 2.8
      vertex 0.4 -1.92 2.8
    endloop
  endfacet
  facet normal 0 1 0
    outer loop
      vertex -0.4 -1.92 2.8
      vertex 0.4 -1.92 2
      vertex -0.4 -1.92 2
    endloop
  endfacet
  facet normal -0 0 1
    outer loop
      vertex -0.4 -1.92 2.8
      vertex 0.4 -3.23142 2.8
      vertex 0.4 -1.92 2.8
    endloop
  endfacet
  facet normal 0 0 1
    outer loop
      vertex 0.4 -3.23142 2.8
      vertex -0.4 -1.92 2.8
      vertex -0.4 -3.23142 2.8
    endloop
  endfacet
  facet normal 0 0 1
    outer loop
      vertex 0.4 -4.73142 2.8
      vertex 0.365473 -8.59896 2.8
      vertex 0.4 -8.60582 2.8
    endloop
  endfacet
  facet normal 0 0 1
    outer loop
      vertex 0.4 -4.73142 2.8
      vertex 0 -8.575 2.8
      vertex 0.365473 -8.59896 2.8
    endloop
  endfacet
  facet normal -0 0 1
    outer loop
      vertex -0.4 -4.73142 2.8
      vertex 0 -8.575 2.8
      vertex 0.4 -4.73142 2.8
    endloop
  endfacet
  facet normal 0 0 1
    outer loop
      vertex 0 -8.575 2.8
      vertex -0.4 -4.73142 2.8
      vertex -0.365473 -8.59896 2.8
    endloop
  endfacet
  facet normal 0 0 1
    outer loop
      vertex -0.365473 -8.59896 2.8
      vertex -0.4 -4.73142 2.8
      vertex -0.4 -8.60582 2.8
    endloop
  endfacet
  facet normal -1 0 0
    outer loop
      vertex -0.4 -2.99876 2
      vertex -0.4 -1.92 2.8
      vertex -0.4 -1.92 2
    endloop
  endfacet
  facet normal -1 -0 0
    outer loop
      vertex -0.4 -1.92 2.8
      vertex -0.4 -2.99876 2
      vertex -0.4 -3.23142 2.8
    endloop
  endfacet
  facet normal -1 0 0
    outer loop
      vertex -0.4 -8.60582 2
      vertex -0.4 -4.73142 2.8
      vertex -0.4 -4.49876 2
    endloop
  endfacet
  facet normal -1 -0 0
    outer loop
      vertex -0.4 -4.73142 2.8
      vertex -0.4 -8.60582 2
      vertex -0.4 -8.60582 2.8
    endloop
  endfacet
  facet normal 0 0 -1
    outer loop
      vertex -0.4 -2.99876 2
      vertex 0.4 -1.92 2
      vertex 0.4 -2.99876 2
    endloop
  endfacet
  facet normal -0 0 -1
    outer loop
      vertex 0.4 -1.92 2
      vertex -0.4 -2.99876 2
      vertex -0.4 -1.92 2
    endloop
  endfacet
  facet normal 0 0 -1
    outer loop
      vertex 0.365473 -8.59896 2
      vertex 0.4 -4.49876 2
      vertex 0.4 -8.60582 2
    endloop
  endfacet
  facet normal 0 0 -1
    outer loop
      vertex 0 -8.575 2
      vertex 0.4 -4.49876 2
      vertex 0.365473 -8.59896 2
    endloop
  endfacet
  facet normal 0 0 -1
    outer loop
      vertex -0.4 -4.49876 2
      vertex 0 -8.575 2
      vertex -0.365473 -8.59896 2
    endloop
  endfacet
  facet normal 0 0 -1
    outer loop
      vertex -0.4 -4.49876 2
      vertex -0.365473 -8.59896 2
      vertex -0.4 -8.60582 2
    endloop
  endfacet
  facet normal 0 0 -1
    outer loop
      vertex 0 -8.575 2
      vertex -0.4 -4.49876 2
      vertex 0.4 -4.49876 2
    endloop
  endfacet
  facet normal 1 0 0
    outer loop
      vertex 0.4 -1.92 2.8
      vertex 0.4 -2.99876 2
      vertex 0.4 -1.92 2
    endloop
  endfacet
  facet normal 1 0 -0
    outer loop
      vertex 0.4 -2.99876 2
      vertex 0.4 -1.92 2.8
      vertex 0.4 -3.23142 2.8
    endloop
  endfacet
  facet normal 1 0 0
    outer loop
      vertex 0.4 -8.60582 2
      vertex 0.4 -4.73142 2.8
      vertex 0.4 -8.60582 2.8
    endloop
  endfacet
  facet normal 1 0 0
    outer loop
      vertex 0.4 -4.73142 2.8
      vertex 0.4 -8.60582 2
      vertex 0.4 -4.49876 2
    endloop
  endfacet
  facet normal -0 0 1
    outer loop
      vertex -9.455 -10.975 2.8
      vertex -8.14358 -11.775 2.8
      vertex -8.14358 -10.975 2.8
    endloop
  endfacet
  facet normal 0 0 1
    outer loop
      vertex -8.14358 -11.775 2.8
      vertex -9.455 -10.975 2.8
      vertex -9.455 -11.775 2.8
    endloop
  endfacet
  facet normal 0 0 1
    outer loop
      vertex -2.77604 -11.0095 2.8
      vertex -6.64358 -10.975 2.8
      vertex -2.8 -11.375 2.8
    endloop
  endfacet
  facet normal -0 0 1
    outer loop
      vertex -6.64358 -10.975 2.8
      vertex -2.77604 -11.0095 2.8
      vertex -2.76918 -10.975 2.8
    endloop
  endfacet
  facet normal 0 0 1
    outer loop
      vertex -6.64358 -11.775 2.8
      vertex -2.8 -11.375 2.8
      vertex -6.64358 -10.975 2.8
    endloop
  endfacet
  facet normal 0 0 1
    outer loop
      vertex -2.8 -11.375 2.8
      vertex -6.64358 -11.775 2.8
      vertex -2.77604 -11.7405 2.8
    endloop
  endfacet
  facet normal 0 0 1
    outer loop
      vertex -2.77604 -11.7405 2.8
      vertex -6.64358 -11.775 2.8
      vertex -2.76918 -11.775 2.8
    endloop
  endfacet
  facet normal -1 0 0
    outer loop
      vertex -9.455 -11.775 2
      vertex -9.455 -10.975 2.8
      vertex -9.455 -10.975 2
    endloop
  endfacet
  facet normal -1 -0 0
    outer loop
      vertex -9.455 -10.975 2.8
      vertex -9.455 -11.775 2
      vertex -9.455 -11.775 2.8
    endloop
  endfacet
  facet normal 0 1 -0
    outer loop
      vertex -8.37624 -10.975 2
      vertex -9.455 -10.975 2.8
      vertex -8.14358 -10.975 2.8
    endloop
  endfacet
  facet normal 0 1 0
    outer loop
      vertex -9.455 -10.975 2.8
      vertex -8.37624 -10.975 2
      vertex -9.455 -10.975 2
    endloop
  endfacet
  facet normal 0 1 -0
    outer loop
      vertex -2.76918 -10.975 2
      vertex -6.64358 -10.975 2.8
      vertex -2.76918 -10.975 2.8
    endloop
  endfacet
  facet normal 0 1 0
    outer loop
      vertex -6.64358 -10.975 2.8
      vertex -2.76918 -10.975 2
      vertex -6.87624 -10.975 2
    endloop
  endfacet
  facet normal 0 0 -1
    outer loop
      vertex -9.455 -11.775 2
      vertex -8.37624 -10.975 2
      vertex -8.37624 -11.775 2
    endloop
  endfacet
  facet normal -0 0 -1
    outer loop
      vertex -8.37624 -10.975 2
      vertex -9.455 -11.775 2
      vertex -9.455 -10.975 2
    endloop
  endfacet
  facet normal -0 0 -1
    outer loop
      vertex -2.77604 -11.7405 2
      vertex -6.87624 -11.775 2
      vertex -2.8 -11.375 2
    endloop
  endfacet
  facet normal 0 0 -1
    outer loop
      vertex -6.87624 -11.775 2
      vertex -2.77604 -11.7405 2
      vertex -2.76918 -11.775 2
    endloop
  endfacet
  facet normal 0 0 -1
    outer loop
      vertex -6.87624 -10.975 2
      vertex -2.8 -11.375 2
      vertex -6.87624 -11.775 2
    endloop
  endfacet
  facet normal 0 0 -1
    outer loop
      vertex -2.8 -11.375 2
      vertex -6.87624 -10.975 2
      vertex -2.77604 -11.0095 2
    endloop
  endfacet
  facet normal 0 0 -1
    outer loop
      vertex -2.77604 -11.0095 2
      vertex -6.87624 -10.975 2
      vertex -2.76918 -10.975 2
    endloop
  endfacet
  facet normal 0 -1 0
    outer loop
      vertex -8.37624 -11.775 2
      vertex -9.455 -11.775 2.8
      vertex -9.455 -11.775 2
    endloop
  endfacet
  facet normal 0 -1 0
    outer loop
      vertex -9.455 -11.775 2.8
      vertex -8.37624 -11.775 2
      vertex -8.14358 -11.775 2.8
    endloop
  endfacet
  facet normal 0 -1 0
    outer loop
      vertex -2.76918 -11.775 2
      vertex -6.64358 -11.775 2.8
      vertex -6.87624 -11.775 2
    endloop
  endfacet
  facet normal 0 -1 0
    outer loop
      vertex -6.64358 -11.775 2.8
      vertex -2.76918 -11.775 2
      vertex -2.76918 -11.775 2.8
    endloop
  endfacet
  facet normal -0 0 1
    outer loop
      vertex -0.4 -19.5186 2.8
      vertex 0.4 -20.83 2.8
      vertex 0.4 -19.5186 2.8
    endloop
  endfacet
  facet normal 0 0 1
    outer loop
      vertex 0.4 -20.83 2.8
      vertex -0.4 -19.5186 2.8
      vertex -0.4 -20.83 2.8
    endloop
  endfacet
  facet normal -0 0 1
    outer loop
      vertex 0.365473 -14.151 2.8
      vertex 0.4 -18.0186 2.8
      vertex 0.4 -14.1442 2.8
    endloop
  endfacet
  facet normal -0 0 1
    outer loop
      vertex 0 -14.175 2.8
      vertex 0.4 -18.0186 2.8
      vertex 0.365473 -14.151 2.8
    endloop
  endfacet
  facet normal 0 0 1
    outer loop
      vertex -0.4 -18.0186 2.8
      vertex 0 -14.175 2.8
      vertex -0.365473 -14.151 2.8
    endloop
  endfacet
  facet normal 0 0 1
    outer loop
      vertex -0.4 -18.0186 2.8
      vertex -0.365473 -14.151 2.8
      vertex -0.4 -14.1442 2.8
    endloop
  endfacet
  facet normal 0 0 1
    outer loop
      vertex 0 -14.175 2.8
      vertex -0.4 -18.0186 2.8
      vertex 0.4 -18.0186 2.8
    endloop
  endfacet
  facet normal 0 -1 0
    outer loop
      vertex -0.4 -20.83 2
      vertex 0.4 -20.83 2.8
      vertex -0.4 -20.83 2.8
    endloop
  endfacet
  facet normal 0 -1 -0
    outer loop
      vertex 0.4 -20.83 2.8
      vertex -0.4 -20.83 2
      vertex 0.4 -20.83 2
    endloop
  endfacet
  facet normal -1 0 0
    outer loop
      vertex -0.4 -20.83 2.8
      vertex -0.4 -19.7512 2
      vertex -0.4 -20.83 2
    endloop
  endfacet
  facet normal -1 0 0
    outer loop
      vertex -0.4 -19.7512 2
      vertex -0.4 -20.83 2.8
      vertex -0.4 -19.5186 2.8
    endloop
  endfacet
  facet normal -1 0 0
    outer loop
      vertex -0.4 -14.1442 2
      vertex -0.4 -18.0186 2.8
      vertex -0.4 -14.1442 2.8
    endloop
  endfacet
  facet normal -1 0 -0
    outer loop
      vertex -0.4 -18.0186 2.8
      vertex -0.4 -14.1442 2
      vertex -0.4 -18.2512 2
    endloop
  endfacet
  facet normal 0 0 -1
    outer loop
      vertex -0.4 -20.83 2
      vertex 0.4 -19.7512 2
      vertex 0.4 -20.83 2
    endloop
  endfacet
  facet normal -0 0 -1
    outer loop
      vertex 0.4 -19.7512 2
      vertex -0.4 -20.83 2
      vertex -0.4 -19.7512 2
    endloop
  endfacet
  facet normal 0 0 -1
    outer loop
      vertex 0.4 -18.2512 2
      vertex 0.365473 -14.151 2
      vertex 0.4 -14.1442 2
    endloop
  endfacet
  facet normal 0 0 -1
    outer loop
      vertex 0.4 -18.2512 2
      vertex 0 -14.175 2
      vertex 0.365473 -14.151 2
    endloop
  endfacet
  facet normal 0 0 -1
    outer loop
      vertex -0.4 -18.2512 2
      vertex 0 -14.175 2
      vertex 0.4 -18.2512 2
    endloop
  endfacet
  facet normal -0 0 -1
    outer loop
      vertex 0 -14.175 2
      vertex -0.4 -18.2512 2
      vertex -0.365473 -14.151 2
    endloop
  endfacet
  facet normal -0 0 -1
    outer loop
      vertex -0.365473 -14.151 2
      vertex -0.4 -18.2512 2
      vertex -0.4 -14.1442 2
    endloop
  endfacet
  facet normal 1 -0 0
    outer loop
      vertex 0.4 -20.83 2.8
      vertex 0.4 -19.7512 2
      vertex 0.4 -19.5186 2.8
    endloop
  endfacet
  facet normal 1 0 0
    outer loop
      vertex 0.4 -19.7512 2
      vertex 0.4 -20.83 2.8
      vertex 0.4 -20.83 2
    endloop
  endfacet
  facet normal 1 -0 0
    outer loop
      vertex 0.4 -18.0186 2.8
      vertex 0.4 -14.1442 2
      vertex 0.4 -14.1442 2.8
    endloop
  endfacet
  facet normal 1 0 0
    outer loop
      vertex 0.4 -14.1442 2
      vertex 0.4 -18.0186 2.8
      vertex 0.4 -18.2512 2
    endloop
  endfacet
  facet normal 0 -0.960217 0.279256
    outer loop
      vertex 13.2442 -18.1808 7.4
      vertex 18.65 -19.5186 2.8
      vertex 24.8558 -18.1808 7.4
    endloop
  endfacet
  facet normal -4.50773e-07 -0.960217 0.279256
    outer loop
      vertex 11.295 -20.33 0.00999928
      vertex 18.65 -19.5186 2.8
      vertex 13.2442 -18.1808 7.4
    endloop
  endfacet
  facet normal 0 -0.960209 0.279281
    outer loop
      vertex 18.65 -19.7512 2
      vertex 11.295 -20.33 0.00999928
      vertex 19.45 -19.7512 2
    endloop
  endfacet
  facet normal 2.7063e-05 -0.960236 0.279189
    outer loop
      vertex 18.65 -19.5186 2.8
      vertex 11.295 -20.33 0.00999928
      vertex 18.65 -19.7512 2
    endloop
  endfacet
  facet normal 0 -0.960217 0.279256
    outer loop
      vertex 19.45 -19.5186 2.8
      vertex 24.8558 -18.1808 7.4
      vertex 18.65 -19.5186 2.8
    endloop
  endfacet
  facet normal -2.7063e-05 -0.960236 0.279189
    outer loop
      vertex 26.805 -20.33 0.00999928
      vertex 19.45 -19.5186 2.8
      vertex 19.45 -19.7512 2
    endloop
  endfacet
  facet normal 4.50773e-07 -0.960217 0.279256
    outer loop
      vertex 19.45 -19.5186 2.8
      vertex 26.805 -20.33 0.00999928
      vertex 24.8558 -18.1808 7.4
    endloop
  endfacet
  facet normal 0 -0.960209 0.279281
    outer loop
      vertex 26.805 -20.33 0.00999928
      vertex 19.45 -19.7512 2
      vertex 11.295 -20.33 0.00999928
    endloop
  endfacet
  facet normal 0.194891 -0.980825 0
    outer loop
      vertex 26.9616 -20.3197 0
      vertex 27.1156 -20.2891 0.00999928
      vertex 26.9616 -20.3197 0.00999928
    endloop
  endfacet
  facet normal 0.194891 -0.980825 0
    outer loop
      vertex 27.1156 -20.2891 0.00999928
      vertex 26.9616 -20.3197 0
      vertex 27.1156 -20.2891 0
    endloop
  endfacet
  facet normal -0.0625507 0.953792 0.293885
    outer loop
      vertex 11.295 -2.42001 0.00999928
      vertex 11.1384 -2.43028 0.00999928
      vertex 13.2442 -4.56921 7.4
    endloop
  endfacet
  facet normal 0.0656309 -0.997844 0
    outer loop
      vertex 26.805 -20.33 0
      vertex 26.9616 -20.3197 0.00999928
      vertex 26.805 -20.33 0.00999928
    endloop
  endfacet
  facet normal 0.0656309 -0.997844 0
    outer loop
      vertex 26.9616 -20.3197 0.00999928
      vertex 26.805 -20.33 0
      vertex 26.9616 -20.3197 0
    endloop
  endfacet
  facet normal 0.184679 -0.929432 0.319453
    outer loop
      vertex 27.1156 -20.2891 0.00999928
      vertex 25.1146 -18.1467 7.4
      vertex 26.9616 -20.3197 0.00999928
    endloop
  endfacet
  facet normal 0.0628525 -0.95375 0.293956
    outer loop
      vertex 24.9863 -18.1722 7.4
      vertex 24.8558 -18.1808 7.4
      vertex 26.9616 -20.3197 0.00999928
    endloop
  endfacet
  facet normal 0.184725 -0.92942 0.319461
    outer loop
      vertex 25.1146 -18.1467 7.4
      vertex 24.9863 -18.1722 7.4
      vertex 26.9616 -20.3197 0.00999928
    endloop
  endfacet
  facet normal 0 -1 0
    outer loop
      vertex 11.295 -20.33 0
      vertex 26.805 -20.33 0.00999928
      vertex 11.295 -20.33 0.00999928
    endloop
  endfacet
  facet normal 0 -1 -0
    outer loop
      vertex 26.805 -20.33 0.00999928
      vertex 11.295 -20.33 0
      vertex 26.805 -20.33 0
    endloop
  endfacet
  facet normal 0 0.960217 0.279254
    outer loop
      vertex 24.8558 -4.56921 7.4
      vertex 19.45 -3.23142 2.8
      vertex 13.2442 -4.56921 7.4
    endloop
  endfacet
  facet normal -9.99902e-07 0.960217 0.279255
    outer loop
      vertex 26.805 -2.42001 0.00999928
      vertex 19.45 -3.23142 2.8
      vertex 24.8558 -4.56921 7.4
    endloop
  endfacet
  facet normal 0 0.960216 0.279259
    outer loop
      vertex 19.45 -2.99876 2
      vertex 26.805 -2.42001 0.00999928
      vertex 18.65 -2.99876 2
    endloop
  endfacet
  facet normal -1.04972e-06 0.960217 0.279255
    outer loop
      vertex 19.45 -3.23142 2.8
      vertex 26.805 -2.42001 0.00999928
      vertex 19.45 -2.99876 2
    endloop
  endfacet
  facet normal -0 0.960217 0.279254
    outer loop
      vertex 18.65 -3.23142 2.8
      vertex 13.2442 -4.56921 7.4
      vertex 19.45 -3.23142 2.8
    endloop
  endfacet
  facet normal 1.04972e-06 0.960217 0.279255
    outer loop
      vertex 11.295 -2.42001 0.00999928
      vertex 18.65 -3.23142 2.8
      vertex 18.65 -2.99876 2
    endloop
  endfacet
  facet normal 9.99902e-07 0.960217 0.279255
    outer loop
      vertex 18.65 -3.23142 2.8
      vertex 11.295 -2.42001 0.00999928
      vertex 13.2442 -4.56921 7.4
    endloop
  endfacet
  facet normal -0 0.960216 0.279259
    outer loop
      vertex 11.295 -2.42001 0.00999928
      vertex 18.65 -2.99876 2
      vertex 26.805 -2.42001 0.00999928
    endloop
  endfacet
  facet normal 0.0625507 0.953792 0.293885
    outer loop
      vertex 26.805 -2.42001 0.00999928
      vertex 24.8558 -4.56921 7.4
      vertex 26.9616 -2.43028 0.00999928
    endloop
  endfacet
  facet normal 1 -0 0
    outer loop
      vertex 28.005 -19.13 0.00999928
      vertex 28.005 -3.62001 0
      vertex 28.005 -3.62001 0.00999928
    endloop
  endfacet
  facet normal 1 0 0
    outer loop
      vertex 28.005 -3.62001 0
      vertex 28.005 -19.13 0.00999928
      vertex 28.005 -19.13 0
    endloop
  endfacet
  facet normal 0.517109 -0.773885 0.36565
    outer loop
      vertex 27.5355 -20.082 0.00999928
      vertex 25.3558 -18.0468 7.4
      vertex 27.405 -20.1692 0.00999928
    endloop
  endfacet
  facet normal 0.0627318 -0.953767 0.293926
    outer loop
      vertex 26.9616 -20.3197 0.00999928
      vertex 24.8558 -18.1808 7.4
      vertex 26.805 -20.33 0.00999928
    endloop
  endfacet
  facet normal -0.0627318 -0.953767 0.293926
    outer loop
      vertex 13.2442 -18.1808 7.4
      vertex 11.1384 -20.3197 0.00999928
      vertex 11.295 -20.33 0.00999928
    endloop
  endfacet
  facet normal -0.751787 -0.659406 0
    outer loop
      vertex 10.4465 -19.9785 0
      vertex 10.343 -19.8605 0.00999928
      vertex 10.343 -19.8605 0
    endloop
  endfacet
  facet normal -0.751787 -0.659406 0
    outer loop
      vertex 10.343 -19.8605 0.00999928
      vertex 10.4465 -19.9785 0
      vertex 10.4465 -19.9785 0.00999928
    endloop
  endfacet
  facet normal -0.698277 -0.612325 0.370766
    outer loop
      vertex 12.4509 -17.7896 7.4
      vertex 10.343 -19.8605 0.00999928
      vertex 12.5371 -17.8879 7.4
    endloop
  endfacet
  facet normal -0.517109 -0.773885 0.36565
    outer loop
      vertex 12.7442 -18.0468 7.4
      vertex 10.5645 -20.082 0.00999928
      vertex 10.695 -20.1692 0.00999928
    endloop
  endfacet
  facet normal -0.0654405 0.997856 0
    outer loop
      vertex 11.295 -2.42001 0
      vertex 11.1384 -2.43028 0.00999928
      vertex 11.295 -2.42001 0.00999928
    endloop
  endfacet
  facet normal -0.0654405 0.997856 0
    outer loop
      vertex 11.1384 -2.43028 0.00999928
      vertex 11.295 -2.42001 0
      vertex 11.1384 -2.43028 0
    endloop
  endfacet
  facet normal 0.751842 0.659343 0
    outer loop
      vertex 27.757 -2.8895 0.00999928
      vertex 27.6535 -2.77148 0
      vertex 27.6535 -2.77148 0.00999928
    endloop
  endfacet
  facet normal 0.751842 0.659343 0
    outer loop
      vertex 27.6535 -2.77148 0
      vertex 27.757 -2.8895 0.00999928
      vertex 27.757 -2.8895 0
    endloop
  endfacet
  facet normal -0.698255 0.612349 0.370767
    outer loop
      vertex 10.4465 -2.77148 0.00999928
      vertex 10.343 -2.8895 0.00999928
      vertex 12.5371 -4.86211 7.4
    endloop
  endfacet
  facet normal -0.831462 -0.555582 0
    outer loop
      vertex 10.343 -19.8605 0
      vertex 10.2558 -19.73 0.00999928
      vertex 10.2558 -19.73 0
    endloop
  endfacet
  facet normal -0.831462 -0.555582 0
    outer loop
      vertex 10.2558 -19.73 0.00999928
      vertex 10.343 -19.8605 0
      vertex 10.343 -19.8605 0.00999928
    endloop
  endfacet
  facet normal -0.555582 -0.831462 0
    outer loop
      vertex 10.5645 -20.082 0
      vertex 10.695 -20.1692 0.00999928
      vertex 10.5645 -20.082 0.00999928
    endloop
  endfacet
  facet normal -0.555582 -0.831462 -0
    outer loop
      vertex 10.695 -20.1692 0.00999928
      vertex 10.5645 -20.082 0
      vertex 10.695 -20.1692 0
    endloop
  endfacet
  facet normal -0.0656309 -0.997844 0
    outer loop
      vertex 11.1384 -20.3197 0
      vertex 11.295 -20.33 0.00999928
      vertex 11.1384 -20.3197 0.00999928
    endloop
  endfacet
  facet normal -0.0656309 -0.997844 -0
    outer loop
      vertex 11.295 -20.33 0.00999928
      vertex 11.1384 -20.3197 0
      vertex 11.295 -20.33 0
    endloop
  endfacet
  facet normal -0.184725 -0.92942 0.319461
    outer loop
      vertex 12.9854 -18.1467 7.4
      vertex 11.1384 -20.3197 0.00999928
      vertex 13.1137 -18.1722 7.4
    endloop
  endfacet
  facet normal -0.698204 -0.612408 0.370767
    outer loop
      vertex 12.5371 -17.8879 7.4
      vertex 10.343 -19.8605 0.00999928
      vertex 10.4465 -19.9785 0.00999928
    endloop
  endfacet
  facet normal 0 1 -0
    outer loop
      vertex 26.805 -2.42001 0
      vertex 11.295 -2.42001 0.00999928
      vertex 26.805 -2.42001 0.00999928
    endloop
  endfacet
  facet normal 0 1 0
    outer loop
      vertex 11.295 -2.42001 0.00999928
      vertex 26.805 -2.42001 0
      vertex 11.295 -2.42001 0
    endloop
  endfacet
  facet normal 0.516964 0.773988 0.365637
    outer loop
      vertex 27.5355 -2.66798 0.00999928
      vertex 25.3558 -4.70319 7.4
      vertex 25.4646 -4.77586 7.4
    endloop
  endfacet
  facet normal 0.302235 0.890534 0.340004
    outer loop
      vertex 27.2642 -2.51135 0.00999928
      vertex 25.1146 -4.60329 7.4
      vertex 25.2385 -4.64534 7.4
    endloop
  endfacet
  facet normal 0.960217 0 0.279256
    outer loop
      vertex 25.8558 -5.56921 7.4
      vertex 27.1936 -11.775 2.8
      vertex 27.1936 -10.975 2.8
    endloop
  endfacet
  facet normal 0.960217 -4.50773e-07 0.279256
    outer loop
      vertex 28.005 -19.13 0.00999928
      vertex 27.1936 -11.775 2.8
      vertex 25.8558 -17.1808 7.4
    endloop
  endfacet
  facet normal 0.960217 -0 0.279256
    outer loop
      vertex 25.8558 -17.1808 7.4
      vertex 27.1936 -11.775 2.8
      vertex 25.8558 -5.56921 7.4
    endloop
  endfacet
  facet normal 0.960217 4.50774e-07 0.279256
    outer loop
      vertex 27.1936 -10.975 2.8
      vertex 28.005 -3.62001 0.00999928
      vertex 25.8558 -5.56921 7.4
    endloop
  endfacet
  facet normal 0.960236 -2.7063e-05 0.279189
    outer loop
      vertex 27.4262 -10.975 2
      vertex 28.005 -3.62001 0.00999928
      vertex 27.1936 -10.975 2.8
    endloop
  endfacet
  facet normal 0.960209 -0 0.279281
    outer loop
      vertex 27.4262 -11.775 2
      vertex 28.005 -3.62001 0.00999928
      vertex 27.4262 -10.975 2
    endloop
  endfacet
  facet normal 0.960209 0 0.279281
    outer loop
      vertex 27.4262 -11.775 2
      vertex 28.005 -19.13 0.00999928
      vertex 28.005 -3.62001 0.00999928
    endloop
  endfacet
  facet normal 0.960236 2.7063e-05 0.279189
    outer loop
      vertex 27.1936 -11.775 2.8
      vertex 28.005 -19.13 0.00999928
      vertex 27.4262 -11.775 2
    endloop
  endfacet
  facet normal 0.698277 -0.612325 0.370766
    outer loop
      vertex 25.6491 -17.7896 7.4
      vertex 25.5629 -17.8879 7.4
      vertex 27.757 -19.8605 0.00999928
    endloop
  endfacet
  facet normal -0.953769 0.0627199 0.293923
    outer loop
      vertex 10.1053 -3.46338 0.00999928
      vertex 10.095 -3.62001 0.00999928
      vertex 12.2442 -5.56921 7.4
    endloop
  endfacet
  facet normal -0.612524 0.6981 0.37077
    outer loop
      vertex 12.6354 -4.77586 7.4
      vertex 10.5645 -2.66798 0.00999928
      vertex 12.5371 -4.86211 7.4
    endloop
  endfacet
  facet normal -0.960236 -2.7063e-05 0.279189
    outer loop
      vertex 10.9064 -10.975 2.8
      vertex 10.095 -3.62001 0.00999928
      vertex 10.6738 -10.975 2
    endloop
  endfacet
  facet normal -0.960209 0 0.279281
    outer loop
      vertex 10.095 -3.62001 0.00999928
      vertex 10.6738 -11.775 2
      vertex 10.6738 -10.975 2
    endloop
  endfacet
  facet normal -0.960236 2.7063e-05 0.279189
    outer loop
      vertex 10.095 -19.13 0.00999928
      vertex 10.9064 -11.775 2.8
      vertex 10.6738 -11.775 2
    endloop
  endfacet
  facet normal -0.960217 -4.50773e-07 0.279256
    outer loop
      vertex 10.9064 -11.775 2.8
      vertex 10.095 -19.13 0.00999928
      vertex 12.2442 -17.1808 7.4
    endloop
  endfacet
  facet normal -0.960209 0 0.279281
    outer loop
      vertex 10.095 -19.13 0.00999928
      vertex 10.6738 -11.775 2
      vertex 10.095 -3.62001 0.00999928
    endloop
  endfacet
  facet normal -0.960217 4.50774e-07 0.279256
    outer loop
      vertex 10.095 -3.62001 0.00999928
      vertex 10.9064 -10.975 2.8
      vertex 12.2442 -5.56921 7.4
    endloop
  endfacet
  facet normal -0.960217 0 0.279256
    outer loop
      vertex 10.9064 -11.775 2.8
      vertex 12.2442 -5.56921 7.4
      vertex 10.9064 -10.975 2.8
    endloop
  endfacet
  facet normal -0.960217 0 0.279256
    outer loop
      vertex 12.2442 -5.56921 7.4
      vertex 10.9064 -11.775 2.8
      vertex 12.2442 -17.1808 7.4
    endloop
  endfacet
  facet normal 0 0 1
    outer loop
      vertex 24.1215 -6.30353 7.4
      vertex 25.8558 -5.56921 7.4
      vertex 25.8472 -5.43869 7.4
    endloop
  endfacet
  facet normal 0 0 1
    outer loop
      vertex 25.8558 -5.56921 7.4
      vertex 24.3558 -6.86922 7.4
      vertex 25.8558 -17.1808 7.4
    endloop
  endfacet
  facet normal 0 0 1
    outer loop
      vertex 24.1215 -6.30353 7.4
      vertex 25.8472 -5.43869 7.4
      vertex 25.8217 -5.31039 7.4
    endloop
  endfacet
  facet normal -0 0 1
    outer loop
      vertex 24.3558 -15.8808 7.4
      vertex 25.8558 -17.1808 7.4
      vertex 24.3558 -6.86922 7.4
    endloop
  endfacet
  facet normal 0 0 1
    outer loop
      vertex 24.1215 -6.30353 7.4
      vertex 25.8217 -5.31039 7.4
      vertex 25.7797 -5.18652 7.4
    endloop
  endfacet
  facet normal -0 0 1
    outer loop
      vertex 24.3489 -15.9852 7.4
      vertex 25.8558 -17.1808 7.4
      vertex 24.3558 -15.8808 7.4
    endloop
  endfacet
  facet normal 0 0 1
    outer loop
      vertex 24.1215 -6.30353 7.4
      vertex 25.7797 -5.18652 7.4
      vertex 25.7218 -5.06921 7.4
    endloop
  endfacet
  facet normal -0 0 1
    outer loop
      vertex 24.3285 -16.0878 7.4
      vertex 25.8558 -17.1808 7.4
      vertex 24.3489 -15.9852 7.4
    endloop
  endfacet
  facet normal 0 0 1
    outer loop
      vertex 24.1215 -6.30353 7.4
      vertex 25.7218 -5.06921 7.4
      vertex 25.6491 -4.96045 7.4
    endloop
  endfacet
  facet normal -0 0 1
    outer loop
      vertex 24.2949 -16.1869 7.4
      vertex 25.8558 -17.1808 7.4
      vertex 24.3285 -16.0878 7.4
    endloop
  endfacet
  facet normal 0 0 1
    outer loop
      vertex 24.1215 -6.30353 7.4
      vertex 25.6491 -4.96045 7.4
      vertex 25.5629 -4.86211 7.4
    endloop
  endfacet
  facet normal -0 0 1
    outer loop
      vertex 24.2486 -16.2808 7.4
      vertex 25.8558 -17.1808 7.4
      vertex 24.2949 -16.1869 7.4
    endloop
  endfacet
  facet normal 0 0 1
    outer loop
      vertex 24.1215 -6.30353 7.4
      vertex 25.5629 -4.86211 7.4
      vertex 25.4646 -4.77586 7.4
    endloop
  endfacet
  facet normal -0 0 1
    outer loop
      vertex 24.1905 -16.3678 7.4
      vertex 25.8558 -17.1808 7.4
      vertex 24.2486 -16.2808 7.4
    endloop
  endfacet
  facet normal 0 0 1
    outer loop
      vertex 24.1215 -6.30353 7.4
      vertex 25.4646 -4.77586 7.4
      vertex 25.3558 -4.70319 7.4
    endloop
  endfacet
  facet normal -0 0 1
    outer loop
      vertex 24.1215 -16.4465 7.4
      vertex 25.8558 -17.1808 7.4
      vertex 24.1905 -16.3678 7.4
    endloop
  endfacet
  facet normal 0 0 1
    outer loop
      vertex 24.1215 -6.30353 7.4
      vertex 25.3558 -4.70319 7.4
      vertex 25.2385 -4.64534 7.4
    endloop
  endfacet
  facet normal 0 0 1
    outer loop
      vertex 25.8558 -17.1808 7.4
      vertex 24.1215 -16.4465 7.4
      vertex 25.8472 -17.3113 7.4
    endloop
  endfacet
  facet normal 0 0 1
    outer loop
      vertex 24.1215 -6.30353 7.4
      vertex 25.2385 -4.64534 7.4
      vertex 25.1146 -4.60329 7.4
    endloop
  endfacet
  facet normal 0 0 1
    outer loop
      vertex 25.8472 -17.3113 7.4
      vertex 24.1215 -16.4465 7.4
      vertex 25.8217 -17.4396 7.4
    endloop
  endfacet
  facet normal 0 0 1
    outer loop
      vertex 24.1215 -6.30353 7.4
      vertex 25.1146 -4.60329 7.4
      vertex 24.9863 -4.57777 7.4
    endloop
  endfacet
  facet normal 0 0 1
    outer loop
      vertex 25.8217 -17.4396 7.4
      vertex 24.1215 -16.4465 7.4
      vertex 25.7797 -17.5635 7.4
    endloop
  endfacet
  facet normal 0 0 1
    outer loop
      vertex 24.1215 -6.30353 7.4
      vertex 24.9863 -4.57777 7.4
      vertex 24.8558 -4.56921 7.4
    endloop
  endfacet
  facet normal 0 0 1
    outer loop
      vertex 25.7797 -17.5635 7.4
      vertex 24.1215 -16.4465 7.4
      vertex 25.7218 -17.6808 7.4
    endloop
  endfacet
  facet normal 0 0 1
    outer loop
      vertex 25.7218 -17.6808 7.4
      vertex 24.1215 -16.4465 7.4
      vertex 25.6491 -17.7896 7.4
    endloop
  endfacet
  facet normal 0 0 1
    outer loop
      vertex 25.8558 -5.56921 7.4
      vertex 24.3489 -6.7648 7.4
      vertex 24.3558 -6.86922 7.4
    endloop
  endfacet
  facet normal 0 0 1
    outer loop
      vertex 25.8558 -5.56921 7.4
      vertex 24.3285 -6.66216 7.4
      vertex 24.3489 -6.7648 7.4
    endloop
  endfacet
  facet normal 0 0 1
    outer loop
      vertex 25.8558 -5.56921 7.4
      vertex 24.2949 -6.56306 7.4
      vertex 24.3285 -6.66216 7.4
    endloop
  endfacet
  facet normal 0 0 1
    outer loop
      vertex 25.8558 -5.56921 7.4
      vertex 24.2486 -6.46922 7.4
      vertex 24.2949 -6.56306 7.4
    endloop
  endfacet
  facet normal 0 0 1
    outer loop
      vertex 25.8558 -5.56921 7.4
      vertex 24.1905 -6.3822 7.4
      vertex 24.2486 -6.46922 7.4
    endloop
  endfacet
  facet normal 0 0 1
    outer loop
      vertex 25.8558 -5.56921 7.4
      vertex 24.1215 -6.30353 7.4
      vertex 24.1905 -6.3822 7.4
    endloop
  endfacet
  facet normal 0 0 1
    outer loop
      vertex 24.8558 -4.56921 7.4
      vertex 24.0428 -6.23453 7.4
      vertex 24.1215 -6.30353 7.4
    endloop
  endfacet
  facet normal 0 0 1
    outer loop
      vertex 24.8558 -4.56921 7.4
      vertex 23.9558 -6.17639 7.4
      vertex 24.0428 -6.23453 7.4
    endloop
  endfacet
  facet normal 0 0 1
    outer loop
      vertex 24.8558 -4.56921 7.4
      vertex 23.8619 -6.13011 7.4
      vertex 23.9558 -6.17639 7.4
    endloop
  endfacet
  facet normal 0 0 1
    outer loop
      vertex 24.8558 -4.56921 7.4
      vertex 23.7628 -6.09648 7.4
      vertex 23.8619 -6.13011 7.4
    endloop
  endfacet
  facet normal 0 0 1
    outer loop
      vertex 24.8558 -4.56921 7.4
      vertex 23.6602 -6.07607 7.4
      vertex 23.7628 -6.09648 7.4
    endloop
  endfacet
  facet normal 0 0 1
    outer loop
      vertex 24.8558 -4.56921 7.4
      vertex 23.5558 -6.06921 7.4
      vertex 23.6602 -6.07607 7.4
    endloop
  endfacet
  facet normal 0 0 1
    outer loop
      vertex 24.8558 -4.56921 7.4
      vertex 14.5442 -6.06921 7.4
      vertex 23.5558 -6.06921 7.4
    endloop
  endfacet
  facet normal -0 0 1
    outer loop
      vertex 13.2442 -4.56921 7.4
      vertex 14.5442 -6.06921 7.4
      vertex 24.8558 -4.56921 7.4
    endloop
  endfacet
  facet normal 0 0 1
    outer loop
      vertex 13.7511 -6.7648 7.4
      vertex 12.2442 -5.56921 7.4
      vertex 13.7442 -6.86922 7.4
    endloop
  endfacet
  facet normal 0 0 1
    outer loop
      vertex 13.7715 -6.66216 7.4
      vertex 12.2442 -5.56921 7.4
      vertex 13.7511 -6.7648 7.4
    endloop
  endfacet
  facet normal 0 0 1
    outer loop
      vertex 13.8051 -6.56306 7.4
      vertex 12.2442 -5.56921 7.4
      vertex 13.7715 -6.66216 7.4
    endloop
  endfacet
  facet normal 0 0 1
    outer loop
      vertex 13.8514 -6.46922 7.4
      vertex 12.2442 -5.56921 7.4
      vertex 13.8051 -6.56306 7.4
    endloop
  endfacet
  facet normal 0 0 1
    outer loop
      vertex 13.9095 -6.3822 7.4
      vertex 12.2442 -5.56921 7.4
      vertex 13.8514 -6.46922 7.4
    endloop
  endfacet
  facet normal 0 0 1
    outer loop
      vertex 13.9785 -6.30353 7.4
      vertex 12.2442 -5.56921 7.4
      vertex 13.9095 -6.3822 7.4
    endloop
  endfacet
  facet normal -0 0 1
    outer loop
      vertex 12.2442 -5.56921 7.4
      vertex 13.9785 -6.30353 7.4
      vertex 13.2442 -4.56921 7.4
    endloop
  endfacet
  facet normal 0 0 1
    outer loop
      vertex 14.0572 -6.23453 7.4
      vertex 13.2442 -4.56921 7.4
      vertex 13.9785 -6.30353 7.4
    endloop
  endfacet
  facet normal 0 0 1
    outer loop
      vertex 14.1442 -6.17639 7.4
      vertex 13.2442 -4.56921 7.4
      vertex 14.0572 -6.23453 7.4
    endloop
  endfacet
  facet normal 0 0 1
    outer loop
      vertex 14.2381 -6.13011 7.4
      vertex 13.2442 -4.56921 7.4
      vertex 14.1442 -6.17639 7.4
    endloop
  endfacet
  facet normal 0 0 1
    outer loop
      vertex 14.3372 -6.09648 7.4
      vertex 13.2442 -4.56921 7.4
      vertex 14.2381 -6.13011 7.4
    endloop
  endfacet
  facet normal 0 0 1
    outer loop
      vertex 14.4398 -6.07607 7.4
      vertex 13.2442 -4.56921 7.4
      vertex 14.3372 -6.09648 7.4
    endloop
  endfacet
  facet normal 0 0 1
    outer loop
      vertex 14.5442 -6.06921 7.4
      vertex 13.2442 -4.56921 7.4
      vertex 14.4398 -6.07607 7.4
    endloop
  endfacet
  facet normal 0 0 1
    outer loop
      vertex 25.6491 -17.7896 7.4
      vertex 24.1215 -16.4465 7.4
      vertex 25.5629 -17.8879 7.4
    endloop
  endfacet
  facet normal 0 0 1
    outer loop
      vertex 25.5629 -17.8879 7.4
      vertex 24.1215 -16.4465 7.4
      vertex 25.4646 -17.9741 7.4
    endloop
  endfacet
  facet normal 0 0 1
    outer loop
      vertex 25.4646 -17.9741 7.4
      vertex 24.1215 -16.4465 7.4
      vertex 25.3558 -18.0468 7.4
    endloop
  endfacet
  facet normal 0 0 1
    outer loop
      vertex 25.3558 -18.0468 7.4
      vertex 24.1215 -16.4465 7.4
      vertex 25.2385 -18.1047 7.4
    endloop
  endfacet
  facet normal 0 0 1
    outer loop
      vertex 25.2385 -18.1047 7.4
      vertex 24.1215 -16.4465 7.4
      vertex 25.1146 -18.1467 7.4
    endloop
  endfacet
  facet normal 0 0 1
    outer loop
      vertex 25.1146 -18.1467 7.4
      vertex 24.1215 -16.4465 7.4
      vertex 24.9863 -18.1722 7.4
    endloop
  endfacet
  facet normal 0 0 1
    outer loop
      vertex 24.9863 -18.1722 7.4
      vertex 24.1215 -16.4465 7.4
      vertex 24.8558 -18.1808 7.4
    endloop
  endfacet
  facet normal -0 0 1
    outer loop
      vertex 24.0428 -16.5155 7.4
      vertex 24.8558 -18.1808 7.4
      vertex 24.1215 -16.4465 7.4
    endloop
  endfacet
  facet normal -0 0 1
    outer loop
      vertex 23.9558 -16.5736 7.4
      vertex 24.8558 -18.1808 7.4
      vertex 24.0428 -16.5155 7.4
    endloop
  endfacet
  facet normal -0 0 1
    outer loop
      vertex 23.8619 -16.6199 7.4
      vertex 24.8558 -18.1808 7.4
      vertex 23.9558 -16.5736 7.4
    endloop
  endfacet
  facet normal -0 0 1
    outer loop
      vertex 23.7628 -16.6535 7.4
      vertex 24.8558 -18.1808 7.4
      vertex 23.8619 -16.6199 7.4
    endloop
  endfacet
  facet normal -0 0 1
    outer loop
      vertex 23.6602 -16.6739 7.4
      vertex 24.8558 -18.1808 7.4
      vertex 23.7628 -16.6535 7.4
    endloop
  endfacet
  facet normal -0 0 1
    outer loop
      vertex 23.5558 -16.6808 7.4
      vertex 24.8558 -18.1808 7.4
      vertex 23.6602 -16.6739 7.4
    endloop
  endfacet
  facet normal -0 0 1
    outer loop
      vertex 14.5442 -16.6808 7.4
      vertex 24.8558 -18.1808 7.4
      vertex 23.5558 -16.6808 7.4
    endloop
  endfacet
  facet normal 0 0 1
    outer loop
      vertex 13.2442 -18.1808 7.4
      vertex 14.5442 -16.6808 7.4
      vertex 14.4398 -16.6739 7.4
    endloop
  endfacet
  facet normal 0 0 1
    outer loop
      vertex 14.5442 -16.6808 7.4
      vertex 13.2442 -18.1808 7.4
      vertex 24.8558 -18.1808 7.4
    endloop
  endfacet
  facet normal 0 0 1
    outer loop
      vertex 14.3372 -16.6535 7.4
      vertex 13.2442 -18.1808 7.4
      vertex 14.4398 -16.6739 7.4
    endloop
  endfacet
  facet normal 0 0 1
    outer loop
      vertex 14.2381 -16.6199 7.4
      vertex 13.2442 -18.1808 7.4
      vertex 14.3372 -16.6535 7.4
    endloop
  endfacet
  facet normal 0 0 1
    outer loop
      vertex 14.1442 -16.5736 7.4
      vertex 13.2442 -18.1808 7.4
      vertex 14.2381 -16.6199 7.4
    endloop
  endfacet
  facet normal 0 0 1
    outer loop
      vertex 14.0572 -16.5155 7.4
      vertex 13.2442 -18.1808 7.4
      vertex 14.1442 -16.5736 7.4
    endloop
  endfacet
  facet normal 0 0 1
    outer loop
      vertex 13.9785 -16.4465 7.4
      vertex 13.2442 -18.1808 7.4
      vertex 14.0572 -16.5155 7.4
    endloop
  endfacet
  facet normal 0 0 1
    outer loop
      vertex 12.2442 -17.1808 7.4
      vertex 13.9785 -16.4465 7.4
      vertex 13.9095 -16.3678 7.4
    endloop
  endfacet
  facet normal 0 0 1
    outer loop
      vertex 12.2442 -17.1808 7.4
      vertex 13.9095 -16.3678 7.4
      vertex 13.8514 -16.2808 7.4
    endloop
  endfacet
  facet normal 0 0 1
    outer loop
      vertex 12.2442 -17.1808 7.4
      vertex 13.8514 -16.2808 7.4
      vertex 13.8051 -16.1869 7.4
    endloop
  endfacet
  facet normal 0 0 1
    outer loop
      vertex 12.2442 -17.1808 7.4
      vertex 13.8051 -16.1869 7.4
      vertex 13.7715 -16.0878 7.4
    endloop
  endfacet
  facet normal 0 0 1
    outer loop
      vertex 12.2442 -17.1808 7.4
      vertex 13.7715 -16.0878 7.4
      vertex 13.7511 -15.9852 7.4
    endloop
  endfacet
  facet normal 0 0 1
    outer loop
      vertex 12.2442 -17.1808 7.4
      vertex 13.7511 -15.9852 7.4
      vertex 13.7442 -15.8808 7.4
    endloop
  endfacet
  facet normal 0 0 1
    outer loop
      vertex 13.7442 -6.86922 7.4
      vertex 12.2442 -5.56921 7.4
      vertex 13.7442 -15.8808 7.4
    endloop
  endfacet
  facet normal 0 0 1
    outer loop
      vertex 12.2442 -5.56921 7.4
      vertex 13.2442 -4.56921 7.4
      vertex 13.1137 -4.57777 7.4
    endloop
  endfacet
  facet normal 0 0 1
    outer loop
      vertex 12.2442 -17.1808 7.4
      vertex 13.7442 -15.8808 7.4
      vertex 12.2442 -5.56921 7.4
    endloop
  endfacet
  facet normal 0 0 1
    outer loop
      vertex 12.2442 -5.56921 7.4
      vertex 13.1137 -4.57777 7.4
      vertex 12.9854 -4.60329 7.4
    endloop
  endfacet
  facet normal 0 0 1
    outer loop
      vertex 13.9785 -16.4465 7.4
      vertex 12.2442 -17.1808 7.4
      vertex 13.2442 -18.1808 7.4
    endloop
  endfacet
  facet normal 0 0 1
    outer loop
      vertex 12.2442 -5.56921 7.4
      vertex 12.9854 -4.60329 7.4
      vertex 12.8615 -4.64534 7.4
    endloop
  endfacet
  facet normal 0 0 1
    outer loop
      vertex 13.2442 -18.1808 7.4
      vertex 12.2442 -17.1808 7.4
      vertex 13.1137 -18.1722 7.4
    endloop
  endfacet
  facet normal 0 0 1
    outer loop
      vertex 12.2442 -5.56921 7.4
      vertex 12.8615 -4.64534 7.4
      vertex 12.7442 -4.70319 7.4
    endloop
  endfacet
  facet normal 0 0 1
    outer loop
      vertex 13.1137 -18.1722 7.4
      vertex 12.2442 -17.1808 7.4
      vertex 12.9854 -18.1467 7.4
    endloop
  endfacet
  facet normal 0 0 1
    outer loop
      vertex 12.2442 -5.56921 7.4
      vertex 12.7442 -4.70319 7.4
      vertex 12.6354 -4.77586 7.4
    endloop
  endfacet
  facet normal 0 0 1
    outer loop
      vertex 12.9854 -18.1467 7.4
      vertex 12.2442 -17.1808 7.4
      vertex 12.8615 -18.1047 7.4
    endloop
  endfacet
  facet normal 0 0 1
    outer loop
      vertex 12.2442 -5.56921 7.4
      vertex 12.6354 -4.77586 7.4
      vertex 12.5371 -4.86211 7.4
    endloop
  endfacet
  facet normal 0 0 1
    outer loop
      vertex 12.8615 -18.1047 7.4
      vertex 12.2442 -17.1808 7.4
      vertex 12.7442 -18.0468 7.4
    endloop
  endfacet
  facet normal 0 0 1
    outer loop
      vertex 12.2442 -5.56921 7.4
      vertex 12.5371 -4.86211 7.4
      vertex 12.4509 -4.96045 7.4
    endloop
  endfacet
  facet normal 0 0 1
    outer loop
      vertex 12.7442 -18.0468 7.4
      vertex 12.2442 -17.1808 7.4
      vertex 12.6354 -17.9741 7.4
    endloop
  endfacet
  facet normal 0 0 1
    outer loop
      vertex 12.2442 -5.56921 7.4
      vertex 12.4509 -4.96045 7.4
      vertex 12.3782 -5.06921 7.4
    endloop
  endfacet
  facet normal 0 0 1
    outer loop
      vertex 12.6354 -17.9741 7.4
      vertex 12.2442 -17.1808 7.4
      vertex 12.5371 -17.8879 7.4
    endloop
  endfacet
  facet normal 0 0 1
    outer loop
      vertex 12.2442 -5.56921 7.4
      vertex 12.3782 -5.06921 7.4
      vertex 12.3203 -5.18652 7.4
    endloop
  endfacet
  facet normal 0 0 1
    outer loop
      vertex 12.5371 -17.8879 7.4
      vertex 12.2442 -17.1808 7.4
      vertex 12.4509 -17.7896 7.4
    endloop
  endfacet
  facet normal 0 0 1
    outer loop
      vertex 12.2442 -5.56921 7.4
      vertex 12.3203 -5.18652 7.4
      vertex 12.2783 -5.31039 7.4
    endloop
  endfacet
  facet normal 0 0 1
    outer loop
      vertex 12.4509 -17.7896 7.4
      vertex 12.2442 -17.1808 7.4
      vertex 12.3782 -17.6808 7.4
    endloop
  endfacet
  facet normal 0 0 1
    outer loop
      vertex 12.2442 -5.56921 7.4
      vertex 12.2783 -5.31039 7.4
      vertex 12.2528 -5.43869 7.4
    endloop
  endfacet
  facet normal 0 0 1
    outer loop
      vertex 12.3782 -17.6808 7.4
      vertex 12.2442 -17.1808 7.4
      vertex 12.3203 -17.5635 7.4
    endloop
  endfacet
  facet normal 0 0 1
    outer loop
      vertex 12.3203 -17.5635 7.4
      vertex 12.2442 -17.1808 7.4
      vertex 12.2783 -17.4396 7.4
    endloop
  endfacet
  facet normal 0 0 1
    outer loop
      vertex 12.2783 -17.4396 7.4
      vertex 12.2442 -17.1808 7.4
      vertex 12.2528 -17.3113 7.4
    endloop
  endfacet
  facet normal 0 0 -1
    outer loop
      vertex 26.2983 -18.4388 0
      vertex 28.005 -19.13 0
      vertex 27.9947 -19.2866 0
    endloop
  endfacet
  facet normal 0 0 -1
    outer loop
      vertex 28.005 -19.13 0
      vertex 26.505 -17.83 0
      vertex 28.005 -3.62001 0
    endloop
  endfacet
  facet normal 0 0 -1
    outer loop
      vertex 26.2121 -18.5371 0
      vertex 27.9947 -19.2866 0
      vertex 27.9641 -19.4406 0
    endloop
  endfacet
  facet normal 0 0 -1
    outer loop
      vertex 26.505 -4.92001 0
      vertex 28.005 -3.62001 0
      vertex 26.505 -17.83 0
    endloop
  endfacet
  facet normal 0 0 -1
    outer loop
      vertex 26.2121 -18.5371 0
      vertex 27.9641 -19.4406 0
      vertex 27.9136 -19.5892 0
    endloop
  endfacet
  facet normal 0 0 -1
    outer loop
      vertex 26.4964 -4.78949 0
      vertex 28.005 -3.62001 0
      vertex 26.505 -4.92001 0
    endloop
  endfacet
  facet normal 0 0 -1
    outer loop
      vertex 26.2121 -18.5371 0
      vertex 27.9136 -19.5892 0
      vertex 27.8442 -19.73 0
    endloop
  endfacet
  facet normal 0 0 -1
    outer loop
      vertex 26.4709 -4.66119 0
      vertex 28.005 -3.62001 0
      vertex 26.4964 -4.78949 0
    endloop
  endfacet
  facet normal 0 0 -1
    outer loop
      vertex 26.2121 -18.5371 0
      vertex 27.8442 -19.73 0
      vertex 27.757 -19.8605 0
    endloop
  endfacet
  facet normal 0 0 -1
    outer loop
      vertex 26.4289 -4.53732 0
      vertex 28.005 -3.62001 0
      vertex 26.4709 -4.66119 0
    endloop
  endfacet
  facet normal 0 0 -1
    outer loop
      vertex 26.2121 -18.5371 0
      vertex 27.757 -19.8605 0
      vertex 27.6535 -19.9785 0
    endloop
  endfacet
  facet normal 0 0 -1
    outer loop
      vertex 26.371 -4.42001 0
      vertex 28.005 -3.62001 0
      vertex 26.4289 -4.53732 0
    endloop
  endfacet
  facet normal 0 0 -1
    outer loop
      vertex 26.2121 -18.5371 0
      vertex 27.6535 -19.9785 0
      vertex 27.5355 -20.082 0
    endloop
  endfacet
  facet normal 0 0 -1
    outer loop
      vertex 26.2983 -4.31125 0
      vertex 28.005 -3.62001 0
      vertex 26.371 -4.42001 0
    endloop
  endfacet
  facet normal 0 0 -1
    outer loop
      vertex 26.2121 -18.5371 0
      vertex 27.5355 -20.082 0
      vertex 27.405 -20.1692 0
    endloop
  endfacet
  facet normal -0 0 -1
    outer loop
      vertex 28.005 -3.62001 0
      vertex 26.2983 -4.31125 0
      vertex 27.9947 -3.46338 0
    endloop
  endfacet
  facet normal 0 0 -1
    outer loop
      vertex 26.2121 -18.5371 0
      vertex 27.405 -20.1692 0
      vertex 27.2642 -20.2386 0
    endloop
  endfacet
  facet normal 0 0 -1
    outer loop
      vertex 26.2121 -4.21291 0
      vertex 27.9947 -3.46338 0
      vertex 26.2983 -4.31125 0
    endloop
  endfacet
  facet normal 0 0 -1
    outer loop
      vertex 26.2121 -18.5371 0
      vertex 27.2642 -20.2386 0
      vertex 27.1156 -20.2891 0
    endloop
  endfacet
  facet normal -0 0 -1
    outer loop
      vertex 27.9947 -3.46338 0
      vertex 26.2121 -4.21291 0
      vertex 27.9641 -3.30943 0
    endloop
  endfacet
  facet normal 0 0 -1
    outer loop
      vertex 26.2121 -18.5371 0
      vertex 27.1156 -20.2891 0
      vertex 26.9616 -20.3197 0
    endloop
  endfacet
  facet normal -0 0 -1
    outer loop
      vertex 27.9641 -3.30943 0
      vertex 26.2121 -4.21291 0
      vertex 27.9136 -3.1608 0
    endloop
  endfacet
  facet normal 0 0 -1
    outer loop
      vertex 26.2121 -18.5371 0
      vertex 26.9616 -20.3197 0
      vertex 26.805 -20.33 0
    endloop
  endfacet
  facet normal -0 0 -1
    outer loop
      vertex 27.9136 -3.1608 0
      vertex 26.2121 -4.21291 0
      vertex 27.8442 -3.02 0
    endloop
  endfacet
  facet normal -0 0 -1
    outer loop
      vertex 27.8442 -3.02 0
      vertex 26.2121 -4.21291 0
      vertex 27.757 -2.8895 0
    endloop
  endfacet
  facet normal 0 0 -1
    outer loop
      vertex 28.005 -19.13 0
      vertex 26.4964 -17.9605 0
      vertex 26.505 -17.83 0
    endloop
  endfacet
  facet normal 0 0 -1
    outer loop
      vertex 28.005 -19.13 0
      vertex 26.4709 -18.0888 0
      vertex 26.4964 -17.9605 0
    endloop
  endfacet
  facet normal 0 0 -1
    outer loop
      vertex 28.005 -19.13 0
      vertex 26.4289 -18.2127 0
      vertex 26.4709 -18.0888 0
    endloop
  endfacet
  facet normal 0 0 -1
    outer loop
      vertex 28.005 -19.13 0
      vertex 26.371 -18.33 0
      vertex 26.4289 -18.2127 0
    endloop
  endfacet
  facet normal 0 0 -1
    outer loop
      vertex 28.005 -19.13 0
      vertex 26.2983 -18.4388 0
      vertex 26.371 -18.33 0
    endloop
  endfacet
  facet normal 0 0 -1
    outer loop
      vertex 27.9947 -19.2866 0
      vertex 26.2121 -18.5371 0
      vertex 26.2983 -18.4388 0
    endloop
  endfacet
  facet normal 0 0 -1
    outer loop
      vertex 26.805 -20.33 0
      vertex 26.1138 -18.6233 0
      vertex 26.2121 -18.5371 0
    endloop
  endfacet
  facet normal 0 0 -1
    outer loop
      vertex 26.805 -20.33 0
      vertex 26.005 -18.696 0
      vertex 26.1138 -18.6233 0
    endloop
  endfacet
  facet normal 0 0 -1
    outer loop
      vertex 26.805 -20.33 0
      vertex 25.8877 -18.7539 0
      vertex 26.005 -18.696 0
    endloop
  endfacet
  facet normal 0 0 -1
    outer loop
      vertex 26.805 -20.33 0
      vertex 25.7638 -18.7959 0
      vertex 25.8877 -18.7539 0
    endloop
  endfacet
  facet normal 0 0 -1
    outer loop
      vertex 26.805 -20.33 0
      vertex 25.6355 -18.8214 0
      vertex 25.7638 -18.7959 0
    endloop
  endfacet
  facet normal 0 0 -1
    outer loop
      vertex 26.805 -20.33 0
      vertex 25.505 -18.83 0
      vertex 25.6355 -18.8214 0
    endloop
  endfacet
  facet normal 0 0 -1
    outer loop
      vertex 26.805 -20.33 0
      vertex 12.595 -18.83 0
      vertex 25.505 -18.83 0
    endloop
  endfacet
  facet normal 0 0 -1
    outer loop
      vertex 11.295 -20.33 0
      vertex 12.595 -18.83 0
      vertex 26.805 -20.33 0
    endloop
  endfacet
  facet normal -0 0 -1
    outer loop
      vertex 11.6036 -17.9605 0
      vertex 10.095 -19.13 0
      vertex 11.595 -17.83 0
    endloop
  endfacet
  facet normal -0 0 -1
    outer loop
      vertex 11.6291 -18.0888 0
      vertex 10.095 -19.13 0
      vertex 11.6036 -17.9605 0
    endloop
  endfacet
  facet normal -0 0 -1
    outer loop
      vertex 11.6711 -18.2127 0
      vertex 10.095 -19.13 0
      vertex 11.6291 -18.0888 0
    endloop
  endfacet
  facet normal -0 0 -1
    outer loop
      vertex 11.729 -18.33 0
      vertex 10.095 -19.13 0
      vertex 11.6711 -18.2127 0
    endloop
  endfacet
  facet normal -0 0 -1
    outer loop
      vertex 11.8017 -18.4388 0
      vertex 10.095 -19.13 0
      vertex 11.729 -18.33 0
    endloop
  endfacet
  facet normal -0 0 -1
    outer loop
      vertex 11.8879 -18.5371 0
      vertex 10.095 -19.13 0
      vertex 11.8017 -18.4388 0
    endloop
  endfacet
  facet normal 0 0 -1
    outer loop
      vertex 10.095 -19.13 0
      vertex 11.8879 -18.5371 0
      vertex 11.295 -20.33 0
    endloop
  endfacet
  facet normal -0 0 -1
    outer loop
      vertex 11.9862 -18.6233 0
      vertex 11.295 -20.33 0
      vertex 11.8879 -18.5371 0
    endloop
  endfacet
  facet normal -0 0 -1
    outer loop
      vertex 12.095 -18.696 0
      vertex 11.295 -20.33 0
      vertex 11.9862 -18.6233 0
    endloop
  endfacet
  facet normal -0 0 -1
    outer loop
      vertex 12.2123 -18.7539 0
      vertex 11.295 -20.33 0
      vertex 12.095 -18.696 0
    endloop
  endfacet
  facet normal -0 0 -1
    outer loop
      vertex 12.3362 -18.7959 0
      vertex 11.295 -20.33 0
      vertex 12.2123 -18.7539 0
    endloop
  endfacet
  facet normal -0 0 -1
    outer loop
      vertex 12.4645 -18.8214 0
      vertex 11.295 -20.33 0
      vertex 12.3362 -18.7959 0
    endloop
  endfacet
  facet normal -0 0 -1
    outer loop
      vertex 12.595 -18.83 0
      vertex 11.295 -20.33 0
      vertex 12.4645 -18.8214 0
    endloop
  endfacet
  facet normal -0 0 -1
    outer loop
      vertex 27.757 -2.8895 0
      vertex 26.2121 -4.21291 0
      vertex 27.6535 -2.77148 0
    endloop
  endfacet
  facet normal -0 0 -1
    outer loop
      vertex 27.6535 -2.77148 0
      vertex 26.2121 -4.21291 0
      vertex 27.5355 -2.66798 0
    endloop
  endfacet
  facet normal -0 0 -1
    outer loop
      vertex 27.5355 -2.66798 0
      vertex 26.2121 -4.21291 0
      vertex 27.405 -2.58078 0
    endloop
  endfacet
  facet normal -0 0 -1
    outer loop
      vertex 27.405 -2.58078 0
      vertex 26.2121 -4.21291 0
      vertex 27.2642 -2.51135 0
    endloop
  endfacet
  facet normal -0 0 -1
    outer loop
      vertex 27.2642 -2.51135 0
      vertex 26.2121 -4.21291 0
      vertex 27.1156 -2.46091 0
    endloop
  endfacet
  facet normal -0 0 -1
    outer loop
      vertex 27.1156 -2.46091 0
      vertex 26.2121 -4.21291 0
      vertex 26.9616 -2.43028 0
    endloop
  endfacet
  facet normal -0 0 -1
    outer loop
      vertex 26.9616 -2.43028 0
      vertex 26.2121 -4.21291 0
      vertex 26.805 -2.42001 0
    endloop
  endfacet
  facet normal 0 0 -1
    outer loop
      vertex 26.1138 -4.12666 0
      vertex 26.805 -2.42001 0
      vertex 26.2121 -4.21291 0
    endloop
  endfacet
  facet normal 0 0 -1
    outer loop
      vertex 26.005 -4.05399 0
      vertex 26.805 -2.42001 0
      vertex 26.1138 -4.12666 0
    endloop
  endfacet
  facet normal 0 0 -1
    outer loop
      vertex 25.8877 -3.99614 0
      vertex 26.805 -2.42001 0
      vertex 26.005 -4.05399 0
    endloop
  endfacet
  facet normal 0 0 -1
    outer loop
      vertex 25.7638 -3.95409 0
      vertex 26.805 -2.42001 0
      vertex 25.8877 -3.99614 0
    endloop
  endfacet
  facet normal 0 0 -1
    outer loop
      vertex 25.6355 -3.92857 0
      vertex 26.805 -2.42001 0
      vertex 25.7638 -3.95409 0
    endloop
  endfacet
  facet normal 0 0 -1
    outer loop
      vertex 25.505 -3.92001 0
      vertex 26.805 -2.42001 0
      vertex 25.6355 -3.92857 0
    endloop
  endfacet
  facet normal 0 0 -1
    outer loop
      vertex 12.595 -3.92001 0
      vertex 26.805 -2.42001 0
      vertex 25.505 -3.92001 0
    endloop
  endfacet
  facet normal 0 0 -1
    outer loop
      vertex 11.295 -2.42001 0
      vertex 12.595 -3.92001 0
      vertex 12.4645 -3.92857 0
    endloop
  endfacet
  facet normal 0 0 -1
    outer loop
      vertex 12.595 -3.92001 0
      vertex 11.295 -2.42001 0
      vertex 26.805 -2.42001 0
    endloop
  endfacet
  facet normal 0 0 -1
    outer loop
      vertex 12.3362 -3.95409 0
      vertex 11.295 -2.42001 0
      vertex 12.4645 -3.92857 0
    endloop
  endfacet
  facet normal 0 0 -1
    outer loop
      vertex 12.2123 -3.99614 0
      vertex 11.295 -2.42001 0
      vertex 12.3362 -3.95409 0
    endloop
  endfacet
  facet normal 0 0 -1
    outer loop
      vertex 12.095 -4.05399 0
      vertex 11.295 -2.42001 0
      vertex 12.2123 -3.99614 0
    endloop
  endfacet
  facet normal 0 0 -1
    outer loop
      vertex 11.9862 -4.12666 0
      vertex 11.295 -2.42001 0
      vertex 12.095 -4.05399 0
    endloop
  endfacet
  facet normal 0 0 -1
    outer loop
      vertex 11.8879 -4.21291 0
      vertex 11.295 -2.42001 0
      vertex 11.9862 -4.12666 0
    endloop
  endfacet
  facet normal 0 0 -1
    outer loop
      vertex 10.1053 -3.46338 0
      vertex 11.8879 -4.21291 0
      vertex 11.8017 -4.31125 0
    endloop
  endfacet
  facet normal 0 0 -1
    outer loop
      vertex 10.095 -3.62001 0
      vertex 11.8017 -4.31125 0
      vertex 11.729 -4.42001 0
    endloop
  endfacet
  facet normal 0 0 -1
    outer loop
      vertex 10.095 -3.62001 0
      vertex 11.729 -4.42001 0
      vertex 11.6711 -4.53732 0
    endloop
  endfacet
  facet normal 0 0 -1
    outer loop
      vertex 10.095 -3.62001 0
      vertex 11.6711 -4.53732 0
      vertex 11.6291 -4.66119 0
    endloop
  endfacet
  facet normal 0 0 -1
    outer loop
      vertex 10.095 -3.62001 0
      vertex 11.6291 -4.66119 0
      vertex 11.6036 -4.78949 0
    endloop
  endfacet
  facet normal 0 0 -1
    outer loop
      vertex 10.095 -3.62001 0
      vertex 11.6036 -4.78949 0
      vertex 11.595 -4.92001 0
    endloop
  endfacet
  facet normal -0 0 -1
    outer loop
      vertex 11.595 -17.83 0
      vertex 10.095 -19.13 0
      vertex 11.595 -4.92001 0
    endloop
  endfacet
  facet normal 0 0 -1
    outer loop
      vertex 10.095 -19.13 0
      vertex 11.295 -20.33 0
      vertex 11.1384 -20.3197 0
    endloop
  endfacet
  facet normal 0 0 -1
    outer loop
      vertex 10.095 -3.62001 0
      vertex 11.595 -4.92001 0
      vertex 10.095 -19.13 0
    endloop
  endfacet
  facet normal 0 0 -1
    outer loop
      vertex 10.095 -19.13 0
      vertex 11.1384 -20.3197 0
      vertex 10.9844 -20.2891 0
    endloop
  endfacet
  facet normal 0 0 -1
    outer loop
      vertex 11.8017 -4.31125 0
      vertex 10.095 -3.62001 0
      vertex 10.1053 -3.46338 0
    endloop
  endfacet
  facet normal 0 0 -1
    outer loop
      vertex 10.095 -19.13 0
      vertex 10.9844 -20.2891 0
      vertex 10.8358 -20.2386 0
    endloop
  endfacet
  facet normal 0 0 -1
    outer loop
      vertex 11.8879 -4.21291 0
      vertex 11.1384 -2.43028 0
      vertex 11.295 -2.42001 0
    endloop
  endfacet
  facet normal 0 0 -1
    outer loop
      vertex 10.095 -19.13 0
      vertex 10.8358 -20.2386 0
      vertex 10.695 -20.1692 0
    endloop
  endfacet
  facet normal 0 0 -1
    outer loop
      vertex 11.8879 -4.21291 0
      vertex 10.9844 -2.46091 0
      vertex 11.1384 -2.43028 0
    endloop
  endfacet
  facet normal 0 0 -1
    outer loop
      vertex 10.095 -19.13 0
      vertex 10.695 -20.1692 0
      vertex 10.5645 -20.082 0
    endloop
  endfacet
  facet normal 0 0 -1
    outer loop
      vertex 11.8879 -4.21291 0
      vertex 10.8358 -2.51135 0
      vertex 10.9844 -2.46091 0
    endloop
  endfacet
  facet normal 0 0 -1
    outer loop
      vertex 10.095 -19.13 0
      vertex 10.5645 -20.082 0
      vertex 10.4465 -19.9785 0
    endloop
  endfacet
  facet normal 0 0 -1
    outer loop
      vertex 11.8879 -4.21291 0
      vertex 10.695 -2.58078 0
      vertex 10.8358 -2.51135 0
    endloop
  endfacet
  facet normal 0 0 -1
    outer loop
      vertex 10.095 -19.13 0
      vertex 10.4465 -19.9785 0
      vertex 10.343 -19.8605 0
    endloop
  endfacet
  facet normal 0 0 -1
    outer loop
      vertex 11.8879 -4.21291 0
      vertex 10.5645 -2.66798 0
      vertex 10.695 -2.58078 0
    endloop
  endfacet
  facet normal 0 0 -1
    outer loop
      vertex 10.095 -19.13 0
      vertex 10.343 -19.8605 0
      vertex 10.2558 -19.73 0
    endloop
  endfacet
  facet normal 0 0 -1
    outer loop
      vertex 11.8879 -4.21291 0
      vertex 10.4465 -2.77148 0
      vertex 10.5645 -2.66798 0
    endloop
  endfacet
  facet normal 0 0 -1
    outer loop
      vertex 10.095 -19.13 0
      vertex 10.2558 -19.73 0
      vertex 10.1864 -19.5892 0
    endloop
  endfacet
  facet normal 0 0 -1
    outer loop
      vertex 11.8879 -4.21291 0
      vertex 10.343 -2.8895 0
      vertex 10.4465 -2.77148 0
    endloop
  endfacet
  facet normal 0 0 -1
    outer loop
      vertex 10.095 -19.13 0
      vertex 10.1864 -19.5892 0
      vertex 10.1359 -19.4406 0
    endloop
  endfacet
  facet normal 0 0 -1
    outer loop
      vertex 11.8879 -4.21291 0
      vertex 10.2558 -3.02 0
      vertex 10.343 -2.8895 0
    endloop
  endfacet
  facet normal 0 0 -1
    outer loop
      vertex 10.095 -19.13 0
      vertex 10.1359 -19.4406 0
      vertex 10.1053 -19.2866 0
    endloop
  endfacet
  facet normal 0 0 -1
    outer loop
      vertex 11.8879 -4.21291 0
      vertex 10.1864 -3.1608 0
      vertex 10.2558 -3.02 0
    endloop
  endfacet
  facet normal 0 0 -1
    outer loop
      vertex 11.8879 -4.21291 0
      vertex 10.1359 -3.30943 0
      vertex 10.1864 -3.1608 0
    endloop
  endfacet
  facet normal 0 0 -1
    outer loop
      vertex 11.8879 -4.21291 0
      vertex 10.1053 -3.46338 0
      vertex 10.1359 -3.30943 0
    endloop
  endfacet
  facet normal -1 0 0
    outer loop
      vertex 10.095 -19.13 0
      vertex 10.095 -3.62001 0.00999928
      vertex 10.095 -3.62001 0
    endloop
  endfacet
  facet normal -1 -0 0
    outer loop
      vertex 10.095 -3.62001 0.00999928
      vertex 10.095 -19.13 0
      vertex 10.095 -19.13 0.00999928
    endloop
  endfacet
  facet normal -0.194891 -0.980825 0
    outer loop
      vertex 10.9844 -20.2891 0
      vertex 11.1384 -20.3197 0.00999928
      vertex 10.9844 -20.2891 0.00999928
    endloop
  endfacet
  facet normal -0.194891 -0.980825 -0
    outer loop
      vertex 11.1384 -20.3197 0.00999928
      vertex 10.9844 -20.2891 0
      vertex 11.1384 -20.3197 0
    endloop
  endfacet
  facet normal -0.612408 -0.698204 0.370767
    outer loop
      vertex 12.5371 -17.8879 7.4
      vertex 10.4465 -19.9785 0.00999928
      vertex 10.5645 -20.082 0.00999928
    endloop
  endfacet
  facet normal -0.184679 -0.929432 0.319453
    outer loop
      vertex 12.9854 -18.1467 7.4
      vertex 10.9844 -20.2891 0.00999928
      vertex 11.1384 -20.3197 0.00999928
    endloop
  endfacet
  facet normal -0.41325 -0.838408 0.355381
    outer loop
      vertex 12.7442 -18.0468 7.4
      vertex 10.695 -20.1692 0.00999928
      vertex 10.8358 -20.2386 0.00999928
    endloop
  endfacet
  facet normal -0.0628525 -0.95375 0.293956
    outer loop
      vertex 13.1137 -18.1722 7.4
      vertex 11.1384 -20.3197 0.00999928
      vertex 13.2442 -18.1808 7.4
    endloop
  endfacet
  facet normal 0.698401 0.612184 0.370766
    outer loop
      vertex 27.757 -2.8895 0.00999928
      vertex 25.5629 -4.86211 7.4
      vertex 25.6491 -4.96045 7.4
    endloop
  endfacet
  facet normal 0.0654405 0.997856 -0
    outer loop
      vertex 26.9616 -2.43028 0
      vertex 26.805 -2.42001 0.00999928
      vertex 26.9616 -2.43028 0.00999928
    endloop
  endfacet
  facet normal 0.0654405 0.997856 0
    outer loop
      vertex 26.805 -2.42001 0.00999928
      vertex 26.9616 -2.43028 0
      vertex 26.805 -2.42001 0
    endloop
  endfacet
  facet normal 0.517109 0.773885 0.365651
    outer loop
      vertex 27.405 -2.58078 0.00999928
      vertex 25.3558 -4.70319 7.4
      vertex 27.5355 -2.66798 0.00999928
    endloop
  endfacet
  facet normal 0.953752 0.062843 0.293953
    outer loop
      vertex 27.9947 -3.46338 0.00999928
      vertex 25.8472 -5.43869 7.4
      vertex 25.8558 -5.56921 7.4
    endloop
  endfacet
  facet normal 0.41325 -0.838408 0.355381
    outer loop
      vertex 27.405 -20.1692 0.00999928
      vertex 25.3558 -18.0468 7.4
      vertex 27.2642 -20.2386 0.00999928
    endloop
  endfacet
  facet normal 0.946819 -0.321766 0
    outer loop
      vertex 27.9136 -19.5892 0.00999928
      vertex 27.9641 -19.4406 0
      vertex 27.9641 -19.4406 0.00999928
    endloop
  endfacet
  facet normal 0.946819 -0.321766 0
    outer loop
      vertex 27.9641 -19.4406 0
      vertex 27.9136 -19.5892 0.00999928
      vertex 27.9136 -19.5892 0
    endloop
  endfacet
  facet normal 0.997844 -0.0656309 0
    outer loop
      vertex 27.9947 -19.2866 0.00999928
      vertex 28.005 -19.13 0
      vertex 28.005 -19.13 0.00999928
    endloop
  endfacet
  facet normal 0.997844 -0.0656309 0
    outer loop
      vertex 28.005 -19.13 0
      vertex 27.9947 -19.2866 0.00999928
      vertex 27.9947 -19.2866 0
    endloop
  endfacet
  facet normal 0.831462 -0.555582 0
    outer loop
      vertex 27.757 -19.8605 0.00999928
      vertex 27.8442 -19.73 0
      vertex 27.8442 -19.73 0.00999928
    endloop
  endfacet
  facet normal 0.831462 -0.555582 0
    outer loop
      vertex 27.8442 -19.73 0
      vertex 27.757 -19.8605 0.00999928
      vertex 27.757 -19.8605 0
    endloop
  endfacet
  facet normal 0.890638 0.301984 0.339955
    outer loop
      vertex 27.9136 -3.1608 0.00999928
      vertex 25.7797 -5.18652 7.4
      vertex 25.8217 -5.31039 7.4
    endloop
  endfacet
  facet normal 0.953769 0.0627199 0.293923
    outer loop
      vertex 27.9947 -3.46338 0.00999928
      vertex 25.8558 -5.56921 7.4
      vertex 28.005 -3.62001 0.00999928
    endloop
  endfacet
  facet normal 0.838172 0.413691 0.355426
    outer loop
      vertex 27.9136 -3.1608 0.00999928
      vertex 25.7218 -5.06921 7.4
      vertex 25.7797 -5.18652 7.4
    endloop
  endfacet
  facet normal -0.413436 0.838307 0.355404
    outer loop
      vertex 12.8615 -4.64534 7.4
      vertex 10.8358 -2.51135 0.00999928
      vertex 12.7442 -4.70319 7.4
    endloop
  endfacet
  facet normal -0.997844 -0.0656309 0
    outer loop
      vertex 10.1053 -19.2866 0
      vertex 10.095 -19.13 0.00999928
      vertex 10.095 -19.13 0
    endloop
  endfacet
  facet normal -0.997844 -0.0656309 0
    outer loop
      vertex 10.095 -19.13 0.00999928
      vertex 10.1053 -19.2866 0
      vertex 10.1053 -19.2866 0.00999928
    endloop
  endfacet
  facet normal -0.896961 -0.44211 0
    outer loop
      vertex 10.2558 -19.73 0
      vertex 10.1864 -19.5892 0.00999928
      vertex 10.1864 -19.5892 0
    endloop
  endfacet
  facet normal -0.896961 -0.44211 0
    outer loop
      vertex 10.1864 -19.5892 0.00999928
      vertex 10.2558 -19.73 0
      vertex 10.2558 -19.73 0.00999928
    endloop
  endfacet
  facet normal -0.95375 -0.0628525 0.293956
    outer loop
      vertex 12.2442 -17.1808 7.4
      vertex 10.1053 -19.2866 0.00999928
      vertex 12.2528 -17.3113 7.4
    endloop
  endfacet
  facet normal -0.659406 -0.751787 0
    outer loop
      vertex 10.4465 -19.9785 0
      vertex 10.5645 -20.082 0.00999928
      vertex 10.4465 -19.9785 0.00999928
    endloop
  endfacet
  facet normal -0.659406 -0.751787 -0
    outer loop
      vertex 10.5645 -20.082 0.00999928
      vertex 10.4465 -19.9785 0
      vertex 10.5645 -20.082 0
    endloop
  endfacet
  facet normal -0.321766 -0.946819 0
    outer loop
      vertex 10.8358 -20.2386 0
      vertex 10.9844 -20.2891 0.00999928
      vertex 10.8358 -20.2386 0.00999928
    endloop
  endfacet
  facet normal -0.321766 -0.946819 -0
    outer loop
      vertex 10.9844 -20.2891 0.00999928
      vertex 10.8358 -20.2386 0
      vertex 10.9844 -20.2891 0
    endloop
  endfacet
  facet normal -0.44211 -0.896961 0
    outer loop
      vertex 10.695 -20.1692 0
      vertex 10.8358 -20.2386 0.00999928
      vertex 10.695 -20.1692 0.00999928
    endloop
  endfacet
  facet normal -0.44211 -0.896961 -0
    outer loop
      vertex 10.8358 -20.2386 0.00999928
      vertex 10.695 -20.1692 0
      vertex 10.8358 -20.2386 0
    endloop
  endfacet
  facet normal -0.413719 -0.838157 0.355428
    outer loop
      vertex 12.7442 -18.0468 7.4
      vertex 10.8358 -20.2386 0.00999928
      vertex 12.8615 -18.1047 7.4
    endloop
  endfacet
  facet normal -0.302589 -0.890392 0.340062
    outer loop
      vertex 12.9854 -18.1467 7.4
      vertex 10.8358 -20.2386 0.00999928
      vertex 10.9844 -20.2891 0.00999928
    endloop
  endfacet
  facet normal 0.442264 0.896885 -0
    outer loop
      vertex 27.405 -2.58078 0
      vertex 27.2642 -2.51135 0.00999928
      vertex 27.405 -2.58078 0.00999928
    endloop
  endfacet
  facet normal 0.442264 0.896885 0
    outer loop
      vertex 27.2642 -2.51135 0.00999928
      vertex 27.405 -2.58078 0
      vertex 27.2642 -2.51135 0
    endloop
  endfacet
  facet normal 0.41339 0.838331 0.355399
    outer loop
      vertex 27.2642 -2.51135 0.00999928
      vertex 25.3558 -4.70319 7.4
      vertex 27.405 -2.58078 0.00999928
    endloop
  endfacet
  facet normal 0.413436 0.838307 0.355404
    outer loop
      vertex 27.2642 -2.51135 0.00999928
      vertex 25.2385 -4.64534 7.4
      vertex 25.3558 -4.70319 7.4
    endloop
  endfacet
  facet normal 0.612524 0.6981 0.37077
    outer loop
      vertex 27.5355 -2.66798 0.00999928
      vertex 25.4646 -4.77586 7.4
      vertex 25.5629 -4.86211 7.4
    endloop
  endfacet
  facet normal 0.612407 0.698203 0.370769
    outer loop
      vertex 27.5355 -2.66798 0.00999928
      vertex 25.5629 -4.86211 7.4
      vertex 27.6535 -2.77148 0.00999928
    endloop
  endfacet
  facet normal 0.698255 0.612349 0.370767
    outer loop
      vertex 27.6535 -2.77148 0.00999928
      vertex 25.5629 -4.86211 7.4
      vertex 27.757 -2.8895 0.00999928
    endloop
  endfacet
  facet normal 0.980825 -0.194891 0
    outer loop
      vertex 27.9641 -19.4406 0.00999928
      vertex 27.9947 -19.2866 0
      vertex 27.9947 -19.2866 0.00999928
    endloop
  endfacet
  facet normal 0.980825 -0.194891 0
    outer loop
      vertex 27.9947 -19.2866 0
      vertex 27.9641 -19.4406 0.00999928
      vertex 27.9641 -19.4406 0
    endloop
  endfacet
  facet normal 0.929432 -0.184679 0.319453
    outer loop
      vertex 27.9947 -19.2866 0.00999928
      vertex 25.8217 -17.4396 7.4
      vertex 27.9641 -19.4406 0.00999928
    endloop
  endfacet
  facet normal 0.555582 -0.831462 0
    outer loop
      vertex 27.405 -20.1692 0
      vertex 27.5355 -20.082 0.00999928
      vertex 27.405 -20.1692 0.00999928
    endloop
  endfacet
  facet normal 0.555582 -0.831462 0
    outer loop
      vertex 27.5355 -20.082 0.00999928
      vertex 27.405 -20.1692 0
      vertex 27.5355 -20.082 0
    endloop
  endfacet
  facet normal 0.30192 -0.890664 0.339944
    outer loop
      vertex 25.2385 -18.1047 7.4
      vertex 25.1146 -18.1467 7.4
      vertex 27.2642 -20.2386 0.00999928
    endloop
  endfacet
  facet normal 0.751787 -0.659406 0
    outer loop
      vertex 27.6535 -19.9785 0.00999928
      vertex 27.757 -19.8605 0
      vertex 27.757 -19.8605 0.00999928
    endloop
  endfacet
  facet normal 0.751787 -0.659406 0
    outer loop
      vertex 27.757 -19.8605 0
      vertex 27.6535 -19.9785 0.00999928
      vertex 27.6535 -19.9785 0
    endloop
  endfacet
  facet normal 0.517109 -0.773885 0.36565
    outer loop
      vertex 25.4646 -17.9741 7.4
      vertex 25.3558 -18.0468 7.4
      vertex 27.5355 -20.082 0.00999928
    endloop
  endfacet
  facet normal 0.302589 -0.890392 0.340062
    outer loop
      vertex 27.2642 -20.2386 0.00999928
      vertex 25.1146 -18.1467 7.4
      vertex 27.1156 -20.2891 0.00999928
    endloop
  endfacet
  facet normal 0.997845 0.0656183 0
    outer loop
      vertex 28.005 -3.62001 0.00999928
      vertex 27.9947 -3.46338 0
      vertex 27.9947 -3.46338 0.00999928
    endloop
  endfacet
  facet normal 0.997845 0.0656183 0
    outer loop
      vertex 27.9947 -3.46338 0
      vertex 28.005 -3.62001 0.00999928
      vertex 28.005 -3.62001 0
    endloop
  endfacet
  facet normal 0.946839 0.321707 0
    outer loop
      vertex 27.9641 -3.30943 0.00999928
      vertex 27.9136 -3.1608 0
      vertex 27.9136 -3.1608 0.00999928
    endloop
  endfacet
  facet normal 0.946839 0.321707 0
    outer loop
      vertex 27.9136 -3.1608 0
      vertex 27.9641 -3.30943 0.00999928
      vertex 27.9641 -3.30943 0
    endloop
  endfacet
  facet normal 0.929417 0.184736 0.319463
    outer loop
      vertex 27.9641 -3.30943 0.00999928
      vertex 25.8217 -5.31039 7.4
      vertex 27.9947 -3.46338 0.00999928
    endloop
  endfacet
  facet normal 0.890414 0.302536 0.340052
    outer loop
      vertex 27.9136 -3.1608 0.00999928
      vertex 25.8217 -5.31039 7.4
      vertex 27.9641 -3.30943 0.00999928
    endloop
  endfacet
  facet normal 0.838408 0.41325 0.355382
    outer loop
      vertex 27.8442 -3.02 0.00999928
      vertex 25.7218 -5.06921 7.4
      vertex 27.9136 -3.1608 0.00999928
    endloop
  endfacet
  facet normal -0.516964 0.773988 0.365637
    outer loop
      vertex 12.7442 -4.70319 7.4
      vertex 10.5645 -2.66798 0.00999928
      vertex 12.6354 -4.77586 7.4
    endloop
  endfacet
  facet normal -0.41339 0.838331 0.355399
    outer loop
      vertex 10.8358 -2.51135 0.00999928
      vertex 10.695 -2.58078 0.00999928
      vertex 12.7442 -4.70319 7.4
    endloop
  endfacet
  facet normal -0.555582 0.831462 0
    outer loop
      vertex 10.695 -2.58078 0
      vertex 10.5645 -2.66798 0.00999928
      vertex 10.695 -2.58078 0.00999928
    endloop
  endfacet
  facet normal -0.555582 0.831462 0
    outer loop
      vertex 10.5645 -2.66798 0.00999928
      vertex 10.695 -2.58078 0
      vertex 10.5645 -2.66798 0
    endloop
  endfacet
  facet normal -0.517109 0.773885 0.365651
    outer loop
      vertex 10.695 -2.58078 0.00999928
      vertex 10.5645 -2.66798 0.00999928
      vertex 12.7442 -4.70319 7.4
    endloop
  endfacet
  facet normal -0.302235 0.890534 0.340004
    outer loop
      vertex 12.9854 -4.60329 7.4
      vertex 10.8358 -2.51135 0.00999928
      vertex 12.8615 -4.64534 7.4
    endloop
  endfacet
  facet normal -0.890664 -0.30192 0.339944
    outer loop
      vertex 12.2783 -17.4396 7.4
      vertex 10.1864 -19.5892 0.00999928
      vertex 12.3203 -17.5635 7.4
    endloop
  endfacet
  facet normal -0.953767 -0.0627318 0.293926
    outer loop
      vertex 12.2442 -17.1808 7.4
      vertex 10.095 -19.13 0.00999928
      vertex 10.1053 -19.2866 0.00999928
    endloop
  endfacet
  facet normal -0.838157 -0.413719 0.355428
    outer loop
      vertex 12.3203 -17.5635 7.4
      vertex 10.1864 -19.5892 0.00999928
      vertex 12.3782 -17.6808 7.4
    endloop
  endfacet
  facet normal -0.838408 -0.41325 0.355381
    outer loop
      vertex 12.3782 -17.6808 7.4
      vertex 10.1864 -19.5892 0.00999928
      vertex 10.2558 -19.73 0.00999928
    endloop
  endfacet
  facet normal -0.612325 -0.698277 0.370766
    outer loop
      vertex 12.5371 -17.8879 7.4
      vertex 10.5645 -20.082 0.00999928
      vertex 12.6354 -17.9741 7.4
    endloop
  endfacet
  facet normal -0.517109 -0.773885 0.36565
    outer loop
      vertex 12.6354 -17.9741 7.4
      vertex 10.5645 -20.082 0.00999928
      vertex 12.7442 -18.0468 7.4
    endloop
  endfacet
  facet normal -0.30192 -0.890664 0.339944
    outer loop
      vertex 12.8615 -18.1047 7.4
      vertex 10.8358 -20.2386 0.00999928
      vertex 12.9854 -18.1467 7.4
    endloop
  endfacet
  facet normal 0.184851 0.929387 0.319484
    outer loop
      vertex 26.9616 -2.43028 0.00999928
      vertex 25.1146 -4.60329 7.4
      vertex 27.1156 -2.46091 0.00999928
    endloop
  endfacet
  facet normal 0.302273 0.890519 0.340011
    outer loop
      vertex 27.1156 -2.46091 0.00999928
      vertex 25.1146 -4.60329 7.4
      vertex 27.2642 -2.51135 0.00999928
    endloop
  endfacet
  facet normal 0.184863 0.929384 0.319486
    outer loop
      vertex 26.9616 -2.43028 0.00999928
      vertex 24.9863 -4.57777 7.4
      vertex 25.1146 -4.60329 7.4
    endloop
  endfacet
  facet normal 0.0625628 0.95379 0.293888
    outer loop
      vertex 26.9616 -2.43028 0.00999928
      vertex 24.8558 -4.56921 7.4
      vertex 24.9863 -4.57777 7.4
    endloop
  endfacet
  facet normal 0.555582 0.831462 -0
    outer loop
      vertex 27.5355 -2.66798 0
      vertex 27.405 -2.58078 0.00999928
      vertex 27.5355 -2.66798 0.00999928
    endloop
  endfacet
  facet normal 0.555582 0.831462 0
    outer loop
      vertex 27.405 -2.58078 0.00999928
      vertex 27.5355 -2.66798 0
      vertex 27.405 -2.58078 0
    endloop
  endfacet
  facet normal 0.659406 0.751787 -0
    outer loop
      vertex 27.6535 -2.77148 0
      vertex 27.5355 -2.66798 0.00999928
      vertex 27.6535 -2.77148 0.00999928
    endloop
  endfacet
  facet normal 0.659406 0.751787 0
    outer loop
      vertex 27.5355 -2.66798 0.00999928
      vertex 27.6535 -2.77148 0
      vertex 27.5355 -2.66798 0
    endloop
  endfacet
  facet normal 0.953767 -0.0627318 0.293926
    outer loop
      vertex 28.005 -19.13 0.00999928
      vertex 25.8558 -17.1808 7.4
      vertex 27.9947 -19.2866 0.00999928
    endloop
  endfacet
  facet normal 0.95375 -0.0628525 0.293956
    outer loop
      vertex 25.8558 -17.1808 7.4
      vertex 25.8472 -17.3113 7.4
      vertex 27.9947 -19.2866 0.00999928
    endloop
  endfacet
  facet normal 0.773885 -0.517109 0.36565
    outer loop
      vertex 27.8442 -19.73 0.00999928
      vertex 25.7218 -17.6808 7.4
      vertex 27.757 -19.8605 0.00999928
    endloop
  endfacet
  facet normal 0.838157 -0.413719 0.355428
    outer loop
      vertex 25.7797 -17.5635 7.4
      vertex 25.7218 -17.6808 7.4
      vertex 27.9136 -19.5892 0.00999928
    endloop
  endfacet
  facet normal 0.659406 -0.751787 0
    outer loop
      vertex 27.5355 -20.082 0
      vertex 27.6535 -19.9785 0.00999928
      vertex 27.5355 -20.082 0.00999928
    endloop
  endfacet
  facet normal 0.659406 -0.751787 0
    outer loop
      vertex 27.6535 -19.9785 0.00999928
      vertex 27.5355 -20.082 0
      vertex 27.6535 -19.9785 0
    endloop
  endfacet
  facet normal 0.612325 -0.698277 0.370766
    outer loop
      vertex 25.5629 -17.8879 7.4
      vertex 25.4646 -17.9741 7.4
      vertex 27.5355 -20.082 0.00999928
    endloop
  endfacet
  facet normal 0.44211 -0.896961 0
    outer loop
      vertex 27.2642 -20.2386 0
      vertex 27.405 -20.1692 0.00999928
      vertex 27.2642 -20.2386 0.00999928
    endloop
  endfacet
  facet normal 0.44211 -0.896961 0
    outer loop
      vertex 27.405 -20.1692 0.00999928
      vertex 27.2642 -20.2386 0
      vertex 27.405 -20.1692 0
    endloop
  endfacet
  facet normal 0.321766 -0.946819 0
    outer loop
      vertex 27.1156 -20.2891 0
      vertex 27.2642 -20.2386 0.00999928
      vertex 27.1156 -20.2891 0.00999928
    endloop
  endfacet
  facet normal 0.321766 -0.946819 0
    outer loop
      vertex 27.2642 -20.2386 0.00999928
      vertex 27.1156 -20.2891 0
      vertex 27.2642 -20.2386 0
    endloop
  endfacet
  facet normal 0.413719 -0.838157 0.355428
    outer loop
      vertex 25.3558 -18.0468 7.4
      vertex 25.2385 -18.1047 7.4
      vertex 27.2642 -20.2386 0.00999928
    endloop
  endfacet
  facet normal 0.980813 0.194952 0
    outer loop
      vertex 27.9947 -3.46338 0.00999928
      vertex 27.9641 -3.30943 0
      vertex 27.9641 -3.30943 0.00999928
    endloop
  endfacet
  facet normal 0.980813 0.194952 0
    outer loop
      vertex 27.9641 -3.30943 0
      vertex 27.9947 -3.46338 0.00999928
      vertex 27.9947 -3.46338 0
    endloop
  endfacet
  facet normal 0.92942 0.184725 0.319461
    outer loop
      vertex 27.9947 -3.46338 0.00999928
      vertex 25.8217 -5.31039 7.4
      vertex 25.8472 -5.43869 7.4
    endloop
  endfacet
  facet normal 0.773885 0.517109 0.365651
    outer loop
      vertex 27.757 -2.8895 0.00999928
      vertex 25.7218 -5.06921 7.4
      vertex 27.8442 -3.02 0.00999928
    endloop
  endfacet
  facet normal 0.773793 0.517238 0.365663
    outer loop
      vertex 27.757 -2.8895 0.00999928
      vertex 25.6491 -4.96045 7.4
      vertex 25.7218 -5.06921 7.4
    endloop
  endfacet
  facet normal 0.831462 0.555582 0
    outer loop
      vertex 27.8442 -3.02 0.00999928
      vertex 27.757 -2.8895 0
      vertex 27.757 -2.8895 0.00999928
    endloop
  endfacet
  facet normal 0.831462 0.555582 0
    outer loop
      vertex 27.757 -2.8895 0
      vertex 27.8442 -3.02 0.00999928
      vertex 27.8442 -3.02 0
    endloop
  endfacet
  facet normal 0.896961 0.44211 0
    outer loop
      vertex 27.9136 -3.1608 0.00999928
      vertex 27.8442 -3.02 0
      vertex 27.8442 -3.02 0.00999928
    endloop
  endfacet
  facet normal 0.896961 0.44211 0
    outer loop
      vertex 27.8442 -3.02 0
      vertex 27.9136 -3.1608 0.00999928
      vertex 27.9136 -3.1608 0
    endloop
  endfacet
  facet normal -0.184863 0.929384 0.319486
    outer loop
      vertex 13.1137 -4.57777 7.4
      vertex 11.1384 -2.43028 0.00999928
      vertex 12.9854 -4.60329 7.4
    endloop
  endfacet
  facet normal -0.0625628 0.95379 0.293888
    outer loop
      vertex 13.2442 -4.56921 7.4
      vertex 11.1384 -2.43028 0.00999928
      vertex 13.1137 -4.57777 7.4
    endloop
  endfacet
  facet normal -0.997845 0.0656183 0
    outer loop
      vertex 10.095 -3.62001 0
      vertex 10.1053 -3.46338 0.00999928
      vertex 10.1053 -3.46338 0
    endloop
  endfacet
  facet normal -0.997845 0.0656183 0
    outer loop
      vertex 10.1053 -3.46338 0.00999928
      vertex 10.095 -3.62001 0
      vertex 10.095 -3.62001 0.00999928
    endloop
  endfacet
  facet normal -0.838172 0.413691 0.355426
    outer loop
      vertex 12.3782 -5.06921 7.4
      vertex 10.1864 -3.1608 0.00999928
      vertex 12.3203 -5.18652 7.4
    endloop
  endfacet
  facet normal -0.659406 0.751787 0
    outer loop
      vertex 10.5645 -2.66798 0
      vertex 10.4465 -2.77148 0.00999928
      vertex 10.5645 -2.66798 0.00999928
    endloop
  endfacet
  facet normal -0.659406 0.751787 0
    outer loop
      vertex 10.4465 -2.77148 0.00999928
      vertex 10.5645 -2.66798 0
      vertex 10.4465 -2.77148 0
    endloop
  endfacet
  facet normal -0.442264 0.896885 0
    outer loop
      vertex 10.8358 -2.51135 0
      vertex 10.695 -2.58078 0.00999928
      vertex 10.8358 -2.51135 0.00999928
    endloop
  endfacet
  facet normal -0.442264 0.896885 0
    outer loop
      vertex 10.695 -2.58078 0.00999928
      vertex 10.8358 -2.51135 0
      vertex 10.695 -2.58078 0
    endloop
  endfacet
  facet normal -0.302273 0.890519 0.340011
    outer loop
      vertex 10.9844 -2.46091 0.00999928
      vertex 10.8358 -2.51135 0.00999928
      vertex 12.9854 -4.60329 7.4
    endloop
  endfacet
  facet normal -0.980825 -0.194891 0
    outer loop
      vertex 10.1359 -19.4406 0
      vertex 10.1053 -19.2866 0.00999928
      vertex 10.1053 -19.2866 0
    endloop
  endfacet
  facet normal -0.980825 -0.194891 0
    outer loop
      vertex 10.1053 -19.2866 0.00999928
      vertex 10.1359 -19.4406 0
      vertex 10.1359 -19.4406 0.00999928
    endloop
  endfacet
  facet normal -0.946819 -0.321766 0
    outer loop
      vertex 10.1864 -19.5892 0
      vertex 10.1359 -19.4406 0.00999928
      vertex 10.1359 -19.4406 0
    endloop
  endfacet
  facet normal -0.946819 -0.321766 0
    outer loop
      vertex 10.1359 -19.4406 0.00999928
      vertex 10.1864 -19.5892 0
      vertex 10.1864 -19.5892 0.00999928
    endloop
  endfacet
  facet normal -0.929432 -0.184679 0.319453
    outer loop
      vertex 12.2783 -17.4396 7.4
      vertex 10.1053 -19.2866 0.00999928
      vertex 10.1359 -19.4406 0.00999928
    endloop
  endfacet
  facet normal -0.890392 -0.302589 0.340062
    outer loop
      vertex 12.2783 -17.4396 7.4
      vertex 10.1359 -19.4406 0.00999928
      vertex 10.1864 -19.5892 0.00999928
    endloop
  endfacet
  facet normal -0.773885 -0.517109 0.36565
    outer loop
      vertex 12.3782 -17.6808 7.4
      vertex 10.2558 -19.73 0.00999928
      vertex 10.343 -19.8605 0.00999928
    endloop
  endfacet
  facet normal -0.773885 -0.517109 0.36565
    outer loop
      vertex 12.3782 -17.6808 7.4
      vertex 10.343 -19.8605 0.00999928
      vertex 12.4509 -17.7896 7.4
    endloop
  endfacet
  facet normal 0.195075 0.980788 -0
    outer loop
      vertex 27.1156 -2.46091 0
      vertex 26.9616 -2.43028 0.00999928
      vertex 27.1156 -2.46091 0.00999928
    endloop
  endfacet
  facet normal 0.195075 0.980788 0
    outer loop
      vertex 26.9616 -2.43028 0.00999928
      vertex 27.1156 -2.46091 0
      vertex 26.9616 -2.43028 0
    endloop
  endfacet
  facet normal 0.321423 0.946936 -0
    outer loop
      vertex 27.2642 -2.51135 0
      vertex 27.1156 -2.46091 0.00999928
      vertex 27.2642 -2.51135 0.00999928
    endloop
  endfacet
  facet normal 0.321423 0.946936 0
    outer loop
      vertex 27.1156 -2.46091 0.00999928
      vertex 27.2642 -2.51135 0
      vertex 27.1156 -2.46091 0
    endloop
  endfacet
  facet normal 0.838408 -0.41325 0.355381
    outer loop
      vertex 27.9136 -19.5892 0.00999928
      vertex 25.7218 -17.6808 7.4
      vertex 27.8442 -19.73 0.00999928
    endloop
  endfacet
  facet normal 0.92942 -0.184725 0.319461
    outer loop
      vertex 25.8472 -17.3113 7.4
      vertex 25.8217 -17.4396 7.4
      vertex 27.9947 -19.2866 0.00999928
    endloop
  endfacet
  facet normal 0.896961 -0.44211 0
    outer loop
      vertex 27.8442 -19.73 0.00999928
      vertex 27.9136 -19.5892 0
      vertex 27.9136 -19.5892 0.00999928
    endloop
  endfacet
  facet normal 0.896961 -0.44211 0
    outer loop
      vertex 27.9136 -19.5892 0
      vertex 27.8442 -19.73 0.00999928
      vertex 27.8442 -19.73 0
    endloop
  endfacet
  facet normal 0.612408 -0.698204 0.370767
    outer loop
      vertex 27.6535 -19.9785 0.00999928
      vertex 25.5629 -17.8879 7.4
      vertex 27.5355 -20.082 0.00999928
    endloop
  endfacet
  facet normal 0.698204 -0.612408 0.370767
    outer loop
      vertex 27.757 -19.8605 0.00999928
      vertex 25.5629 -17.8879 7.4
      vertex 27.6535 -19.9785 0.00999928
    endloop
  endfacet
  facet normal -0.184851 0.929387 0.319484
    outer loop
      vertex 11.1384 -2.43028 0.00999928
      vertex 10.9844 -2.46091 0.00999928
      vertex 12.9854 -4.60329 7.4
    endloop
  endfacet
  facet normal -0.92942 0.184725 0.319461
    outer loop
      vertex 12.2783 -5.31039 7.4
      vertex 10.1053 -3.46338 0.00999928
      vertex 12.2528 -5.43869 7.4
    endloop
  endfacet
  facet normal -0.773885 0.517109 0.365651
    outer loop
      vertex 10.343 -2.8895 0.00999928
      vertex 10.2558 -3.02 0.00999928
      vertex 12.3782 -5.06921 7.4
    endloop
  endfacet
  facet normal -0.890414 0.302536 0.340052
    outer loop
      vertex 10.1864 -3.1608 0.00999928
      vertex 10.1359 -3.30943 0.00999928
      vertex 12.2783 -5.31039 7.4
    endloop
  endfacet
  facet normal -0.929417 0.184736 0.319463
    outer loop
      vertex 10.1359 -3.30943 0.00999928
      vertex 10.1053 -3.46338 0.00999928
      vertex 12.2783 -5.31039 7.4
    endloop
  endfacet
  facet normal -0.612407 0.698203 0.370769
    outer loop
      vertex 10.5645 -2.66798 0.00999928
      vertex 10.4465 -2.77148 0.00999928
      vertex 12.5371 -4.86211 7.4
    endloop
  endfacet
  facet normal -0.751842 0.659343 0
    outer loop
      vertex 10.343 -2.8895 0
      vertex 10.4465 -2.77148 0.00999928
      vertex 10.4465 -2.77148 0
    endloop
  endfacet
  facet normal -0.751842 0.659343 0
    outer loop
      vertex 10.4465 -2.77148 0.00999928
      vertex 10.343 -2.8895 0
      vertex 10.343 -2.8895 0.00999928
    endloop
  endfacet
  facet normal -0.92942 -0.184725 0.319461
    outer loop
      vertex 12.2528 -17.3113 7.4
      vertex 10.1053 -19.2866 0.00999928
      vertex 12.2783 -17.4396 7.4
    endloop
  endfacet
  facet normal 0.890664 -0.30192 0.339944
    outer loop
      vertex 25.8217 -17.4396 7.4
      vertex 25.7797 -17.5635 7.4
      vertex 27.9136 -19.5892 0.00999928
    endloop
  endfacet
  facet normal 0.890392 -0.302589 0.340062
    outer loop
      vertex 27.9641 -19.4406 0.00999928
      vertex 25.8217 -17.4396 7.4
      vertex 27.9136 -19.5892 0.00999928
    endloop
  endfacet
  facet normal 0.773885 -0.517109 0.36565
    outer loop
      vertex 25.7218 -17.6808 7.4
      vertex 25.6491 -17.7896 7.4
      vertex 27.757 -19.8605 0.00999928
    endloop
  endfacet
  facet normal -0.321423 0.946936 0
    outer loop
      vertex 10.9844 -2.46091 0
      vertex 10.8358 -2.51135 0.00999928
      vertex 10.9844 -2.46091 0.00999928
    endloop
  endfacet
  facet normal -0.321423 0.946936 0
    outer loop
      vertex 10.8358 -2.51135 0.00999928
      vertex 10.9844 -2.46091 0
      vertex 10.8358 -2.51135 0
    endloop
  endfacet
  facet normal -0.195075 0.980788 0
    outer loop
      vertex 11.1384 -2.43028 0
      vertex 10.9844 -2.46091 0.00999928
      vertex 11.1384 -2.43028 0.00999928
    endloop
  endfacet
  facet normal -0.195075 0.980788 0
    outer loop
      vertex 10.9844 -2.46091 0.00999928
      vertex 11.1384 -2.43028 0
      vertex 10.9844 -2.46091 0
    endloop
  endfacet
  facet normal -0.773793 0.517238 0.365663
    outer loop
      vertex 12.4509 -4.96045 7.4
      vertex 10.343 -2.8895 0.00999928
      vertex 12.3782 -5.06921 7.4
    endloop
  endfacet
  facet normal -0.698401 0.612184 0.370766
    outer loop
      vertex 12.5371 -4.86211 7.4
      vertex 10.343 -2.8895 0.00999928
      vertex 12.4509 -4.96045 7.4
    endloop
  endfacet
  facet normal -0.896961 0.44211 0
    outer loop
      vertex 10.1864 -3.1608 0
      vertex 10.2558 -3.02 0.00999928
      vertex 10.2558 -3.02 0
    endloop
  endfacet
  facet normal -0.896961 0.44211 0
    outer loop
      vertex 10.2558 -3.02 0.00999928
      vertex 10.1864 -3.1608 0
      vertex 10.1864 -3.1608 0.00999928
    endloop
  endfacet
  facet normal -0.831462 0.555582 0
    outer loop
      vertex 10.2558 -3.02 0
      vertex 10.343 -2.8895 0.00999928
      vertex 10.343 -2.8895 0
    endloop
  endfacet
  facet normal -0.831462 0.555582 0
    outer loop
      vertex 10.343 -2.8895 0.00999928
      vertex 10.2558 -3.02 0
      vertex 10.2558 -3.02 0.00999928
    endloop
  endfacet
  facet normal -0.838408 0.41325 0.355382
    outer loop
      vertex 10.2558 -3.02 0.00999928
      vertex 10.1864 -3.1608 0.00999928
      vertex 12.3782 -5.06921 7.4
    endloop
  endfacet
  facet normal -0.890638 0.301984 0.339955
    outer loop
      vertex 12.3203 -5.18652 7.4
      vertex 10.1864 -3.1608 0.00999928
      vertex 12.2783 -5.31039 7.4
    endloop
  endfacet
  facet normal -0.980813 0.194952 0
    outer loop
      vertex 10.1053 -3.46338 0
      vertex 10.1359 -3.30943 0.00999928
      vertex 10.1359 -3.30943 0
    endloop
  endfacet
  facet normal -0.980813 0.194952 0
    outer loop
      vertex 10.1359 -3.30943 0.00999928
      vertex 10.1053 -3.46338 0
      vertex 10.1053 -3.46338 0.00999928
    endloop
  endfacet
  facet normal -0.946839 0.321707 0
    outer loop
      vertex 10.1359 -3.30943 0
      vertex 10.1864 -3.1608 0.00999928
      vertex 10.1864 -3.1608 0
    endloop
  endfacet
  facet normal -0.946839 0.321707 0
    outer loop
      vertex 10.1864 -3.1608 0.00999928
      vertex 10.1359 -3.30943 0
      vertex 10.1359 -3.30943 0.00999928
    endloop
  endfacet
  facet normal -0.953752 0.062843 0.293953
    outer loop
      vertex 12.2528 -5.43869 7.4
      vertex 10.1053 -3.46338 0.00999928
      vertex 12.2442 -5.56921 7.4
    endloop
  endfacet
  facet normal -0.301972 0.890638 -0.339966
    outer loop
      vertex 23.8619 -16.6199 7.4
      vertex 25.7638 -18.7959 0.00999928
      vertex 23.7628 -16.6535 7.4
    endloop
  endfacet
  facet normal -0.19494 0.980815 0
    outer loop
      vertex 25.7638 -18.7959 0
      vertex 25.6355 -18.8214 0.00999928
      vertex 25.7638 -18.7959 0.00999928
    endloop
  endfacet
  facet normal -0.19494 0.980815 0
    outer loop
      vertex 25.6355 -18.8214 0.00999928
      vertex 25.7638 -18.7959 0
      vertex 25.6355 -18.8214 0
    endloop
  endfacet
  facet normal -0.997836 -0.0657477 0
    outer loop
      vertex 26.505 -4.92001 0
      vertex 26.4964 -4.78949 0.00999928
      vertex 26.4964 -4.78949 0
    endloop
  endfacet
  facet normal -0.997836 -0.0657477 0
    outer loop
      vertex 26.4964 -4.78949 0.00999928
      vertex 26.505 -4.92001 0
      vertex 26.505 -4.92001 0.00999928
    endloop
  endfacet
  facet normal -0.321039 0.947066 0
    outer loop
      vertex 25.8877 -18.7539 0
      vertex 25.7638 -18.7959 0.00999928
      vertex 25.8877 -18.7539 0.00999928
    endloop
  endfacet
  facet normal -0.321039 0.947066 0
    outer loop
      vertex 25.7638 -18.7959 0.00999928
      vertex 25.8877 -18.7539 0
      vertex 25.7638 -18.7959 0
    endloop
  endfacet
  facet normal -0.0657577 0.997836 0
    outer loop
      vertex 25.6355 -18.8214 0
      vertex 25.505 -18.83 0.00999928
      vertex 25.6355 -18.8214 0.00999928
    endloop
  endfacet
  facet normal -0.0657577 0.997836 0
    outer loop
      vertex 25.505 -18.83 0.00999928
      vertex 25.6355 -18.8214 0
      vertex 25.505 -18.83 0
    endloop
  endfacet
  facet normal -0.184725 0.92942 -0.319461
    outer loop
      vertex 25.7638 -18.7959 0.00999928
      vertex 25.6355 -18.8214 0.00999928
      vertex 23.6602 -16.6739 7.4
    endloop
  endfacet
  facet normal 0 -0.960217 -0.279254
    outer loop
      vertex 14.5442 -6.06921 7.4
      vertex 18.65 -4.73142 2.8
      vertex 23.5558 -6.06921 7.4
    endloop
  endfacet
  facet normal -1.24428e-06 -0.960217 -0.279255
    outer loop
      vertex 12.595 -3.92001 0.00999928
      vertex 18.65 -4.73142 2.8
      vertex 14.5442 -6.06921 7.4
    endloop
  endfacet
  facet normal 0 -0.960216 -0.279259
    outer loop
      vertex 18.65 -4.49876 2
      vertex 12.595 -3.92001 0.00999928
      vertex 19.45 -4.49876 2
    endloop
  endfacet
  facet normal -1.2751e-06 -0.960217 -0.279255
    outer loop
      vertex 18.65 -4.73142 2.8
      vertex 12.595 -3.92001 0.00999928
      vertex 18.65 -4.49876 2
    endloop
  endfacet
  facet normal -0 -0.960217 -0.279254
    outer loop
      vertex 19.45 -4.73142 2.8
      vertex 23.5558 -6.06921 7.4
      vertex 18.65 -4.73142 2.8
    endloop
  endfacet
  facet normal 1.2751e-06 -0.960217 -0.279255
    outer loop
      vertex 25.505 -3.92001 0.00999928
      vertex 19.45 -4.73142 2.8
      vertex 19.45 -4.49876 2
    endloop
  endfacet
  facet normal 1.24428e-06 -0.960217 -0.279255
    outer loop
      vertex 19.45 -4.73142 2.8
      vertex 25.505 -3.92001 0.00999928
      vertex 23.5558 -6.06921 7.4
    endloop
  endfacet
  facet normal -0 -0.960216 -0.279259
    outer loop
      vertex 25.505 -3.92001 0.00999928
      vertex 19.45 -4.49876 2
      vertex 12.595 -3.92001 0.00999928
    endloop
  endfacet
  facet normal 0.698334 0.612262 -0.370762
    outer loop
      vertex 13.9095 -16.3678 7.4
      vertex 13.9785 -16.4465 7.4
      vertex 11.8879 -18.5371 0.00999928
    endloop
  endfacet
  facet normal -0.953752 -0.062843 -0.293951
    outer loop
      vertex 26.4964 -4.78949 0.00999928
      vertex 26.505 -4.92001 0.00999928
      vertex 24.3558 -6.86922 7.4
    endloop
  endfacet
  facet normal -0.612262 0.698334 -0.370762
    outer loop
      vertex 24.1215 -16.4465 7.4
      vertex 26.2121 -18.5371 0.00999928
      vertex 24.0428 -16.5155 7.4
    endloop
  endfacet
  facet normal -0.980815 0.19494 0
    outer loop
      vertex 26.4709 -18.0888 0
      vertex 26.4964 -17.9605 0.00999928
      vertex 26.4964 -17.9605 0
    endloop
  endfacet
  facet normal -0.980815 0.19494 0
    outer loop
      vertex 26.4964 -17.9605 0.00999928
      vertex 26.4709 -18.0888 0
      vertex 26.4709 -18.0888 0.00999928
    endloop
  endfacet
  facet normal -0.0630336 0.953726 -0.293997
    outer loop
      vertex 23.6602 -16.6739 7.4
      vertex 25.6355 -18.8214 0.00999928
      vertex 23.5558 -16.6808 7.4
    endloop
  endfacet
  facet normal 0.612325 0.698278 -0.370765
    outer loop
      vertex 14.0572 -16.5155 7.4
      vertex 11.9862 -18.6233 0.00999928
      vertex 11.8879 -18.5371 0.00999928
    endloop
  endfacet
  facet normal 0.960217 0 -0.279256
    outer loop
      vertex 13.7442 -6.86922 7.4
      vertex 12.4064 -11.775 2.8
      vertex 12.4064 -10.975 2.8
    endloop
  endfacet
  facet normal 0.960217 5.60943e-07 -0.279256
    outer loop
      vertex 11.595 -17.83 0.00999928
      vertex 12.4064 -11.775 2.8
      vertex 13.7442 -15.8808 7.4
    endloop
  endfacet
  facet normal 0.960217 0 -0.279256
    outer loop
      vertex 13.7442 -15.8808 7.4
      vertex 12.4064 -11.775 2.8
      vertex 13.7442 -6.86922 7.4
    endloop
  endfacet
  facet normal 0.960217 -5.60945e-07 -0.279256
    outer loop
      vertex 12.4064 -10.975 2.8
      vertex 11.595 -4.92001 0.00999928
      vertex 13.7442 -6.86922 7.4
    endloop
  endfacet
  facet normal 0.960236 3.28734e-05 -0.279189
    outer loop
      vertex 12.1738 -10.975 2
      vertex 11.595 -4.92001 0.00999928
      vertex 12.4064 -10.975 2.8
    endloop
  endfacet
  facet normal 0.960209 0 -0.279281
    outer loop
      vertex 12.1738 -11.775 2
      vertex 11.595 -4.92001 0.00999928
      vertex 12.1738 -10.975 2
    endloop
  endfacet
  facet normal 0.960209 0 -0.279281
    outer loop
      vertex 12.1738 -11.775 2
      vertex 11.595 -17.83 0.00999928
      vertex 11.595 -4.92001 0.00999928
    endloop
  endfacet
  facet normal 0.960236 -3.28733e-05 -0.279189
    outer loop
      vertex 12.4064 -11.775 2.8
      vertex 11.595 -17.83 0.00999928
      vertex 12.1738 -11.775 2
    endloop
  endfacet
  facet normal -0.30221 -0.890544 -0.340002
    outer loop
      vertex 25.7638 -3.95409 0.00999928
      vertex 23.8619 -6.13011 7.4
      vertex 23.7628 -6.09648 7.4
    endloop
  endfacet
  facet normal 0 -1 0
    outer loop
      vertex 12.595 -3.92001 0
      vertex 25.505 -3.92001 0.00999928
      vertex 12.595 -3.92001 0.00999928
    endloop
  endfacet
  facet normal 0 -1 -0
    outer loop
      vertex 25.505 -3.92001 0.00999928
      vertex 12.595 -3.92001 0
      vertex 25.505 -3.92001 0
    endloop
  endfacet
  facet normal 1 -0 0
    outer loop
      vertex 11.595 -17.83 0.00999928
      vertex 11.595 -4.92001 0
      vertex 11.595 -4.92001 0.00999928
    endloop
  endfacet
  facet normal 1 0 0
    outer loop
      vertex 11.595 -4.92001 0
      vertex 11.595 -17.83 0.00999928
      vertex 11.595 -17.83 0
    endloop
  endfacet
  facet normal -1 0 0
    outer loop
      vertex 26.505 -17.83 0
      vertex 26.505 -4.92001 0.00999928
      vertex 26.505 -4.92001 0
    endloop
  endfacet
  facet normal -1 -0 0
    outer loop
      vertex 26.505 -4.92001 0.00999928
      vertex 26.505 -17.83 0
      vertex 26.505 -17.83 0.00999928
    endloop
  endfacet
  facet normal -0.953751 0.0628526 -0.293953
    outer loop
      vertex 26.505 -17.83 0.00999928
      vertex 26.4964 -17.9605 0.00999928
      vertex 24.3558 -15.8808 7.4
    endloop
  endfacet
  facet normal -0.960236 3.28734e-05 -0.279189
    outer loop
      vertex 25.6936 -10.975 2.8
      vertex 26.505 -4.92001 0.00999928
      vertex 25.9262 -10.975 2
    endloop
  endfacet
  facet normal -0.960209 0 -0.279281
    outer loop
      vertex 26.505 -4.92001 0.00999928
      vertex 25.9262 -11.775 2
      vertex 25.9262 -10.975 2
    endloop
  endfacet
  facet normal -0.960236 -3.28733e-05 -0.279189
    outer loop
      vertex 26.505 -17.83 0.00999928
      vertex 25.6936 -11.775 2.8
      vertex 25.9262 -11.775 2
    endloop
  endfacet
  facet normal -0.960217 5.60943e-07 -0.279256
    outer loop
      vertex 25.6936 -11.775 2.8
      vertex 26.505 -17.83 0.00999928
      vertex 24.3558 -15.8808 7.4
    endloop
  endfacet
  facet normal -0.960209 0 -0.279281
    outer loop
      vertex 26.505 -17.83 0.00999928
      vertex 25.9262 -11.775 2
      vertex 26.505 -4.92001 0.00999928
    endloop
  endfacet
  facet normal -0.960217 -5.60945e-07 -0.279256
    outer loop
      vertex 26.505 -4.92001 0.00999928
      vertex 25.6936 -10.975 2.8
      vertex 24.3558 -6.86922 7.4
    endloop
  endfacet
  facet normal -0.960217 0 -0.279256
    outer loop
      vertex 25.6936 -11.775 2.8
      vertex 24.3558 -6.86922 7.4
      vertex 25.6936 -10.975 2.8
    endloop
  endfacet
  facet normal -0.960217 -0 -0.279256
    outer loop
      vertex 24.3558 -6.86922 7.4
      vertex 25.6936 -11.775 2.8
      vertex 24.3558 -15.8808 7.4
    endloop
  endfacet
  facet normal -0.302235 -0.890534 -0.340005
    outer loop
      vertex 25.7638 -3.95409 0.00999928
      vertex 25.8877 -3.99614 0.00999928
      vertex 23.8619 -6.13011 7.4
    endloop
  endfacet
  facet normal -0.953726 0.0630336 -0.293997
    outer loop
      vertex 24.3558 -15.8808 7.4
      vertex 26.4964 -17.9605 0.00999928
      vertex 24.3489 -15.9852 7.4
    endloop
  endfacet
  facet normal -0.890659 0.301918 -0.339958
    outer loop
      vertex 26.4709 -18.0888 0.00999928
      vertex 26.4289 -18.2127 0.00999928
      vertex 24.2949 -16.1869 7.4
    endloop
  endfacet
  facet normal -0.413717 0.838152 -0.355443
    outer loop
      vertex 26.005 -18.696 0.00999928
      vertex 25.8877 -18.7539 0.00999928
      vertex 23.8619 -16.6199 7.4
    endloop
  endfacet
  facet normal -0.0628526 0.953751 -0.293953
    outer loop
      vertex 25.6355 -18.8214 0.00999928
      vertex 25.505 -18.83 0.00999928
      vertex 23.5558 -16.6808 7.4
    endloop
  endfacet
  facet normal 0.659316 0.751866 -0
    outer loop
      vertex 11.9862 -18.6233 0
      vertex 11.8879 -18.5371 0.00999928
      vertex 11.9862 -18.6233 0.00999928
    endloop
  endfacet
  facet normal 0.659316 0.751866 0
    outer loop
      vertex 11.8879 -18.5371 0.00999928
      vertex 11.9862 -18.6233 0
      vertex 11.8879 -18.5371 0
    endloop
  endfacet
  facet normal 0.0625628 -0.95379 -0.293888
    outer loop
      vertex 12.595 -3.92001 0.00999928
      vertex 14.5442 -6.06921 7.4
      vertex 12.4645 -3.92857 0.00999928
    endloop
  endfacet
  facet normal -0.0625628 -0.95379 -0.293888
    outer loop
      vertex 25.505 -3.92001 0.00999928
      vertex 25.6355 -3.92857 0.00999928
      vertex 23.5558 -6.06921 7.4
    endloop
  endfacet
  facet normal 0.0654532 -0.997856 0
    outer loop
      vertex 12.4645 -3.92857 0
      vertex 12.595 -3.92001 0.00999928
      vertex 12.4645 -3.92857 0.00999928
    endloop
  endfacet
  facet normal 0.0654532 -0.997856 0
    outer loop
      vertex 12.595 -3.92001 0.00999928
      vertex 12.4645 -3.92857 0
      vertex 12.595 -3.92001 0
    endloop
  endfacet
  facet normal 0.773796 -0.51724 -0.365654
    outer loop
      vertex 11.8017 -4.31125 0.00999928
      vertex 13.9095 -6.3822 7.4
      vertex 11.729 -4.42001 0.00999928
    endloop
  endfacet
  facet normal 0.947042 -0.321109 0
    outer loop
      vertex 11.6291 -4.66119 0.00999928
      vertex 11.6711 -4.53732 0
      vertex 11.6711 -4.53732 0.00999928
    endloop
  endfacet
  facet normal 0.947042 -0.321109 0
    outer loop
      vertex 11.6711 -4.53732 0
      vertex 11.6291 -4.66119 0.00999928
      vertex 11.6291 -4.66119 0
    endloop
  endfacet
  facet normal 0.947066 0.321039 0
    outer loop
      vertex 11.6711 -18.2127 0.00999928
      vertex 11.6291 -18.0888 0
      vertex 11.6291 -18.0888 0.00999928
    endloop
  endfacet
  facet normal 0.947066 0.321039 0
    outer loop
      vertex 11.6291 -18.0888 0
      vertex 11.6711 -18.2127 0.00999928
      vertex 11.6711 -18.2127 0
    endloop
  endfacet
  facet normal -0.947042 -0.321109 0
    outer loop
      vertex 26.4709 -4.66119 0
      vertex 26.4289 -4.53732 0.00999928
      vertex 26.4289 -4.53732 0
    endloop
  endfacet
  facet normal -0.947042 -0.321109 0
    outer loop
      vertex 26.4289 -4.53732 0.00999928
      vertex 26.4709 -4.66119 0
      vertex 26.4709 -4.66119 0.00999928
    endloop
  endfacet
  facet normal -0.612523 -0.698098 -0.370776
    outer loop
      vertex 26.1138 -4.12666 0.00999928
      vertex 26.2121 -4.21291 0.00999928
      vertex 24.0428 -6.23453 7.4
    endloop
  endfacet
  facet normal -0.838152 0.413717 -0.355443
    outer loop
      vertex 26.4289 -18.2127 0.00999928
      vertex 26.371 -18.33 0.00999928
      vertex 24.2949 -16.1869 7.4
    endloop
  endfacet
  facet normal -0.773886 0.51711 -0.365647
    outer loop
      vertex 26.371 -18.33 0.00999928
      vertex 26.2983 -18.4388 0.00999928
      vertex 24.1905 -16.3678 7.4
    endloop
  endfacet
  facet normal 0 1 -0
    outer loop
      vertex 25.505 -18.83 0
      vertex 12.595 -18.83 0.00999928
      vertex 25.505 -18.83 0.00999928
    endloop
  endfacet
  facet normal 0 1 0
    outer loop
      vertex 12.595 -18.83 0.00999928
      vertex 25.505 -18.83 0
      vertex 12.595 -18.83 0
    endloop
  endfacet
  facet normal -0.184793 0.929401 -0.319475
    outer loop
      vertex 23.7628 -16.6535 7.4
      vertex 25.7638 -18.7959 0.00999928
      vertex 23.6602 -16.6739 7.4
    endloop
  endfacet
  facet normal 0.301918 0.890659 -0.339958
    outer loop
      vertex 14.2381 -16.6199 7.4
      vertex 12.3362 -18.7959 0.00999928
      vertex 12.2123 -18.7539 0.00999928
    endloop
  endfacet
  facet normal 0.0628526 0.953751 -0.293953
    outer loop
      vertex 14.5442 -16.6808 7.4
      vertex 12.595 -18.83 0.00999928
      vertex 12.4645 -18.8214 0.00999928
    endloop
  endfacet
  facet normal 0.890659 0.301918 -0.339958
    outer loop
      vertex 13.8051 -16.1869 7.4
      vertex 11.6711 -18.2127 0.00999928
      vertex 11.6291 -18.0888 0.00999928
    endloop
  endfacet
  facet normal 0.413717 0.838152 -0.355443
    outer loop
      vertex 14.2381 -16.6199 7.4
      vertex 12.2123 -18.7539 0.00999928
      vertex 12.095 -18.696 0.00999928
    endloop
  endfacet
  facet normal 0.51711 0.773886 -0.365647
    outer loop
      vertex 14.0572 -16.5155 7.4
      vertex 12.095 -18.696 0.00999928
      vertex 11.9862 -18.6233 0.00999928
    endloop
  endfacet
  facet normal 0.0626714 -0.953775 -0.293914
    outer loop
      vertex 14.5442 -6.06921 7.4
      vertex 14.4398 -6.07607 7.4
      vertex 12.4645 -3.92857 0.00999928
    endloop
  endfacet
  facet normal -0.0626714 -0.953775 -0.293914
    outer loop
      vertex 25.6355 -3.92857 0.00999928
      vertex 23.6602 -6.07607 7.4
      vertex 23.5558 -6.06921 7.4
    endloop
  endfacet
  facet normal -0.321382 -0.94695 0
    outer loop
      vertex 25.7638 -3.95409 0
      vertex 25.8877 -3.99614 0.00999928
      vertex 25.7638 -3.95409 0.00999928
    endloop
  endfacet
  facet normal -0.321382 -0.94695 -0
    outer loop
      vertex 25.8877 -3.99614 0.00999928
      vertex 25.7638 -3.95409 0
      vertex 25.8877 -3.99614 0
    endloop
  endfacet
  facet normal -0.195087 -0.980786 0
    outer loop
      vertex 25.6355 -3.92857 0
      vertex 25.7638 -3.95409 0.00999928
      vertex 25.6355 -3.92857 0.00999928
    endloop
  endfacet
  facet normal -0.195087 -0.980786 -0
    outer loop
      vertex 25.7638 -3.95409 0.00999928
      vertex 25.6355 -3.92857 0
      vertex 25.7638 -3.95409 0
    endloop
  endfacet
  facet normal 0.838152 0.413717 -0.355443
    outer loop
      vertex 13.8051 -16.1869 7.4
      vertex 11.729 -18.33 0.00999928
      vertex 11.6711 -18.2127 0.00999928
    endloop
  endfacet
  facet normal 0.953726 0.0630336 -0.293997
    outer loop
      vertex 13.7442 -15.8808 7.4
      vertex 13.7511 -15.9852 7.4
      vertex 11.6036 -17.9605 0.00999928
    endloop
  endfacet
  facet normal -0.698278 0.612325 -0.370765
    outer loop
      vertex 26.2983 -18.4388 0.00999928
      vertex 26.2121 -18.5371 0.00999928
      vertex 24.1905 -16.3678 7.4
    endloop
  endfacet
  facet normal -0.751866 0.659316 0
    outer loop
      vertex 26.2121 -18.5371 0
      vertex 26.2983 -18.4388 0.00999928
      vertex 26.2983 -18.4388 0
    endloop
  endfacet
  facet normal -0.751866 0.659316 0
    outer loop
      vertex 26.2983 -18.4388 0.00999928
      vertex 26.2121 -18.5371 0
      vertex 26.2121 -18.5371 0.00999928
    endloop
  endfacet
  facet normal -0.698403 -0.612186 -0.370758
    outer loop
      vertex 26.2121 -4.21291 0.00999928
      vertex 26.2983 -4.31125 0.00999928
      vertex 24.1905 -6.3822 7.4
    endloop
  endfacet
  facet normal -0.773796 -0.51724 -0.365654
    outer loop
      vertex 26.2983 -4.31125 0.00999928
      vertex 26.371 -4.42001 0.00999928
      vertex 24.1905 -6.3822 7.4
    endloop
  endfacet
  facet normal -0.831368 -0.555723 0
    outer loop
      vertex 26.371 -4.42001 0
      vertex 26.2983 -4.31125 0.00999928
      vertex 26.2983 -4.31125 0
    endloop
  endfacet
  facet normal -0.831368 -0.555723 0
    outer loop
      vertex 26.2983 -4.31125 0.00999928
      vertex 26.371 -4.42001 0
      vertex 26.371 -4.42001 0.00999928
    endloop
  endfacet
  facet normal -0.890634 -0.301983 -0.339966
    outer loop
      vertex 26.4289 -4.53732 0.00999928
      vertex 26.4709 -4.66119 0.00999928
      vertex 24.2949 -6.56306 7.4
    endloop
  endfacet
  facet normal -0.659533 -0.751676 0
    outer loop
      vertex 26.1138 -4.12666 0
      vertex 26.2121 -4.21291 0.00999928
      vertex 26.1138 -4.12666 0.00999928
    endloop
  endfacet
  facet normal -0.659533 -0.751676 -0
    outer loop
      vertex 26.2121 -4.21291 0.00999928
      vertex 26.1138 -4.12666 0
      vertex 26.2121 -4.21291 0
    endloop
  endfacet
  facet normal -0.516963 -0.773986 -0.365642
    outer loop
      vertex 26.005 -4.05399 0.00999928
      vertex 26.1138 -4.12666 0.00999928
      vertex 24.0428 -6.23453 7.4
    endloop
  endfacet
  facet normal -0.997836 0.0657577 0
    outer loop
      vertex 26.4964 -17.9605 0
      vertex 26.505 -17.83 0.00999928
      vertex 26.505 -17.83 0
    endloop
  endfacet
  facet normal -0.997836 0.0657577 0
    outer loop
      vertex 26.505 -17.83 0.00999928
      vertex 26.4964 -17.9605 0
      vertex 26.4964 -17.9605 0.00999928
    endloop
  endfacet
  facet normal 0.413369 0.838344 -0.355396
    outer loop
      vertex 14.1442 -16.5736 7.4
      vertex 14.2381 -16.6199 7.4
      vertex 12.095 -18.696 0.00999928
    endloop
  endfacet
  facet normal 0.442621 0.896709 -0
    outer loop
      vertex 12.2123 -18.7539 0
      vertex 12.095 -18.696 0.00999928
      vertex 12.2123 -18.7539 0.00999928
    endloop
  endfacet
  facet normal 0.442621 0.896709 0
    outer loop
      vertex 12.095 -18.696 0.00999928
      vertex 12.2123 -18.7539 0
      vertex 12.095 -18.696 0
    endloop
  endfacet
  facet normal 0.195087 -0.980786 0
    outer loop
      vertex 12.3362 -3.95409 0
      vertex 12.4645 -3.92857 0.00999928
      vertex 12.3362 -3.95409 0.00999928
    endloop
  endfacet
  facet normal 0.195087 -0.980786 0
    outer loop
      vertex 12.4645 -3.92857 0.00999928
      vertex 12.3362 -3.95409 0
      vertex 12.4645 -3.92857 0
    endloop
  endfacet
  facet normal 0.555423 -0.831568 0
    outer loop
      vertex 11.9862 -4.12666 0
      vertex 12.095 -4.05399 0.00999928
      vertex 11.9862 -4.12666 0.00999928
    endloop
  endfacet
  facet normal 0.555423 -0.831568 0
    outer loop
      vertex 12.095 -4.05399 0.00999928
      vertex 11.9862 -4.12666 0
      vertex 12.095 -4.05399 0
    endloop
  endfacet
  facet normal 0.184863 -0.929384 -0.319487
    outer loop
      vertex 12.4645 -3.92857 0.00999928
      vertex 14.4398 -6.07607 7.4
      vertex 12.3362 -3.95409 0.00999928
    endloop
  endfacet
  facet normal -0.0654532 -0.997856 0
    outer loop
      vertex 25.505 -3.92001 0
      vertex 25.6355 -3.92857 0.00999928
      vertex 25.505 -3.92001 0.00999928
    endloop
  endfacet
  facet normal -0.0654532 -0.997856 -0
    outer loop
      vertex 25.6355 -3.92857 0.00999928
      vertex 25.505 -3.92001 0
      vertex 25.6355 -3.92857 0
    endloop
  endfacet
  facet normal 0.890634 -0.301983 -0.339966
    outer loop
      vertex 11.6711 -4.53732 0.00999928
      vertex 13.8051 -6.56306 7.4
      vertex 11.6291 -4.66119 0.00999928
    endloop
  endfacet
  facet normal 0.953752 -0.062843 -0.293951
    outer loop
      vertex 11.6036 -4.78949 0.00999928
      vertex 13.7442 -6.86922 7.4
      vertex 11.595 -4.92001 0.00999928
    endloop
  endfacet
  facet normal 0.773886 0.51711 -0.365647
    outer loop
      vertex 13.9095 -16.3678 7.4
      vertex 11.8017 -18.4388 0.00999928
      vertex 11.729 -18.33 0.00999928
    endloop
  endfacet
  facet normal 0.896709 0.442621 0
    outer loop
      vertex 11.729 -18.33 0.00999928
      vertex 11.6711 -18.2127 0
      vertex 11.6711 -18.2127 0.00999928
    endloop
  endfacet
  facet normal 0.896709 0.442621 0
    outer loop
      vertex 11.6711 -18.2127 0
      vertex 11.729 -18.33 0.00999928
      vertex 11.729 -18.33 0
    endloop
  endfacet
  facet normal -0.896709 0.442621 0
    outer loop
      vertex 26.371 -18.33 0
      vertex 26.4289 -18.2127 0.00999928
      vertex 26.4289 -18.2127 0
    endloop
  endfacet
  facet normal -0.896709 0.442621 0
    outer loop
      vertex 26.4289 -18.2127 0.00999928
      vertex 26.371 -18.33 0
      vertex 26.371 -18.33 0.00999928
    endloop
  endfacet
  facet normal -0.947066 0.321039 0
    outer loop
      vertex 26.4289 -18.2127 0
      vertex 26.4709 -18.0888 0.00999928
      vertex 26.4709 -18.0888 0
    endloop
  endfacet
  facet normal -0.947066 0.321039 0
    outer loop
      vertex 26.4709 -18.0888 0.00999928
      vertex 26.4289 -18.2127 0
      vertex 26.4289 -18.2127 0.00999928
    endloop
  endfacet
  facet normal -0.890638 0.301972 -0.339966
    outer loop
      vertex 24.3285 -16.0878 7.4
      vertex 26.4709 -18.0888 0.00999928
      vertex 24.2949 -16.1869 7.4
    endloop
  endfacet
  facet normal -0.774027 0.516908 -0.365635
    outer loop
      vertex 24.2486 -16.2808 7.4
      vertex 26.371 -18.33 0.00999928
      vertex 24.1905 -16.3678 7.4
    endloop
  endfacet
  facet normal -0.838344 0.413369 -0.355396
    outer loop
      vertex 24.2949 -16.1869 7.4
      vertex 26.371 -18.33 0.00999928
      vertex 24.2486 -16.2808 7.4
    endloop
  endfacet
  facet normal -0.698334 0.612262 -0.370762
    outer loop
      vertex 24.1905 -16.3678 7.4
      vertex 26.2121 -18.5371 0.00999928
      vertex 24.1215 -16.4465 7.4
    endloop
  endfacet
  facet normal -0.301918 0.890659 -0.339958
    outer loop
      vertex 25.8877 -18.7539 0.00999928
      vertex 25.7638 -18.7959 0.00999928
      vertex 23.8619 -16.6199 7.4
    endloop
  endfacet
  facet normal -0.612325 0.698278 -0.370765
    outer loop
      vertex 26.2121 -18.5371 0.00999928
      vertex 26.1138 -18.6233 0.00999928
      vertex 24.0428 -16.5155 7.4
    endloop
  endfacet
  facet normal -0.442621 0.896709 0
    outer loop
      vertex 26.005 -18.696 0
      vertex 25.8877 -18.7539 0.00999928
      vertex 26.005 -18.696 0.00999928
    endloop
  endfacet
  facet normal -0.442621 0.896709 0
    outer loop
      vertex 25.8877 -18.7539 0.00999928
      vertex 26.005 -18.696 0
      vertex 25.8877 -18.7539 0
    endloop
  endfacet
  facet normal -0.659316 0.751866 0
    outer loop
      vertex 26.2121 -18.5371 0
      vertex 26.1138 -18.6233 0.00999928
      vertex 26.2121 -18.5371 0.00999928
    endloop
  endfacet
  facet normal -0.659316 0.751866 0
    outer loop
      vertex 26.1138 -18.6233 0.00999928
      vertex 26.2121 -18.5371 0
      vertex 26.1138 -18.6233 0
    endloop
  endfacet
  facet normal -0.831462 0.555582 0
    outer loop
      vertex 26.2983 -18.4388 0
      vertex 26.371 -18.33 0.00999928
      vertex 26.371 -18.33 0
    endloop
  endfacet
  facet normal -0.831462 0.555582 0
    outer loop
      vertex 26.371 -18.33 0.00999928
      vertex 26.2983 -18.4388 0
      vertex 26.2983 -18.4388 0.00999928
    endloop
  endfacet
  facet normal -0.896724 -0.442591 0
    outer loop
      vertex 26.4289 -4.53732 0
      vertex 26.371 -4.42001 0.00999928
      vertex 26.371 -4.42001 0
    endloop
  endfacet
  facet normal -0.896724 -0.442591 0
    outer loop
      vertex 26.371 -4.42001 0.00999928
      vertex 26.4289 -4.53732 0
      vertex 26.4289 -4.53732 0.00999928
    endloop
  endfacet
  facet normal -0.612262 -0.698333 -0.370764
    outer loop
      vertex 26.2121 -4.21291 0.00999928
      vertex 24.1215 -6.30353 7.4
      vertex 24.0428 -6.23453 7.4
    endloop
  endfacet
  facet normal -0.698217 -0.612393 -0.370768
    outer loop
      vertex 26.2121 -4.21291 0.00999928
      vertex 24.1905 -6.3822 7.4
      vertex 24.1215 -6.30353 7.4
    endloop
  endfacet
  facet normal -0.953727 -0.0630216 -0.293994
    outer loop
      vertex 26.4964 -4.78949 0.00999928
      vertex 24.3558 -6.86922 7.4
      vertex 24.3489 -6.7648 7.4
    endloop
  endfacet
  facet normal -0.184879 -0.929379 -0.319491
    outer loop
      vertex 25.7638 -3.95409 0.00999928
      vertex 23.7628 -6.09648 7.4
      vertex 23.6602 -6.07607 7.4
    endloop
  endfacet
  facet normal -0.184863 -0.929384 -0.319487
    outer loop
      vertex 25.6355 -3.92857 0.00999928
      vertex 25.7638 -3.95409 0.00999928
      vertex 23.6602 -6.07607 7.4
    endloop
  endfacet
  facet normal -0.413436 -0.838306 -0.355407
    outer loop
      vertex 25.8877 -3.99614 0.00999928
      vertex 26.005 -4.05399 0.00999928
      vertex 23.8619 -6.13011 7.4
    endloop
  endfacet
  facet normal 0.301972 0.890638 -0.339966
    outer loop
      vertex 14.2381 -16.6199 7.4
      vertex 14.3372 -16.6535 7.4
      vertex 12.3362 -18.7959 0.00999928
    endloop
  endfacet
  facet normal 0.184793 0.929401 -0.319475
    outer loop
      vertex 14.3372 -16.6535 7.4
      vertex 14.4398 -16.6739 7.4
      vertex 12.3362 -18.7959 0.00999928
    endloop
  endfacet
  facet normal 0.19494 0.980815 -0
    outer loop
      vertex 12.4645 -18.8214 0
      vertex 12.3362 -18.7959 0.00999928
      vertex 12.4645 -18.8214 0.00999928
    endloop
  endfacet
  facet normal 0.19494 0.980815 0
    outer loop
      vertex 12.3362 -18.7959 0.00999928
      vertex 12.4645 -18.8214 0
      vertex 12.3362 -18.7959 0
    endloop
  endfacet
  facet normal 0.321039 0.947066 -0
    outer loop
      vertex 12.3362 -18.7959 0
      vertex 12.2123 -18.7539 0.00999928
      vertex 12.3362 -18.7959 0.00999928
    endloop
  endfacet
  facet normal 0.321039 0.947066 0
    outer loop
      vertex 12.2123 -18.7539 0.00999928
      vertex 12.3362 -18.7959 0
      vertex 12.2123 -18.7539 0
    endloop
  endfacet
  facet normal 0.0657577 0.997836 -0
    outer loop
      vertex 12.595 -18.83 0
      vertex 12.4645 -18.8214 0.00999928
      vertex 12.595 -18.83 0.00999928
    endloop
  endfacet
  facet normal 0.0657577 0.997836 0
    outer loop
      vertex 12.4645 -18.8214 0.00999928
      vertex 12.595 -18.83 0
      vertex 12.4645 -18.8214 0
    endloop
  endfacet
  facet normal 0 0.960217 -0.279256
    outer loop
      vertex 23.5558 -16.6808 7.4
      vertex 19.45 -18.0186 2.8
      vertex 14.5442 -16.6808 7.4
    endloop
  endfacet
  facet normal -5.60943e-07 0.960217 -0.279256
    outer loop
      vertex 25.505 -18.83 0.00999928
      vertex 19.45 -18.0186 2.8
      vertex 23.5558 -16.6808 7.4
    endloop
  endfacet
  facet normal 0 0.960209 -0.279281
    outer loop
      vertex 19.45 -18.2512 2
      vertex 25.505 -18.83 0.00999928
      vertex 18.65 -18.2512 2
    endloop
  endfacet
  facet normal 3.28733e-05 0.960236 -0.279189
    outer loop
      vertex 19.45 -18.0186 2.8
      vertex 25.505 -18.83 0.00999928
      vertex 19.45 -18.2512 2
    endloop
  endfacet
  facet normal 0 0.960217 -0.279256
    outer loop
      vertex 18.65 -18.0186 2.8
      vertex 14.5442 -16.6808 7.4
      vertex 19.45 -18.0186 2.8
    endloop
  endfacet
  facet normal -3.28733e-05 0.960236 -0.279189
    outer loop
      vertex 12.595 -18.83 0.00999928
      vertex 18.65 -18.0186 2.8
      vertex 18.65 -18.2512 2
    endloop
  endfacet
  facet normal 5.60943e-07 0.960217 -0.279256
    outer loop
      vertex 18.65 -18.0186 2.8
      vertex 12.595 -18.83 0.00999928
      vertex 14.5442 -16.6808 7.4
    endloop
  endfacet
  facet normal 0 0.960209 -0.279281
    outer loop
      vertex 12.595 -18.83 0.00999928
      vertex 18.65 -18.2512 2
      vertex 25.505 -18.83 0.00999928
    endloop
  endfacet
  facet normal 0.612262 0.698334 -0.370762
    outer loop
      vertex 13.9785 -16.4465 7.4
      vertex 14.0572 -16.5155 7.4
      vertex 11.8879 -18.5371 0.00999928
    endloop
  endfacet
  facet normal 0.555582 0.831462 -0
    outer loop
      vertex 12.095 -18.696 0
      vertex 11.9862 -18.6233 0.00999928
      vertex 12.095 -18.696 0.00999928
    endloop
  endfacet
  facet normal 0.555582 0.831462 0
    outer loop
      vertex 11.9862 -18.6233 0.00999928
      vertex 12.095 -18.696 0
      vertex 11.9862 -18.6233 0
    endloop
  endfacet
  facet normal 0.516908 0.774027 -0.365635
    outer loop
      vertex 14.0572 -16.5155 7.4
      vertex 14.1442 -16.5736 7.4
      vertex 12.095 -18.696 0.00999928
    endloop
  endfacet
  facet normal 0.51715 -0.773857 -0.365653
    outer loop
      vertex 14.1442 -6.17639 7.4
      vertex 14.0572 -6.23453 7.4
      vertex 12.095 -4.05399 0.00999928
    endloop
  endfacet
  facet normal 0.774084 -0.516827 -0.365629
    outer loop
      vertex 13.9095 -6.3822 7.4
      vertex 13.8514 -6.46922 7.4
      vertex 11.729 -4.42001 0.00999928
    endloop
  endfacet
  facet normal 0.953727 -0.0630216 -0.293994
    outer loop
      vertex 13.7511 -6.7648 7.4
      vertex 13.7442 -6.86922 7.4
      vertex 11.6036 -4.78949 0.00999928
    endloop
  endfacet
  facet normal 0.997836 -0.0657477 0
    outer loop
      vertex 11.595 -4.92001 0.00999928
      vertex 11.6036 -4.78949 0
      vertex 11.6036 -4.78949 0.00999928
    endloop
  endfacet
  facet normal 0.997836 -0.0657477 0
    outer loop
      vertex 11.6036 -4.78949 0
      vertex 11.595 -4.92001 0.00999928
      vertex 11.595 -4.92001 0
    endloop
  endfacet
  facet normal 0.980815 -0.19494 0
    outer loop
      vertex 11.6036 -4.78949 0.00999928
      vertex 11.6291 -4.66119 0
      vertex 11.6291 -4.66119 0.00999928
    endloop
  endfacet
  facet normal 0.980815 -0.19494 0
    outer loop
      vertex 11.6291 -4.66119 0
      vertex 11.6036 -4.78949 0.00999928
      vertex 11.6036 -4.78949 0
    endloop
  endfacet
  facet normal 0.838344 0.413369 -0.355396
    outer loop
      vertex 13.8051 -16.1869 7.4
      vertex 13.8514 -16.2808 7.4
      vertex 11.729 -18.33 0.00999928
    endloop
  endfacet
  facet normal 0.774027 0.516908 -0.365635
    outer loop
      vertex 13.8514 -16.2808 7.4
      vertex 13.9095 -16.3678 7.4
      vertex 11.729 -18.33 0.00999928
    endloop
  endfacet
  facet normal 0.698278 0.612325 -0.370765
    outer loop
      vertex 13.9095 -16.3678 7.4
      vertex 11.8879 -18.5371 0.00999928
      vertex 11.8017 -18.4388 0.00999928
    endloop
  endfacet
  facet normal 0.751866 0.659316 0
    outer loop
      vertex 11.8879 -18.5371 0.00999928
      vertex 11.8017 -18.4388 0
      vertex 11.8017 -18.4388 0.00999928
    endloop
  endfacet
  facet normal 0.751866 0.659316 0
    outer loop
      vertex 11.8017 -18.4388 0
      vertex 11.8879 -18.5371 0.00999928
      vertex 11.8879 -18.5371 0
    endloop
  endfacet
  facet normal 0.831462 0.555582 0
    outer loop
      vertex 11.8017 -18.4388 0.00999928
      vertex 11.729 -18.33 0
      vertex 11.729 -18.33 0.00999928
    endloop
  endfacet
  facet normal 0.831462 0.555582 0
    outer loop
      vertex 11.729 -18.33 0
      vertex 11.8017 -18.4388 0.00999928
      vertex 11.8017 -18.4388 0
    endloop
  endfacet
  facet normal -0.929401 0.184793 -0.319475
    outer loop
      vertex 24.3489 -15.9852 7.4
      vertex 26.4709 -18.0888 0.00999928
      vertex 24.3285 -16.0878 7.4
    endloop
  endfacet
  facet normal -0.92942 0.184725 -0.319461
    outer loop
      vertex 26.4964 -17.9605 0.00999928
      vertex 26.4709 -18.0888 0.00999928
      vertex 24.3489 -15.9852 7.4
    endloop
  endfacet
  facet normal -0.51711 0.773886 -0.365647
    outer loop
      vertex 26.1138 -18.6233 0.00999928
      vertex 26.005 -18.696 0.00999928
      vertex 24.0428 -16.5155 7.4
    endloop
  endfacet
  facet normal -0.555582 0.831462 0
    outer loop
      vertex 26.1138 -18.6233 0
      vertex 26.005 -18.696 0.00999928
      vertex 26.1138 -18.6233 0.00999928
    endloop
  endfacet
  facet normal -0.555582 0.831462 0
    outer loop
      vertex 26.005 -18.696 0.00999928
      vertex 26.1138 -18.6233 0
      vertex 26.005 -18.696 0
    endloop
  endfacet
  facet normal -0.413369 0.838344 -0.355396
    outer loop
      vertex 23.9558 -16.5736 7.4
      vertex 26.005 -18.696 0.00999928
      vertex 23.8619 -16.6199 7.4
    endloop
  endfacet
  facet normal -0.516908 0.774027 -0.365635
    outer loop
      vertex 24.0428 -16.5155 7.4
      vertex 26.005 -18.696 0.00999928
      vertex 23.9558 -16.5736 7.4
    endloop
  endfacet
  facet normal -0.980815 -0.19494 0
    outer loop
      vertex 26.4964 -4.78949 0
      vertex 26.4709 -4.66119 0.00999928
      vertex 26.4709 -4.66119 0
    endloop
  endfacet
  facet normal -0.980815 -0.19494 0
    outer loop
      vertex 26.4709 -4.66119 0.00999928
      vertex 26.4964 -4.78949 0
      vertex 26.4964 -4.78949 0.00999928
    endloop
  endfacet
  facet normal -0.92942 -0.184725 -0.319461
    outer loop
      vertex 26.4709 -4.66119 0.00999928
      vertex 26.4964 -4.78949 0.00999928
      vertex 24.3489 -6.7648 7.4
    endloop
  endfacet
  facet normal -0.751998 -0.659165 0
    outer loop
      vertex 26.2983 -4.31125 0
      vertex 26.2121 -4.21291 0.00999928
      vertex 26.2121 -4.21291 0
    endloop
  endfacet
  facet normal -0.751998 -0.659165 0
    outer loop
      vertex 26.2121 -4.21291 0.00999928
      vertex 26.2983 -4.31125 0
      vertex 26.2983 -4.31125 0.00999928
    endloop
  endfacet
  facet normal -0.774084 -0.516827 -0.365629
    outer loop
      vertex 26.371 -4.42001 0.00999928
      vertex 24.2486 -6.46922 7.4
      vertex 24.1905 -6.3822 7.4
    endloop
  endfacet
  facet normal -0.83823 -0.413577 -0.355422
    outer loop
      vertex 26.371 -4.42001 0.00999928
      vertex 24.2949 -6.56306 7.4
      vertex 24.2486 -6.46922 7.4
    endloop
  endfacet
  facet normal -0.51715 -0.773857 -0.365653
    outer loop
      vertex 26.005 -4.05399 0.00999928
      vertex 24.0428 -6.23453 7.4
      vertex 23.9558 -6.17639 7.4
    endloop
  endfacet
  facet normal -0.413228 -0.83842 -0.355379
    outer loop
      vertex 26.005 -4.05399 0.00999928
      vertex 23.9558 -6.17639 7.4
      vertex 23.8619 -6.13011 7.4
    endloop
  endfacet
  facet normal -0.442314 -0.89686 0
    outer loop
      vertex 25.8877 -3.99614 0
      vertex 26.005 -4.05399 0.00999928
      vertex 25.8877 -3.99614 0.00999928
    endloop
  endfacet
  facet normal -0.442314 -0.89686 -0
    outer loop
      vertex 26.005 -4.05399 0.00999928
      vertex 25.8877 -3.99614 0
      vertex 26.005 -4.05399 0
    endloop
  endfacet
  facet normal -0.555423 -0.831568 0
    outer loop
      vertex 26.005 -4.05399 0
      vertex 26.1138 -4.12666 0.00999928
      vertex 26.005 -4.05399 0.00999928
    endloop
  endfacet
  facet normal -0.555423 -0.831568 -0
    outer loop
      vertex 26.1138 -4.12666 0.00999928
      vertex 26.005 -4.05399 0
      vertex 26.1138 -4.12666 0
    endloop
  endfacet
  facet normal 0.184725 0.92942 -0.319461
    outer loop
      vertex 14.4398 -16.6739 7.4
      vertex 12.4645 -18.8214 0.00999928
      vertex 12.3362 -18.7959 0.00999928
    endloop
  endfacet
  facet normal 0.0630336 0.953726 -0.293997
    outer loop
      vertex 14.4398 -16.6739 7.4
      vertex 14.5442 -16.6808 7.4
      vertex 12.4645 -18.8214 0.00999928
    endloop
  endfacet
  facet normal 0.413228 -0.83842 -0.355379
    outer loop
      vertex 14.2381 -6.13011 7.4
      vertex 14.1442 -6.17639 7.4
      vertex 12.095 -4.05399 0.00999928
    endloop
  endfacet
  facet normal 0.751998 -0.659165 0
    outer loop
      vertex 11.8017 -4.31125 0.00999928
      vertex 11.8879 -4.21291 0
      vertex 11.8879 -4.21291 0.00999928
    endloop
  endfacet
  facet normal 0.751998 -0.659165 0
    outer loop
      vertex 11.8879 -4.21291 0
      vertex 11.8017 -4.31125 0.00999928
      vertex 11.8017 -4.31125 0
    endloop
  endfacet
  facet normal 0.698403 -0.612186 -0.370758
    outer loop
      vertex 11.8879 -4.21291 0.00999928
      vertex 13.9095 -6.3822 7.4
      vertex 11.8017 -4.31125 0.00999928
    endloop
  endfacet
  facet normal 0.831368 -0.555723 0
    outer loop
      vertex 11.729 -4.42001 0.00999928
      vertex 11.8017 -4.31125 0
      vertex 11.8017 -4.31125 0.00999928
    endloop
  endfacet
  facet normal 0.831368 -0.555723 0
    outer loop
      vertex 11.8017 -4.31125 0
      vertex 11.729 -4.42001 0.00999928
      vertex 11.729 -4.42001 0
    endloop
  endfacet
  facet normal 0.890638 -0.301972 -0.339965
    outer loop
      vertex 13.8051 -6.56306 7.4
      vertex 13.7715 -6.66216 7.4
      vertex 11.6291 -4.66119 0.00999928
    endloop
  endfacet
  facet normal 0.92942 -0.184725 -0.319461
    outer loop
      vertex 13.7715 -6.66216 7.4
      vertex 13.7511 -6.7648 7.4
      vertex 11.6291 -4.66119 0.00999928
    endloop
  endfacet
  facet normal 0.92942 -0.184725 -0.319461
    outer loop
      vertex 11.6291 -4.66119 0.00999928
      vertex 13.7511 -6.7648 7.4
      vertex 11.6036 -4.78949 0.00999928
    endloop
  endfacet
  facet normal 0.92942 0.184725 -0.319461
    outer loop
      vertex 13.7511 -15.9852 7.4
      vertex 11.6291 -18.0888 0.00999928
      vertex 11.6036 -17.9605 0.00999928
    endloop
  endfacet
  facet normal 0.890638 0.301972 -0.339966
    outer loop
      vertex 13.7715 -16.0878 7.4
      vertex 13.8051 -16.1869 7.4
      vertex 11.6291 -18.0888 0.00999928
    endloop
  endfacet
  facet normal 0.953751 0.0628526 -0.293953
    outer loop
      vertex 13.7442 -15.8808 7.4
      vertex 11.6036 -17.9605 0.00999928
      vertex 11.595 -17.83 0.00999928
    endloop
  endfacet
  facet normal 0.997836 0.0657577 0
    outer loop
      vertex 11.6036 -17.9605 0.00999928
      vertex 11.595 -17.83 0
      vertex 11.595 -17.83 0.00999928
    endloop
  endfacet
  facet normal 0.997836 0.0657577 0
    outer loop
      vertex 11.595 -17.83 0
      vertex 11.6036 -17.9605 0.00999928
      vertex 11.6036 -17.9605 0
    endloop
  endfacet
  facet normal -0.92942 -0.184725 -0.319461
    outer loop
      vertex 26.4709 -4.66119 0.00999928
      vertex 24.3489 -6.7648 7.4
      vertex 24.3285 -6.66216 7.4
    endloop
  endfacet
  facet normal -0.890638 -0.301972 -0.339965
    outer loop
      vertex 26.4709 -4.66119 0.00999928
      vertex 24.3285 -6.66216 7.4
      vertex 24.2949 -6.56306 7.4
    endloop
  endfacet
  facet normal -0.838168 -0.41369 -0.355437
    outer loop
      vertex 26.371 -4.42001 0.00999928
      vertex 26.4289 -4.53732 0.00999928
      vertex 24.2949 -6.56306 7.4
    endloop
  endfacet
  facet normal 0.30221 -0.890544 -0.340002
    outer loop
      vertex 14.3372 -6.09648 7.4
      vertex 14.2381 -6.13011 7.4
      vertex 12.3362 -3.95409 0.00999928
    endloop
  endfacet
  facet normal 0.659533 -0.751676 0
    outer loop
      vertex 11.8879 -4.21291 0
      vertex 11.9862 -4.12666 0.00999928
      vertex 11.8879 -4.21291 0.00999928
    endloop
  endfacet
  facet normal 0.659533 -0.751676 0
    outer loop
      vertex 11.9862 -4.12666 0.00999928
      vertex 11.8879 -4.21291 0
      vertex 11.9862 -4.12666 0
    endloop
  endfacet
  facet normal 0.896724 -0.442591 0
    outer loop
      vertex 11.6711 -4.53732 0.00999928
      vertex 11.729 -4.42001 0
      vertex 11.729 -4.42001 0.00999928
    endloop
  endfacet
  facet normal 0.896724 -0.442591 0
    outer loop
      vertex 11.729 -4.42001 0
      vertex 11.6711 -4.53732 0.00999928
      vertex 11.6711 -4.53732 0
    endloop
  endfacet
  facet normal 0.83823 -0.413577 -0.355422
    outer loop
      vertex 13.8514 -6.46922 7.4
      vertex 13.8051 -6.56306 7.4
      vertex 11.729 -4.42001 0.00999928
    endloop
  endfacet
  facet normal 0.838168 -0.41369 -0.355437
    outer loop
      vertex 11.729 -4.42001 0.00999928
      vertex 13.8051 -6.56306 7.4
      vertex 11.6711 -4.53732 0.00999928
    endloop
  endfacet
  facet normal 0.929401 0.184793 -0.319475
    outer loop
      vertex 13.7511 -15.9852 7.4
      vertex 13.7715 -16.0878 7.4
      vertex 11.6291 -18.0888 0.00999928
    endloop
  endfacet
  facet normal 0.980815 0.19494 0
    outer loop
      vertex 11.6291 -18.0888 0.00999928
      vertex 11.6036 -17.9605 0
      vertex 11.6036 -17.9605 0.00999928
    endloop
  endfacet
  facet normal 0.980815 0.19494 0
    outer loop
      vertex 11.6036 -17.9605 0
      vertex 11.6291 -18.0888 0.00999928
      vertex 11.6291 -18.0888 0
    endloop
  endfacet
  facet normal 0.413436 -0.838306 -0.355407
    outer loop
      vertex 12.2123 -3.99614 0.00999928
      vertex 14.2381 -6.13011 7.4
      vertex 12.095 -4.05399 0.00999928
    endloop
  endfacet
  facet normal 0.302235 -0.890534 -0.340005
    outer loop
      vertex 12.3362 -3.95409 0.00999928
      vertex 14.2381 -6.13011 7.4
      vertex 12.2123 -3.99614 0.00999928
    endloop
  endfacet
  facet normal 0.184879 -0.929379 -0.319491
    outer loop
      vertex 14.4398 -6.07607 7.4
      vertex 14.3372 -6.09648 7.4
      vertex 12.3362 -3.95409 0.00999928
    endloop
  endfacet
  facet normal 0.612523 -0.698098 -0.370776
    outer loop
      vertex 11.9862 -4.12666 0.00999928
      vertex 14.0572 -6.23453 7.4
      vertex 11.8879 -4.21291 0.00999928
    endloop
  endfacet
  facet normal 0.516963 -0.773986 -0.365642
    outer loop
      vertex 12.095 -4.05399 0.00999928
      vertex 14.0572 -6.23453 7.4
      vertex 11.9862 -4.12666 0.00999928
    endloop
  endfacet
  facet normal 0.612262 -0.698333 -0.370764
    outer loop
      vertex 14.0572 -6.23453 7.4
      vertex 13.9785 -6.30353 7.4
      vertex 11.8879 -4.21291 0.00999928
    endloop
  endfacet
  facet normal 0.698217 -0.612393 -0.370768
    outer loop
      vertex 13.9785 -6.30353 7.4
      vertex 13.9095 -6.3822 7.4
      vertex 11.8879 -4.21291 0.00999928
    endloop
  endfacet
  facet normal 0.442314 -0.89686 0
    outer loop
      vertex 12.095 -4.05399 0
      vertex 12.2123 -3.99614 0.00999928
      vertex 12.095 -4.05399 0.00999928
    endloop
  endfacet
  facet normal 0.442314 -0.89686 0
    outer loop
      vertex 12.2123 -3.99614 0.00999928
      vertex 12.095 -4.05399 0
      vertex 12.2123 -3.99614 0
    endloop
  endfacet
  facet normal 0.321382 -0.94695 0
    outer loop
      vertex 12.2123 -3.99614 0
      vertex 12.3362 -3.95409 0.00999928
      vertex 12.2123 -3.99614 0.00999928
    endloop
  endfacet
  facet normal 0.321382 -0.94695 0
    outer loop
      vertex 12.3362 -3.95409 0.00999928
      vertex 12.2123 -3.99614 0
      vertex 12.3362 -3.95409 0
    endloop
  endfacet
  facet normal 1 -0 0
    outer loop
      vertex 17.2 -11.775 2.1
      vertex 17.2 -10.975 0
      vertex 17.2 -10.975 2.1
    endloop
  endfacet
  facet normal 1 0 0
    outer loop
      vertex 17.2 -10.975 0
      vertex 17.2 -11.775 2.1
      vertex 17.2 -11.775 0
    endloop
  endfacet
  facet normal 0 0 -1
    outer loop
      vertex 17.2 -11.775 2.1
      vertex 18.65 -10.975 2.1
      vertex 18.65 -11.775 2.1
    endloop
  endfacet
  facet normal -0 0 -1
    outer loop
      vertex 18.65 -10.975 2.1
      vertex 17.2 -11.775 2.1
      vertex 17.2 -10.975 2.1
    endloop
  endfacet
  facet normal 0 0 -1
    outer loop
      vertex 18.65 -11.775 2.1
      vertex 19.45 -11.775 2.1
      vertex 19.45 -13.225 2.1
    endloop
  endfacet
  facet normal 0 0 -1
    outer loop
      vertex 19.45 -11.775 2.1
      vertex 18.65 -11.775 2.1
      vertex 19.45 -10.975 2.1
    endloop
  endfacet
  facet normal 0 0 -1
    outer loop
      vertex 18.65 -11.775 2.1
      vertex 19.45 -13.225 2.1
      vertex 18.65 -13.225 2.1
    endloop
  endfacet
  facet normal 0 0 -1
    outer loop
      vertex 18.65 -10.975 2.1
      vertex 19.45 -10.975 2.1
      vertex 18.65 -11.775 2.1
    endloop
  endfacet
  facet normal 0 0 -1
    outer loop
      vertex 19.45 -10.975 2.1
      vertex 18.65 -10.975 2.1
      vertex 19.45 -9.525 2.1
    endloop
  endfacet
  facet normal -0 0 -1
    outer loop
      vertex 19.45 -9.525 2.1
      vertex 18.65 -10.975 2.1
      vertex 18.65 -9.525 2.1
    endloop
  endfacet
  facet normal 0 0 -1
    outer loop
      vertex 19.45 -11.775 2.1
      vertex 20.9 -10.975 2.1
      vertex 20.9 -11.775 2.1
    endloop
  endfacet
  facet normal -0 0 -1
    outer loop
      vertex 20.9 -10.975 2.1
      vertex 19.45 -11.775 2.1
      vertex 19.45 -10.975 2.1
    endloop
  endfacet
  facet normal -1 0 0
    outer loop
      vertex 20.9 -11.775 0
      vertex 20.9 -10.975 2.1
      vertex 20.9 -10.975 0
    endloop
  endfacet
  facet normal -1 -0 0
    outer loop
      vertex 20.9 -10.975 2.1
      vertex 20.9 -11.775 0
      vertex 20.9 -11.775 2.1
    endloop
  endfacet
  facet normal 0 -1 0
    outer loop
      vertex 19.45 -10.975 0
      vertex 20.9 -10.975 2.1
      vertex 19.45 -10.975 2.1
    endloop
  endfacet
  facet normal 0 -1 -0
    outer loop
      vertex 20.9 -10.975 2.1
      vertex 19.45 -10.975 0
      vertex 20.9 -10.975 0
    endloop
  endfacet
  facet normal 0 -1 0
    outer loop
      vertex 17.2 -10.975 0
      vertex 18.65 -10.975 2.1
      vertex 17.2 -10.975 2.1
    endloop
  endfacet
  facet normal 0 -1 -0
    outer loop
      vertex 18.65 -10.975 2.1
      vertex 17.2 -10.975 0
      vertex 18.65 -10.975 0
    endloop
  endfacet
  facet normal 0 1 -0
    outer loop
      vertex 20.9 -11.775 0
      vertex 19.45 -11.775 2.1
      vertex 20.9 -11.775 2.1
    endloop
  endfacet
  facet normal 0 1 0
    outer loop
      vertex 19.45 -11.775 2.1
      vertex 20.9 -11.775 0
      vertex 19.45 -11.775 0
    endloop
  endfacet
  facet normal 0 1 -0
    outer loop
      vertex 18.65 -11.775 0
      vertex 17.2 -11.775 2.1
      vertex 18.65 -11.775 2.1
    endloop
  endfacet
  facet normal 0 1 0
    outer loop
      vertex 17.2 -11.775 2.1
      vertex 18.65 -11.775 0
      vertex 17.2 -11.775 0
    endloop
  endfacet
  facet normal 1 -0 0
    outer loop
      vertex 18.65 -13.225 2.1
      vertex 18.65 -11.775 0
      vertex 18.65 -11.775 2.1
    endloop
  endfacet
  facet normal 1 0 0
    outer loop
      vertex 18.65 -11.775 0
      vertex 18.65 -13.225 2.1
      vertex 18.65 -13.225 0
    endloop
  endfacet
  facet normal 1 -0 0
    outer loop
      vertex 18.65 -10.975 2.1
      vertex 18.65 -9.525 0
      vertex 18.65 -9.525 2.1
    endloop
  endfacet
  facet normal 1 0 0
    outer loop
      vertex 18.65 -9.525 0
      vertex 18.65 -10.975 2.1
      vertex 18.65 -10.975 0
    endloop
  endfacet
  facet normal -1 0 0
    outer loop
      vertex 19.45 -13.225 0
      vertex 19.45 -11.775 2.1
      vertex 19.45 -11.775 0
    endloop
  endfacet
  facet normal -1 -0 0
    outer loop
      vertex 19.45 -11.775 2.1
      vertex 19.45 -13.225 0
      vertex 19.45 -13.225 2.1
    endloop
  endfacet
  facet normal -1 0 0
    outer loop
      vertex 19.45 -10.975 0
      vertex 19.45 -9.525 2.1
      vertex 19.45 -9.525 0
    endloop
  endfacet
  facet normal -1 -0 0
    outer loop
      vertex 19.45 -9.525 2.1
      vertex 19.45 -10.975 0
      vertex 19.45 -10.975 2.1
    endloop
  endfacet
  facet normal 0 -1 0
    outer loop
      vertex 18.65 -9.525 0
      vertex 19.45 -9.525 2.1
      vertex 18.65 -9.525 2.1
    endloop
  endfacet
  facet normal 0 -1 -0
    outer loop
      vertex 19.45 -9.525 2.1
      vertex 18.65 -9.525 0
      vertex 19.45 -9.525 0
    endloop
  endfacet
  facet normal 0 1 -0
    outer loop
      vertex 19.45 -13.225 0
      vertex 18.65 -13.225 2.1
      vertex 19.45 -13.225 2.1
    endloop
  endfacet
  facet normal 0 1 0
    outer loop
      vertex 18.65 -13.225 2.1
      vertex 19.45 -13.225 0
      vertex 18.65 -13.225 0
    endloop
  endfacet
  facet normal 0.997851 0.0655224 0
    outer loop
      vertex 21.85 -11.375 2
      vertex 21.826 -11.0095 0
      vertex 21.826 -11.0095 2
    endloop
  endfacet
  facet normal 0.997851 0.0655224 0
    outer loop
      vertex 21.826 -11.0095 0
      vertex 21.85 -11.375 2
      vertex 21.85 -11.375 0
    endloop
  endfacet
  facet normal 0.997851 0.0655224 0
    outer loop
      vertex 21.85 -11.375 4
      vertex 21.826 -11.0095 2.8
      vertex 21.826 -11.0095 4
    endloop
  endfacet
  facet normal 0.997851 0.0655224 0
    outer loop
      vertex 21.826 -11.0095 2.8
      vertex 21.85 -11.375 4
      vertex 21.85 -11.375 2.8
    endloop
  endfacet
  facet normal -0.997851 0.0655224 0
    outer loop
      vertex 16.25 -11.375 0
      vertex 16.274 -11.0095 2
      vertex 16.274 -11.0095 0
    endloop
  endfacet
  facet normal -0.997851 0.0655224 0
    outer loop
      vertex 16.274 -11.0095 2
      vertex 16.25 -11.375 0
      vertex 16.25 -11.375 2
    endloop
  endfacet
  facet normal -0.997851 0.0655224 0
    outer loop
      vertex 16.25 -11.375 2.8
      vertex 16.274 -11.0095 4
      vertex 16.274 -11.0095 2.8
    endloop
  endfacet
  facet normal -0.997851 0.0655224 0
    outer loop
      vertex 16.274 -11.0095 4
      vertex 16.25 -11.375 2.8
      vertex 16.25 -11.375 4
    endloop
  endfacet
  facet normal 0.0654136 0.997858 -0
    outer loop
      vertex 19.4155 -8.59896 0
      vertex 19.05 -8.575 2
      vertex 19.4155 -8.59896 2
    endloop
  endfacet
  facet normal 0.0654136 0.997858 0
    outer loop
      vertex 19.05 -8.575 2
      vertex 19.4155 -8.59896 0
      vertex 19.05 -8.575 0
    endloop
  endfacet
  facet normal 0.0654136 0.997858 -0
    outer loop
      vertex 19.4155 -8.59896 2.8
      vertex 19.05 -8.575 4
      vertex 19.4155 -8.59896 4
    endloop
  endfacet
  facet normal 0.0654136 0.997858 0
    outer loop
      vertex 19.05 -8.575 4
      vertex 19.4155 -8.59896 2.8
      vertex 19.05 -8.575 2.8
    endloop
  endfacet
  facet normal -0.0655224 -0.997851 0
    outer loop
      vertex 18.6845 -14.151 2.8
      vertex 19.05 -14.175 4
      vertex 18.6845 -14.151 4
    endloop
  endfacet
  facet normal -0.0655224 -0.997851 -0
    outer loop
      vertex 19.05 -14.175 4
      vertex 18.6845 -14.151 2.8
      vertex 19.05 -14.175 2.8
    endloop
  endfacet
  facet normal -0.0655224 -0.997851 0
    outer loop
      vertex 18.6845 -14.151 0
      vertex 19.05 -14.175 2
      vertex 18.6845 -14.151 2
    endloop
  endfacet
  facet normal -0.0655224 -0.997851 -0
    outer loop
      vertex 19.05 -14.175 2
      vertex 18.6845 -14.151 0
      vertex 19.05 -14.175 0
    endloop
  endfacet
  facet normal 0.659301 0.751879 -0
    outer loop
      vertex 21.0299 -9.3951 0
      vertex 20.7545 -9.15361 4
      vertex 21.0299 -9.3951 4
    endloop
  endfacet
  facet normal 0.659301 0.751879 0
    outer loop
      vertex 20.7545 -9.15361 4
      vertex 21.0299 -9.3951 0
      vertex 20.7545 -9.15361 0
    endloop
  endfacet
  facet normal -0.659301 0.751879 0
    outer loop
      vertex 17.3455 -9.15361 0
      vertex 17.0701 -9.3951 4
      vertex 17.3455 -9.15361 4
    endloop
  endfacet
  facet normal -0.659301 0.751879 0
    outer loop
      vertex 17.0701 -9.3951 4
      vertex 17.3455 -9.15361 0
      vertex 17.0701 -9.3951 0
    endloop
  endfacet
  facet normal -0.321457 0.946924 0
    outer loop
      vertex 18.3253 -8.67041 0
      vertex 17.9785 -8.78814 4
      vertex 18.3253 -8.67041 4
    endloop
  endfacet
  facet normal -0.321457 0.946924 0
    outer loop
      vertex 17.9785 -8.78814 4
      vertex 18.3253 -8.67041 0
      vertex 17.9785 -8.78814 0
    endloop
  endfacet
  facet normal 0.896871 0.442292 0
    outer loop
      vertex 21.6369 -10.3035 4
      vertex 21.4749 -9.975 0
      vertex 21.4749 -9.975 4
    endloop
  endfacet
  facet normal 0.896871 0.442292 0
    outer loop
      vertex 21.4749 -9.975 0
      vertex 21.6369 -10.3035 4
      vertex 21.6369 -10.3035 0
    endloop
  endfacet
  facet normal 0.831445 0.555607 0
    outer loop
      vertex 21.4749 -9.975 4
      vertex 21.2714 -9.67047 0
      vertex 21.2714 -9.67047 4
    endloop
  endfacet
  facet normal 0.831445 0.555607 0
    outer loop
      vertex 21.2714 -9.67047 0
      vertex 21.4749 -9.975 4
      vertex 21.4749 -9.975 0
    endloop
  endfacet
  facet normal 0.442271 0.896882 -0
    outer loop
      vertex 20.45 -8.95013 0
      vertex 20.1215 -8.78814 4
      vertex 20.45 -8.95013 4
    endloop
  endfacet
  facet normal 0.442271 0.896882 0
    outer loop
      vertex 20.1215 -8.78814 4
      vertex 20.45 -8.95013 0
      vertex 20.1215 -8.78814 0
    endloop
  endfacet
  facet normal 0.321457 0.946924 -0
    outer loop
      vertex 20.1215 -8.78814 0
      vertex 19.7747 -8.67041 4
      vertex 20.1215 -8.78814 4
    endloop
  endfacet
  facet normal 0.321457 0.946924 0
    outer loop
      vertex 19.7747 -8.67041 4
      vertex 20.1215 -8.78814 0
      vertex 19.7747 -8.67041 0
    endloop
  endfacet
  facet normal 0.555607 0.831445 -0
    outer loop
      vertex 20.7545 -9.15361 0
      vertex 20.45 -8.95013 4
      vertex 20.7545 -9.15361 4
    endloop
  endfacet
  facet normal 0.555607 0.831445 0
    outer loop
      vertex 20.45 -8.95013 4
      vertex 20.7545 -9.15361 0
      vertex 20.45 -8.95013 0
    endloop
  endfacet
  facet normal -0.831445 0.555607 0
    outer loop
      vertex 16.6251 -9.975 0
      vertex 16.8286 -9.67047 4
      vertex 16.8286 -9.67047 0
    endloop
  endfacet
  facet normal -0.831445 0.555607 0
    outer loop
      vertex 16.8286 -9.67047 4
      vertex 16.6251 -9.975 0
      vertex 16.6251 -9.975 4
    endloop
  endfacet
  facet normal -0.75183 0.659357 0
    outer loop
      vertex 16.8286 -9.67047 0
      vertex 17.0701 -9.3951 4
      vertex 17.0701 -9.3951 0
    endloop
  endfacet
  facet normal -0.75183 0.659357 0
    outer loop
      vertex 17.0701 -9.3951 4
      vertex 16.8286 -9.67047 0
      vertex 16.8286 -9.67047 4
    endloop
  endfacet
  facet normal -0.946949 0.321384 0
    outer loop
      vertex 16.3454 -10.6503 0
      vertex 16.4631 -10.3035 4
      vertex 16.4631 -10.3035 0
    endloop
  endfacet
  facet normal -0.946949 0.321384 0
    outer loop
      vertex 16.4631 -10.3035 4
      vertex 16.3454 -10.6503 0
      vertex 16.3454 -10.6503 4
    endloop
  endfacet
  facet normal -0.555607 0.831445 0
    outer loop
      vertex 17.65 -8.95013 0
      vertex 17.3455 -9.15361 4
      vertex 17.65 -8.95013 4
    endloop
  endfacet
  facet normal -0.555607 0.831445 0
    outer loop
      vertex 17.3455 -9.15361 4
      vertex 17.65 -8.95013 0
      vertex 17.3455 -9.15361 0
    endloop
  endfacet
  facet normal -0.195023 0.980799 0
    outer loop
      vertex 18.6845 -8.59896 2
      vertex 18.6845 -8.59896 0
      vertex 18.65 -8.60582 2
    endloop
  endfacet
  facet normal -0.195023 0.980799 0
    outer loop
      vertex 18.65 -8.60582 2.8
      vertex 18.6845 -8.59896 4
      vertex 18.6845 -8.59896 2.8
    endloop
  endfacet
  facet normal -0.195092 0.980785 2.07743e-06
    outer loop
      vertex 18.6845 -8.59896 4
      vertex 18.65 -8.60582 2.8
      vertex 18.3253 -8.67041 4
    endloop
  endfacet
  facet normal -0.195099 0.980783 0
    outer loop
      vertex 18.65 -8.60582 2
      vertex 18.3253 -8.67041 4
      vertex 18.65 -8.60582 2.8
    endloop
  endfacet
  facet normal -0.195092 0.980785 -1.24646e-06
    outer loop
      vertex 18.3253 -8.67041 0
      vertex 18.65 -8.60582 2
      vertex 18.6845 -8.59896 0
    endloop
  endfacet
  facet normal -0.195099 0.980783 0
    outer loop
      vertex 18.65 -8.60582 2
      vertex 18.3253 -8.67041 0
      vertex 18.3253 -8.67041 4
    endloop
  endfacet
  facet normal 0.751866 -0.659316 0
    outer loop
      vertex 21.0299 -13.3549 4
      vertex 21.2714 -13.0795 0
      vertex 21.2714 -13.0795 4
    endloop
  endfacet
  facet normal 0.751866 -0.659316 0
    outer loop
      vertex 21.2714 -13.0795 0
      vertex 21.0299 -13.3549 4
      vertex 21.0299 -13.3549 0
    endloop
  endfacet
  facet normal -0.659316 -0.751866 0
    outer loop
      vertex 17.0701 -13.3549 0
      vertex 17.3455 -13.5964 4
      vertex 17.0701 -13.3549 4
    endloop
  endfacet
  facet normal -0.659316 -0.751866 -0
    outer loop
      vertex 17.3455 -13.5964 4
      vertex 17.0701 -13.3549 0
      vertex 17.3455 -13.5964 0
    endloop
  endfacet
  facet normal -0.321384 -0.946949 0
    outer loop
      vertex 17.9785 -13.9619 0
      vertex 18.3253 -14.0796 4
      vertex 17.9785 -13.9619 4
    endloop
  endfacet
  facet normal -0.321384 -0.946949 -0
    outer loop
      vertex 18.3253 -14.0796 4
      vertex 17.9785 -13.9619 0
      vertex 18.3253 -14.0796 0
    endloop
  endfacet
  facet normal -0.751866 -0.659316 0
    outer loop
      vertex 17.0701 -13.3549 0
      vertex 16.8286 -13.0795 4
      vertex 16.8286 -13.0795 0
    endloop
  endfacet
  facet normal -0.751866 -0.659316 0
    outer loop
      vertex 16.8286 -13.0795 4
      vertex 17.0701 -13.3549 0
      vertex 17.0701 -13.3549 4
    endloop
  endfacet
  facet normal 0 0 -1
    outer loop
      vertex 17.2 -10.975 0
      vertex 18.65 -9.525 0
      vertex 18.65 -10.975 0
    endloop
  endfacet
  facet normal 0 0 -1
    outer loop
      vertex 18.65 -9.525 0
      vertex 17.9785 -8.78814 0
      vertex 18.3253 -8.67041 0
    endloop
  endfacet
  facet normal 0 0 -1
    outer loop
      vertex 18.65 -9.525 0
      vertex 17.65 -8.95013 0
      vertex 17.9785 -8.78814 0
    endloop
  endfacet
  facet normal 0 0 -1
    outer loop
      vertex 18.65 -9.525 0
      vertex 17.3455 -9.15361 0
      vertex 17.65 -8.95013 0
    endloop
  endfacet
  facet normal -0 0 -1
    outer loop
      vertex 18.65 -9.525 0
      vertex 17.2 -10.975 0
      vertex 17.0701 -9.3951 0
    endloop
  endfacet
  facet normal 0 0 -1
    outer loop
      vertex 18.65 -9.525 0
      vertex 17.0701 -9.3951 0
      vertex 17.3455 -9.15361 0
    endloop
  endfacet
  facet normal 0 0 -1
    outer loop
      vertex 16.6251 -12.775 0
      vertex 17.2 -11.775 0
      vertex 16.8286 -13.0795 0
    endloop
  endfacet
  facet normal 0 0 -1
    outer loop
      vertex 16.4631 -12.4465 0
      vertex 17.2 -11.775 0
      vertex 16.6251 -12.775 0
    endloop
  endfacet
  facet normal 0 0 -1
    outer loop
      vertex 17.2 -10.975 0
      vertex 16.8286 -9.67047 0
      vertex 17.0701 -9.3951 0
    endloop
  endfacet
  facet normal 0 0 -1
    outer loop
      vertex 16.3454 -12.0997 0
      vertex 17.2 -11.775 0
      vertex 16.4631 -12.4465 0
    endloop
  endfacet
  facet normal 0 0 -1
    outer loop
      vertex 17.2 -10.975 0
      vertex 16.6251 -9.975 0
      vertex 16.8286 -9.67047 0
    endloop
  endfacet
  facet normal 0 0 -1
    outer loop
      vertex 16.274 -11.7405 0
      vertex 17.2 -11.775 0
      vertex 16.3454 -12.0997 0
    endloop
  endfacet
  facet normal 0 0 -1
    outer loop
      vertex 17.2 -10.975 0
      vertex 16.4631 -10.3035 0
      vertex 16.6251 -9.975 0
    endloop
  endfacet
  facet normal 0 0 -1
    outer loop
      vertex 16.25 -11.375 0
      vertex 17.2 -11.775 0
      vertex 16.274 -11.7405 0
    endloop
  endfacet
  facet normal 0 0 -1
    outer loop
      vertex 17.2 -10.975 0
      vertex 16.3454 -10.6503 0
      vertex 16.4631 -10.3035 0
    endloop
  endfacet
  facet normal 0 0 -1
    outer loop
      vertex 17.2 -11.775 0
      vertex 16.25 -11.375 0
      vertex 17.2 -10.975 0
    endloop
  endfacet
  facet normal -0 0 -1
    outer loop
      vertex 17.2 -10.975 0
      vertex 16.274 -11.0095 0
      vertex 16.3454 -10.6503 0
    endloop
  endfacet
  facet normal 0 0 -1
    outer loop
      vertex 17.2 -10.975 0
      vertex 16.25 -11.375 0
      vertex 16.274 -11.0095 0
    endloop
  endfacet
  facet normal 0 0 -1
    outer loop
      vertex 19.4155 -14.151 0
      vertex 19.45 -13.225 0
      vertex 19.7747 -14.0796 0
    endloop
  endfacet
  facet normal 0 0 -1
    outer loop
      vertex 19.05 -14.175 0
      vertex 19.45 -13.225 0
      vertex 19.4155 -14.151 0
    endloop
  endfacet
  facet normal 0 0 -1
    outer loop
      vertex 18.65 -13.225 0
      vertex 19.05 -14.175 0
      vertex 18.6845 -14.151 0
    endloop
  endfacet
  facet normal 0 0 -1
    outer loop
      vertex 19.05 -14.175 0
      vertex 18.65 -13.225 0
      vertex 19.45 -13.225 0
    endloop
  endfacet
  facet normal 0 0 -1
    outer loop
      vertex 18.3253 -14.0796 0
      vertex 18.65 -13.225 0
      vertex 18.6845 -14.151 0
    endloop
  endfacet
  facet normal 0 0 -1
    outer loop
      vertex 17.9785 -13.9619 0
      vertex 18.65 -13.225 0
      vertex 18.3253 -14.0796 0
    endloop
  endfacet
  facet normal 0 0 -1
    outer loop
      vertex 17.65 -13.7999 0
      vertex 18.65 -13.225 0
      vertex 17.9785 -13.9619 0
    endloop
  endfacet
  facet normal 0 0 -1
    outer loop
      vertex 17.3455 -13.5964 0
      vertex 18.65 -13.225 0
      vertex 17.65 -13.7999 0
    endloop
  endfacet
  facet normal 0 0 -1
    outer loop
      vertex 17.0701 -13.3549 0
      vertex 18.65 -13.225 0
      vertex 17.3455 -13.5964 0
    endloop
  endfacet
  facet normal 0 -0 -1
    outer loop
      vertex 17.2 -11.775 0
      vertex 18.65 -13.225 0
      vertex 17.0701 -13.3549 0
    endloop
  endfacet
  facet normal 0 0 -1
    outer loop
      vertex 16.8286 -13.0795 0
      vertex 17.2 -11.775 0
      vertex 17.0701 -13.3549 0
    endloop
  endfacet
  facet normal 0 0 -1
    outer loop
      vertex 18.65 -13.225 0
      vertex 17.2 -11.775 0
      vertex 18.65 -11.775 0
    endloop
  endfacet
  facet normal 0 0 -1
    outer loop
      vertex 20.9 -11.775 0
      vertex 21.85 -11.375 0
      vertex 21.826 -11.7405 0
    endloop
  endfacet
  facet normal 0 0 -1
    outer loop
      vertex 20.9 -11.775 0
      vertex 21.826 -11.7405 0
      vertex 21.7546 -12.0997 0
    endloop
  endfacet
  facet normal 0 0 -1
    outer loop
      vertex 20.9 -10.975 0
      vertex 21.85 -11.375 0
      vertex 20.9 -11.775 0
    endloop
  endfacet
  facet normal 0 0 -1
    outer loop
      vertex 20.9 -11.775 0
      vertex 21.7546 -12.0997 0
      vertex 21.6369 -12.4465 0
    endloop
  endfacet
  facet normal 0 0 -1
    outer loop
      vertex 21.85 -11.375 0
      vertex 20.9 -10.975 0
      vertex 21.826 -11.0095 0
    endloop
  endfacet
  facet normal 0 0 -1
    outer loop
      vertex 20.9 -11.775 0
      vertex 21.6369 -12.4465 0
      vertex 21.4749 -12.775 0
    endloop
  endfacet
  facet normal 0 0 -1
    outer loop
      vertex 21.826 -11.0095 0
      vertex 20.9 -10.975 0
      vertex 21.7546 -10.6503 0
    endloop
  endfacet
  facet normal 0 0 -1
    outer loop
      vertex 20.9 -11.775 0
      vertex 21.4749 -12.775 0
      vertex 21.2714 -13.0795 0
    endloop
  endfacet
  facet normal -0 0 -1
    outer loop
      vertex 21.7546 -10.6503 0
      vertex 20.9 -10.975 0
      vertex 21.6369 -10.3035 0
    endloop
  endfacet
  facet normal 0 0 -1
    outer loop
      vertex 20.9 -11.775 0
      vertex 21.2714 -13.0795 0
      vertex 21.0299 -13.3549 0
    endloop
  endfacet
  facet normal -0 0 -1
    outer loop
      vertex 21.6369 -10.3035 0
      vertex 20.9 -10.975 0
      vertex 21.4749 -9.975 0
    endloop
  endfacet
  facet normal -0 0 -1
    outer loop
      vertex 21.4749 -9.975 0
      vertex 20.9 -10.975 0
      vertex 21.2714 -9.67047 0
    endloop
  endfacet
  facet normal 0 0 -1
    outer loop
      vertex 19.45 -13.225 0
      vertex 21.0299 -13.3549 0
      vertex 20.7545 -13.5964 0
    endloop
  endfacet
  facet normal 0 0 -1
    outer loop
      vertex 19.45 -13.225 0
      vertex 20.7545 -13.5964 0
      vertex 20.45 -13.7999 0
    endloop
  endfacet
  facet normal 0 0 -1
    outer loop
      vertex 19.45 -13.225 0
      vertex 20.45 -13.7999 0
      vertex 20.1215 -13.9619 0
    endloop
  endfacet
  facet normal 0 0 -1
    outer loop
      vertex 19.45 -13.225 0
      vertex 20.1215 -13.9619 0
      vertex 19.7747 -14.0796 0
    endloop
  endfacet
  facet normal 0 0 -1
    outer loop
      vertex 21.0299 -13.3549 0
      vertex 19.45 -13.225 0
      vertex 20.9 -11.775 0
    endloop
  endfacet
  facet normal -0 0 -1
    outer loop
      vertex 20.9 -11.775 0
      vertex 19.45 -13.225 0
      vertex 19.45 -11.775 0
    endloop
  endfacet
  facet normal -0 0 -1
    outer loop
      vertex 21.2714 -9.67047 0
      vertex 20.9 -10.975 0
      vertex 21.0299 -9.3951 0
    endloop
  endfacet
  facet normal 0 0 -1
    outer loop
      vertex 19.45 -9.525 0
      vertex 21.0299 -9.3951 0
      vertex 20.9 -10.975 0
    endloop
  endfacet
  facet normal -0 0 -1
    outer loop
      vertex 21.0299 -9.3951 0
      vertex 19.45 -9.525 0
      vertex 20.7545 -9.15361 0
    endloop
  endfacet
  facet normal -0 0 -1
    outer loop
      vertex 20.7545 -9.15361 0
      vertex 19.45 -9.525 0
      vertex 20.45 -8.95013 0
    endloop
  endfacet
  facet normal -0 0 -1
    outer loop
      vertex 20.45 -8.95013 0
      vertex 19.45 -9.525 0
      vertex 20.1215 -8.78814 0
    endloop
  endfacet
  facet normal 0 0 -1
    outer loop
      vertex 19.45 -9.525 0
      vertex 20.9 -10.975 0
      vertex 19.45 -10.975 0
    endloop
  endfacet
  facet normal -0 0 -1
    outer loop
      vertex 20.1215 -8.78814 0
      vertex 19.45 -9.525 0
      vertex 19.7747 -8.67041 0
    endloop
  endfacet
  facet normal 0 0 -1
    outer loop
      vertex 19.45 -9.525 0
      vertex 19.4155 -8.59896 0
      vertex 19.7747 -8.67041 0
    endloop
  endfacet
  facet normal 0 0 -1
    outer loop
      vertex 19.45 -9.525 0
      vertex 19.05 -8.575 0
      vertex 19.4155 -8.59896 0
    endloop
  endfacet
  facet normal 0 0 -1
    outer loop
      vertex 18.65 -9.525 0
      vertex 19.05 -8.575 0
      vertex 19.45 -9.525 0
    endloop
  endfacet
  facet normal 0 0 -1
    outer loop
      vertex 19.05 -8.575 0
      vertex 18.65 -9.525 0
      vertex 18.6845 -8.59896 0
    endloop
  endfacet
  facet normal 0 0 -1
    outer loop
      vertex 18.6845 -8.59896 0
      vertex 18.65 -9.525 0
      vertex 18.3253 -8.67041 0
    endloop
  endfacet
  facet normal 0.946949 0.321384 0
    outer loop
      vertex 21.7546 -10.6503 4
      vertex 21.6369 -10.3035 0
      vertex 21.6369 -10.3035 4
    endloop
  endfacet
  facet normal 0.946949 0.321384 0
    outer loop
      vertex 21.6369 -10.3035 0
      vertex 21.7546 -10.6503 4
      vertex 21.7546 -10.6503 0
    endloop
  endfacet
  facet normal 0.980778 0.195129 -0
    outer loop
      vertex 21.8192 -10.975 2
      vertex 21.7546 -10.6503 4
      vertex 21.8192 -10.975 2.8
    endloop
  endfacet
  facet normal 0.980811 0.194961 4.71929e-05
    outer loop
      vertex 21.826 -11.0095 4
      vertex 21.8192 -10.975 2.8
      vertex 21.7546 -10.6503 4
    endloop
  endfacet
  facet normal 0.981124 0.193381 0
    outer loop
      vertex 21.8192 -10.975 2.8
      vertex 21.826 -11.0095 4
      vertex 21.826 -11.0095 2.8
    endloop
  endfacet
  facet normal 0.980778 0.195129 0
    outer loop
      vertex 21.7546 -10.6503 4
      vertex 21.8192 -10.975 2
      vertex 21.7546 -10.6503 0
    endloop
  endfacet
  facet normal 0.981124 0.193381 -0
    outer loop
      vertex 21.826 -11.0095 0
      vertex 21.8192 -10.975 2
      vertex 21.826 -11.0095 2
    endloop
  endfacet
  facet normal 0.980811 0.194961 -2.83157e-05
    outer loop
      vertex 21.8192 -10.975 2
      vertex 21.826 -11.0095 0
      vertex 21.7546 -10.6503 0
    endloop
  endfacet
  facet normal 0.195092 0.980785 2.07743e-06
    outer loop
      vertex 19.7747 -8.67041 4
      vertex 19.45 -8.60582 2.8
      vertex 19.4155 -8.59896 4
    endloop
  endfacet
  facet normal 0.195099 0.980783 0
    outer loop
      vertex 19.7747 -8.67041 4
      vertex 19.45 -8.60582 2
      vertex 19.45 -8.60582 2.8
    endloop
  endfacet
  facet normal 0.195099 0.980783 -0
    outer loop
      vertex 19.7747 -8.67041 0
      vertex 19.45 -8.60582 2
      vertex 19.7747 -8.67041 4
    endloop
  endfacet
  facet normal 0.195092 0.980785 -1.24646e-06
    outer loop
      vertex 19.4155 -8.59896 0
      vertex 19.45 -8.60582 2
      vertex 19.7747 -8.67041 0
    endloop
  endfacet
  facet normal 0.195023 0.980799 0
    outer loop
      vertex 19.45 -8.60582 2
      vertex 19.4155 -8.59896 0
      vertex 19.4155 -8.59896 2
    endloop
  endfacet
  facet normal 0.195023 0.980799 0
    outer loop
      vertex 19.4155 -8.59896 4
      vertex 19.45 -8.60582 2.8
      vertex 19.4155 -8.59896 2.8
    endloop
  endfacet
  facet normal -0.896871 0.442292 0
    outer loop
      vertex 16.4631 -10.3035 0
      vertex 16.6251 -9.975 4
      vertex 16.6251 -9.975 0
    endloop
  endfacet
  facet normal -0.896871 0.442292 0
    outer loop
      vertex 16.6251 -9.975 4
      vertex 16.4631 -10.3035 0
      vertex 16.4631 -10.3035 4
    endloop
  endfacet
  facet normal -0.980778 0.195129 0
    outer loop
      vertex 16.3454 -10.6503 0
      vertex 16.2808 -10.975 2
      vertex 16.3454 -10.6503 4
    endloop
  endfacet
  facet normal -0.980811 0.194961 -2.83157e-05
    outer loop
      vertex 16.274 -11.0095 0
      vertex 16.2808 -10.975 2
      vertex 16.3454 -10.6503 0
    endloop
  endfacet
  facet normal -0.981124 0.193381 0
    outer loop
      vertex 16.2808 -10.975 2
      vertex 16.274 -11.0095 0
      vertex 16.274 -11.0095 2
    endloop
  endfacet
  facet normal -0.980778 0.195129 0
    outer loop
      vertex 16.2808 -10.975 2.8
      vertex 16.3454 -10.6503 4
      vertex 16.2808 -10.975 2
    endloop
  endfacet
  facet normal -0.981124 0.193381 0
    outer loop
      vertex 16.274 -11.0095 4
      vertex 16.2808 -10.975 2.8
      vertex 16.274 -11.0095 2.8
    endloop
  endfacet
  facet normal -0.980811 0.194961 4.71929e-05
    outer loop
      vertex 16.2808 -10.975 2.8
      vertex 16.274 -11.0095 4
      vertex 16.3454 -10.6503 4
    endloop
  endfacet
  facet normal 0 0 1
    outer loop
      vertex 21.826 -11.0095 4
      vertex 21.826 -11.7405 4
      vertex 21.85 -11.375 4
    endloop
  endfacet
  facet normal 0 0 1
    outer loop
      vertex 21.7546 -10.6503 4
      vertex 21.826 -11.7405 4
      vertex 21.826 -11.0095 4
    endloop
  endfacet
  facet normal 0 0 1
    outer loop
      vertex 21.7546 -10.6503 4
      vertex 21.7546 -12.0997 4
      vertex 21.826 -11.7405 4
    endloop
  endfacet
  facet normal 0 0 1
    outer loop
      vertex 21.6369 -10.3035 4
      vertex 21.7546 -12.0997 4
      vertex 21.7546 -10.6503 4
    endloop
  endfacet
  facet normal 0 0 1
    outer loop
      vertex 21.6369 -10.3035 4
      vertex 21.6369 -12.4465 4
      vertex 21.7546 -12.0997 4
    endloop
  endfacet
  facet normal 0 0 1
    outer loop
      vertex 21.4749 -9.975 4
      vertex 21.6369 -12.4465 4
      vertex 21.6369 -10.3035 4
    endloop
  endfacet
  facet normal 0 0 1
    outer loop
      vertex 21.4749 -9.975 4
      vertex 21.4749 -12.775 4
      vertex 21.6369 -12.4465 4
    endloop
  endfacet
  facet normal 0 0 1
    outer loop
      vertex 21.2714 -9.67047 4
      vertex 21.4749 -12.775 4
      vertex 21.4749 -9.975 4
    endloop
  endfacet
  facet normal 0 0 1
    outer loop
      vertex 21.2714 -9.67047 4
      vertex 21.2714 -13.0795 4
      vertex 21.4749 -12.775 4
    endloop
  endfacet
  facet normal 0 0 1
    outer loop
      vertex 21.0299 -9.3951 4
      vertex 21.2714 -13.0795 4
      vertex 21.2714 -9.67047 4
    endloop
  endfacet
  facet normal 0 0 1
    outer loop
      vertex 21.0299 -9.3951 4
      vertex 21.0299 -13.3549 4
      vertex 21.2714 -13.0795 4
    endloop
  endfacet
  facet normal 0 0 1
    outer loop
      vertex 20.7545 -9.15361 4
      vertex 21.0299 -13.3549 4
      vertex 21.0299 -9.3951 4
    endloop
  endfacet
  facet normal 0 0 1
    outer loop
      vertex 20.7545 -9.15361 4
      vertex 20.7545 -13.5964 4
      vertex 21.0299 -13.3549 4
    endloop
  endfacet
  facet normal 0 0 1
    outer loop
      vertex 20.45 -8.95013 4
      vertex 20.7545 -13.5964 4
      vertex 20.7545 -9.15361 4
    endloop
  endfacet
  facet normal 0 0 1
    outer loop
      vertex 20.45 -8.95013 4
      vertex 20.45 -13.7999 4
      vertex 20.7545 -13.5964 4
    endloop
  endfacet
  facet normal 0 0 1
    outer loop
      vertex 20.1215 -8.78814 4
      vertex 20.45 -13.7999 4
      vertex 20.45 -8.95013 4
    endloop
  endfacet
  facet normal 0 0 1
    outer loop
      vertex 20.1215 -8.78814 4
      vertex 20.1215 -13.9619 4
      vertex 20.45 -13.7999 4
    endloop
  endfacet
  facet normal 0 0 1
    outer loop
      vertex 19.7747 -8.67041 4
      vertex 20.1215 -13.9619 4
      vertex 20.1215 -8.78814 4
    endloop
  endfacet
  facet normal 0 0 1
    outer loop
      vertex 19.7747 -8.67041 4
      vertex 19.7747 -14.0796 4
      vertex 20.1215 -13.9619 4
    endloop
  endfacet
  facet normal 0 0 1
    outer loop
      vertex 19.4155 -8.59896 4
      vertex 19.7747 -14.0796 4
      vertex 19.7747 -8.67041 4
    endloop
  endfacet
  facet normal 0 0 1
    outer loop
      vertex 19.4155 -8.59896 4
      vertex 19.4155 -14.151 4
      vertex 19.7747 -14.0796 4
    endloop
  endfacet
  facet normal 0 0 1
    outer loop
      vertex 19.05 -8.575 4
      vertex 19.4155 -14.151 4
      vertex 19.4155 -8.59896 4
    endloop
  endfacet
  facet normal 0 0 1
    outer loop
      vertex 19.05 -8.575 4
      vertex 19.05 -14.175 4
      vertex 19.4155 -14.151 4
    endloop
  endfacet
  facet normal -0 0 1
    outer loop
      vertex 18.6845 -8.59896 4
      vertex 19.05 -14.175 4
      vertex 19.05 -8.575 4
    endloop
  endfacet
  facet normal 0 0 1
    outer loop
      vertex 18.6845 -8.59896 4
      vertex 18.6845 -14.151 4
      vertex 19.05 -14.175 4
    endloop
  endfacet
  facet normal -0 0 1
    outer loop
      vertex 18.3253 -8.67041 4
      vertex 18.6845 -14.151 4
      vertex 18.6845 -8.59896 4
    endloop
  endfacet
  facet normal 0 0 1
    outer loop
      vertex 18.3253 -8.67041 4
      vertex 18.3253 -14.0796 4
      vertex 18.6845 -14.151 4
    endloop
  endfacet
  facet normal -0 0 1
    outer loop
      vertex 17.9785 -8.78814 4
      vertex 18.3253 -14.0796 4
      vertex 18.3253 -8.67041 4
    endloop
  endfacet
  facet normal 0 0 1
    outer loop
      vertex 17.9785 -8.78814 4
      vertex 17.9785 -13.9619 4
      vertex 18.3253 -14.0796 4
    endloop
  endfacet
  facet normal -0 0 1
    outer loop
      vertex 17.65 -8.95013 4
      vertex 17.9785 -13.9619 4
      vertex 17.9785 -8.78814 4
    endloop
  endfacet
  facet normal 0 0 1
    outer loop
      vertex 17.65 -8.95013 4
      vertex 17.65 -13.7999 4
      vertex 17.9785 -13.9619 4
    endloop
  endfacet
  facet normal -0 0 1
    outer loop
      vertex 17.3455 -9.15361 4
      vertex 17.65 -13.7999 4
      vertex 17.65 -8.95013 4
    endloop
  endfacet
  facet normal 0 0 1
    outer loop
      vertex 17.3455 -9.15361 4
      vertex 17.3455 -13.5964 4
      vertex 17.65 -13.7999 4
    endloop
  endfacet
  facet normal -0 0 1
    outer loop
      vertex 17.0701 -9.3951 4
      vertex 17.3455 -13.5964 4
      vertex 17.3455 -9.15361 4
    endloop
  endfacet
  facet normal 0 0 1
    outer loop
      vertex 17.0701 -9.3951 4
      vertex 17.0701 -13.3549 4
      vertex 17.3455 -13.5964 4
    endloop
  endfacet
  facet normal -0 0 1
    outer loop
      vertex 16.8286 -9.67047 4
      vertex 17.0701 -13.3549 4
      vertex 17.0701 -9.3951 4
    endloop
  endfacet
  facet normal 0 0 1
    outer loop
      vertex 16.8286 -9.67047 4
      vertex 16.8286 -13.0795 4
      vertex 17.0701 -13.3549 4
    endloop
  endfacet
  facet normal -0 0 1
    outer loop
      vertex 16.6251 -9.975 4
      vertex 16.8286 -13.0795 4
      vertex 16.8286 -9.67047 4
    endloop
  endfacet
  facet normal 0 0 1
    outer loop
      vertex 16.6251 -9.975 4
      vertex 16.6251 -12.775 4
      vertex 16.8286 -13.0795 4
    endloop
  endfacet
  facet normal -0 0 1
    outer loop
      vertex 16.4631 -10.3035 4
      vertex 16.6251 -12.775 4
      vertex 16.6251 -9.975 4
    endloop
  endfacet
  facet normal 0 0 1
    outer loop
      vertex 16.4631 -10.3035 4
      vertex 16.4631 -12.4465 4
      vertex 16.6251 -12.775 4
    endloop
  endfacet
  facet normal -0 0 1
    outer loop
      vertex 16.3454 -10.6503 4
      vertex 16.4631 -12.4465 4
      vertex 16.4631 -10.3035 4
    endloop
  endfacet
  facet normal 0 0 1
    outer loop
      vertex 16.3454 -10.6503 4
      vertex 16.3454 -12.0997 4
      vertex 16.4631 -12.4465 4
    endloop
  endfacet
  facet normal -0 0 1
    outer loop
      vertex 16.274 -11.0095 4
      vertex 16.3454 -12.0997 4
      vertex 16.3454 -10.6503 4
    endloop
  endfacet
  facet normal 0 0 1
    outer loop
      vertex 16.274 -11.0095 4
      vertex 16.274 -11.7405 4
      vertex 16.3454 -12.0997 4
    endloop
  endfacet
  facet normal 0 -0 1
    outer loop
      vertex 16.274 -11.7405 4
      vertex 16.274 -11.0095 4
      vertex 16.25 -11.375 4
    endloop
  endfacet
  facet normal -0.0654136 0.997858 0
    outer loop
      vertex 19.05 -8.575 0
      vertex 18.6845 -8.59896 2
      vertex 19.05 -8.575 2
    endloop
  endfacet
  facet normal -0.0654136 0.997858 0
    outer loop
      vertex 18.6845 -8.59896 2
      vertex 19.05 -8.575 0
      vertex 18.6845 -8.59896 0
    endloop
  endfacet
  facet normal -0.0654136 0.997858 0
    outer loop
      vertex 19.05 -8.575 2.8
      vertex 18.6845 -8.59896 4
      vertex 19.05 -8.575 4
    endloop
  endfacet
  facet normal -0.0654136 0.997858 0
    outer loop
      vertex 18.6845 -8.59896 4
      vertex 19.05 -8.575 2.8
      vertex 18.6845 -8.59896 2.8
    endloop
  endfacet
  facet normal 0.997851 -0.0655224 0
    outer loop
      vertex 21.826 -11.7405 2
      vertex 21.85 -11.375 0
      vertex 21.85 -11.375 2
    endloop
  endfacet
  facet normal 0.997851 -0.0655224 0
    outer loop
      vertex 21.85 -11.375 0
      vertex 21.826 -11.7405 2
      vertex 21.826 -11.7405 0
    endloop
  endfacet
  facet normal 0.997851 -0.0655224 0
    outer loop
      vertex 21.826 -11.7405 4
      vertex 21.85 -11.375 2.8
      vertex 21.85 -11.375 4
    endloop
  endfacet
  facet normal 0.997851 -0.0655224 0
    outer loop
      vertex 21.85 -11.375 2.8
      vertex 21.826 -11.7405 4
      vertex 21.826 -11.7405 2.8
    endloop
  endfacet
  facet normal 0.0655224 -0.997851 0
    outer loop
      vertex 19.05 -14.175 2.8
      vertex 19.4155 -14.151 4
      vertex 19.05 -14.175 4
    endloop
  endfacet
  facet normal 0.0655224 -0.997851 0
    outer loop
      vertex 19.4155 -14.151 4
      vertex 19.05 -14.175 2.8
      vertex 19.4155 -14.151 2.8
    endloop
  endfacet
  facet normal 0.0655224 -0.997851 0
    outer loop
      vertex 19.05 -14.175 0
      vertex 19.4155 -14.151 2
      vertex 19.05 -14.175 2
    endloop
  endfacet
  facet normal 0.0655224 -0.997851 0
    outer loop
      vertex 19.4155 -14.151 2
      vertex 19.05 -14.175 0
      vertex 19.4155 -14.151 0
    endloop
  endfacet
  facet normal 0.321384 -0.946949 0
    outer loop
      vertex 19.7747 -14.0796 0
      vertex 20.1215 -13.9619 4
      vertex 19.7747 -14.0796 4
    endloop
  endfacet
  facet normal 0.321384 -0.946949 0
    outer loop
      vertex 20.1215 -13.9619 4
      vertex 19.7747 -14.0796 0
      vertex 20.1215 -13.9619 0
    endloop
  endfacet
  facet normal 0.442292 -0.896871 0
    outer loop
      vertex 20.1215 -13.9619 0
      vertex 20.45 -13.7999 4
      vertex 20.1215 -13.9619 4
    endloop
  endfacet
  facet normal 0.442292 -0.896871 0
    outer loop
      vertex 20.45 -13.7999 4
      vertex 20.1215 -13.9619 0
      vertex 20.45 -13.7999 0
    endloop
  endfacet
  facet normal 0.659316 -0.751866 0
    outer loop
      vertex 20.7545 -13.5964 0
      vertex 21.0299 -13.3549 4
      vertex 20.7545 -13.5964 4
    endloop
  endfacet
  facet normal 0.659316 -0.751866 0
    outer loop
      vertex 21.0299 -13.3549 4
      vertex 20.7545 -13.5964 0
      vertex 21.0299 -13.3549 0
    endloop
  endfacet
  facet normal 0.555645 -0.83142 0
    outer loop
      vertex 20.45 -13.7999 0
      vertex 20.7545 -13.5964 4
      vertex 20.45 -13.7999 4
    endloop
  endfacet
  facet normal 0.555645 -0.83142 0
    outer loop
      vertex 20.7545 -13.5964 4
      vertex 20.45 -13.7999 0
      vertex 20.7545 -13.5964 0
    endloop
  endfacet
  facet normal 0.946949 -0.321384 0
    outer loop
      vertex 21.6369 -12.4465 4
      vertex 21.7546 -12.0997 0
      vertex 21.7546 -12.0997 4
    endloop
  endfacet
  facet normal 0.946949 -0.321384 0
    outer loop
      vertex 21.7546 -12.0997 0
      vertex 21.6369 -12.4465 4
      vertex 21.6369 -12.4465 0
    endloop
  endfacet
  facet normal 0.83142 -0.555645 0
    outer loop
      vertex 21.2714 -13.0795 4
      vertex 21.4749 -12.775 0
      vertex 21.4749 -12.775 4
    endloop
  endfacet
  facet normal 0.83142 -0.555645 0
    outer loop
      vertex 21.4749 -12.775 0
      vertex 21.2714 -13.0795 4
      vertex 21.2714 -13.0795 0
    endloop
  endfacet
  facet normal -0.555645 -0.83142 0
    outer loop
      vertex 17.3455 -13.5964 0
      vertex 17.65 -13.7999 4
      vertex 17.3455 -13.5964 4
    endloop
  endfacet
  facet normal -0.555645 -0.83142 -0
    outer loop
      vertex 17.65 -13.7999 4
      vertex 17.3455 -13.5964 0
      vertex 17.65 -13.7999 0
    endloop
  endfacet
  facet normal -0.442292 -0.896871 0
    outer loop
      vertex 17.65 -13.7999 0
      vertex 17.9785 -13.9619 4
      vertex 17.65 -13.7999 4
    endloop
  endfacet
  facet normal -0.442292 -0.896871 -0
    outer loop
      vertex 17.9785 -13.9619 4
      vertex 17.65 -13.7999 0
      vertex 17.9785 -13.9619 0
    endloop
  endfacet
  facet normal -0.194961 -0.980811 4.71929e-05
    outer loop
      vertex 18.3253 -14.0796 4
      vertex 18.65 -14.1442 2.8
      vertex 18.6845 -14.151 4
    endloop
  endfacet
  facet normal -0.195129 -0.980778 0
    outer loop
      vertex 18.3253 -14.0796 4
      vertex 18.65 -14.1442 2
      vertex 18.65 -14.1442 2.8
    endloop
  endfacet
  facet normal -0.195129 -0.980778 0
    outer loop
      vertex 18.3253 -14.0796 0
      vertex 18.65 -14.1442 2
      vertex 18.3253 -14.0796 4
    endloop
  endfacet
  facet normal -0.194961 -0.980811 -2.83157e-05
    outer loop
      vertex 18.6845 -14.151 0
      vertex 18.65 -14.1442 2
      vertex 18.3253 -14.0796 0
    endloop
  endfacet
  facet normal -0.193381 -0.981124 0
    outer loop
      vertex 18.65 -14.1442 2
      vertex 18.6845 -14.151 0
      vertex 18.6845 -14.151 2
    endloop
  endfacet
  facet normal -0.193381 -0.981124 -0
    outer loop
      vertex 18.6845 -14.151 4
      vertex 18.65 -14.1442 2.8
      vertex 18.6845 -14.151 2.8
    endloop
  endfacet
  facet normal -0.896871 -0.442292 0
    outer loop
      vertex 16.6251 -12.775 0
      vertex 16.4631 -12.4465 4
      vertex 16.4631 -12.4465 0
    endloop
  endfacet
  facet normal -0.896871 -0.442292 0
    outer loop
      vertex 16.4631 -12.4465 4
      vertex 16.6251 -12.775 0
      vertex 16.6251 -12.775 4
    endloop
  endfacet
  facet normal -0.946949 -0.321384 0
    outer loop
      vertex 16.4631 -12.4465 0
      vertex 16.3454 -12.0997 4
      vertex 16.3454 -12.0997 0
    endloop
  endfacet
  facet normal -0.946949 -0.321384 0
    outer loop
      vertex 16.3454 -12.0997 4
      vertex 16.4631 -12.4465 0
      vertex 16.4631 -12.4465 4
    endloop
  endfacet
  facet normal -0.997851 -0.0655224 0
    outer loop
      vertex 16.274 -11.7405 0
      vertex 16.25 -11.375 2
      vertex 16.25 -11.375 0
    endloop
  endfacet
  facet normal -0.997851 -0.0655224 0
    outer loop
      vertex 16.25 -11.375 2
      vertex 16.274 -11.7405 0
      vertex 16.274 -11.7405 2
    endloop
  endfacet
  facet normal -0.997851 -0.0655224 0
    outer loop
      vertex 16.274 -11.7405 2.8
      vertex 16.25 -11.375 4
      vertex 16.25 -11.375 2.8
    endloop
  endfacet
  facet normal -0.997851 -0.0655224 0
    outer loop
      vertex 16.25 -11.375 4
      vertex 16.274 -11.7405 2.8
      vertex 16.274 -11.7405 4
    endloop
  endfacet
  facet normal 0.75183 0.659357 0
    outer loop
      vertex 21.2714 -9.67047 4
      vertex 21.0299 -9.3951 0
      vertex 21.0299 -9.3951 4
    endloop
  endfacet
  facet normal 0.75183 0.659357 0
    outer loop
      vertex 21.0299 -9.3951 0
      vertex 21.2714 -9.67047 4
      vertex 21.2714 -9.67047 0
    endloop
  endfacet
  facet normal -0.442271 0.896882 0
    outer loop
      vertex 17.9785 -8.78814 0
      vertex 17.65 -8.95013 4
      vertex 17.9785 -8.78814 4
    endloop
  endfacet
  facet normal -0.442271 0.896882 0
    outer loop
      vertex 17.65 -8.95013 4
      vertex 17.9785 -8.78814 0
      vertex 17.65 -8.95013 0
    endloop
  endfacet
  facet normal 0.193381 -0.981124 0
    outer loop
      vertex 19.4155 -14.151 2
      vertex 19.4155 -14.151 0
      vertex 19.45 -14.1442 2
    endloop
  endfacet
  facet normal 0.193381 -0.981124 0
    outer loop
      vertex 19.45 -14.1442 2.8
      vertex 19.4155 -14.151 4
      vertex 19.4155 -14.151 2.8
    endloop
  endfacet
  facet normal 0.194961 -0.980811 4.71929e-05
    outer loop
      vertex 19.4155 -14.151 4
      vertex 19.45 -14.1442 2.8
      vertex 19.7747 -14.0796 4
    endloop
  endfacet
  facet normal 0.195129 -0.980778 0
    outer loop
      vertex 19.45 -14.1442 2
      vertex 19.7747 -14.0796 4
      vertex 19.45 -14.1442 2.8
    endloop
  endfacet
  facet normal 0.194961 -0.980811 -2.83157e-05
    outer loop
      vertex 19.7747 -14.0796 0
      vertex 19.45 -14.1442 2
      vertex 19.4155 -14.151 0
    endloop
  endfacet
  facet normal 0.195129 -0.980778 0
    outer loop
      vertex 19.45 -14.1442 2
      vertex 19.7747 -14.0796 0
      vertex 19.7747 -14.0796 4
    endloop
  endfacet
  facet normal 0.981124 -0.193381 0
    outer loop
      vertex 21.826 -11.7405 4
      vertex 21.8192 -11.775 2.8
      vertex 21.826 -11.7405 2.8
    endloop
  endfacet
  facet normal 0.980778 -0.195129 0
    outer loop
      vertex 21.8192 -11.775 2.8
      vertex 21.7546 -12.0997 4
      vertex 21.8192 -11.775 2
    endloop
  endfacet
  facet normal 0.980811 -0.194961 4.71929e-05
    outer loop
      vertex 21.7546 -12.0997 4
      vertex 21.8192 -11.775 2.8
      vertex 21.826 -11.7405 4
    endloop
  endfacet
  facet normal 0.981124 -0.193381 0
    outer loop
      vertex 21.8192 -11.775 2
      vertex 21.826 -11.7405 0
      vertex 21.826 -11.7405 2
    endloop
  endfacet
  facet normal 0.980778 -0.195129 0
    outer loop
      vertex 21.7546 -12.0997 0
      vertex 21.8192 -11.775 2
      vertex 21.7546 -12.0997 4
    endloop
  endfacet
  facet normal 0.980811 -0.194961 -2.83157e-05
    outer loop
      vertex 21.8192 -11.775 2
      vertex 21.7546 -12.0997 0
      vertex 21.826 -11.7405 0
    endloop
  endfacet
  facet normal 0.896871 -0.442292 0
    outer loop
      vertex 21.4749 -12.775 4
      vertex 21.6369 -12.4465 0
      vertex 21.6369 -12.4465 4
    endloop
  endfacet
  facet normal 0.896871 -0.442292 0
    outer loop
      vertex 21.6369 -12.4465 0
      vertex 21.4749 -12.775 4
      vertex 21.4749 -12.775 0
    endloop
  endfacet
  facet normal -0.83142 -0.555645 0
    outer loop
      vertex 16.8286 -13.0795 0
      vertex 16.6251 -12.775 4
      vertex 16.6251 -12.775 0
    endloop
  endfacet
  facet normal -0.83142 -0.555645 0
    outer loop
      vertex 16.6251 -12.775 4
      vertex 16.8286 -13.0795 0
      vertex 16.8286 -13.0795 4
    endloop
  endfacet
  facet normal -0.981124 -0.193381 0
    outer loop
      vertex 16.274 -11.7405 0
      vertex 16.2808 -11.775 2
      vertex 16.274 -11.7405 2
    endloop
  endfacet
  facet normal -0.980778 -0.195129 -0
    outer loop
      vertex 16.3454 -12.0997 4
      vertex 16.2808 -11.775 2
      vertex 16.3454 -12.0997 0
    endloop
  endfacet
  facet normal -0.980811 -0.194961 -2.83157e-05
    outer loop
      vertex 16.3454 -12.0997 0
      vertex 16.2808 -11.775 2
      vertex 16.274 -11.7405 0
    endloop
  endfacet
  facet normal -0.981124 -0.193381 0
    outer loop
      vertex 16.2808 -11.775 2.8
      vertex 16.274 -11.7405 4
      vertex 16.274 -11.7405 2.8
    endloop
  endfacet
  facet normal -0.980778 -0.195129 0
    outer loop
      vertex 16.2808 -11.775 2
      vertex 16.3454 -12.0997 4
      vertex 16.2808 -11.775 2.8
    endloop
  endfacet
  facet normal -0.980811 -0.194961 4.71929e-05
    outer loop
      vertex 16.2808 -11.775 2.8
      vertex 16.3454 -12.0997 4
      vertex 16.274 -11.7405 4
    endloop
  endfacet
  facet normal -0 0 1
    outer loop
      vertex 27.1936 -10.975 2.8
      vertex 28.505 -11.775 2.8
      vertex 28.505 -10.975 2.8
    endloop
  endfacet
  facet normal 0 0 1
    outer loop
      vertex 28.505 -11.775 2.8
      vertex 27.1936 -10.975 2.8
      vertex 27.1936 -11.775 2.8
    endloop
  endfacet
  facet normal 0 0 1
    outer loop
      vertex 25.6936 -10.975 2.8
      vertex 21.85 -11.375 2.8
      vertex 25.6936 -11.775 2.8
    endloop
  endfacet
  facet normal 0 0 1
    outer loop
      vertex 25.6936 -10.975 2.8
      vertex 21.826 -11.0095 2.8
      vertex 21.85 -11.375 2.8
    endloop
  endfacet
  facet normal 0 -0 1
    outer loop
      vertex 21.826 -11.0095 2.8
      vertex 25.6936 -10.975 2.8
      vertex 21.8192 -10.975 2.8
    endloop
  endfacet
  facet normal -0 0 1
    outer loop
      vertex 21.826 -11.7405 2.8
      vertex 25.6936 -11.775 2.8
      vertex 21.85 -11.375 2.8
    endloop
  endfacet
  facet normal 0 0 1
    outer loop
      vertex 25.6936 -11.775 2.8
      vertex 21.826 -11.7405 2.8
      vertex 21.8192 -11.775 2.8
    endloop
  endfacet
  facet normal 1 -0 0
    outer loop
      vertex 28.505 -11.775 2.8
      vertex 28.505 -10.975 2
      vertex 28.505 -10.975 2.8
    endloop
  endfacet
  facet normal 1 0 0
    outer loop
      vertex 28.505 -10.975 2
      vertex 28.505 -11.775 2.8
      vertex 28.505 -11.775 2
    endloop
  endfacet
  facet normal 0 1 0
    outer loop
      vertex 27.4262 -10.975 2
      vertex 28.505 -10.975 2.8
      vertex 28.505 -10.975 2
    endloop
  endfacet
  facet normal 0 1 0
    outer loop
      vertex 28.505 -10.975 2.8
      vertex 27.4262 -10.975 2
      vertex 27.1936 -10.975 2.8
    endloop
  endfacet
  facet normal 0 1 0
    outer loop
      vertex 21.8192 -10.975 2
      vertex 25.6936 -10.975 2.8
      vertex 25.9262 -10.975 2
    endloop
  endfacet
  facet normal 0 1 0
    outer loop
      vertex 25.6936 -10.975 2.8
      vertex 21.8192 -10.975 2
      vertex 21.8192 -10.975 2.8
    endloop
  endfacet
  facet normal 0 0 -1
    outer loop
      vertex 27.4262 -11.775 2
      vertex 28.505 -10.975 2
      vertex 28.505 -11.775 2
    endloop
  endfacet
  facet normal -0 0 -1
    outer loop
      vertex 28.505 -10.975 2
      vertex 27.4262 -11.775 2
      vertex 27.4262 -10.975 2
    endloop
  endfacet
  facet normal 0 0 -1
    outer loop
      vertex 25.9262 -11.775 2
      vertex 21.85 -11.375 2
      vertex 25.9262 -10.975 2
    endloop
  endfacet
  facet normal 0 0 -1
    outer loop
      vertex 25.9262 -11.775 2
      vertex 21.826 -11.7405 2
      vertex 21.85 -11.375 2
    endloop
  endfacet
  facet normal 0 -0 -1
    outer loop
      vertex 21.826 -11.7405 2
      vertex 25.9262 -11.775 2
      vertex 21.8192 -11.775 2
    endloop
  endfacet
  facet normal 0 0 -1
    outer loop
      vertex 21.826 -11.0095 2
      vertex 25.9262 -10.975 2
      vertex 21.85 -11.375 2
    endloop
  endfacet
  facet normal -0 0 -1
    outer loop
      vertex 25.9262 -10.975 2
      vertex 21.826 -11.0095 2
      vertex 21.8192 -10.975 2
    endloop
  endfacet
  facet normal 0 -1 0
    outer loop
      vertex 27.4262 -11.775 2
      vertex 28.505 -11.775 2.8
      vertex 27.1936 -11.775 2.8
    endloop
  endfacet
  facet normal 0 -1 -0
    outer loop
      vertex 28.505 -11.775 2.8
      vertex 27.4262 -11.775 2
      vertex 28.505 -11.775 2
    endloop
  endfacet
  facet normal 0 -1 0
    outer loop
      vertex 21.8192 -11.775 2
      vertex 25.6936 -11.775 2.8
      vertex 21.8192 -11.775 2.8
    endloop
  endfacet
  facet normal 0 -1 -0
    outer loop
      vertex 25.6936 -11.775 2.8
      vertex 21.8192 -11.775 2
      vertex 25.9262 -11.775 2
    endloop
  endfacet
  facet normal 0 1 -0
    outer loop
      vertex 19.45 -1.92 2
      vertex 18.65 -1.92 2.8
      vertex 19.45 -1.92 2.8
    endloop
  endfacet
  facet normal 0 1 0
    outer loop
      vertex 18.65 -1.92 2.8
      vertex 19.45 -1.92 2
      vertex 18.65 -1.92 2
    endloop
  endfacet
  facet normal -0 0 1
    outer loop
      vertex 18.65 -1.92 2.8
      vertex 19.45 -3.23142 2.8
      vertex 19.45 -1.92 2.8
    endloop
  endfacet
  facet normal 0 0 1
    outer loop
      vertex 19.45 -3.23142 2.8
      vertex 18.65 -1.92 2.8
      vertex 18.65 -3.23142 2.8
    endloop
  endfacet
  facet normal 0 0 1
    outer loop
      vertex 19.45 -4.73142 2.8
      vertex 19.4155 -8.59896 2.8
      vertex 19.45 -8.60582 2.8
    endloop
  endfacet
  facet normal 0 0 1
    outer loop
      vertex 19.45 -4.73142 2.8
      vertex 19.05 -8.575 2.8
      vertex 19.4155 -8.59896 2.8
    endloop
  endfacet
  facet normal -0 0 1
    outer loop
      vertex 18.65 -4.73142 2.8
      vertex 19.05 -8.575 2.8
      vertex 19.45 -4.73142 2.8
    endloop
  endfacet
  facet normal 0 0 1
    outer loop
      vertex 19.05 -8.575 2.8
      vertex 18.65 -4.73142 2.8
      vertex 18.6845 -8.59896 2.8
    endloop
  endfacet
  facet normal 0 0 1
    outer loop
      vertex 18.6845 -8.59896 2.8
      vertex 18.65 -4.73142 2.8
      vertex 18.65 -8.60582 2.8
    endloop
  endfacet
  facet normal -1 0 0
    outer loop
      vertex 18.65 -2.99876 2
      vertex 18.65 -1.92 2.8
      vertex 18.65 -1.92 2
    endloop
  endfacet
  facet normal -1 -0 0
    outer loop
      vertex 18.65 -1.92 2.8
      vertex 18.65 -2.99876 2
      vertex 18.65 -3.23142 2.8
    endloop
  endfacet
  facet normal -1 0 0
    outer loop
      vertex 18.65 -8.60582 2
      vertex 18.65 -4.73142 2.8
      vertex 18.65 -4.49876 2
    endloop
  endfacet
  facet normal -1 -0 0
    outer loop
      vertex 18.65 -4.73142 2.8
      vertex 18.65 -8.60582 2
      vertex 18.65 -8.60582 2.8
    endloop
  endfacet
  facet normal 0 0 -1
    outer loop
      vertex 18.65 -2.99876 2
      vertex 19.45 -1.92 2
      vertex 19.45 -2.99876 2
    endloop
  endfacet
  facet normal -0 0 -1
    outer loop
      vertex 19.45 -1.92 2
      vertex 18.65 -2.99876 2
      vertex 18.65 -1.92 2
    endloop
  endfacet
  facet normal 0 0 -1
    outer loop
      vertex 19.4155 -8.59896 2
      vertex 19.45 -4.49876 2
      vertex 19.45 -8.60582 2
    endloop
  endfacet
  facet normal 0 0 -1
    outer loop
      vertex 19.05 -8.575 2
      vertex 19.45 -4.49876 2
      vertex 19.4155 -8.59896 2
    endloop
  endfacet
  facet normal 0 0 -1
    outer loop
      vertex 18.65 -4.49876 2
      vertex 19.05 -8.575 2
      vertex 18.6845 -8.59896 2
    endloop
  endfacet
  facet normal 0 0 -1
    outer loop
      vertex 18.65 -4.49876 2
      vertex 18.6845 -8.59896 2
      vertex 18.65 -8.60582 2
    endloop
  endfacet
  facet normal 0 0 -1
    outer loop
      vertex 19.05 -8.575 2
      vertex 18.65 -4.49876 2
      vertex 19.45 -4.49876 2
    endloop
  endfacet
  facet normal 1 0 0
    outer loop
      vertex 19.45 -1.92 2.8
      vertex 19.45 -2.99876 2
      vertex 19.45 -1.92 2
    endloop
  endfacet
  facet normal 1 0 -0
    outer loop
      vertex 19.45 -2.99876 2
      vertex 19.45 -1.92 2.8
      vertex 19.45 -3.23142 2.8
    endloop
  endfacet
  facet normal 1 0 0
    outer loop
      vertex 19.45 -8.60582 2
      vertex 19.45 -4.73142 2.8
      vertex 19.45 -8.60582 2.8
    endloop
  endfacet
  facet normal 1 0 0
    outer loop
      vertex 19.45 -4.73142 2.8
      vertex 19.45 -8.60582 2
      vertex 19.45 -4.49876 2
    endloop
  endfacet
  facet normal -0 0 1
    outer loop
      vertex 9.595 -10.975 2.8
      vertex 10.9064 -11.775 2.8
      vertex 10.9064 -10.975 2.8
    endloop
  endfacet
  facet normal 0 0 1
    outer loop
      vertex 10.9064 -11.775 2.8
      vertex 9.595 -10.975 2.8
      vertex 9.595 -11.775 2.8
    endloop
  endfacet
  facet normal 0 0 1
    outer loop
      vertex 16.274 -11.0095 2.8
      vertex 12.4064 -10.975 2.8
      vertex 16.25 -11.375 2.8
    endloop
  endfacet
  facet normal -0 0 1
    outer loop
      vertex 12.4064 -10.975 2.8
      vertex 16.274 -11.0095 2.8
      vertex 16.2808 -10.975 2.8
    endloop
  endfacet
  facet normal 0 0 1
    outer loop
      vertex 12.4064 -11.775 2.8
      vertex 16.25 -11.375 2.8
      vertex 12.4064 -10.975 2.8
    endloop
  endfacet
  facet normal 0 0 1
    outer loop
      vertex 16.25 -11.375 2.8
      vertex 12.4064 -11.775 2.8
      vertex 16.274 -11.7405 2.8
    endloop
  endfacet
  facet normal 0 0 1
    outer loop
      vertex 16.274 -11.7405 2.8
      vertex 12.4064 -11.775 2.8
      vertex 16.2808 -11.775 2.8
    endloop
  endfacet
  facet normal -1 0 0
    outer loop
      vertex 9.595 -11.775 2
      vertex 9.595 -10.975 2.8
      vertex 9.595 -10.975 2
    endloop
  endfacet
  facet normal -1 -0 0
    outer loop
      vertex 9.595 -10.975 2.8
      vertex 9.595 -11.775 2
      vertex 9.595 -11.775 2.8
    endloop
  endfacet
  facet normal 0 1 -0
    outer loop
      vertex 10.6738 -10.975 2
      vertex 9.595 -10.975 2.8
      vertex 10.9064 -10.975 2.8
    endloop
  endfacet
  facet normal 0 1 0
    outer loop
      vertex 9.595 -10.975 2.8
      vertex 10.6738 -10.975 2
      vertex 9.595 -10.975 2
    endloop
  endfacet
  facet normal 0 1 -0
    outer loop
      vertex 16.2808 -10.975 2
      vertex 12.4064 -10.975 2.8
      vertex 16.2808 -10.975 2.8
    endloop
  endfacet
  facet normal 0 1 0
    outer loop
      vertex 12.4064 -10.975 2.8
      vertex 16.2808 -10.975 2
      vertex 12.1738 -10.975 2
    endloop
  endfacet
  facet normal 0 0 -1
    outer loop
      vertex 9.595 -11.775 2
      vertex 10.6738 -10.975 2
      vertex 10.6738 -11.775 2
    endloop
  endfacet
  facet normal -0 0 -1
    outer loop
      vertex 10.6738 -10.975 2
      vertex 9.595 -11.775 2
      vertex 9.595 -10.975 2
    endloop
  endfacet
  facet normal -0 0 -1
    outer loop
      vertex 16.274 -11.7405 2
      vertex 12.1738 -11.775 2
      vertex 16.25 -11.375 2
    endloop
  endfacet
  facet normal 0 0 -1
    outer loop
      vertex 12.1738 -11.775 2
      vertex 16.274 -11.7405 2
      vertex 16.2808 -11.775 2
    endloop
  endfacet
  facet normal 0 0 -1
    outer loop
      vertex 12.1738 -10.975 2
      vertex 16.25 -11.375 2
      vertex 12.1738 -11.775 2
    endloop
  endfacet
  facet normal 0 0 -1
    outer loop
      vertex 16.25 -11.375 2
      vertex 12.1738 -10.975 2
      vertex 16.274 -11.0095 2
    endloop
  endfacet
  facet normal 0 0 -1
    outer loop
      vertex 16.274 -11.0095 2
      vertex 12.1738 -10.975 2
      vertex 16.2808 -10.975 2
    endloop
  endfacet
  facet normal 0 -1 0
    outer loop
      vertex 10.6738 -11.775 2
      vertex 9.595 -11.775 2.8
      vertex 9.595 -11.775 2
    endloop
  endfacet
  facet normal 0 -1 0
    outer loop
      vertex 9.595 -11.775 2.8
      vertex 10.6738 -11.775 2
      vertex 10.9064 -11.775 2.8
    endloop
  endfacet
  facet normal 0 -1 0
    outer loop
      vertex 16.2808 -11.775 2
      vertex 12.4064 -11.775 2.8
      vertex 12.1738 -11.775 2
    endloop
  endfacet
  facet normal 0 -1 0
    outer loop
      vertex 12.4064 -11.775 2.8
      vertex 16.2808 -11.775 2
      vertex 16.2808 -11.775 2.8
    endloop
  endfacet
  facet normal -0 0 1
    outer loop
      vertex 18.65 -19.5186 2.8
      vertex 19.45 -20.83 2.8
      vertex 19.45 -19.5186 2.8
    endloop
  endfacet
  facet normal 0 0 1
    outer loop
      vertex 19.45 -20.83 2.8
      vertex 18.65 -19.5186 2.8
      vertex 18.65 -20.83 2.8
    endloop
  endfacet
  facet normal -0 0 1
    outer loop
      vertex 19.4155 -14.151 2.8
      vertex 19.45 -18.0186 2.8
      vertex 19.45 -14.1442 2.8
    endloop
  endfacet
  facet normal -0 0 1
    outer loop
      vertex 19.05 -14.175 2.8
      vertex 19.45 -18.0186 2.8
      vertex 19.4155 -14.151 2.8
    endloop
  endfacet
  facet normal 0 0 1
    outer loop
      vertex 18.65 -18.0186 2.8
      vertex 19.05 -14.175 2.8
      vertex 18.6845 -14.151 2.8
    endloop
  endfacet
  facet normal 0 0 1
    outer loop
      vertex 18.65 -18.0186 2.8
      vertex 18.6845 -14.151 2.8
      vertex 18.65 -14.1442 2.8
    endloop
  endfacet
  facet normal 0 0 1
    outer loop
      vertex 19.05 -14.175 2.8
      vertex 18.65 -18.0186 2.8
      vertex 19.45 -18.0186 2.8
    endloop
  endfacet
  facet normal 0 -1 0
    outer loop
      vertex 18.65 -20.83 2
      vertex 19.45 -20.83 2.8
      vertex 18.65 -20.83 2.8
    endloop
  endfacet
  facet normal 0 -1 -0
    outer loop
      vertex 19.45 -20.83 2.8
      vertex 18.65 -20.83 2
      vertex 19.45 -20.83 2
    endloop
  endfacet
  facet normal -1 0 0
    outer loop
      vertex 18.65 -20.83 2.8
      vertex 18.65 -19.7512 2
      vertex 18.65 -20.83 2
    endloop
  endfacet
  facet normal -1 0 0
    outer loop
      vertex 18.65 -19.7512 2
      vertex 18.65 -20.83 2.8
      vertex 18.65 -19.5186 2.8
    endloop
  endfacet
  facet normal -1 0 0
    outer loop
      vertex 18.65 -14.1442 2
      vertex 18.65 -18.0186 2.8
      vertex 18.65 -14.1442 2.8
    endloop
  endfacet
  facet normal -1 0 -0
    outer loop
      vertex 18.65 -18.0186 2.8
      vertex 18.65 -14.1442 2
      vertex 18.65 -18.2512 2
    endloop
  endfacet
  facet normal 0 0 -1
    outer loop
      vertex 18.65 -20.83 2
      vertex 19.45 -19.7512 2
      vertex 19.45 -20.83 2
    endloop
  endfacet
  facet normal -0 0 -1
    outer loop
      vertex 19.45 -19.7512 2
      vertex 18.65 -20.83 2
      vertex 18.65 -19.7512 2
    endloop
  endfacet
  facet normal 0 0 -1
    outer loop
      vertex 19.45 -18.2512 2
      vertex 19.4155 -14.151 2
      vertex 19.45 -14.1442 2
    endloop
  endfacet
  facet normal 0 0 -1
    outer loop
      vertex 19.45 -18.2512 2
      vertex 19.05 -14.175 2
      vertex 19.4155 -14.151 2
    endloop
  endfacet
  facet normal 0 0 -1
    outer loop
      vertex 18.65 -18.2512 2
      vertex 19.05 -14.175 2
      vertex 19.45 -18.2512 2
    endloop
  endfacet
  facet normal -0 0 -1
    outer loop
      vertex 19.05 -14.175 2
      vertex 18.65 -18.2512 2
      vertex 18.6845 -14.151 2
    endloop
  endfacet
  facet normal -0 0 -1
    outer loop
      vertex 18.6845 -14.151 2
      vertex 18.65 -18.2512 2
      vertex 18.65 -14.1442 2
    endloop
  endfacet
  facet normal 1 -0 0
    outer loop
      vertex 19.45 -20.83 2.8
      vertex 19.45 -19.7512 2
      vertex 19.45 -19.5186 2.8
    endloop
  endfacet
  facet normal 1 0 0
    outer loop
      vertex 19.45 -19.7512 2
      vertex 19.45 -20.83 2.8
      vertex 19.45 -20.83 2
    endloop
  endfacet
  facet normal 1 -0 0
    outer loop
      vertex 19.45 -18.0186 2.8
      vertex 19.45 -14.1442 2
      vertex 19.45 -14.1442 2.8
    endloop
  endfacet
  facet normal 1 0 0
    outer loop
      vertex 19.45 -14.1442 2
      vertex 19.45 -18.0186 2.8
      vertex 19.45 -18.2512 2
    endloop
  endfacet
endsolid OpenSCAD_Model
