solid OpenSCAD_Model
  facet normal 0 0 -1
    outer loop
      vertex 34.75 -3.87 0
      vertex 37.7 1.18 0
      vertex 37.7 -3.87 0
    endloop
  endfacet
  facet normal -0 0 -1
    outer loop
      vertex 37.7 1.18 0
      vertex 34.75 -3.87 0
      vertex 34.75 1.18 0
    endloop
  endfacet
  facet normal 0 0 -1
    outer loop
      vertex 34.75 -22.92 0
      vertex 37.7 -17.87 0
      vertex 37.7 -22.92 0
    endloop
  endfacet
  facet normal -0 0 -1
    outer loop
      vertex 37.7 -17.87 0
      vertex 34.75 -22.92 0
      vertex 34.75 -17.87 0
    endloop
  endfacet
  facet normal 0 0 -1
    outer loop
      vertex 42.75 -3.87 0
      vertex 56.75 1.18 0
      vertex 56.75 -3.87 0
    endloop
  endfacet
  facet normal -0 0 -1
    outer loop
      vertex 56.75 1.18 0
      vertex 42.75 -3.87 0
      vertex 42.75 1.18 0
    endloop
  endfacet
  facet normal 0 0 -1
    outer loop
      vertex 42.75 -22.92 0
      vertex 56.75 -17.87 0
      vertex 56.75 -22.92 0
    endloop
  endfacet
  facet normal -0 0 -1
    outer loop
      vertex 56.75 -17.87 0
      vertex 42.75 -22.92 0
      vertex 42.75 -17.87 0
    endloop
  endfacet
  facet normal 0 0 -1
    outer loop
      vertex 61.8 -3.87 0
      vertex 75.8 1.18 0
      vertex 75.8 -3.87 0
    endloop
  endfacet
  facet normal -0 0 -1
    outer loop
      vertex 75.8 1.18 0
      vertex 61.8 -3.87 0
      vertex 61.8 1.18 0
    endloop
  endfacet
  facet normal 0 0 -1
    outer loop
      vertex 72.7668 -32.9638 0
      vertex 75.8 -36.4808 0
      vertex 75.6695 -36.568 0
    endloop
  endfacet
  facet normal 0 0 -1
    outer loop
      vertex 72.3355 -33.4555 0
      vertex 75.6695 -36.568 0
      vertex 75.5515 -36.6715 0
    endloop
  endfacet
  facet normal 0 0 -1
    outer loop
      vertex 72.3355 -33.4555 0
      vertex 75.5515 -36.6715 0
      vertex 75.448 -36.7895 0
    endloop
  endfacet
  facet normal 0 0 -1
    outer loop
      vertex 71.8438 -33.8868 0
      vertex 75.448 -36.7895 0
      vertex 75.3608 -36.92 0
    endloop
  endfacet
  facet normal 0 0 -1
    outer loop
      vertex 71.8438 -33.8868 0
      vertex 75.3608 -36.92 0
      vertex 75.2913 -37.0608 0
    endloop
  endfacet
  facet normal 0 0 -1
    outer loop
      vertex 71.3 -34.2501 0
      vertex 75.2913 -37.0608 0
      vertex 75.2409 -37.2094 0
    endloop
  endfacet
  facet normal 0 0 -1
    outer loop
      vertex 71.3 -34.2501 0
      vertex 75.2409 -37.2094 0
      vertex 75.2103 -37.3634 0
    endloop
  endfacet
  facet normal 0 0 -1
    outer loop
      vertex 70.7134 -34.5394 0
      vertex 75.2103 -37.3634 0
      vertex 75.2 -37.52 0
    endloop
  endfacet
  facet normal 0 0 -1
    outer loop
      vertex 75.8 -36.4808 0
      vertex 73.8 -29.92 0
      vertex 73.7572 -29.2674 0
    endloop
  endfacet
  facet normal 0 0 -1
    outer loop
      vertex 75.8 -36.4808 0
      vertex 73.7572 -29.2674 0
      vertex 75.8 -17.87 0
    endloop
  endfacet
  facet normal 0 0 -1
    outer loop
      vertex 73.6296 -28.6259 0
      vertex 75.8 -17.87 0
      vertex 73.7572 -29.2674 0
    endloop
  endfacet
  facet normal 0 0 -1
    outer loop
      vertex 73.4194 -28.0066 0
      vertex 75.8 -17.87 0
      vertex 73.6296 -28.6259 0
    endloop
  endfacet
  facet normal 0 0 -1
    outer loop
      vertex 73.1301 -27.42 0
      vertex 75.8 -17.87 0
      vertex 73.4194 -28.0066 0
    endloop
  endfacet
  facet normal 0 0 -1
    outer loop
      vertex 72.7668 -26.8762 0
      vertex 75.8 -17.87 0
      vertex 73.1301 -27.42 0
    endloop
  endfacet
  facet normal 0 0 -1
    outer loop
      vertex 72.3355 -26.3845 0
      vertex 75.8 -17.87 0
      vertex 72.7668 -26.8762 0
    endloop
  endfacet
  facet normal 0 0 -1
    outer loop
      vertex 71.8438 -25.9532 0
      vertex 75.8 -17.87 0
      vertex 72.3355 -26.3845 0
    endloop
  endfacet
  facet normal 0 0 -1
    outer loop
      vertex 71.3 -25.5899 0
      vertex 75.8 -17.87 0
      vertex 71.8438 -25.9532 0
    endloop
  endfacet
  facet normal 0 0 -1
    outer loop
      vertex 70.7134 -25.3006 0
      vertex 75.8 -17.87 0
      vertex 71.3 -25.5899 0
    endloop
  endfacet
  facet normal 0 0 -1
    outer loop
      vertex 70.0941 -25.0904 0
      vertex 75.8 -17.87 0
      vertex 70.7134 -25.3006 0
    endloop
  endfacet
  facet normal 0 0 -1
    outer loop
      vertex 69.4526 -24.9628 0
      vertex 75.8 -17.87 0
      vertex 70.0941 -25.0904 0
    endloop
  endfacet
  facet normal 0 0 -1
    outer loop
      vertex 68.8 -24.92 0
      vertex 75.8 -17.87 0
      vertex 69.4526 -24.9628 0
    endloop
  endfacet
  facet normal 0 0 -1
    outer loop
      vertex 61.8 -17.87 0
      vertex 68.8 -24.92 0
      vertex 68.1474 -24.9628 0
    endloop
  endfacet
  facet normal 0 0 -1
    outer loop
      vertex 61.8 -17.87 0
      vertex 68.1474 -24.9628 0
      vertex 67.5059 -25.0904 0
    endloop
  endfacet
  facet normal 0 0 -1
    outer loop
      vertex 61.8 -17.87 0
      vertex 67.5059 -25.0904 0
      vertex 66.8866 -25.3006 0
    endloop
  endfacet
  facet normal 0 0 -1
    outer loop
      vertex 61.8 -17.87 0
      vertex 66.8866 -25.3006 0
      vertex 66.3 -25.5899 0
    endloop
  endfacet
  facet normal 0 0 -1
    outer loop
      vertex 61.8 -17.87 0
      vertex 66.3 -25.5899 0
      vertex 65.7562 -25.9532 0
    endloop
  endfacet
  facet normal 0 0 -1
    outer loop
      vertex 68.8 -24.92 0
      vertex 61.8 -17.87 0
      vertex 75.8 -17.87 0
    endloop
  endfacet
  facet normal 0 0 -1
    outer loop
      vertex 65.2645 -26.3845 0
      vertex 61.8 -17.87 0
      vertex 65.7562 -25.9532 0
    endloop
  endfacet
  facet normal 0 0 -1
    outer loop
      vertex 56.75 -22.92 0
      vertex 65.2645 -26.3845 0
      vertex 64.8332 -26.8762 0
    endloop
  endfacet
  facet normal 0 0 -1
    outer loop
      vertex 56.75 -22.92 0
      vertex 64.8332 -26.8762 0
      vertex 64.4699 -27.42 0
    endloop
  endfacet
  facet normal 0 0 -1
    outer loop
      vertex 56.75 -22.92 0
      vertex 64.4699 -27.42 0
      vertex 64.1806 -28.0066 0
    endloop
  endfacet
  facet normal 0 0 -1
    outer loop
      vertex 56.75 -22.92 0
      vertex 64.1806 -28.0066 0
      vertex 63.9704 -28.6259 0
    endloop
  endfacet
  facet normal 0 0 -1
    outer loop
      vertex 56.75 -22.92 0
      vertex 63.9704 -28.6259 0
      vertex 63.8428 -29.2674 0
    endloop
  endfacet
  facet normal 0 0 -1
    outer loop
      vertex 56.75 -22.92 0
      vertex 63.8428 -29.2674 0
      vertex 63.8 -29.92 0
    endloop
  endfacet
  facet normal 0 0 -1
    outer loop
      vertex 75.8 -3.87 0
      vertex 84.5 -41.625 0
      vertex 75.8 -17.87 0
    endloop
  endfacet
  facet normal 0 0 -1
    outer loop
      vertex 84.5 41.625 0
      vertex 77.5897 37.3734 0
      vertex 77.6 37.53 0
    endloop
  endfacet
  facet normal 0 0 -1
    outer loop
      vertex 75.8 -17.87 0
      vertex 77.5897 -37.3634 0
      vertex 77.5591 -37.2094 0
    endloop
  endfacet
  facet normal 0 0 -1
    outer loop
      vertex 84.5 -41.625 0
      vertex 75.8 1.18 0
      vertex 84.5 41.625 0
    endloop
  endfacet
  facet normal 0 0 -1
    outer loop
      vertex 75.8 -17.87 0
      vertex 77.5591 -37.2094 0
      vertex 77.5087 -37.0608 0
    endloop
  endfacet
  facet normal 0 0 -1
    outer loop
      vertex 75.8 15.18 0
      vertex 84.5 41.625 0
      vertex 75.8 1.18 0
    endloop
  endfacet
  facet normal 0 0 -1
    outer loop
      vertex 75.8 -17.87 0
      vertex 77.5087 -37.0608 0
      vertex 77.4392 -36.92 0
    endloop
  endfacet
  facet normal 0 -0 -1
    outer loop
      vertex 77.352 36.7995 0
      vertex 84.5 41.625 0
      vertex 75.8 15.18 0
    endloop
  endfacet
  facet normal 0 0 -1
    outer loop
      vertex 75.8 -17.87 0
      vertex 77.4392 -36.92 0
      vertex 77.352 -36.7895 0
    endloop
  endfacet
  facet normal 0 0 -1
    outer loop
      vertex 84.5 41.625 0
      vertex 77.5591 37.2194 0
      vertex 77.5897 37.3734 0
    endloop
  endfacet
  facet normal 0 0 -1
    outer loop
      vertex 75.8 -17.87 0
      vertex 77.352 -36.7895 0
      vertex 77.2485 -36.6715 0
    endloop
  endfacet
  facet normal 0 0 -1
    outer loop
      vertex 84.5 41.625 0
      vertex 77.5087 37.0708 0
      vertex 77.5591 37.2194 0
    endloop
  endfacet
  facet normal 0 0 -1
    outer loop
      vertex 75.8 -17.87 0
      vertex 77.2485 -36.6715 0
      vertex 77.1305 -36.568 0
    endloop
  endfacet
  facet normal 0 0 -1
    outer loop
      vertex 84.5 41.625 0
      vertex 77.4392 36.93 0
      vertex 77.5087 37.0708 0
    endloop
  endfacet
  facet normal 0 0 -1
    outer loop
      vertex 75.8 -17.87 0
      vertex 77.1305 -36.568 0
      vertex 77 -36.4808 0
    endloop
  endfacet
  facet normal 0 0 -1
    outer loop
      vertex 84.5 41.625 0
      vertex 77.352 36.7995 0
      vertex 77.4392 36.93 0
    endloop
  endfacet
  facet normal 0 0 -1
    outer loop
      vertex 75.8 -17.87 0
      vertex 77 -36.4808 0
      vertex 76.8592 -36.4113 0
    endloop
  endfacet
  facet normal 0 0 -1
    outer loop
      vertex 77.352 36.7995 0
      vertex 75.8 15.18 0
      vertex 77.2485 36.6815 0
    endloop
  endfacet
  facet normal 0 0 -1
    outer loop
      vertex 75.8 -17.87 0
      vertex 76.8592 -36.4113 0
      vertex 76.7106 -36.3609 0
    endloop
  endfacet
  facet normal 0 0 -1
    outer loop
      vertex 77.2485 36.6815 0
      vertex 75.8 15.18 0
      vertex 77.1305 36.578 0
    endloop
  endfacet
  facet normal 0 0 -1
    outer loop
      vertex 75.8 -17.87 0
      vertex 76.7106 -36.3609 0
      vertex 76.5566 -36.3303 0
    endloop
  endfacet
  facet normal 0 0 -1
    outer loop
      vertex 77.1305 36.578 0
      vertex 75.8 15.18 0
      vertex 77 36.4908 0
    endloop
  endfacet
  facet normal 0 0 -1
    outer loop
      vertex 75.8 -17.87 0
      vertex 76.5566 -36.3303 0
      vertex 76.4 -36.32 0
    endloop
  endfacet
  facet normal 0 0 -1
    outer loop
      vertex 77 36.4908 0
      vertex 75.8 15.18 0
      vertex 76.8592 36.4213 0
    endloop
  endfacet
  facet normal 0 0 -1
    outer loop
      vertex 75.8 -17.87 0
      vertex 76.4 -36.32 0
      vertex 76.2434 -36.3303 0
    endloop
  endfacet
  facet normal 0 0 -1
    outer loop
      vertex 76.8592 36.4213 0
      vertex 75.8 15.18 0
      vertex 76.7106 36.3709 0
    endloop
  endfacet
  facet normal 0 0 -1
    outer loop
      vertex 75.8 -17.87 0
      vertex 76.2434 -36.3303 0
      vertex 76.0894 -36.3609 0
    endloop
  endfacet
  facet normal 0 0 -1
    outer loop
      vertex 75.8 1.18 0
      vertex 84.5 -41.625 0
      vertex 75.8 -3.87 0
    endloop
  endfacet
  facet normal 0 0 -1
    outer loop
      vertex 75.8 -17.87 0
      vertex 76.0894 -36.3609 0
      vertex 75.9408 -36.4113 0
    endloop
  endfacet
  facet normal 0 0 -1
    outer loop
      vertex 76.7106 36.3709 0
      vertex 75.8 15.18 0
      vertex 76.5566 36.3403 0
    endloop
  endfacet
  facet normal 0 0 -1
    outer loop
      vertex 75.8 -17.87 0
      vertex 75.9408 -36.4113 0
      vertex 75.8 -36.4808 0
    endloop
  endfacet
  facet normal 0 0 -1
    outer loop
      vertex 76.5566 36.3403 0
      vertex 75.8 15.18 0
      vertex 76.4 36.33 0
    endloop
  endfacet
  facet normal -0 0 -1
    outer loop
      vertex 76.4 36.33 0
      vertex 75.8 15.18 0
      vertex 76.2434 36.3403 0
    endloop
  endfacet
  facet normal -0 0 -1
    outer loop
      vertex 76.2434 36.3403 0
      vertex 75.8 15.18 0
      vertex 76.0894 36.3709 0
    endloop
  endfacet
  facet normal -0 0 -1
    outer loop
      vertex 76.0894 36.3709 0
      vertex 75.8 15.18 0
      vertex 75.9408 36.4213 0
    endloop
  endfacet
  facet normal 0 0 -1
    outer loop
      vertex 75.8 15.18 0
      vertex 75.8 36.4908 0
      vertex 75.9408 36.4213 0
    endloop
  endfacet
  facet normal 0 0 -1
    outer loop
      vertex 61.8 15.18 0
      vertex 75.8 36.4908 0
      vertex 75.8 15.18 0
    endloop
  endfacet
  facet normal -0 0 -1
    outer loop
      vertex 75.8 36.4908 0
      vertex 61.8 15.18 0
      vertex 75.6695 36.578 0
    endloop
  endfacet
  facet normal -0 0 -1
    outer loop
      vertex 75.6695 36.578 0
      vertex 61.8 15.18 0
      vertex 75.5515 36.6815 0
    endloop
  endfacet
  facet normal -0 0 -1
    outer loop
      vertex 75.5515 36.6815 0
      vertex 61.8 15.18 0
      vertex 75.448 36.7995 0
    endloop
  endfacet
  facet normal -0 0 -1
    outer loop
      vertex 75.448 36.7995 0
      vertex 61.8 15.18 0
      vertex 75.3608 36.93 0
    endloop
  endfacet
  facet normal -0 0 -1
    outer loop
      vertex 75.3608 36.93 0
      vertex 61.8 15.18 0
      vertex 75.2913 37.0708 0
    endloop
  endfacet
  facet normal -0 0 -1
    outer loop
      vertex 75.2913 37.0708 0
      vertex 61.8 15.18 0
      vertex 75.2409 37.2194 0
    endloop
  endfacet
  facet normal 0 0 -1
    outer loop
      vertex 56.75 15.18 0
      vertex 75.2409 37.2194 0
      vertex 61.8 15.18 0
    endloop
  endfacet
  facet normal -0 0 -1
    outer loop
      vertex 75.2409 37.2194 0
      vertex 56.75 15.18 0
      vertex 75.2103 37.3734 0
    endloop
  endfacet
  facet normal 0 0 -1
    outer loop
      vertex 80.5 -45.625 0
      vertex 84.5 -41.625 0
      vertex 84.4658 -42.1471 0
    endloop
  endfacet
  facet normal 0 0 -1
    outer loop
      vertex 77.5897 -37.3634 0
      vertex 84.5 -41.625 0
      vertex 77.6 -37.52 0
    endloop
  endfacet
  facet normal 0 0 -1
    outer loop
      vertex 80.5 -45.625 0
      vertex 84.4658 -42.1471 0
      vertex 84.3637 -42.6603 0
    endloop
  endfacet
  facet normal 0 0 -1
    outer loop
      vertex 75.8 -17.87 0
      vertex 84.5 -41.625 0
      vertex 77.5897 -37.3634 0
    endloop
  endfacet
  facet normal 0 0 -1
    outer loop
      vertex 80.5 -45.625 0
      vertex 84.3637 -42.6603 0
      vertex 84.1955 -43.1557 0
    endloop
  endfacet
  facet normal 0 0 -1
    outer loop
      vertex 77.5897 37.6866 0
      vertex 84.5 41.625 0
      vertex 77.6 37.53 0
    endloop
  endfacet
  facet normal 0 0 -1
    outer loop
      vertex 80.5 -45.625 0
      vertex 84.1955 -43.1557 0
      vertex 83.9641 -43.625 0
    endloop
  endfacet
  facet normal 0 0 -1
    outer loop
      vertex 77.5591 37.8406 0
      vertex 84.5 41.625 0
      vertex 77.5897 37.6866 0
    endloop
  endfacet
  facet normal 0 0 -1
    outer loop
      vertex 80.5 -45.625 0
      vertex 83.9641 -43.625 0
      vertex 83.6734 -44.06 0
    endloop
  endfacet
  facet normal 0 0 -1
    outer loop
      vertex 77.5087 37.9892 0
      vertex 84.5 41.625 0
      vertex 77.5591 37.8406 0
    endloop
  endfacet
  facet normal 0 0 -1
    outer loop
      vertex 80.5 -45.625 0
      vertex 83.6734 -44.06 0
      vertex 83.3284 -44.4534 0
    endloop
  endfacet
  facet normal 0 0 -1
    outer loop
      vertex 77.4392 38.13 0
      vertex 84.5 41.625 0
      vertex 77.5087 37.9892 0
    endloop
  endfacet
  facet normal 0 0 -1
    outer loop
      vertex 80.5 -45.625 0
      vertex 83.3284 -44.4534 0
      vertex 82.935 -44.7984 0
    endloop
  endfacet
  facet normal 0 0 -1
    outer loop
      vertex 77.352 38.2605 0
      vertex 84.5 41.625 0
      vertex 77.4392 38.13 0
    endloop
  endfacet
  facet normal 0 0 -1
    outer loop
      vertex 80.5 -45.625 0
      vertex 82.935 -44.7984 0
      vertex 82.5 -45.0891 0
    endloop
  endfacet
  facet normal 0 0 -1
    outer loop
      vertex 77.2485 38.3785 0
      vertex 84.5 41.625 0
      vertex 77.352 38.2605 0
    endloop
  endfacet
  facet normal 0 0 -1
    outer loop
      vertex 80.5 -45.625 0
      vertex 82.5 -45.0891 0
      vertex 82.0307 -45.3205 0
    endloop
  endfacet
  facet normal 0 -0 -1
    outer loop
      vertex 80.5 45.625 0
      vertex 84.5 41.625 0
      vertex 77.2485 38.3785 0
    endloop
  endfacet
  facet normal 0 0 -1
    outer loop
      vertex 80.5 -45.625 0
      vertex 82.0307 -45.3205 0
      vertex 81.5353 -45.4887 0
    endloop
  endfacet
  facet normal 0 0 -1
    outer loop
      vertex 84.5 41.625 0
      vertex 80.5 45.625 0
      vertex 84.4658 42.1471 0
    endloop
  endfacet
  facet normal 0 0 -1
    outer loop
      vertex 80.5 -45.625 0
      vertex 81.5353 -45.4887 0
      vertex 81.0221 -45.5908 0
    endloop
  endfacet
  facet normal 0 0 -1
    outer loop
      vertex 84.4658 42.1471 0
      vertex 80.5 45.625 0
      vertex 84.3637 42.6603 0
    endloop
  endfacet
  facet normal -0 0 -1
    outer loop
      vertex 84.5 -41.625 0
      vertex 80.5 -45.625 0
      vertex 77.2485 -38.3685 0
    endloop
  endfacet
  facet normal 0 0 -1
    outer loop
      vertex 84.3637 42.6603 0
      vertex 80.5 45.625 0
      vertex 84.1955 43.1557 0
    endloop
  endfacet
  facet normal 0 0 -1
    outer loop
      vertex 84.1955 43.1557 0
      vertex 80.5 45.625 0
      vertex 83.9641 43.625 0
    endloop
  endfacet
  facet normal 0 0 -1
    outer loop
      vertex 84.5 -41.625 0
      vertex 77.5897 -37.6766 0
      vertex 77.6 -37.52 0
    endloop
  endfacet
  facet normal 0 0 -1
    outer loop
      vertex 84.5 -41.625 0
      vertex 77.5591 -37.8306 0
      vertex 77.5897 -37.6766 0
    endloop
  endfacet
  facet normal 0 0 -1
    outer loop
      vertex 84.5 -41.625 0
      vertex 77.5087 -37.9792 0
      vertex 77.5591 -37.8306 0
    endloop
  endfacet
  facet normal 0 0 -1
    outer loop
      vertex 84.5 -41.625 0
      vertex 77.4392 -38.12 0
      vertex 77.5087 -37.9792 0
    endloop
  endfacet
  facet normal 0 0 -1
    outer loop
      vertex 84.5 -41.625 0
      vertex 77.352 -38.2505 0
      vertex 77.4392 -38.12 0
    endloop
  endfacet
  facet normal 0 0 -1
    outer loop
      vertex 84.5 -41.625 0
      vertex 77.2485 -38.3685 0
      vertex 77.352 -38.2505 0
    endloop
  endfacet
  facet normal 0 0 -1
    outer loop
      vertex 80.5 -45.625 0
      vertex 77.1305 -38.472 0
      vertex 77.2485 -38.3685 0
    endloop
  endfacet
  facet normal 0 0 -1
    outer loop
      vertex 80.5 -45.625 0
      vertex 77 -38.5592 0
      vertex 77.1305 -38.472 0
    endloop
  endfacet
  facet normal 0 0 -1
    outer loop
      vertex 80.5 -45.625 0
      vertex 76.8592 -38.6287 0
      vertex 77 -38.5592 0
    endloop
  endfacet
  facet normal 0 0 -1
    outer loop
      vertex 80.5 -45.625 0
      vertex 76.7106 -38.6791 0
      vertex 76.8592 -38.6287 0
    endloop
  endfacet
  facet normal 0 0 -1
    outer loop
      vertex 80.5 -45.625 0
      vertex 76.5566 -38.7097 0
      vertex 76.7106 -38.6791 0
    endloop
  endfacet
  facet normal 0 0 -1
    outer loop
      vertex 80.5 -45.625 0
      vertex 76.4 -38.72 0
      vertex 76.5566 -38.7097 0
    endloop
  endfacet
  facet normal 0 0 -1
    outer loop
      vertex 80.5 -45.625 0
      vertex 76.2434 -38.7097 0
      vertex 76.4 -38.72 0
    endloop
  endfacet
  facet normal 0 0 -1
    outer loop
      vertex 80.5 -45.625 0
      vertex 76.0894 -38.6791 0
      vertex 76.2434 -38.7097 0
    endloop
  endfacet
  facet normal 0 0 -1
    outer loop
      vertex 80.5 -45.625 0
      vertex 75.9408 -38.6287 0
      vertex 76.0894 -38.6791 0
    endloop
  endfacet
  facet normal 0 0 -1
    outer loop
      vertex 80.5 -45.625 0
      vertex 75.8 -38.5592 0
      vertex 75.9408 -38.6287 0
    endloop
  endfacet
  facet normal 0 0 -1
    outer loop
      vertex 80.5 -45.625 0
      vertex 75.6695 -38.472 0
      vertex 75.8 -38.5592 0
    endloop
  endfacet
  facet normal 0 0 -1
    outer loop
      vertex 68.1474 -34.8772 0
      vertex 75.6695 -38.472 0
      vertex 80.5 -45.625 0
    endloop
  endfacet
  facet normal 0 0 -1
    outer loop
      vertex 75.6695 -38.472 0
      vertex 68.1474 -34.8772 0
      vertex 75.5515 -38.3685 0
    endloop
  endfacet
  facet normal 0 0 -1
    outer loop
      vertex 70.7134 -34.5394 0
      vertex 75.2 -37.52 0
      vertex 75.2103 -37.6766 0
    endloop
  endfacet
  facet normal 0 0 -1
    outer loop
      vertex 75.8 -36.4808 0
      vertex 73.7572 -30.5726 0
      vertex 73.8 -29.92 0
    endloop
  endfacet
  facet normal 0 0 -1
    outer loop
      vertex 70.0941 -34.7496 0
      vertex 75.2103 -37.6766 0
      vertex 75.2409 -37.8306 0
    endloop
  endfacet
  facet normal 0 0 -1
    outer loop
      vertex 75.8 -36.4808 0
      vertex 73.6296 -31.2141 0
      vertex 73.7572 -30.5726 0
    endloop
  endfacet
  facet normal 0 0 -1
    outer loop
      vertex 75.8 -36.4808 0
      vertex 73.4194 -31.8334 0
      vertex 73.6296 -31.2141 0
    endloop
  endfacet
  facet normal 0 0 -1
    outer loop
      vertex 75.8 -36.4808 0
      vertex 73.1301 -32.42 0
      vertex 73.4194 -31.8334 0
    endloop
  endfacet
  facet normal 0 0 -1
    outer loop
      vertex 70.0941 -34.7496 0
      vertex 75.2409 -37.8306 0
      vertex 75.2913 -37.9792 0
    endloop
  endfacet
  facet normal 0 0 -1
    outer loop
      vertex 75.8 -36.4808 0
      vertex 72.7668 -32.9638 0
      vertex 73.1301 -32.42 0
    endloop
  endfacet
  facet normal 0 0 -1
    outer loop
      vertex 69.4526 -34.8772 0
      vertex 75.2913 -37.9792 0
      vertex 75.3608 -38.12 0
    endloop
  endfacet
  facet normal 0 0 -1
    outer loop
      vertex 75.6695 -36.568 0
      vertex 72.3355 -33.4555 0
      vertex 72.7668 -32.9638 0
    endloop
  endfacet
  facet normal 0 0 -1
    outer loop
      vertex 75.448 -36.7895 0
      vertex 71.8438 -33.8868 0
      vertex 72.3355 -33.4555 0
    endloop
  endfacet
  facet normal 0 0 -1
    outer loop
      vertex 68.8 -34.92 0
      vertex 75.3608 -38.12 0
      vertex 75.448 -38.2505 0
    endloop
  endfacet
  facet normal -0 -0 -1
    outer loop
      vertex 68.8 -34.92 0
      vertex 75.5515 -38.3685 0
      vertex 68.1474 -34.8772 0
    endloop
  endfacet
  facet normal 0 0 -1
    outer loop
      vertex 75.2913 -37.0608 0
      vertex 71.3 -34.2501 0
      vertex 71.8438 -33.8868 0
    endloop
  endfacet
  facet normal 0 0 -1
    outer loop
      vertex 75.2103 -37.3634 0
      vertex 70.7134 -34.5394 0
      vertex 71.3 -34.2501 0
    endloop
  endfacet
  facet normal 0 0 -1
    outer loop
      vertex 75.2103 -37.6766 0
      vertex 70.0941 -34.7496 0
      vertex 70.7134 -34.5394 0
    endloop
  endfacet
  facet normal 0 0 -1
    outer loop
      vertex 75.2913 -37.9792 0
      vertex 69.4526 -34.8772 0
      vertex 70.0941 -34.7496 0
    endloop
  endfacet
  facet normal 0 0 -1
    outer loop
      vertex 75.3608 -38.12 0
      vertex 68.8 -34.92 0
      vertex 69.4526 -34.8772 0
    endloop
  endfacet
  facet normal 0 0 -1
    outer loop
      vertex 75.5515 -38.3685 0
      vertex 68.8 -34.92 0
      vertex 75.448 -38.2505 0
    endloop
  endfacet
  facet normal 0 0 -1
    outer loop
      vertex 56.75 -36.92 0
      vertex 68.1474 -34.8772 0
      vertex 80.5 -45.625 0
    endloop
  endfacet
  facet normal -0 0 -1
    outer loop
      vertex 68.1474 -34.8772 0
      vertex 56.75 -36.92 0
      vertex 67.5059 -34.7496 0
    endloop
  endfacet
  facet normal -0 0 -1
    outer loop
      vertex 67.5059 -34.7496 0
      vertex 56.75 -36.92 0
      vertex 66.8866 -34.5394 0
    endloop
  endfacet
  facet normal -0 0 -1
    outer loop
      vertex 66.8866 -34.5394 0
      vertex 56.75 -36.92 0
      vertex 66.3 -34.2501 0
    endloop
  endfacet
  facet normal 0 0 -1
    outer loop
      vertex 56.75 -36.92 0
      vertex 63.8 -29.92 0
      vertex 63.8428 -30.5726 0
    endloop
  endfacet
  facet normal 0 0 -1
    outer loop
      vertex 56.75 -3.87 0
      vertex 61.8 -3.87 0
      vertex 61.8 -17.87 0
    endloop
  endfacet
  facet normal 0 0 -1
    outer loop
      vertex 61.8 -3.87 0
      vertex 56.75 -3.87 0
      vertex 61.8 1.18 0
    endloop
  endfacet
  facet normal 0 0 -1
    outer loop
      vertex 65.2645 -26.3845 0
      vertex 56.75 -22.92 0
      vertex 61.8 -17.87 0
    endloop
  endfacet
  facet normal -0 0 -1
    outer loop
      vertex 63.8 -29.92 0
      vertex 56.75 -36.92 0
      vertex 56.75 -22.92 0
    endloop
  endfacet
  facet normal -0 0 -1
    outer loop
      vertex 63.9704 -31.2141 0
      vertex 56.75 -36.92 0
      vertex 63.8428 -30.5726 0
    endloop
  endfacet
  facet normal -0 0 -1
    outer loop
      vertex 64.1806 -31.8334 0
      vertex 56.75 -36.92 0
      vertex 63.9704 -31.2141 0
    endloop
  endfacet
  facet normal -0 0 -1
    outer loop
      vertex 64.4699 -32.42 0
      vertex 56.75 -36.92 0
      vertex 64.1806 -31.8334 0
    endloop
  endfacet
  facet normal -0 0 -1
    outer loop
      vertex 64.8332 -32.9638 0
      vertex 56.75 -36.92 0
      vertex 64.4699 -32.42 0
    endloop
  endfacet
  facet normal -0 0 -1
    outer loop
      vertex 65.2645 -33.4555 0
      vertex 56.75 -36.92 0
      vertex 64.8332 -32.9638 0
    endloop
  endfacet
  facet normal -0 0 -1
    outer loop
      vertex 65.7562 -33.8868 0
      vertex 56.75 -36.92 0
      vertex 65.2645 -33.4555 0
    endloop
  endfacet
  facet normal -0 0 -1
    outer loop
      vertex 66.3 -34.2501 0
      vertex 56.75 -36.92 0
      vertex 65.7562 -33.8868 0
    endloop
  endfacet
  facet normal 0 0 -1
    outer loop
      vertex 80.5 -45.625 0
      vertex 42.75 -36.92 0
      vertex 56.75 -36.92 0
    endloop
  endfacet
  facet normal 0 0 -1
    outer loop
      vertex 37.7 -22.92 0
      vertex 42.75 -22.92 0
      vertex 42.75 -36.92 0
    endloop
  endfacet
  facet normal 0 0 -1
    outer loop
      vertex 42.75 -22.92 0
      vertex 37.7 -22.92 0
      vertex 42.75 -17.87 0
    endloop
  endfacet
  facet normal 0 0 -1
    outer loop
      vertex 42.75 -17.87 0
      vertex 37.7 -17.87 0
      vertex 42.75 -3.87 0
    endloop
  endfacet
  facet normal 0 0 -1
    outer loop
      vertex 37.7 -3.87 0
      vertex 42.75 -3.87 0
      vertex 37.7 -17.87 0
    endloop
  endfacet
  facet normal 0 0 -1
    outer loop
      vertex 37.7 -22.92 0
      vertex 42.75 -36.92 0
      vertex 37.7 -36.92 0
    endloop
  endfacet
  facet normal 0 0 -1
    outer loop
      vertex 80.5 -45.625 0
      vertex 37.7 -36.92 0
      vertex 42.75 -36.92 0
    endloop
  endfacet
  facet normal 0 0 -1
    outer loop
      vertex 80.5 -45.625 0
      vertex 34.75 -36.92 0
      vertex 37.7 -36.92 0
    endloop
  endfacet
  facet normal 0 0 -1
    outer loop
      vertex -30.75 -45.625 0
      vertex 34.75 -22.92 0
      vertex 34.75 -36.92 0
    endloop
  endfacet
  facet normal -0 0 -1
    outer loop
      vertex 34.75 -22.92 0
      vertex -30.75 -45.625 0
      vertex 34.75 -17.87 0
    endloop
  endfacet
  facet normal 0 0 -1
    outer loop
      vertex -34.75 -41.625 0
      vertex 34.75 -17.87 0
      vertex -30.75 -45.625 0
    endloop
  endfacet
  facet normal -0 0 -1
    outer loop
      vertex 34.75 -17.87 0
      vertex -34.75 -41.625 0
      vertex 34.75 -3.87 0
    endloop
  endfacet
  facet normal -0 0 -1
    outer loop
      vertex 34.75 -3.87 0
      vertex -34.75 -41.625 0
      vertex 34.75 1.18 0
    endloop
  endfacet
  facet normal 0 0 -1
    outer loop
      vertex -30.75 -45.625 0
      vertex 34.75 -36.92 0
      vertex 80.5 -45.625 0
    endloop
  endfacet
  facet normal 0 0 -1
    outer loop
      vertex 83.9641 43.625 0
      vertex 80.5 45.625 0
      vertex 83.6734 44.06 0
    endloop
  endfacet
  facet normal 0 0 -1
    outer loop
      vertex 83.6734 44.06 0
      vertex 80.5 45.625 0
      vertex 83.3284 44.4534 0
    endloop
  endfacet
  facet normal 0 0 -1
    outer loop
      vertex 83.3284 44.4534 0
      vertex 80.5 45.625 0
      vertex 82.935 44.7984 0
    endloop
  endfacet
  facet normal 0 0 -1
    outer loop
      vertex 82.935 44.7984 0
      vertex 80.5 45.625 0
      vertex 82.5 45.0891 0
    endloop
  endfacet
  facet normal 0 0 -1
    outer loop
      vertex 82.5 45.0891 0
      vertex 80.5 45.625 0
      vertex 82.0307 45.3205 0
    endloop
  endfacet
  facet normal 0 0 -1
    outer loop
      vertex 82.0307 45.3205 0
      vertex 80.5 45.625 0
      vertex 81.5353 45.4887 0
    endloop
  endfacet
  facet normal 0 0 -1
    outer loop
      vertex 81.5353 45.4887 0
      vertex 80.5 45.625 0
      vertex 81.0221 45.5908 0
    endloop
  endfacet
  facet normal 0 0 -1
    outer loop
      vertex 77.1305 38.482 0
      vertex 80.5 45.625 0
      vertex 77.2485 38.3785 0
    endloop
  endfacet
  facet normal 0 0 -1
    outer loop
      vertex 77 38.5692 0
      vertex 80.5 45.625 0
      vertex 77.1305 38.482 0
    endloop
  endfacet
  facet normal 0 0 -1
    outer loop
      vertex 76.8592 38.6387 0
      vertex 80.5 45.625 0
      vertex 77 38.5692 0
    endloop
  endfacet
  facet normal 0 0 -1
    outer loop
      vertex 76.7106 38.6891 0
      vertex 80.5 45.625 0
      vertex 76.8592 38.6387 0
    endloop
  endfacet
  facet normal 0 0 -1
    outer loop
      vertex 76.5566 38.7197 0
      vertex 80.5 45.625 0
      vertex 76.7106 38.6891 0
    endloop
  endfacet
  facet normal 0 0 -1
    outer loop
      vertex 76.4 38.73 0
      vertex 80.5 45.625 0
      vertex 76.5566 38.7197 0
    endloop
  endfacet
  facet normal 0 0 -1
    outer loop
      vertex 76.2434 38.7197 0
      vertex 80.5 45.625 0
      vertex 76.4 38.73 0
    endloop
  endfacet
  facet normal 0 0 -1
    outer loop
      vertex 76.0894 38.6891 0
      vertex 80.5 45.625 0
      vertex 76.2434 38.7197 0
    endloop
  endfacet
  facet normal 0 0 -1
    outer loop
      vertex 75.9408 38.6387 0
      vertex 80.5 45.625 0
      vertex 76.0894 38.6891 0
    endloop
  endfacet
  facet normal 0 0 -1
    outer loop
      vertex 75.8 38.5692 0
      vertex 80.5 45.625 0
      vertex 75.9408 38.6387 0
    endloop
  endfacet
  facet normal 0 0 -1
    outer loop
      vertex 75.6695 38.482 0
      vertex 80.5 45.625 0
      vertex 75.8 38.5692 0
    endloop
  endfacet
  facet normal 0 0 -1
    outer loop
      vertex 75.5515 38.3785 0
      vertex 80.5 45.625 0
      vertex 75.6695 38.482 0
    endloop
  endfacet
  facet normal 0 0 -1
    outer loop
      vertex 75.448 38.2605 0
      vertex 80.5 45.625 0
      vertex 75.5515 38.3785 0
    endloop
  endfacet
  facet normal -0 0 -1
    outer loop
      vertex 75.2103 37.3734 0
      vertex 56.75 15.18 0
      vertex 75.2 37.53 0
    endloop
  endfacet
  facet normal -0 0 -1
    outer loop
      vertex 75.2 37.53 0
      vertex 56.75 15.18 0
      vertex 75.2103 37.6866 0
    endloop
  endfacet
  facet normal 0 0 -1
    outer loop
      vertex 42.75 15.18 0
      vertex 75.2103 37.6866 0
      vertex 56.75 15.18 0
    endloop
  endfacet
  facet normal -0 0 -1
    outer loop
      vertex 75.2103 37.6866 0
      vertex 42.75 15.18 0
      vertex 75.2409 37.8406 0
    endloop
  endfacet
  facet normal 0 0 -1
    outer loop
      vertex 56.75 -17.87 0
      vertex 61.8 -17.87 0
      vertex 56.75 -22.92 0
    endloop
  endfacet
  facet normal 0 0 -1
    outer loop
      vertex 56.75 -3.87 0
      vertex 61.8 -17.87 0
      vertex 56.75 -17.87 0
    endloop
  endfacet
  facet normal 0 0 -1
    outer loop
      vertex 56.75 1.18 0
      vertex 61.8 1.18 0
      vertex 56.75 -3.87 0
    endloop
  endfacet
  facet normal 0 0 -1
    outer loop
      vertex 61.8 1.18 0
      vertex 56.75 1.18 0
      vertex 61.8 15.18 0
    endloop
  endfacet
  facet normal 0 0 -1
    outer loop
      vertex 56.75 15.18 0
      vertex 61.8 15.18 0
      vertex 56.75 1.18 0
    endloop
  endfacet
  facet normal -0 0 -1
    outer loop
      vertex 75.2409 37.8406 0
      vertex 42.75 15.18 0
      vertex 75.2913 37.9892 0
    endloop
  endfacet
  facet normal 0 0 -1
    outer loop
      vertex 37.7 15.18 0
      vertex 75.2913 37.9892 0
      vertex 42.75 15.18 0
    endloop
  endfacet
  facet normal -0 0 -1
    outer loop
      vertex 75.2913 37.9892 0
      vertex 37.7 15.18 0
      vertex 75.3608 38.13 0
    endloop
  endfacet
  facet normal 0 0 -1
    outer loop
      vertex 34.75 15.18 0
      vertex 75.3608 38.13 0
      vertex 37.7 15.18 0
    endloop
  endfacet
  facet normal -0 0 -1
    outer loop
      vertex 42.75 -17.87 0
      vertex 37.7 -22.92 0
      vertex 37.7 -17.87 0
    endloop
  endfacet
  facet normal 0 0 -1
    outer loop
      vertex 42.75 -3.87 0
      vertex 37.7 -3.87 0
      vertex 42.75 1.18 0
    endloop
  endfacet
  facet normal 0 0 -1
    outer loop
      vertex 37.7 1.18 0
      vertex 42.75 1.18 0
      vertex 37.7 -3.87 0
    endloop
  endfacet
  facet normal 0 0 -1
    outer loop
      vertex 42.75 1.18 0
      vertex 37.7 1.18 0
      vertex 42.75 15.18 0
    endloop
  endfacet
  facet normal 0 0 -1
    outer loop
      vertex 37.7 15.18 0
      vertex 42.75 15.18 0
      vertex 37.7 1.18 0
    endloop
  endfacet
  facet normal -0 0 -1
    outer loop
      vertex 75.3608 38.13 0
      vertex 34.75 15.18 0
      vertex 75.448 38.2605 0
    endloop
  endfacet
  facet normal -0 0 -1
    outer loop
      vertex 75.448 38.2605 0
      vertex 34.75 15.18 0
      vertex 80.5 45.625 0
    endloop
  endfacet
  facet normal 0 0 -1
    outer loop
      vertex 34.75 15.18 0
      vertex -30.75 45.625 0
      vertex 80.5 45.625 0
    endloop
  endfacet
  facet normal 0 0 -1
    outer loop
      vertex -34.75 41.625 0
      vertex 34.75 1.18 0
      vertex -34.75 -41.625 0
    endloop
  endfacet
  facet normal 0 0 -1
    outer loop
      vertex -34.75 -41.625 0
      vertex -30.75 -45.625 0
      vertex -31.2721 -45.5908 0
    endloop
  endfacet
  facet normal 0 0 -1
    outer loop
      vertex 34.75 1.18 0
      vertex -34.75 41.625 0
      vertex 34.75 15.18 0
    endloop
  endfacet
  facet normal 0 0 -1
    outer loop
      vertex -34.75 -41.625 0
      vertex -31.2721 -45.5908 0
      vertex -31.7853 -45.4887 0
    endloop
  endfacet
  facet normal 0 0 -1
    outer loop
      vertex 34.75 15.18 0
      vertex -34.75 41.625 0
      vertex -30.75 45.625 0
    endloop
  endfacet
  facet normal 0 0 -1
    outer loop
      vertex -34.75 -41.625 0
      vertex -31.7853 -45.4887 0
      vertex -32.2807 -45.3205 0
    endloop
  endfacet
  facet normal 0 0 -1
    outer loop
      vertex -30.75 45.625 0
      vertex -34.75 41.625 0
      vertex -31.2721 45.5908 0
    endloop
  endfacet
  facet normal 0 0 -1
    outer loop
      vertex -34.75 -41.625 0
      vertex -32.2807 -45.3205 0
      vertex -32.75 -45.0891 0
    endloop
  endfacet
  facet normal 0 0 -1
    outer loop
      vertex -31.2721 45.5908 0
      vertex -34.75 41.625 0
      vertex -31.7853 45.4887 0
    endloop
  endfacet
  facet normal 0 0 -1
    outer loop
      vertex -34.75 -41.625 0
      vertex -32.75 -45.0891 0
      vertex -33.185 -44.7984 0
    endloop
  endfacet
  facet normal 0 0 -1
    outer loop
      vertex -31.7853 45.4887 0
      vertex -34.75 41.625 0
      vertex -32.2807 45.3205 0
    endloop
  endfacet
  facet normal 0 0 -1
    outer loop
      vertex -34.75 -41.625 0
      vertex -33.185 -44.7984 0
      vertex -33.5784 -44.4534 0
    endloop
  endfacet
  facet normal 0 0 -1
    outer loop
      vertex -32.2807 45.3205 0
      vertex -34.75 41.625 0
      vertex -32.75 45.0891 0
    endloop
  endfacet
  facet normal 0 0 -1
    outer loop
      vertex -34.75 -41.625 0
      vertex -33.5784 -44.4534 0
      vertex -33.9234 -44.06 0
    endloop
  endfacet
  facet normal 0 0 -1
    outer loop
      vertex -32.75 45.0891 0
      vertex -34.75 41.625 0
      vertex -33.185 44.7984 0
    endloop
  endfacet
  facet normal 0 0 -1
    outer loop
      vertex -34.75 -41.625 0
      vertex -33.9234 -44.06 0
      vertex -34.2141 -43.625 0
    endloop
  endfacet
  facet normal 0 0 -1
    outer loop
      vertex -33.185 44.7984 0
      vertex -34.75 41.625 0
      vertex -33.5784 44.4534 0
    endloop
  endfacet
  facet normal 0 0 -1
    outer loop
      vertex -34.75 -41.625 0
      vertex -34.2141 -43.625 0
      vertex -34.4455 -43.1557 0
    endloop
  endfacet
  facet normal 0 0 -1
    outer loop
      vertex -33.5784 44.4534 0
      vertex -34.75 41.625 0
      vertex -33.9234 44.06 0
    endloop
  endfacet
  facet normal 0 0 -1
    outer loop
      vertex -34.75 -41.625 0
      vertex -34.4455 -43.1557 0
      vertex -34.6137 -42.6603 0
    endloop
  endfacet
  facet normal 0 0 -1
    outer loop
      vertex -33.9234 44.06 0
      vertex -34.75 41.625 0
      vertex -34.2141 43.625 0
    endloop
  endfacet
  facet normal 0 0 -1
    outer loop
      vertex -34.75 -41.625 0
      vertex -34.6137 -42.6603 0
      vertex -34.7158 -42.1471 0
    endloop
  endfacet
  facet normal 0 0 -1
    outer loop
      vertex -34.2141 43.625 0
      vertex -34.75 41.625 0
      vertex -34.4455 43.1557 0
    endloop
  endfacet
  facet normal 0 0 -1
    outer loop
      vertex -34.4455 43.1557 0
      vertex -34.75 41.625 0
      vertex -34.6137 42.6603 0
    endloop
  endfacet
  facet normal 0 0 -1
    outer loop
      vertex -34.6137 42.6603 0
      vertex -34.75 41.625 0
      vertex -34.7158 42.1471 0
    endloop
  endfacet
  facet normal -0.980779 -0.195124 0
    outer loop
      vertex -34.6137 -42.6603 0
      vertex -34.7158 -42.1471 10
      vertex -34.7158 -42.1471 0
    endloop
  endfacet
  facet normal -0.980779 -0.195124 0
    outer loop
      vertex -34.7158 -42.1471 10
      vertex -34.6137 -42.6603 0
      vertex -34.6137 -42.6603 10
    endloop
  endfacet
  facet normal -1 0 0
    outer loop
      vertex -34.75 -41.625 0
      vertex -34.75 41.625 10
      vertex -34.75 41.625 0
    endloop
  endfacet
  facet normal -1 -0 0
    outer loop
      vertex -34.75 41.625 10
      vertex -34.75 -41.625 0
      vertex -34.75 -41.625 10
    endloop
  endfacet
  facet normal 0.997861 0.0653646 0
    outer loop
      vertex 34.75 41.625 10
      vertex 34.7158 42.1471 1.5
      vertex 34.7158 42.1471 10
    endloop
  endfacet
  facet normal 0.997861 0.0653646 0
    outer loop
      vertex 34.7158 42.1471 1.5
      vertex 34.75 41.625 10
      vertex 34.75 41.625 1.5
    endloop
  endfacet
  facet normal -0.997861 -0.0653646 0
    outer loop
      vertex -34.7158 -42.1471 0
      vertex -34.75 -41.625 10
      vertex -34.75 -41.625 0
    endloop
  endfacet
  facet normal -0.997861 -0.0653646 0
    outer loop
      vertex -34.75 -41.625 10
      vertex -34.7158 -42.1471 0
      vertex -34.7158 -42.1471 10
    endloop
  endfacet
  facet normal 0 1 0
    outer loop
      vertex 80.5 45.625 1.5
      vertex 80.5 45.625 0
      vertex 30.75 45.625 1.5
    endloop
  endfacet
  facet normal 0 1 0
    outer loop
      vertex 30.75 45.625 10
      vertex 5.3 45.625 7.5
      vertex -30.75 45.625 10
    endloop
  endfacet
  facet normal 0 1 -0
    outer loop
      vertex 30.75 45.625 1.5
      vertex 5.3 45.625 7.5
      vertex 30.75 45.625 10
    endloop
  endfacet
  facet normal 0 1 0
    outer loop
      vertex -30.75 45.625 0
      vertex 5.3 45.625 2.04
      vertex 30.75 45.625 1.5
    endloop
  endfacet
  facet normal 0 1 0
    outer loop
      vertex 5.3 45.625 7.5
      vertex 30.75 45.625 1.5
      vertex 5.3 45.625 2.04
    endloop
  endfacet
  facet normal 0 1 -0
    outer loop
      vertex -5.3 45.625 7.5
      vertex -30.75 45.625 10
      vertex 5.3 45.625 7.5
    endloop
  endfacet
  facet normal 0 1 0
    outer loop
      vertex -30.75 45.625 0
      vertex -5.3 45.625 7.5
      vertex -5.3 45.625 2.04
    endloop
  endfacet
  facet normal 0 1 0
    outer loop
      vertex -30.75 45.625 0
      vertex 30.75 45.625 1.5
      vertex 80.5 45.625 0
    endloop
  endfacet
  facet normal 0 1 0
    outer loop
      vertex -5.3 45.625 7.5
      vertex -30.75 45.625 0
      vertex -30.75 45.625 10
    endloop
  endfacet
  facet normal 0 1 0
    outer loop
      vertex 5.3 45.625 2.04
      vertex -30.75 45.625 0
      vertex -5.3 45.625 2.04
    endloop
  endfacet
  facet normal 0.831432 -0.555626 0
    outer loop
      vertex 33.9234 -44.06 10
      vertex 34.2141 -43.625 1.5
      vertex 34.2141 -43.625 10
    endloop
  endfacet
  facet normal 0.831432 -0.555626 0
    outer loop
      vertex 34.2141 -43.625 1.5
      vertex 33.9234 -44.06 10
      vertex 33.9234 -44.06 1.5
    endloop
  endfacet
  facet normal 0 0 1
    outer loop
      vertex 31.75 41.625 10
      vertex 34.75 41.625 10
      vertex 34.7158 42.1471 10
    endloop
  endfacet
  facet normal 0 0 1
    outer loop
      vertex 34.75 41.625 10
      vertex 31.75 41.625 10
      vertex 34.75 -41.625 10
    endloop
  endfacet
  facet normal 0 0 1
    outer loop
      vertex 31.7414 41.7555 10
      vertex 34.7158 42.1471 10
      vertex 34.6137 42.6603 10
    endloop
  endfacet
  facet normal 0 0 1
    outer loop
      vertex 31.75 -41.625 10
      vertex 34.75 -41.625 10
      vertex 31.75 41.625 10
    endloop
  endfacet
  facet normal 0 0 1
    outer loop
      vertex 31.7159 41.8838 10
      vertex 34.6137 42.6603 10
      vertex 34.4455 43.1557 10
    endloop
  endfacet
  facet normal 0 0 1
    outer loop
      vertex 34.75 -41.625 10
      vertex 31.75 -41.625 10
      vertex 34.7158 -42.1471 10
    endloop
  endfacet
  facet normal 0 0 1
    outer loop
      vertex 31.6739 42.0077 10
      vertex 34.4455 43.1557 10
      vertex 34.2141 43.625 10
    endloop
  endfacet
  facet normal -0 0 1
    outer loop
      vertex 31.7414 -41.7555 10
      vertex 34.7158 -42.1471 10
      vertex 31.75 -41.625 10
    endloop
  endfacet
  facet normal 0 0 1
    outer loop
      vertex 31.616 42.125 10
      vertex 34.2141 43.625 10
      vertex 33.9234 44.06 10
    endloop
  endfacet
  facet normal 0 0 1
    outer loop
      vertex 34.7158 -42.1471 10
      vertex 31.7414 -41.7555 10
      vertex 34.6137 -42.6603 10
    endloop
  endfacet
  facet normal 0 0 1
    outer loop
      vertex 31.5434 42.2337 10
      vertex 33.9234 44.06 10
      vertex 33.5784 44.4534 10
    endloop
  endfacet
  facet normal -0 0 1
    outer loop
      vertex 31.7159 -41.8838 10
      vertex 34.6137 -42.6603 10
      vertex 31.7414 -41.7555 10
    endloop
  endfacet
  facet normal 0 0 1
    outer loop
      vertex 31.4571 42.3321 10
      vertex 33.5784 44.4534 10
      vertex 33.185 44.7984 10
    endloop
  endfacet
  facet normal 0 0 1
    outer loop
      vertex 34.6137 -42.6603 10
      vertex 31.7159 -41.8838 10
      vertex 34.4455 -43.1557 10
    endloop
  endfacet
  facet normal 0 0 1
    outer loop
      vertex 31.3587 42.4184 10
      vertex 33.185 44.7984 10
      vertex 32.75 45.0891 10
    endloop
  endfacet
  facet normal -0 0 1
    outer loop
      vertex 31.6739 -42.0077 10
      vertex 34.4455 -43.1557 10
      vertex 31.7159 -41.8838 10
    endloop
  endfacet
  facet normal 0 0 1
    outer loop
      vertex 31.25 42.491 10
      vertex 32.75 45.0891 10
      vertex 32.2807 45.3205 10
    endloop
  endfacet
  facet normal 0 0 1
    outer loop
      vertex 34.4455 -43.1557 10
      vertex 31.6739 -42.0077 10
      vertex 34.2141 -43.625 10
    endloop
  endfacet
  facet normal 0 0 1
    outer loop
      vertex 31.1327 42.5489 10
      vertex 32.2807 45.3205 10
      vertex 31.7853 45.4887 10
    endloop
  endfacet
  facet normal -0 0 1
    outer loop
      vertex 31.616 -42.125 10
      vertex 34.2141 -43.625 10
      vertex 31.6739 -42.0077 10
    endloop
  endfacet
  facet normal 0 0 1
    outer loop
      vertex 34.2141 -43.625 10
      vertex 31.616 -42.125 10
      vertex 33.9234 -44.06 10
    endloop
  endfacet
  facet normal 0 0 1
    outer loop
      vertex 34.7158 42.1471 10
      vertex 31.7414 41.7555 10
      vertex 31.75 41.625 10
    endloop
  endfacet
  facet normal 0 0 1
    outer loop
      vertex 34.6137 42.6603 10
      vertex 31.7159 41.8838 10
      vertex 31.7414 41.7555 10
    endloop
  endfacet
  facet normal 0 0 1
    outer loop
      vertex 34.4455 43.1557 10
      vertex 31.6739 42.0077 10
      vertex 31.7159 41.8838 10
    endloop
  endfacet
  facet normal 0 0 1
    outer loop
      vertex 34.2141 43.625 10
      vertex 31.616 42.125 10
      vertex 31.6739 42.0077 10
    endloop
  endfacet
  facet normal 0 0 1
    outer loop
      vertex 33.9234 44.06 10
      vertex 31.5434 42.2337 10
      vertex 31.616 42.125 10
    endloop
  endfacet
  facet normal 0 0 1
    outer loop
      vertex 33.5784 44.4534 10
      vertex 31.4571 42.3321 10
      vertex 31.5434 42.2337 10
    endloop
  endfacet
  facet normal 0 0 1
    outer loop
      vertex 33.185 44.7984 10
      vertex 31.3587 42.4184 10
      vertex 31.4571 42.3321 10
    endloop
  endfacet
  facet normal 0 0 1
    outer loop
      vertex 31.0088 42.5909 10
      vertex 31.7853 45.4887 10
      vertex 31.2721 45.5908 10
    endloop
  endfacet
  facet normal 0 0 1
    outer loop
      vertex 32.75 45.0891 10
      vertex 31.25 42.491 10
      vertex 31.3587 42.4184 10
    endloop
  endfacet
  facet normal 0 0 1
    outer loop
      vertex 32.2807 45.3205 10
      vertex 31.1327 42.5489 10
      vertex 31.25 42.491 10
    endloop
  endfacet
  facet normal 0 0 1
    outer loop
      vertex 31.7853 45.4887 10
      vertex 31.0088 42.5909 10
      vertex 31.1327 42.5489 10
    endloop
  endfacet
  facet normal 0 0 1
    outer loop
      vertex 31.2721 45.5908 10
      vertex 30.8805 42.6164 10
      vertex 31.0088 42.5909 10
    endloop
  endfacet
  facet normal 0 0 1
    outer loop
      vertex 30.75 45.625 10
      vertex 30.8805 42.6164 10
      vertex 31.2721 45.5908 10
    endloop
  endfacet
  facet normal 0 0 1
    outer loop
      vertex 30.75 45.625 10
      vertex 30.75 42.625 10
      vertex 30.8805 42.6164 10
    endloop
  endfacet
  facet normal -0 0 1
    outer loop
      vertex -30.75 45.625 10
      vertex 30.75 42.625 10
      vertex 30.75 45.625 10
    endloop
  endfacet
  facet normal 0 0 1
    outer loop
      vertex -30.75 45.625 10
      vertex -30.75 42.625 10
      vertex 30.75 42.625 10
    endloop
  endfacet
  facet normal 0 0 1
    outer loop
      vertex -30.75 45.625 10
      vertex -30.8805 42.6164 10
      vertex -30.75 42.625 10
    endloop
  endfacet
  facet normal -0 0 1
    outer loop
      vertex -31.2721 45.5908 10
      vertex -30.8805 42.6164 10
      vertex -30.75 45.625 10
    endloop
  endfacet
  facet normal 0 0 1
    outer loop
      vertex -30.8805 42.6164 10
      vertex -31.2721 45.5908 10
      vertex -31.0088 42.5909 10
    endloop
  endfacet
  facet normal -0 0 1
    outer loop
      vertex -31.7853 45.4887 10
      vertex -31.0088 42.5909 10
      vertex -31.2721 45.5908 10
    endloop
  endfacet
  facet normal 0 0 1
    outer loop
      vertex -31.0088 42.5909 10
      vertex -31.7853 45.4887 10
      vertex -31.1327 42.5489 10
    endloop
  endfacet
  facet normal -0 0 1
    outer loop
      vertex -32.2807 45.3205 10
      vertex -31.1327 42.5489 10
      vertex -31.7853 45.4887 10
    endloop
  endfacet
  facet normal 0 0 1
    outer loop
      vertex -31.1327 42.5489 10
      vertex -32.2807 45.3205 10
      vertex -31.25 42.491 10
    endloop
  endfacet
  facet normal -0 0 1
    outer loop
      vertex -32.75 45.0891 10
      vertex -31.25 42.491 10
      vertex -32.2807 45.3205 10
    endloop
  endfacet
  facet normal 0 0 1
    outer loop
      vertex -31.25 42.491 10
      vertex -32.75 45.0891 10
      vertex -31.3587 42.4184 10
    endloop
  endfacet
  facet normal -0 0 1
    outer loop
      vertex -33.185 44.7984 10
      vertex -31.3587 42.4184 10
      vertex -32.75 45.0891 10
    endloop
  endfacet
  facet normal 0 0 1
    outer loop
      vertex -31.3587 42.4184 10
      vertex -33.185 44.7984 10
      vertex -31.4571 42.3321 10
    endloop
  endfacet
  facet normal -0 0 1
    outer loop
      vertex -33.5784 44.4534 10
      vertex -31.4571 42.3321 10
      vertex -33.185 44.7984 10
    endloop
  endfacet
  facet normal 0 0 1
    outer loop
      vertex -31.5434 42.2337 10
      vertex -33.9234 44.06 10
      vertex -31.616 42.125 10
    endloop
  endfacet
  facet normal -0 0 1
    outer loop
      vertex -33.9234 44.06 10
      vertex -31.5434 42.2337 10
      vertex -33.5784 44.4534 10
    endloop
  endfacet
  facet normal 0 0 1
    outer loop
      vertex -31.4571 42.3321 10
      vertex -33.5784 44.4534 10
      vertex -31.5434 42.2337 10
    endloop
  endfacet
  facet normal -0 0 1
    outer loop
      vertex 31.5434 -42.2337 10
      vertex 33.9234 -44.06 10
      vertex 31.616 -42.125 10
    endloop
  endfacet
  facet normal 0 0 1
    outer loop
      vertex 33.9234 -44.06 10
      vertex 31.5434 -42.2337 10
      vertex 33.5784 -44.4534 10
    endloop
  endfacet
  facet normal -0 0 1
    outer loop
      vertex 31.4571 -42.3321 10
      vertex 33.5784 -44.4534 10
      vertex 31.5434 -42.2337 10
    endloop
  endfacet
  facet normal 0 0 1
    outer loop
      vertex 33.5784 -44.4534 10
      vertex 31.4571 -42.3321 10
      vertex 33.185 -44.7984 10
    endloop
  endfacet
  facet normal -0 0 1
    outer loop
      vertex 31.3587 -42.4184 10
      vertex 33.185 -44.7984 10
      vertex 31.4571 -42.3321 10
    endloop
  endfacet
  facet normal 0 0 1
    outer loop
      vertex 33.185 -44.7984 10
      vertex 31.3587 -42.4184 10
      vertex 32.75 -45.0891 10
    endloop
  endfacet
  facet normal -0 0 1
    outer loop
      vertex 31.25 -42.491 10
      vertex 32.75 -45.0891 10
      vertex 31.3587 -42.4184 10
    endloop
  endfacet
  facet normal 0 0 1
    outer loop
      vertex 32.75 -45.0891 10
      vertex 31.25 -42.491 10
      vertex 32.2807 -45.3205 10
    endloop
  endfacet
  facet normal -0 0 1
    outer loop
      vertex 31.1327 -42.5489 10
      vertex 32.2807 -45.3205 10
      vertex 31.25 -42.491 10
    endloop
  endfacet
  facet normal 0 0 1
    outer loop
      vertex 32.2807 -45.3205 10
      vertex 31.1327 -42.5489 10
      vertex 31.7853 -45.4887 10
    endloop
  endfacet
  facet normal -0 0 1
    outer loop
      vertex 31.0088 -42.5909 10
      vertex 31.7853 -45.4887 10
      vertex 31.1327 -42.5489 10
    endloop
  endfacet
  facet normal 0 0 1
    outer loop
      vertex 31.7853 -45.4887 10
      vertex 31.0088 -42.5909 10
      vertex 31.2721 -45.5908 10
    endloop
  endfacet
  facet normal -0 0 1
    outer loop
      vertex 30.8805 -42.6164 10
      vertex 31.2721 -45.5908 10
      vertex 31.0088 -42.5909 10
    endloop
  endfacet
  facet normal -0 0 1
    outer loop
      vertex 30.75 -42.625 10
      vertex 31.2721 -45.5908 10
      vertex 30.8805 -42.6164 10
    endloop
  endfacet
  facet normal 0 0 1
    outer loop
      vertex 30.75 -42.625 10
      vertex 30.75 -45.625 10
      vertex 31.2721 -45.5908 10
    endloop
  endfacet
  facet normal -0 0 1
    outer loop
      vertex -30.75 -42.625 10
      vertex 30.75 -45.625 10
      vertex 30.75 -42.625 10
    endloop
  endfacet
  facet normal 0 0 1
    outer loop
      vertex -30.75 -42.625 10
      vertex -30.75 -45.625 10
      vertex 30.75 -45.625 10
    endloop
  endfacet
  facet normal 0 0 1
    outer loop
      vertex -30.8805 -42.6164 10
      vertex -30.75 -45.625 10
      vertex -30.75 -42.625 10
    endloop
  endfacet
  facet normal 0 0 1
    outer loop
      vertex -31.2721 -45.5908 10
      vertex -30.8805 -42.6164 10
      vertex -31.0088 -42.5909 10
    endloop
  endfacet
  facet normal 0 0 1
    outer loop
      vertex -31.7853 -45.4887 10
      vertex -31.0088 -42.5909 10
      vertex -31.1327 -42.5489 10
    endloop
  endfacet
  facet normal 0 0 1
    outer loop
      vertex -32.2807 -45.3205 10
      vertex -31.1327 -42.5489 10
      vertex -31.25 -42.491 10
    endloop
  endfacet
  facet normal 0 0 1
    outer loop
      vertex -30.8805 -42.6164 10
      vertex -31.2721 -45.5908 10
      vertex -30.75 -45.625 10
    endloop
  endfacet
  facet normal 0 0 1
    outer loop
      vertex -32.75 -45.0891 10
      vertex -31.25 -42.491 10
      vertex -31.3587 -42.4184 10
    endloop
  endfacet
  facet normal 0 0 1
    outer loop
      vertex -33.185 -44.7984 10
      vertex -31.3587 -42.4184 10
      vertex -31.4571 -42.3321 10
    endloop
  endfacet
  facet normal 0 0 1
    outer loop
      vertex -33.5784 -44.4534 10
      vertex -31.4571 -42.3321 10
      vertex -31.5434 -42.2337 10
    endloop
  endfacet
  facet normal 0 0 1
    outer loop
      vertex -33.9234 -44.06 10
      vertex -31.5434 -42.2337 10
      vertex -31.616 -42.125 10
    endloop
  endfacet
  facet normal 0 0 1
    outer loop
      vertex -34.2141 -43.625 10
      vertex -31.616 -42.125 10
      vertex -31.6739 -42.0077 10
    endloop
  endfacet
  facet normal 0 0 1
    outer loop
      vertex -34.4455 -43.1557 10
      vertex -31.6739 -42.0077 10
      vertex -31.7159 -41.8838 10
    endloop
  endfacet
  facet normal 0 0 1
    outer loop
      vertex -34.6137 -42.6603 10
      vertex -31.7159 -41.8838 10
      vertex -31.7414 -41.7555 10
    endloop
  endfacet
  facet normal 0 0 1
    outer loop
      vertex -31.0088 -42.5909 10
      vertex -31.7853 -45.4887 10
      vertex -31.2721 -45.5908 10
    endloop
  endfacet
  facet normal 0 0 1
    outer loop
      vertex -34.7158 -42.1471 10
      vertex -31.7414 -41.7555 10
      vertex -31.75 -41.625 10
    endloop
  endfacet
  facet normal 0 0 1
    outer loop
      vertex -31.75 41.625 10
      vertex -34.75 41.625 10
      vertex -31.75 -41.625 10
    endloop
  endfacet
  facet normal -0 0 1
    outer loop
      vertex -34.2141 43.625 10
      vertex -31.616 42.125 10
      vertex -33.9234 44.06 10
    endloop
  endfacet
  facet normal 0 0 1
    outer loop
      vertex -34.75 -41.625 10
      vertex -31.75 -41.625 10
      vertex -34.75 41.625 10
    endloop
  endfacet
  facet normal 0 0 1
    outer loop
      vertex -31.616 42.125 10
      vertex -34.2141 43.625 10
      vertex -31.6739 42.0077 10
    endloop
  endfacet
  facet normal 0 -0 1
    outer loop
      vertex -34.7158 -42.1471 10
      vertex -31.75 -41.625 10
      vertex -34.75 -41.625 10
    endloop
  endfacet
  facet normal -0 0 1
    outer loop
      vertex -34.4455 43.1557 10
      vertex -31.6739 42.0077 10
      vertex -34.2141 43.625 10
    endloop
  endfacet
  facet normal 0 0 1
    outer loop
      vertex -31.1327 -42.5489 10
      vertex -32.2807 -45.3205 10
      vertex -31.7853 -45.4887 10
    endloop
  endfacet
  facet normal 0 0 1
    outer loop
      vertex -31.6739 42.0077 10
      vertex -34.4455 43.1557 10
      vertex -31.7159 41.8838 10
    endloop
  endfacet
  facet normal 0 0 1
    outer loop
      vertex -31.25 -42.491 10
      vertex -32.75 -45.0891 10
      vertex -32.2807 -45.3205 10
    endloop
  endfacet
  facet normal -0 0 1
    outer loop
      vertex -34.6137 42.6603 10
      vertex -31.7159 41.8838 10
      vertex -34.4455 43.1557 10
    endloop
  endfacet
  facet normal 0 0 1
    outer loop
      vertex -31.3587 -42.4184 10
      vertex -33.185 -44.7984 10
      vertex -32.75 -45.0891 10
    endloop
  endfacet
  facet normal 0 0 1
    outer loop
      vertex -31.7159 41.8838 10
      vertex -34.6137 42.6603 10
      vertex -31.7414 41.7555 10
    endloop
  endfacet
  facet normal 0 0 1
    outer loop
      vertex -31.4571 -42.3321 10
      vertex -33.5784 -44.4534 10
      vertex -33.185 -44.7984 10
    endloop
  endfacet
  facet normal -0 0 1
    outer loop
      vertex -34.7158 42.1471 10
      vertex -31.7414 41.7555 10
      vertex -34.6137 42.6603 10
    endloop
  endfacet
  facet normal 0 0 1
    outer loop
      vertex -31.5434 -42.2337 10
      vertex -33.9234 -44.06 10
      vertex -33.5784 -44.4534 10
    endloop
  endfacet
  facet normal 0 0 1
    outer loop
      vertex -31.7414 41.7555 10
      vertex -34.7158 42.1471 10
      vertex -31.75 41.625 10
    endloop
  endfacet
  facet normal 0 0 1
    outer loop
      vertex -31.616 -42.125 10
      vertex -34.2141 -43.625 10
      vertex -33.9234 -44.06 10
    endloop
  endfacet
  facet normal 0 0 1
    outer loop
      vertex -31.75 41.625 10
      vertex -34.7158 42.1471 10
      vertex -34.75 41.625 10
    endloop
  endfacet
  facet normal 0 0 1
    outer loop
      vertex -31.6739 -42.0077 10
      vertex -34.4455 -43.1557 10
      vertex -34.2141 -43.625 10
    endloop
  endfacet
  facet normal 0 0 1
    outer loop
      vertex -31.7159 -41.8838 10
      vertex -34.6137 -42.6603 10
      vertex -34.4455 -43.1557 10
    endloop
  endfacet
  facet normal 0 0 1
    outer loop
      vertex -31.7414 -41.7555 10
      vertex -34.7158 -42.1471 10
      vertex -34.6137 -42.6603 10
    endloop
  endfacet
  facet normal 1 0 0
    outer loop
      vertex 34.75 41.625 10
      vertex 34.75 15.18 1.5
      vertex 34.75 41.625 1.5
    endloop
  endfacet
  facet normal 1 0 0
    outer loop
      vertex 34.75 15.18 1.5
      vertex 34.75 1.18 1.5
      vertex 34.75 15.18 0
    endloop
  endfacet
  facet normal 1 0 0
    outer loop
      vertex 34.75 41.625 10
      vertex 34.75 1.18 1.5
      vertex 34.75 15.18 1.5
    endloop
  endfacet
  facet normal 1 -0 0
    outer loop
      vertex 34.75 -41.625 10
      vertex 34.75 1.18 1.5
      vertex 34.75 41.625 10
    endloop
  endfacet
  facet normal 1 0 0
    outer loop
      vertex 34.75 -3.87 1.5
      vertex 34.75 -17.87 1.5
      vertex 34.75 -3.87 0
    endloop
  endfacet
  facet normal 1 0 0
    outer loop
      vertex 34.75 1.18 1.5
      vertex 34.75 -41.625 10
      vertex 34.75 -3.87 1.5
    endloop
  endfacet
  facet normal 1 0 0
    outer loop
      vertex 34.75 -3.87 1.5
      vertex 34.75 -41.625 10
      vertex 34.75 -17.87 1.5
    endloop
  endfacet
  facet normal 1 0 0
    outer loop
      vertex 34.75 -22.92 1.5
      vertex 34.75 -36.92 1.5
      vertex 34.75 -22.92 0
    endloop
  endfacet
  facet normal 1 0 0
    outer loop
      vertex 34.75 -17.87 1.5
      vertex 34.75 -41.625 10
      vertex 34.75 -22.92 1.5
    endloop
  endfacet
  facet normal 1 0 0
    outer loop
      vertex 34.75 -22.92 1.5
      vertex 34.75 -41.625 10
      vertex 34.75 -36.92 1.5
    endloop
  endfacet
  facet normal 1 0 0
    outer loop
      vertex 34.75 -36.92 1.5
      vertex 34.75 -41.625 10
      vertex 34.75 -41.625 1.5
    endloop
  endfacet
  facet normal 1 0 0
    outer loop
      vertex 34.75 15.18 0
      vertex 34.75 1.18 1.5
      vertex 34.75 1.18 0
    endloop
  endfacet
  facet normal 1 0 0
    outer loop
      vertex 34.75 -3.87 0
      vertex 34.75 -17.87 1.5
      vertex 34.75 -17.87 0
    endloop
  endfacet
  facet normal 1 0 0
    outer loop
      vertex 34.75 -22.92 0
      vertex 34.75 -36.92 1.5
      vertex 34.75 -36.92 0
    endloop
  endfacet
  facet normal 0 -1 0
    outer loop
      vertex -30.75 -45.625 10
      vertex 30.75 -45.625 1.5
      vertex 30.75 -45.625 10
    endloop
  endfacet
  facet normal 0 -1 0
    outer loop
      vertex -30.75 -45.625 0
      vertex 30.75 -45.625 1.5
      vertex -30.75 -45.625 10
    endloop
  endfacet
  facet normal 0 -1 0
    outer loop
      vertex 80.5 -45.625 0
      vertex 30.75 -45.625 1.5
      vertex -30.75 -45.625 0
    endloop
  endfacet
  facet normal 0 -1 0
    outer loop
      vertex 30.75 -45.625 1.5
      vertex 80.5 -45.625 0
      vertex 80.5 -45.625 1.5
    endloop
  endfacet
  facet normal 0.555626 0.831432 -0
    outer loop
      vertex 33.185 44.7984 1.5
      vertex 32.75 45.0891 10
      vertex 33.185 44.7984 10
    endloop
  endfacet
  facet normal 0.555626 0.831432 0
    outer loop
      vertex 32.75 45.0891 10
      vertex 33.185 44.7984 1.5
      vertex 32.75 45.0891 1.5
    endloop
  endfacet
  facet normal -0.555626 0.831432 0
    outer loop
      vertex -32.75 45.0891 0
      vertex -33.185 44.7984 10
      vertex -32.75 45.0891 10
    endloop
  endfacet
  facet normal -0.555626 0.831432 0
    outer loop
      vertex -33.185 44.7984 10
      vertex -32.75 45.0891 0
      vertex -33.185 44.7984 0
    endloop
  endfacet
  facet normal -0.997861 0.0653646 0
    outer loop
      vertex -34.75 41.625 0
      vertex -34.7158 42.1471 10
      vertex -34.7158 42.1471 0
    endloop
  endfacet
  facet normal -0.997861 0.0653646 0
    outer loop
      vertex -34.7158 42.1471 10
      vertex -34.75 41.625 0
      vertex -34.75 41.625 10
    endloop
  endfacet
  facet normal -0.896898 0.442238 0
    outer loop
      vertex -34.4455 43.1557 0
      vertex -34.2141 43.625 10
      vertex -34.2141 43.625 0
    endloop
  endfacet
  facet normal -0.896898 0.442238 0
    outer loop
      vertex -34.2141 43.625 10
      vertex -34.4455 43.1557 0
      vertex -34.4455 43.1557 10
    endloop
  endfacet
  facet normal 0.997861 -0.0653646 0
    outer loop
      vertex 34.7158 -42.1471 10
      vertex 34.75 -41.625 1.5
      vertex 34.75 -41.625 10
    endloop
  endfacet
  facet normal 0.997861 -0.0653646 0
    outer loop
      vertex 34.75 -41.625 1.5
      vertex 34.7158 -42.1471 10
      vertex 34.7158 -42.1471 1.5
    endloop
  endfacet
  facet normal 0.0653646 0.997861 -0
    outer loop
      vertex 31.2721 45.5908 1.5
      vertex 30.75 45.625 10
      vertex 31.2721 45.5908 10
    endloop
  endfacet
  facet normal 0.0653646 0.997861 0
    outer loop
      vertex 30.75 45.625 10
      vertex 31.2721 45.5908 1.5
      vertex 30.75 45.625 1.5
    endloop
  endfacet
  facet normal -0.751842 0.659343 0
    outer loop
      vertex -33.9234 44.06 0
      vertex -33.5784 44.4534 10
      vertex -33.5784 44.4534 0
    endloop
  endfacet
  facet normal -0.751842 0.659343 0
    outer loop
      vertex -33.5784 44.4534 10
      vertex -33.9234 44.06 0
      vertex -33.9234 44.06 10
    endloop
  endfacet
  facet normal -0.442238 0.896898 0
    outer loop
      vertex -32.2807 45.3205 0
      vertex -32.75 45.0891 10
      vertex -32.2807 45.3205 10
    endloop
  endfacet
  facet normal -0.442238 0.896898 0
    outer loop
      vertex -32.75 45.0891 10
      vertex -32.2807 45.3205 0
      vertex -32.75 45.0891 0
    endloop
  endfacet
  facet normal -0.94691 0.321498 0
    outer loop
      vertex -34.6137 42.6603 0
      vertex -34.4455 43.1557 10
      vertex -34.4455 43.1557 0
    endloop
  endfacet
  facet normal -0.94691 0.321498 0
    outer loop
      vertex -34.4455 43.1557 10
      vertex -34.6137 42.6603 0
      vertex -34.6137 42.6603 10
    endloop
  endfacet
  facet normal -0.980779 0.195124 0
    outer loop
      vertex -34.7158 42.1471 0
      vertex -34.6137 42.6603 10
      vertex -34.6137 42.6603 0
    endloop
  endfacet
  facet normal -0.980779 0.195124 0
    outer loop
      vertex -34.6137 42.6603 10
      vertex -34.7158 42.1471 0
      vertex -34.7158 42.1471 10
    endloop
  endfacet
  facet normal -0.831432 0.555626 0
    outer loop
      vertex -34.2141 43.625 0
      vertex -33.9234 44.06 10
      vertex -33.9234 44.06 0
    endloop
  endfacet
  facet normal -0.831432 0.555626 0
    outer loop
      vertex -33.9234 44.06 10
      vertex -34.2141 43.625 0
      vertex -34.2141 43.625 10
    endloop
  endfacet
  facet normal 0.896898 -0.442238 0
    outer loop
      vertex 34.2141 -43.625 10
      vertex 34.4455 -43.1557 1.5
      vertex 34.4455 -43.1557 10
    endloop
  endfacet
  facet normal 0.896898 -0.442238 0
    outer loop
      vertex 34.4455 -43.1557 1.5
      vertex 34.2141 -43.625 10
      vertex 34.2141 -43.625 1.5
    endloop
  endfacet
  facet normal 0.94691 -0.321498 0
    outer loop
      vertex 34.4455 -43.1557 10
      vertex 34.6137 -42.6603 1.5
      vertex 34.6137 -42.6603 10
    endloop
  endfacet
  facet normal 0.94691 -0.321498 0
    outer loop
      vertex 34.6137 -42.6603 1.5
      vertex 34.4455 -43.1557 10
      vertex 34.4455 -43.1557 1.5
    endloop
  endfacet
  facet normal -0.555626 -0.831432 0
    outer loop
      vertex -33.185 -44.7984 0
      vertex -32.75 -45.0891 10
      vertex -33.185 -44.7984 10
    endloop
  endfacet
  facet normal -0.555626 -0.831432 -0
    outer loop
      vertex -32.75 -45.0891 10
      vertex -33.185 -44.7984 0
      vertex -32.75 -45.0891 0
    endloop
  endfacet
  facet normal -0.831432 -0.555626 0
    outer loop
      vertex -33.9234 -44.06 0
      vertex -34.2141 -43.625 10
      vertex -34.2141 -43.625 0
    endloop
  endfacet
  facet normal -0.831432 -0.555626 0
    outer loop
      vertex -34.2141 -43.625 10
      vertex -33.9234 -44.06 0
      vertex -33.9234 -44.06 10
    endloop
  endfacet
  facet normal -0.94691 -0.321498 0
    outer loop
      vertex -34.4455 -43.1557 0
      vertex -34.6137 -42.6603 10
      vertex -34.6137 -42.6603 0
    endloop
  endfacet
  facet normal -0.94691 -0.321498 0
    outer loop
      vertex -34.6137 -42.6603 10
      vertex -34.4455 -43.1557 0
      vertex -34.4455 -43.1557 10
    endloop
  endfacet
  facet normal 0.555626 -0.831432 0
    outer loop
      vertex 32.75 -45.0891 1.5
      vertex 33.185 -44.7984 10
      vertex 32.75 -45.0891 10
    endloop
  endfacet
  facet normal 0.555626 -0.831432 0
    outer loop
      vertex 33.185 -44.7984 10
      vertex 32.75 -45.0891 1.5
      vertex 33.185 -44.7984 1.5
    endloop
  endfacet
  facet normal 0.980779 0.195124 0
    outer loop
      vertex 34.7158 42.1471 10
      vertex 34.6137 42.6603 1.5
      vertex 34.6137 42.6603 10
    endloop
  endfacet
  facet normal 0.980779 0.195124 0
    outer loop
      vertex 34.6137 42.6603 1.5
      vertex 34.7158 42.1471 10
      vertex 34.7158 42.1471 1.5
    endloop
  endfacet
  facet normal 0.442238 0.896898 -0
    outer loop
      vertex 32.75 45.0891 1.5
      vertex 32.2807 45.3205 10
      vertex 32.75 45.0891 10
    endloop
  endfacet
  facet normal 0.442238 0.896898 0
    outer loop
      vertex 32.2807 45.3205 10
      vertex 32.75 45.0891 1.5
      vertex 32.2807 45.3205 1.5
    endloop
  endfacet
  facet normal 0.94691 0.321498 0
    outer loop
      vertex 34.6137 42.6603 10
      vertex 34.4455 43.1557 1.5
      vertex 34.4455 43.1557 10
    endloop
  endfacet
  facet normal 0.94691 0.321498 0
    outer loop
      vertex 34.4455 43.1557 1.5
      vertex 34.6137 42.6603 10
      vertex 34.6137 42.6603 1.5
    endloop
  endfacet
  facet normal 0.831432 0.555626 0
    outer loop
      vertex 34.2141 43.625 10
      vertex 33.9234 44.06 1.5
      vertex 33.9234 44.06 10
    endloop
  endfacet
  facet normal 0.831432 0.555626 0
    outer loop
      vertex 33.9234 44.06 1.5
      vertex 34.2141 43.625 10
      vertex 34.2141 43.625 1.5
    endloop
  endfacet
  facet normal -0.195124 0.980779 0
    outer loop
      vertex -31.2721 45.5908 0
      vertex -31.7853 45.4887 10
      vertex -31.2721 45.5908 10
    endloop
  endfacet
  facet normal -0.195124 0.980779 0
    outer loop
      vertex -31.7853 45.4887 10
      vertex -31.2721 45.5908 0
      vertex -31.7853 45.4887 0
    endloop
  endfacet
  facet normal -0.0653646 0.997861 0
    outer loop
      vertex -30.75 45.625 0
      vertex -31.2721 45.5908 10
      vertex -30.75 45.625 10
    endloop
  endfacet
  facet normal -0.0653646 0.997861 0
    outer loop
      vertex -31.2721 45.5908 10
      vertex -30.75 45.625 0
      vertex -31.2721 45.5908 0
    endloop
  endfacet
  facet normal -0.659343 0.751842 0
    outer loop
      vertex -33.185 44.7984 0
      vertex -33.5784 44.4534 10
      vertex -33.185 44.7984 10
    endloop
  endfacet
  facet normal -0.659343 0.751842 0
    outer loop
      vertex -33.5784 44.4534 10
      vertex -33.185 44.7984 0
      vertex -33.5784 44.4534 0
    endloop
  endfacet
  facet normal -0.321498 0.94691 0
    outer loop
      vertex -31.7853 45.4887 0
      vertex -32.2807 45.3205 10
      vertex -31.7853 45.4887 10
    endloop
  endfacet
  facet normal -0.321498 0.94691 0
    outer loop
      vertex -32.2807 45.3205 10
      vertex -31.7853 45.4887 0
      vertex -32.2807 45.3205 0
    endloop
  endfacet
  facet normal 0.980779 -0.195124 0
    outer loop
      vertex 34.6137 -42.6603 10
      vertex 34.7158 -42.1471 1.5
      vertex 34.7158 -42.1471 10
    endloop
  endfacet
  facet normal 0.980779 -0.195124 0
    outer loop
      vertex 34.7158 -42.1471 1.5
      vertex 34.6137 -42.6603 10
      vertex 34.6137 -42.6603 1.5
    endloop
  endfacet
  facet normal -0.442238 -0.896898 0
    outer loop
      vertex -32.75 -45.0891 0
      vertex -32.2807 -45.3205 10
      vertex -32.75 -45.0891 10
    endloop
  endfacet
  facet normal -0.442238 -0.896898 -0
    outer loop
      vertex -32.2807 -45.3205 10
      vertex -32.75 -45.0891 0
      vertex -32.2807 -45.3205 0
    endloop
  endfacet
  facet normal -0.321498 -0.94691 0
    outer loop
      vertex -32.2807 -45.3205 0
      vertex -31.7853 -45.4887 10
      vertex -32.2807 -45.3205 10
    endloop
  endfacet
  facet normal -0.321498 -0.94691 -0
    outer loop
      vertex -31.7853 -45.4887 10
      vertex -32.2807 -45.3205 0
      vertex -31.7853 -45.4887 0
    endloop
  endfacet
  facet normal -0.0653646 -0.997861 0
    outer loop
      vertex -31.2721 -45.5908 0
      vertex -30.75 -45.625 10
      vertex -31.2721 -45.5908 10
    endloop
  endfacet
  facet normal -0.0653646 -0.997861 -0
    outer loop
      vertex -30.75 -45.625 10
      vertex -31.2721 -45.5908 0
      vertex -30.75 -45.625 0
    endloop
  endfacet
  facet normal -0.751842 -0.659343 0
    outer loop
      vertex -33.5784 -44.4534 0
      vertex -33.9234 -44.06 10
      vertex -33.9234 -44.06 0
    endloop
  endfacet
  facet normal -0.751842 -0.659343 0
    outer loop
      vertex -33.9234 -44.06 10
      vertex -33.5784 -44.4534 0
      vertex -33.5784 -44.4534 10
    endloop
  endfacet
  facet normal -0.896898 -0.442238 0
    outer loop
      vertex -34.2141 -43.625 0
      vertex -34.4455 -43.1557 10
      vertex -34.4455 -43.1557 0
    endloop
  endfacet
  facet normal -0.896898 -0.442238 0
    outer loop
      vertex -34.4455 -43.1557 10
      vertex -34.2141 -43.625 0
      vertex -34.2141 -43.625 10
    endloop
  endfacet
  facet normal 0.321498 -0.94691 0
    outer loop
      vertex 31.7853 -45.4887 1.5
      vertex 32.2807 -45.3205 10
      vertex 31.7853 -45.4887 10
    endloop
  endfacet
  facet normal 0.321498 -0.94691 0
    outer loop
      vertex 32.2807 -45.3205 10
      vertex 31.7853 -45.4887 1.5
      vertex 32.2807 -45.3205 1.5
    endloop
  endfacet
  facet normal 0.0653646 -0.997861 0
    outer loop
      vertex 30.75 -45.625 1.5
      vertex 31.2721 -45.5908 10
      vertex 30.75 -45.625 10
    endloop
  endfacet
  facet normal 0.0653646 -0.997861 0
    outer loop
      vertex 31.2721 -45.5908 10
      vertex 30.75 -45.625 1.5
      vertex 31.2721 -45.5908 1.5
    endloop
  endfacet
  facet normal 0.659343 -0.751842 0
    outer loop
      vertex 33.185 -44.7984 1.5
      vertex 33.5784 -44.4534 10
      vertex 33.185 -44.7984 10
    endloop
  endfacet
  facet normal 0.659343 -0.751842 0
    outer loop
      vertex 33.5784 -44.4534 10
      vertex 33.185 -44.7984 1.5
      vertex 33.5784 -44.4534 1.5
    endloop
  endfacet
  facet normal 0.751842 -0.659343 0
    outer loop
      vertex 33.5784 -44.4534 10
      vertex 33.9234 -44.06 1.5
      vertex 33.9234 -44.06 10
    endloop
  endfacet
  facet normal 0.751842 -0.659343 0
    outer loop
      vertex 33.9234 -44.06 1.5
      vertex 33.5784 -44.4534 10
      vertex 33.5784 -44.4534 1.5
    endloop
  endfacet
  facet normal 0.195124 0.980779 -0
    outer loop
      vertex 31.7853 45.4887 1.5
      vertex 31.2721 45.5908 10
      vertex 31.7853 45.4887 10
    endloop
  endfacet
  facet normal 0.195124 0.980779 0
    outer loop
      vertex 31.2721 45.5908 10
      vertex 31.7853 45.4887 1.5
      vertex 31.2721 45.5908 1.5
    endloop
  endfacet
  facet normal 0.321498 0.94691 -0
    outer loop
      vertex 32.2807 45.3205 1.5
      vertex 31.7853 45.4887 10
      vertex 32.2807 45.3205 10
    endloop
  endfacet
  facet normal 0.321498 0.94691 0
    outer loop
      vertex 31.7853 45.4887 10
      vertex 32.2807 45.3205 1.5
      vertex 31.7853 45.4887 1.5
    endloop
  endfacet
  facet normal 0.659343 0.751842 -0
    outer loop
      vertex 33.5784 44.4534 1.5
      vertex 33.185 44.7984 10
      vertex 33.5784 44.4534 10
    endloop
  endfacet
  facet normal 0.659343 0.751842 0
    outer loop
      vertex 33.185 44.7984 10
      vertex 33.5784 44.4534 1.5
      vertex 33.185 44.7984 1.5
    endloop
  endfacet
  facet normal 0.896898 0.442238 0
    outer loop
      vertex 34.4455 43.1557 10
      vertex 34.2141 43.625 1.5
      vertex 34.2141 43.625 10
    endloop
  endfacet
  facet normal 0.896898 0.442238 0
    outer loop
      vertex 34.2141 43.625 1.5
      vertex 34.4455 43.1557 10
      vertex 34.4455 43.1557 1.5
    endloop
  endfacet
  facet normal -0.195124 -0.980779 0
    outer loop
      vertex -31.7853 -45.4887 0
      vertex -31.2721 -45.5908 10
      vertex -31.7853 -45.4887 10
    endloop
  endfacet
  facet normal -0.195124 -0.980779 -0
    outer loop
      vertex -31.2721 -45.5908 10
      vertex -31.7853 -45.4887 0
      vertex -31.2721 -45.5908 0
    endloop
  endfacet
  facet normal -0.659343 -0.751842 0
    outer loop
      vertex -33.5784 -44.4534 0
      vertex -33.185 -44.7984 10
      vertex -33.5784 -44.4534 10
    endloop
  endfacet
  facet normal -0.659343 -0.751842 -0
    outer loop
      vertex -33.185 -44.7984 10
      vertex -33.5784 -44.4534 0
      vertex -33.185 -44.7984 0
    endloop
  endfacet
  facet normal 0.442238 -0.896898 0
    outer loop
      vertex 32.2807 -45.3205 1.5
      vertex 32.75 -45.0891 10
      vertex 32.2807 -45.3205 10
    endloop
  endfacet
  facet normal 0.442238 -0.896898 0
    outer loop
      vertex 32.75 -45.0891 10
      vertex 32.2807 -45.3205 1.5
      vertex 32.75 -45.0891 1.5
    endloop
  endfacet
  facet normal 0.195124 -0.980779 0
    outer loop
      vertex 31.2721 -45.5908 1.5
      vertex 31.7853 -45.4887 10
      vertex 31.2721 -45.5908 10
    endloop
  endfacet
  facet normal 0.195124 -0.980779 0
    outer loop
      vertex 31.7853 -45.4887 10
      vertex 31.2721 -45.5908 1.5
      vertex 31.7853 -45.4887 1.5
    endloop
  endfacet
  facet normal 0.751842 0.659343 0
    outer loop
      vertex 33.9234 44.06 10
      vertex 33.5784 44.4534 1.5
      vertex 33.5784 44.4534 10
    endloop
  endfacet
  facet normal 0.751842 0.659343 0
    outer loop
      vertex 33.5784 44.4534 1.5
      vertex 33.9234 44.06 10
      vertex 33.9234 44.06 1.5
    endloop
  endfacet
  facet normal 0 0 1
    outer loop
      vertex -5.3 42.625 2.4
      vertex -30.75 42.625 2.4
      vertex -5.3 41.625 2.4
    endloop
  endfacet
  facet normal 0 0 1
    outer loop
      vertex 30.75 42.625 2.4
      vertex 31.75 41.625 2.4
      vertex 31.7414 41.7555 2.4
    endloop
  endfacet
  facet normal 0 0 1
    outer loop
      vertex 31.75 41.625 2.4
      vertex 5.3 41.625 2.4
      vertex 31.75 -41.625 2.4
    endloop
  endfacet
  facet normal 0 0 1
    outer loop
      vertex 30.75 42.625 2.4
      vertex 31.7414 41.7555 2.4
      vertex 31.7159 41.8838 2.4
    endloop
  endfacet
  facet normal -0 0 1
    outer loop
      vertex -5.3 41.625 2.4
      vertex 31.75 -41.625 2.4
      vertex 5.3 41.625 2.4
    endloop
  endfacet
  facet normal 0 0 1
    outer loop
      vertex 30.75 42.625 2.4
      vertex 31.7159 41.8838 2.4
      vertex 31.6739 42.0077 2.4
    endloop
  endfacet
  facet normal 0 0 1
    outer loop
      vertex 31.75 -41.625 2.4
      vertex 30.75 -42.625 2.4
      vertex 31.7414 -41.7555 2.4
    endloop
  endfacet
  facet normal 0 0 1
    outer loop
      vertex 30.75 42.625 2.4
      vertex 31.6739 42.0077 2.4
      vertex 31.616 42.125 2.4
    endloop
  endfacet
  facet normal 0 0 1
    outer loop
      vertex 31.7414 -41.7555 2.4
      vertex 30.75 -42.625 2.4
      vertex 31.7159 -41.8838 2.4
    endloop
  endfacet
  facet normal 0 0 1
    outer loop
      vertex 30.75 42.625 2.4
      vertex 31.616 42.125 2.4
      vertex 31.5434 42.2337 2.4
    endloop
  endfacet
  facet normal 0 0 1
    outer loop
      vertex 31.7159 -41.8838 2.4
      vertex 30.75 -42.625 2.4
      vertex 31.6739 -42.0077 2.4
    endloop
  endfacet
  facet normal 0 0 1
    outer loop
      vertex 30.75 42.625 2.4
      vertex 31.5434 42.2337 2.4
      vertex 31.4571 42.3321 2.4
    endloop
  endfacet
  facet normal 0 0 1
    outer loop
      vertex 31.6739 -42.0077 2.4
      vertex 30.75 -42.625 2.4
      vertex 31.616 -42.125 2.4
    endloop
  endfacet
  facet normal 0 0 1
    outer loop
      vertex 30.75 42.625 2.4
      vertex 31.4571 42.3321 2.4
      vertex 31.3587 42.4184 2.4
    endloop
  endfacet
  facet normal 0 0 1
    outer loop
      vertex 31.616 -42.125 2.4
      vertex 30.75 -42.625 2.4
      vertex 31.5434 -42.2337 2.4
    endloop
  endfacet
  facet normal 0 0 1
    outer loop
      vertex 30.75 42.625 2.4
      vertex 31.3587 42.4184 2.4
      vertex 31.25 42.491 2.4
    endloop
  endfacet
  facet normal 0 0 1
    outer loop
      vertex 31.75 41.625 2.4
      vertex 30.75 42.625 2.4
      vertex 5.3 41.625 2.4
    endloop
  endfacet
  facet normal 0 0 1
    outer loop
      vertex 30.75 42.625 2.4
      vertex 31.25 42.491 2.4
      vertex 31.1327 42.5489 2.4
    endloop
  endfacet
  facet normal 0 0 1
    outer loop
      vertex 31.5434 -42.2337 2.4
      vertex 30.75 -42.625 2.4
      vertex 31.4571 -42.3321 2.4
    endloop
  endfacet
  facet normal 0 0 1
    outer loop
      vertex 30.75 42.625 2.4
      vertex 31.1327 42.5489 2.4
      vertex 31.0088 42.5909 2.4
    endloop
  endfacet
  facet normal 0 0 1
    outer loop
      vertex 31.3587 -42.4184 2.4
      vertex 30.75 -42.625 2.4
      vertex 31.25 -42.491 2.4
    endloop
  endfacet
  facet normal 0 0 1
    outer loop
      vertex 30.75 42.625 2.4
      vertex 31.0088 42.5909 2.4
      vertex 30.8805 42.6164 2.4
    endloop
  endfacet
  facet normal 0 0 1
    outer loop
      vertex 31.25 -42.491 2.4
      vertex 30.75 -42.625 2.4
      vertex 31.1327 -42.5489 2.4
    endloop
  endfacet
  facet normal 0 0 1
    outer loop
      vertex 31.1327 -42.5489 2.4
      vertex 30.75 -42.625 2.4
      vertex 31.0088 -42.5909 2.4
    endloop
  endfacet
  facet normal 0 0 1
    outer loop
      vertex 31.0088 -42.5909 2.4
      vertex 30.75 -42.625 2.4
      vertex 30.8805 -42.6164 2.4
    endloop
  endfacet
  facet normal 0 0 1
    outer loop
      vertex 5.3 41.625 2.4
      vertex 30.75 42.625 2.4
      vertex 5.3 42.625 2.4
    endloop
  endfacet
  facet normal 0 0 1
    outer loop
      vertex 31.4571 -42.3321 2.4
      vertex 30.75 -42.625 2.4
      vertex 31.3587 -42.4184 2.4
    endloop
  endfacet
  facet normal 0 0 1
    outer loop
      vertex -31.75 -41.625 2.4
      vertex 31.75 -41.625 2.4
      vertex -5.3 41.625 2.4
    endloop
  endfacet
  facet normal 0 0 1
    outer loop
      vertex -31.75 41.625 2.4
      vertex -5.3 41.625 2.4
      vertex -30.75 42.625 2.4
    endloop
  endfacet
  facet normal 0 0 1
    outer loop
      vertex -31.75 -41.625 2.4
      vertex -5.3 41.625 2.4
      vertex -31.75 41.625 2.4
    endloop
  endfacet
  facet normal 0 0 1
    outer loop
      vertex -31.75 41.625 2.4
      vertex -30.75 42.625 2.4
      vertex -30.8805 42.6164 2.4
    endloop
  endfacet
  facet normal 0 0 1
    outer loop
      vertex 31.75 -41.625 2.4
      vertex -31.75 -41.625 2.4
      vertex 30.75 -42.625 2.4
    endloop
  endfacet
  facet normal 0 0 1
    outer loop
      vertex -31.75 41.625 2.4
      vertex -30.8805 42.6164 2.4
      vertex -31.0088 42.5909 2.4
    endloop
  endfacet
  facet normal 0 0 1
    outer loop
      vertex 30.75 -42.625 2.4
      vertex -31.75 -41.625 2.4
      vertex -30.75 -42.625 2.4
    endloop
  endfacet
  facet normal 0 0 1
    outer loop
      vertex -31.75 41.625 2.4
      vertex -31.0088 42.5909 2.4
      vertex -31.1327 42.5489 2.4
    endloop
  endfacet
  facet normal 0 0 1
    outer loop
      vertex -30.75 -42.625 2.4
      vertex -31.75 -41.625 2.4
      vertex -30.8805 -42.6164 2.4
    endloop
  endfacet
  facet normal 0 0 1
    outer loop
      vertex -31.75 41.625 2.4
      vertex -31.1327 42.5489 2.4
      vertex -31.25 42.491 2.4
    endloop
  endfacet
  facet normal 0 0 1
    outer loop
      vertex -30.8805 -42.6164 2.4
      vertex -31.75 -41.625 2.4
      vertex -31.0088 -42.5909 2.4
    endloop
  endfacet
  facet normal 0 0 1
    outer loop
      vertex -31.75 41.625 2.4
      vertex -31.25 42.491 2.4
      vertex -31.3587 42.4184 2.4
    endloop
  endfacet
  facet normal 0 0 1
    outer loop
      vertex -31.0088 -42.5909 2.4
      vertex -31.75 -41.625 2.4
      vertex -31.1327 -42.5489 2.4
    endloop
  endfacet
  facet normal 0 0 1
    outer loop
      vertex -31.75 41.625 2.4
      vertex -31.3587 42.4184 2.4
      vertex -31.4571 42.3321 2.4
    endloop
  endfacet
  facet normal 0 0 1
    outer loop
      vertex -31.1327 -42.5489 2.4
      vertex -31.75 -41.625 2.4
      vertex -31.25 -42.491 2.4
    endloop
  endfacet
  facet normal 0 0 1
    outer loop
      vertex -31.75 41.625 2.4
      vertex -31.4571 42.3321 2.4
      vertex -31.5434 42.2337 2.4
    endloop
  endfacet
  facet normal 0 0 1
    outer loop
      vertex -31.25 -42.491 2.4
      vertex -31.75 -41.625 2.4
      vertex -31.3587 -42.4184 2.4
    endloop
  endfacet
  facet normal 0 0 1
    outer loop
      vertex -31.75 41.625 2.4
      vertex -31.5434 42.2337 2.4
      vertex -31.616 42.125 2.4
    endloop
  endfacet
  facet normal 0 0 1
    outer loop
      vertex -31.3587 -42.4184 2.4
      vertex -31.75 -41.625 2.4
      vertex -31.4571 -42.3321 2.4
    endloop
  endfacet
  facet normal 0 0 1
    outer loop
      vertex -31.75 41.625 2.4
      vertex -31.616 42.125 2.4
      vertex -31.6739 42.0077 2.4
    endloop
  endfacet
  facet normal 0 0 1
    outer loop
      vertex -31.4571 -42.3321 2.4
      vertex -31.75 -41.625 2.4
      vertex -31.5434 -42.2337 2.4
    endloop
  endfacet
  facet normal 0 0 1
    outer loop
      vertex -31.75 41.625 2.4
      vertex -31.6739 42.0077 2.4
      vertex -31.7159 41.8838 2.4
    endloop
  endfacet
  facet normal 0 0 1
    outer loop
      vertex -31.5434 -42.2337 2.4
      vertex -31.75 -41.625 2.4
      vertex -31.616 -42.125 2.4
    endloop
  endfacet
  facet normal 0 0 1
    outer loop
      vertex -31.75 41.625 2.4
      vertex -31.7159 41.8838 2.4
      vertex -31.7414 41.7555 2.4
    endloop
  endfacet
  facet normal 0 0 1
    outer loop
      vertex -31.616 -42.125 2.4
      vertex -31.75 -41.625 2.4
      vertex -31.6739 -42.0077 2.4
    endloop
  endfacet
  facet normal 0 0 1
    outer loop
      vertex -31.6739 -42.0077 2.4
      vertex -31.75 -41.625 2.4
      vertex -31.7159 -41.8838 2.4
    endloop
  endfacet
  facet normal 0 0 1
    outer loop
      vertex -31.7159 -41.8838 2.4
      vertex -31.75 -41.625 2.4
      vertex -31.7414 -41.7555 2.4
    endloop
  endfacet
  facet normal 0.980815 0.19494 0
    outer loop
      vertex -31.7159 -41.8838 10
      vertex -31.7414 -41.7555 2.4
      vertex -31.7414 -41.7555 10
    endloop
  endfacet
  facet normal 0.980815 0.19494 0
    outer loop
      vertex -31.7414 -41.7555 2.4
      vertex -31.7159 -41.8838 10
      vertex -31.7159 -41.8838 2.4
    endloop
  endfacet
  facet normal 1 -0 0
    outer loop
      vertex -31.75 -41.625 10
      vertex -31.75 41.625 2.4
      vertex -31.75 41.625 10
    endloop
  endfacet
  facet normal 1 0 0
    outer loop
      vertex -31.75 41.625 2.4
      vertex -31.75 -41.625 10
      vertex -31.75 -41.625 2.4
    endloop
  endfacet
  facet normal -0.997836 -0.0657577 0
    outer loop
      vertex 31.75 41.625 2.4
      vertex 31.7414 41.7555 10
      vertex 31.7414 41.7555 2.4
    endloop
  endfacet
  facet normal -0.997836 -0.0657577 0
    outer loop
      vertex 31.7414 41.7555 10
      vertex 31.75 41.625 2.4
      vertex 31.75 41.625 10
    endloop
  endfacet
  facet normal 0.997836 0.0657577 0
    outer loop
      vertex -31.7414 -41.7555 10
      vertex -31.75 -41.625 2.4
      vertex -31.75 -41.625 10
    endloop
  endfacet
  facet normal 0.997836 0.0657577 0
    outer loop
      vertex -31.75 -41.625 2.4
      vertex -31.7414 -41.7555 10
      vertex -31.7414 -41.7555 2.4
    endloop
  endfacet
  facet normal -0.751819 0.65937 0
    outer loop
      vertex 31.4571 -42.3321 2.4
      vertex 31.5434 -42.2337 10
      vertex 31.5434 -42.2337 2.4
    endloop
  endfacet
  facet normal -0.751819 0.65937 0
    outer loop
      vertex 31.5434 -42.2337 10
      vertex 31.4571 -42.3321 2.4
      vertex 31.4571 -42.3321 10
    endloop
  endfacet
  facet normal 0.751819 -0.65937 0
    outer loop
      vertex -31.5434 42.2337 10
      vertex -31.4571 42.3321 2.4
      vertex -31.4571 42.3321 10
    endloop
  endfacet
  facet normal 0.751819 -0.65937 0
    outer loop
      vertex -31.4571 42.3321 2.4
      vertex -31.5434 42.2337 10
      vertex -31.5434 42.2337 2.4
    endloop
  endfacet
  facet normal 0.0657577 0.997836 -0
    outer loop
      vertex -30.75 -42.625 2.4
      vertex -30.8805 -42.6164 10
      vertex -30.75 -42.625 10
    endloop
  endfacet
  facet normal 0.0657577 0.997836 0
    outer loop
      vertex -30.8805 -42.6164 10
      vertex -30.75 -42.625 2.4
      vertex -30.8805 -42.6164 2.4
    endloop
  endfacet
  facet normal -0.0657577 -0.997836 0
    outer loop
      vertex 30.75 42.625 2.4
      vertex 30.8805 42.6164 10
      vertex 30.75 42.625 10
    endloop
  endfacet
  facet normal -0.0657577 -0.997836 -0
    outer loop
      vertex 30.8805 42.6164 10
      vertex 30.75 42.625 2.4
      vertex 30.8805 42.6164 2.4
    endloop
  endfacet
  facet normal 0 -1 0
    outer loop
      vertex -30.75 42.625 10
      vertex -5.3 42.625 7.5
      vertex 30.75 42.625 10
    endloop
  endfacet
  facet normal 0 -1 0
    outer loop
      vertex -30.75 42.625 2.4
      vertex -5.3 42.625 7.5
      vertex -30.75 42.625 10
    endloop
  endfacet
  facet normal 0 -1 -0
    outer loop
      vertex -5.3 42.625 7.5
      vertex -30.75 42.625 2.4
      vertex -5.3 42.625 2.4
    endloop
  endfacet
  facet normal 0 -1 0
    outer loop
      vertex 5.3 42.625 7.5
      vertex 30.75 42.625 10
      vertex -5.3 42.625 7.5
    endloop
  endfacet
  facet normal 0 -1 0
    outer loop
      vertex 30.75 42.625 2.4
      vertex 5.3 42.625 7.5
      vertex 5.3 42.625 2.4
    endloop
  endfacet
  facet normal 0 -1 0
    outer loop
      vertex 5.3 42.625 7.5
      vertex 30.75 42.625 2.4
      vertex 30.75 42.625 10
    endloop
  endfacet
  facet normal 0.997836 -0.0657577 0
    outer loop
      vertex -31.75 41.625 10
      vertex -31.7414 41.7555 2.4
      vertex -31.7414 41.7555 10
    endloop
  endfacet
  facet normal 0.997836 -0.0657577 0
    outer loop
      vertex -31.7414 41.7555 2.4
      vertex -31.75 41.625 10
      vertex -31.75 41.625 2.4
    endloop
  endfacet
  facet normal -0.997836 0.0657577 0
    outer loop
      vertex 31.7414 -41.7555 2.4
      vertex 31.75 -41.625 10
      vertex 31.75 -41.625 2.4
    endloop
  endfacet
  facet normal -0.997836 0.0657577 0
    outer loop
      vertex 31.75 -41.625 10
      vertex 31.7414 -41.7555 2.4
      vertex 31.7414 -41.7555 10
    endloop
  endfacet
  facet normal -1 0 0
    outer loop
      vertex 31.75 -41.625 2.4
      vertex 31.75 41.625 10
      vertex 31.75 41.625 2.4
    endloop
  endfacet
  facet normal -1 -0 0
    outer loop
      vertex 31.75 41.625 10
      vertex 31.75 -41.625 2.4
      vertex 31.75 -41.625 10
    endloop
  endfacet
  facet normal 0 1 -0
    outer loop
      vertex 30.75 -42.625 2.4
      vertex -30.75 -42.625 10
      vertex 30.75 -42.625 10
    endloop
  endfacet
  facet normal 0 1 0
    outer loop
      vertex -30.75 -42.625 10
      vertex 30.75 -42.625 2.4
      vertex -30.75 -42.625 2.4
    endloop
  endfacet
  facet normal 0.65937 0.751819 -0
    outer loop
      vertex -31.3587 -42.4184 2.4
      vertex -31.4571 -42.3321 10
      vertex -31.3587 -42.4184 10
    endloop
  endfacet
  facet normal 0.65937 0.751819 0
    outer loop
      vertex -31.4571 -42.3321 10
      vertex -31.3587 -42.4184 2.4
      vertex -31.4571 -42.3321 2.4
    endloop
  endfacet
  facet normal -0.65937 -0.751819 0
    outer loop
      vertex 31.3587 42.4184 2.4
      vertex 31.4571 42.3321 10
      vertex 31.3587 42.4184 10
    endloop
  endfacet
  facet normal -0.65937 -0.751819 -0
    outer loop
      vertex 31.4571 42.3321 10
      vertex 31.3587 42.4184 2.4
      vertex 31.4571 42.3321 2.4
    endloop
  endfacet
  facet normal 0.896709 -0.442621 0
    outer loop
      vertex -31.6739 42.0077 10
      vertex -31.616 42.125 2.4
      vertex -31.616 42.125 10
    endloop
  endfacet
  facet normal 0.896709 -0.442621 0
    outer loop
      vertex -31.616 42.125 2.4
      vertex -31.6739 42.0077 10
      vertex -31.6739 42.0077 2.4
    endloop
  endfacet
  facet normal 0.831579 -0.555406 0
    outer loop
      vertex -31.616 42.125 10
      vertex -31.5434 42.2337 2.4
      vertex -31.5434 42.2337 10
    endloop
  endfacet
  facet normal 0.831579 -0.555406 0
    outer loop
      vertex -31.5434 42.2337 2.4
      vertex -31.616 42.125 10
      vertex -31.616 42.125 2.4
    endloop
  endfacet
  facet normal -0.831579 0.555406 0
    outer loop
      vertex 31.5434 -42.2337 2.4
      vertex 31.616 -42.125 10
      vertex 31.616 -42.125 2.4
    endloop
  endfacet
  facet normal -0.831579 0.555406 0
    outer loop
      vertex 31.616 -42.125 10
      vertex 31.5434 -42.2337 2.4
      vertex 31.5434 -42.2337 10
    endloop
  endfacet
  facet normal -0.896709 -0.442621 0
    outer loop
      vertex 31.6739 42.0077 2.4
      vertex 31.616 42.125 10
      vertex 31.616 42.125 2.4
    endloop
  endfacet
  facet normal -0.896709 -0.442621 0
    outer loop
      vertex 31.616 42.125 10
      vertex 31.6739 42.0077 2.4
      vertex 31.6739 42.0077 10
    endloop
  endfacet
  facet normal -0.831579 -0.555406 0
    outer loop
      vertex 31.616 42.125 2.4
      vertex 31.5434 42.2337 10
      vertex 31.5434 42.2337 2.4
    endloop
  endfacet
  facet normal -0.831579 -0.555406 0
    outer loop
      vertex 31.5434 42.2337 10
      vertex 31.616 42.125 2.4
      vertex 31.616 42.125 10
    endloop
  endfacet
  facet normal -0.442621 -0.896709 0
    outer loop
      vertex 31.1327 42.5489 2.4
      vertex 31.25 42.491 10
      vertex 31.1327 42.5489 10
    endloop
  endfacet
  facet normal -0.442621 -0.896709 -0
    outer loop
      vertex 31.25 42.491 10
      vertex 31.1327 42.5489 2.4
      vertex 31.25 42.491 2.4
    endloop
  endfacet
  facet normal -0.555406 -0.831579 0
    outer loop
      vertex 31.25 42.491 2.4
      vertex 31.3587 42.4184 10
      vertex 31.25 42.491 10
    endloop
  endfacet
  facet normal -0.555406 -0.831579 -0
    outer loop
      vertex 31.3587 42.4184 10
      vertex 31.25 42.491 2.4
      vertex 31.3587 42.4184 2.4
    endloop
  endfacet
  facet normal 0.321039 -0.947066 0
    outer loop
      vertex -31.1327 42.5489 2.4
      vertex -31.0088 42.5909 10
      vertex -31.1327 42.5489 10
    endloop
  endfacet
  facet normal 0.321039 -0.947066 0
    outer loop
      vertex -31.0088 42.5909 10
      vertex -31.1327 42.5489 2.4
      vertex -31.0088 42.5909 2.4
    endloop
  endfacet
  facet normal 0.0657577 -0.997836 0
    outer loop
      vertex -30.8805 42.6164 2.4
      vertex -30.75 42.625 10
      vertex -30.8805 42.6164 10
    endloop
  endfacet
  facet normal 0.0657577 -0.997836 0
    outer loop
      vertex -30.75 42.625 10
      vertex -30.8805 42.6164 2.4
      vertex -30.75 42.625 2.4
    endloop
  endfacet
  facet normal 0.980815 -0.19494 0
    outer loop
      vertex -31.7414 41.7555 10
      vertex -31.7159 41.8838 2.4
      vertex -31.7159 41.8838 10
    endloop
  endfacet
  facet normal 0.980815 -0.19494 0
    outer loop
      vertex -31.7159 41.8838 2.4
      vertex -31.7414 41.7555 10
      vertex -31.7414 41.7555 2.4
    endloop
  endfacet
  facet normal 0.947066 -0.321039 0
    outer loop
      vertex -31.7159 41.8838 10
      vertex -31.6739 42.0077 2.4
      vertex -31.6739 42.0077 10
    endloop
  endfacet
  facet normal 0.947066 -0.321039 0
    outer loop
      vertex -31.6739 42.0077 2.4
      vertex -31.7159 41.8838 10
      vertex -31.7159 41.8838 2.4
    endloop
  endfacet
  facet normal -0.896709 0.442621 0
    outer loop
      vertex 31.616 -42.125 2.4
      vertex 31.6739 -42.0077 10
      vertex 31.6739 -42.0077 2.4
    endloop
  endfacet
  facet normal -0.896709 0.442621 0
    outer loop
      vertex 31.6739 -42.0077 10
      vertex 31.616 -42.125 2.4
      vertex 31.616 -42.125 10
    endloop
  endfacet
  facet normal -0.947066 0.321039 0
    outer loop
      vertex 31.6739 -42.0077 2.4
      vertex 31.7159 -41.8838 10
      vertex 31.7159 -41.8838 2.4
    endloop
  endfacet
  facet normal -0.947066 0.321039 0
    outer loop
      vertex 31.7159 -41.8838 10
      vertex 31.6739 -42.0077 2.4
      vertex 31.6739 -42.0077 10
    endloop
  endfacet
  facet normal -0.0657577 0.997836 0
    outer loop
      vertex 30.8805 -42.6164 2.4
      vertex 30.75 -42.625 10
      vertex 30.8805 -42.6164 10
    endloop
  endfacet
  facet normal -0.0657577 0.997836 0
    outer loop
      vertex 30.75 -42.625 10
      vertex 30.8805 -42.6164 2.4
      vertex 30.75 -42.625 2.4
    endloop
  endfacet
  facet normal 0.555406 0.831579 -0
    outer loop
      vertex -31.25 -42.491 2.4
      vertex -31.3587 -42.4184 10
      vertex -31.25 -42.491 10
    endloop
  endfacet
  facet normal 0.555406 0.831579 0
    outer loop
      vertex -31.3587 -42.4184 10
      vertex -31.25 -42.491 2.4
      vertex -31.3587 -42.4184 2.4
    endloop
  endfacet
  facet normal 0.831579 0.555406 0
    outer loop
      vertex -31.5434 -42.2337 10
      vertex -31.616 -42.125 2.4
      vertex -31.616 -42.125 10
    endloop
  endfacet
  facet normal 0.831579 0.555406 0
    outer loop
      vertex -31.616 -42.125 2.4
      vertex -31.5434 -42.2337 10
      vertex -31.5434 -42.2337 2.4
    endloop
  endfacet
  facet normal 0.947066 0.321039 0
    outer loop
      vertex -31.6739 -42.0077 10
      vertex -31.7159 -41.8838 2.4
      vertex -31.7159 -41.8838 10
    endloop
  endfacet
  facet normal 0.947066 0.321039 0
    outer loop
      vertex -31.7159 -41.8838 2.4
      vertex -31.6739 -42.0077 10
      vertex -31.6739 -42.0077 2.4
    endloop
  endfacet
  facet normal -0.947066 -0.321039 0
    outer loop
      vertex 31.7159 41.8838 2.4
      vertex 31.6739 42.0077 10
      vertex 31.6739 42.0077 2.4
    endloop
  endfacet
  facet normal -0.947066 -0.321039 0
    outer loop
      vertex 31.6739 42.0077 10
      vertex 31.7159 41.8838 2.4
      vertex 31.7159 41.8838 10
    endloop
  endfacet
  facet normal -0.980815 -0.19494 0
    outer loop
      vertex 31.7414 41.7555 2.4
      vertex 31.7159 41.8838 10
      vertex 31.7159 41.8838 2.4
    endloop
  endfacet
  facet normal -0.980815 -0.19494 0
    outer loop
      vertex 31.7159 41.8838 10
      vertex 31.7414 41.7555 2.4
      vertex 31.7414 41.7555 10
    endloop
  endfacet
  facet normal -0.751819 -0.65937 0
    outer loop
      vertex 31.5434 42.2337 2.4
      vertex 31.4571 42.3321 10
      vertex 31.4571 42.3321 2.4
    endloop
  endfacet
  facet normal -0.751819 -0.65937 0
    outer loop
      vertex 31.4571 42.3321 10
      vertex 31.5434 42.2337 2.4
      vertex 31.5434 42.2337 10
    endloop
  endfacet
  facet normal -0.321039 -0.947066 0
    outer loop
      vertex 31.0088 42.5909 2.4
      vertex 31.1327 42.5489 10
      vertex 31.0088 42.5909 10
    endloop
  endfacet
  facet normal -0.321039 -0.947066 -0
    outer loop
      vertex 31.1327 42.5489 10
      vertex 31.0088 42.5909 2.4
      vertex 31.1327 42.5489 2.4
    endloop
  endfacet
  facet normal -0.19494 -0.980815 0
    outer loop
      vertex 30.8805 42.6164 2.4
      vertex 31.0088 42.5909 10
      vertex 30.8805 42.6164 10
    endloop
  endfacet
  facet normal -0.19494 -0.980815 -0
    outer loop
      vertex 31.0088 42.5909 10
      vertex 30.8805 42.6164 2.4
      vertex 31.0088 42.5909 2.4
    endloop
  endfacet
  facet normal 0.555406 -0.831579 0
    outer loop
      vertex -31.3587 42.4184 2.4
      vertex -31.25 42.491 10
      vertex -31.3587 42.4184 10
    endloop
  endfacet
  facet normal 0.555406 -0.831579 0
    outer loop
      vertex -31.25 42.491 10
      vertex -31.3587 42.4184 2.4
      vertex -31.25 42.491 2.4
    endloop
  endfacet
  facet normal 0.19494 -0.980815 0
    outer loop
      vertex -31.0088 42.5909 2.4
      vertex -30.8805 42.6164 10
      vertex -31.0088 42.5909 10
    endloop
  endfacet
  facet normal 0.19494 -0.980815 0
    outer loop
      vertex -30.8805 42.6164 10
      vertex -31.0088 42.5909 2.4
      vertex -30.8805 42.6164 2.4
    endloop
  endfacet
  facet normal 0.442621 -0.896709 0
    outer loop
      vertex -31.25 42.491 2.4
      vertex -31.1327 42.5489 10
      vertex -31.25 42.491 10
    endloop
  endfacet
  facet normal 0.442621 -0.896709 0
    outer loop
      vertex -31.1327 42.5489 10
      vertex -31.25 42.491 2.4
      vertex -31.1327 42.5489 2.4
    endloop
  endfacet
  facet normal 0.65937 -0.751819 0
    outer loop
      vertex -31.4571 42.3321 2.4
      vertex -31.3587 42.4184 10
      vertex -31.4571 42.3321 10
    endloop
  endfacet
  facet normal 0.65937 -0.751819 0
    outer loop
      vertex -31.3587 42.4184 10
      vertex -31.4571 42.3321 2.4
      vertex -31.3587 42.4184 2.4
    endloop
  endfacet
  facet normal -0.980815 0.19494 0
    outer loop
      vertex 31.7159 -41.8838 2.4
      vertex 31.7414 -41.7555 10
      vertex 31.7414 -41.7555 2.4
    endloop
  endfacet
  facet normal -0.980815 0.19494 0
    outer loop
      vertex 31.7414 -41.7555 10
      vertex 31.7159 -41.8838 2.4
      vertex 31.7159 -41.8838 10
    endloop
  endfacet
  facet normal -0.19494 0.980815 0
    outer loop
      vertex 31.0088 -42.5909 2.4
      vertex 30.8805 -42.6164 10
      vertex 31.0088 -42.5909 10
    endloop
  endfacet
  facet normal -0.19494 0.980815 0
    outer loop
      vertex 30.8805 -42.6164 10
      vertex 31.0088 -42.5909 2.4
      vertex 30.8805 -42.6164 2.4
    endloop
  endfacet
  facet normal -0.442621 0.896709 0
    outer loop
      vertex 31.25 -42.491 2.4
      vertex 31.1327 -42.5489 10
      vertex 31.25 -42.491 10
    endloop
  endfacet
  facet normal -0.442621 0.896709 0
    outer loop
      vertex 31.1327 -42.5489 10
      vertex 31.25 -42.491 2.4
      vertex 31.1327 -42.5489 2.4
    endloop
  endfacet
  facet normal -0.65937 0.751819 0
    outer loop
      vertex 31.4571 -42.3321 2.4
      vertex 31.3587 -42.4184 10
      vertex 31.4571 -42.3321 10
    endloop
  endfacet
  facet normal -0.65937 0.751819 0
    outer loop
      vertex 31.3587 -42.4184 10
      vertex 31.4571 -42.3321 2.4
      vertex 31.3587 -42.4184 2.4
    endloop
  endfacet
  facet normal 0.442621 0.896709 -0
    outer loop
      vertex -31.1327 -42.5489 2.4
      vertex -31.25 -42.491 10
      vertex -31.1327 -42.5489 10
    endloop
  endfacet
  facet normal 0.442621 0.896709 0
    outer loop
      vertex -31.25 -42.491 10
      vertex -31.1327 -42.5489 2.4
      vertex -31.25 -42.491 2.4
    endloop
  endfacet
  facet normal 0.321039 0.947066 -0
    outer loop
      vertex -31.0088 -42.5909 2.4
      vertex -31.1327 -42.5489 10
      vertex -31.0088 -42.5909 10
    endloop
  endfacet
  facet normal 0.321039 0.947066 0
    outer loop
      vertex -31.1327 -42.5489 10
      vertex -31.0088 -42.5909 2.4
      vertex -31.1327 -42.5489 2.4
    endloop
  endfacet
  facet normal 0.751819 0.65937 0
    outer loop
      vertex -31.4571 -42.3321 10
      vertex -31.5434 -42.2337 2.4
      vertex -31.5434 -42.2337 10
    endloop
  endfacet
  facet normal 0.751819 0.65937 0
    outer loop
      vertex -31.5434 -42.2337 2.4
      vertex -31.4571 -42.3321 10
      vertex -31.4571 -42.3321 2.4
    endloop
  endfacet
  facet normal 0.896709 0.442621 0
    outer loop
      vertex -31.616 -42.125 10
      vertex -31.6739 -42.0077 2.4
      vertex -31.6739 -42.0077 10
    endloop
  endfacet
  facet normal 0.896709 0.442621 0
    outer loop
      vertex -31.6739 -42.0077 2.4
      vertex -31.616 -42.125 10
      vertex -31.616 -42.125 2.4
    endloop
  endfacet
  facet normal -0.321039 0.947066 0
    outer loop
      vertex 31.1327 -42.5489 2.4
      vertex 31.0088 -42.5909 10
      vertex 31.1327 -42.5489 10
    endloop
  endfacet
  facet normal -0.321039 0.947066 0
    outer loop
      vertex 31.0088 -42.5909 10
      vertex 31.1327 -42.5489 2.4
      vertex 31.0088 -42.5909 2.4
    endloop
  endfacet
  facet normal -0.555406 0.831579 0
    outer loop
      vertex 31.3587 -42.4184 2.4
      vertex 31.25 -42.491 10
      vertex 31.3587 -42.4184 10
    endloop
  endfacet
  facet normal -0.555406 0.831579 0
    outer loop
      vertex 31.25 -42.491 10
      vertex 31.3587 -42.4184 2.4
      vertex 31.25 -42.491 2.4
    endloop
  endfacet
  facet normal 0.19494 0.980815 -0
    outer loop
      vertex -30.8805 -42.6164 2.4
      vertex -31.0088 -42.5909 10
      vertex -30.8805 -42.6164 10
    endloop
  endfacet
  facet normal 0.19494 0.980815 0
    outer loop
      vertex -31.0088 -42.5909 10
      vertex -30.8805 -42.6164 2.4
      vertex -31.0088 -42.5909 2.4
    endloop
  endfacet
  facet normal 0.997859 0.0654055 0
    outer loop
      vertex -23.05 -37.52 7.4
      vertex -23.0808 -37.0501 2.4
      vertex -23.0808 -37.0501 7.4
    endloop
  endfacet
  facet normal 0.997859 0.0654055 0
    outer loop
      vertex -23.0808 -37.0501 2.4
      vertex -23.05 -37.52 7.4
      vertex -23.05 -37.52 2.4
    endloop
  endfacet
  facet normal -0.997859 0.0654055 0
    outer loop
      vertex -30.25 -37.52 2.4
      vertex -30.2192 -37.0501 7.4
      vertex -30.2192 -37.0501 2.4
    endloop
  endfacet
  facet normal -0.997859 0.0654055 0
    outer loop
      vertex -30.2192 -37.0501 7.4
      vertex -30.25 -37.52 2.4
      vertex -30.25 -37.52 7.4
    endloop
  endfacet
  facet normal -0.0654055 0.997859 0
    outer loop
      vertex -26.65 -33.92 2.4
      vertex -27.1199 -33.9508 7.4
      vertex -26.65 -33.92 7.4
    endloop
  endfacet
  facet normal -0.0654055 0.997859 0
    outer loop
      vertex -27.1199 -33.9508 7.4
      vertex -26.65 -33.92 2.4
      vertex -27.1199 -33.9508 2.4
    endloop
  endfacet
  facet normal 0.0654055 -0.997859 0
    outer loop
      vertex -26.65 -41.12 2.4
      vertex -26.1801 -41.0892 7.4
      vertex -26.65 -41.12 7.4
    endloop
  endfacet
  facet normal 0.0654055 -0.997859 0
    outer loop
      vertex -26.1801 -41.0892 7.4
      vertex -26.65 -41.12 2.4
      vertex -26.1801 -41.0892 2.4
    endloop
  endfacet
  facet normal 0.659301 0.751879 -0
    outer loop
      vertex -24.1044 -34.9744 2.4
      vertex -24.4585 -34.6639 7.4
      vertex -24.1044 -34.9744 7.4
    endloop
  endfacet
  facet normal 0.659301 0.751879 0
    outer loop
      vertex -24.4585 -34.6639 7.4
      vertex -24.1044 -34.9744 2.4
      vertex -24.4585 -34.6639 2.4
    endloop
  endfacet
  facet normal -0.751879 0.659301 0
    outer loop
      vertex -29.5061 -35.3285 2.4
      vertex -29.1956 -34.9744 7.4
      vertex -29.1956 -34.9744 2.4
    endloop
  endfacet
  facet normal -0.751879 0.659301 0
    outer loop
      vertex -29.1956 -34.9744 7.4
      vertex -29.5061 -35.3285 2.4
      vertex -29.5061 -35.3285 7.4
    endloop
  endfacet
  facet normal -0.442365 0.896835 0
    outer loop
      vertex -28.0277 -34.194 2.4
      vertex -28.45 -34.4023 7.4
      vertex -28.0277 -34.194 7.4
    endloop
  endfacet
  facet normal -0.442365 0.896835 0
    outer loop
      vertex -28.45 -34.4023 7.4
      vertex -28.0277 -34.194 2.4
      vertex -28.45 -34.4023 2.4
    endloop
  endfacet
  facet normal 0.896835 0.442365 0
    outer loop
      vertex -23.324 -36.1423 7.4
      vertex -23.5323 -35.72 2.4
      vertex -23.5323 -35.72 7.4
    endloop
  endfacet
  facet normal 0.896835 0.442365 0
    outer loop
      vertex -23.5323 -35.72 2.4
      vertex -23.324 -36.1423 7.4
      vertex -23.324 -36.1423 2.4
    endloop
  endfacet
  facet normal 0.831462 0.555582 0
    outer loop
      vertex -23.5323 -35.72 7.4
      vertex -23.7939 -35.3285 2.4
      vertex -23.7939 -35.3285 7.4
    endloop
  endfacet
  facet normal 0.831462 0.555582 0
    outer loop
      vertex -23.7939 -35.3285 2.4
      vertex -23.5323 -35.72 7.4
      vertex -23.5323 -35.72 2.4
    endloop
  endfacet
  facet normal 0.321256 0.946993 -0
    outer loop
      vertex -25.2723 -34.194 2.4
      vertex -25.7183 -34.0427 7.4
      vertex -25.2723 -34.194 7.4
    endloop
  endfacet
  facet normal 0.321256 0.946993 0
    outer loop
      vertex -25.7183 -34.0427 7.4
      vertex -25.2723 -34.194 2.4
      vertex -25.7183 -34.0427 2.4
    endloop
  endfacet
  facet normal 0.195177 0.980768 -0
    outer loop
      vertex -25.7183 -34.0427 2.4
      vertex -26.1801 -33.9508 7.4
      vertex -25.7183 -34.0427 7.4
    endloop
  endfacet
  facet normal 0.195177 0.980768 0
    outer loop
      vertex -26.1801 -33.9508 7.4
      vertex -25.7183 -34.0427 2.4
      vertex -26.1801 -33.9508 2.4
    endloop
  endfacet
  facet normal 0.442365 0.896835 -0
    outer loop
      vertex -24.85 -34.4023 2.4
      vertex -25.2723 -34.194 7.4
      vertex -24.85 -34.4023 7.4
    endloop
  endfacet
  facet normal 0.442365 0.896835 0
    outer loop
      vertex -25.2723 -34.194 7.4
      vertex -24.85 -34.4023 2.4
      vertex -25.2723 -34.194 2.4
    endloop
  endfacet
  facet normal -0.896835 0.442365 0
    outer loop
      vertex -29.976 -36.1423 2.4
      vertex -29.7677 -35.72 7.4
      vertex -29.7677 -35.72 2.4
    endloop
  endfacet
  facet normal -0.896835 0.442365 0
    outer loop
      vertex -29.7677 -35.72 7.4
      vertex -29.976 -36.1423 2.4
      vertex -29.976 -36.1423 7.4
    endloop
  endfacet
  facet normal -0.831462 0.555582 0
    outer loop
      vertex -29.7677 -35.72 2.4
      vertex -29.5061 -35.3285 7.4
      vertex -29.5061 -35.3285 2.4
    endloop
  endfacet
  facet normal -0.831462 0.555582 0
    outer loop
      vertex -29.5061 -35.3285 7.4
      vertex -29.7677 -35.72 2.4
      vertex -29.7677 -35.72 7.4
    endloop
  endfacet
  facet normal 0 0 1
    outer loop
      vertex -25.45 -37.52 7.4
      vertex -23.05 -37.52 7.4
      vertex -23.0808 -37.0501 7.4
    endloop
  endfacet
  facet normal 0 0 1
    outer loop
      vertex -25.4603 -37.3634 7.4
      vertex -23.0808 -37.0501 7.4
      vertex -23.1727 -36.5883 7.4
    endloop
  endfacet
  facet normal 0 0 1
    outer loop
      vertex -23.05 -37.52 7.4
      vertex -25.45 -37.52 7.4
      vertex -23.0808 -37.9899 7.4
    endloop
  endfacet
  facet normal 0 0 1
    outer loop
      vertex -25.4909 -37.2094 7.4
      vertex -23.1727 -36.5883 7.4
      vertex -23.324 -36.1423 7.4
    endloop
  endfacet
  facet normal -0 0 1
    outer loop
      vertex -25.4603 -37.6766 7.4
      vertex -23.0808 -37.9899 7.4
      vertex -25.45 -37.52 7.4
    endloop
  endfacet
  facet normal 0 0 1
    outer loop
      vertex -25.5413 -37.0608 7.4
      vertex -23.324 -36.1423 7.4
      vertex -23.5323 -35.72 7.4
    endloop
  endfacet
  facet normal 0 0 1
    outer loop
      vertex -23.0808 -37.9899 7.4
      vertex -25.4603 -37.6766 7.4
      vertex -23.1727 -38.4517 7.4
    endloop
  endfacet
  facet normal 0 0 1
    outer loop
      vertex -25.6108 -36.92 7.4
      vertex -23.5323 -35.72 7.4
      vertex -23.7939 -35.3285 7.4
    endloop
  endfacet
  facet normal -0 0 1
    outer loop
      vertex -25.4909 -37.8306 7.4
      vertex -23.1727 -38.4517 7.4
      vertex -25.4603 -37.6766 7.4
    endloop
  endfacet
  facet normal 0 0 1
    outer loop
      vertex -25.698 -36.7895 7.4
      vertex -23.7939 -35.3285 7.4
      vertex -24.1044 -34.9744 7.4
    endloop
  endfacet
  facet normal 0 0 1
    outer loop
      vertex -23.1727 -38.4517 7.4
      vertex -25.4909 -37.8306 7.4
      vertex -23.324 -38.8977 7.4
    endloop
  endfacet
  facet normal 0 0 1
    outer loop
      vertex -25.8015 -36.6715 7.4
      vertex -24.1044 -34.9744 7.4
      vertex -24.4585 -34.6639 7.4
    endloop
  endfacet
  facet normal -0 0 1
    outer loop
      vertex -25.5413 -37.9792 7.4
      vertex -23.324 -38.8977 7.4
      vertex -25.4909 -37.8306 7.4
    endloop
  endfacet
  facet normal 0 0 1
    outer loop
      vertex -25.9195 -36.568 7.4
      vertex -24.4585 -34.6639 7.4
      vertex -24.85 -34.4023 7.4
    endloop
  endfacet
  facet normal 0 0 1
    outer loop
      vertex -23.324 -38.8977 7.4
      vertex -25.5413 -37.9792 7.4
      vertex -23.5323 -39.32 7.4
    endloop
  endfacet
  facet normal 0 0 1
    outer loop
      vertex -26.05 -36.4808 7.4
      vertex -24.85 -34.4023 7.4
      vertex -25.2723 -34.194 7.4
    endloop
  endfacet
  facet normal -0 0 1
    outer loop
      vertex -25.6108 -38.12 7.4
      vertex -23.5323 -39.32 7.4
      vertex -25.5413 -37.9792 7.4
    endloop
  endfacet
  facet normal 0 0 1
    outer loop
      vertex -23.5323 -39.32 7.4
      vertex -25.6108 -38.12 7.4
      vertex -23.7939 -39.7115 7.4
    endloop
  endfacet
  facet normal 0 0 1
    outer loop
      vertex -23.0808 -37.0501 7.4
      vertex -25.4603 -37.3634 7.4
      vertex -25.45 -37.52 7.4
    endloop
  endfacet
  facet normal 0 0 1
    outer loop
      vertex -23.1727 -36.5883 7.4
      vertex -25.4909 -37.2094 7.4
      vertex -25.4603 -37.3634 7.4
    endloop
  endfacet
  facet normal 0 0 1
    outer loop
      vertex -23.324 -36.1423 7.4
      vertex -25.5413 -37.0608 7.4
      vertex -25.4909 -37.2094 7.4
    endloop
  endfacet
  facet normal 0 0 1
    outer loop
      vertex -23.5323 -35.72 7.4
      vertex -25.6108 -36.92 7.4
      vertex -25.5413 -37.0608 7.4
    endloop
  endfacet
  facet normal 0 0 1
    outer loop
      vertex -23.7939 -35.3285 7.4
      vertex -25.698 -36.7895 7.4
      vertex -25.6108 -36.92 7.4
    endloop
  endfacet
  facet normal 0 0 1
    outer loop
      vertex -26.1908 -36.4113 7.4
      vertex -25.2723 -34.194 7.4
      vertex -25.7183 -34.0427 7.4
    endloop
  endfacet
  facet normal 0 0 1
    outer loop
      vertex -24.1044 -34.9744 7.4
      vertex -25.8015 -36.6715 7.4
      vertex -25.698 -36.7895 7.4
    endloop
  endfacet
  facet normal 0 0 1
    outer loop
      vertex -24.4585 -34.6639 7.4
      vertex -25.9195 -36.568 7.4
      vertex -25.8015 -36.6715 7.4
    endloop
  endfacet
  facet normal 0 0 1
    outer loop
      vertex -24.85 -34.4023 7.4
      vertex -26.05 -36.4808 7.4
      vertex -25.9195 -36.568 7.4
    endloop
  endfacet
  facet normal 0 0 1
    outer loop
      vertex -26.3394 -36.3609 7.4
      vertex -25.7183 -34.0427 7.4
      vertex -26.1801 -33.9508 7.4
    endloop
  endfacet
  facet normal 0 0 1
    outer loop
      vertex -25.2723 -34.194 7.4
      vertex -26.1908 -36.4113 7.4
      vertex -26.05 -36.4808 7.4
    endloop
  endfacet
  facet normal 0 0 1
    outer loop
      vertex -25.7183 -34.0427 7.4
      vertex -26.3394 -36.3609 7.4
      vertex -26.1908 -36.4113 7.4
    endloop
  endfacet
  facet normal 0 0 1
    outer loop
      vertex -26.1801 -33.9508 7.4
      vertex -26.4934 -36.3303 7.4
      vertex -26.3394 -36.3609 7.4
    endloop
  endfacet
  facet normal 0 0 1
    outer loop
      vertex -26.65 -33.92 7.4
      vertex -26.4934 -36.3303 7.4
      vertex -26.1801 -33.9508 7.4
    endloop
  endfacet
  facet normal 0 0 1
    outer loop
      vertex -26.65 -33.92 7.4
      vertex -26.65 -36.32 7.4
      vertex -26.4934 -36.3303 7.4
    endloop
  endfacet
  facet normal 0 0 1
    outer loop
      vertex -26.65 -33.92 7.4
      vertex -26.8066 -36.3303 7.4
      vertex -26.65 -36.32 7.4
    endloop
  endfacet
  facet normal -0 0 1
    outer loop
      vertex -27.1199 -33.9508 7.4
      vertex -26.8066 -36.3303 7.4
      vertex -26.65 -33.92 7.4
    endloop
  endfacet
  facet normal 0 0 1
    outer loop
      vertex -26.8066 -36.3303 7.4
      vertex -27.1199 -33.9508 7.4
      vertex -26.9606 -36.3609 7.4
    endloop
  endfacet
  facet normal -0 0 1
    outer loop
      vertex -27.5817 -34.0427 7.4
      vertex -26.9606 -36.3609 7.4
      vertex -27.1199 -33.9508 7.4
    endloop
  endfacet
  facet normal 0 0 1
    outer loop
      vertex -26.9606 -36.3609 7.4
      vertex -27.5817 -34.0427 7.4
      vertex -27.1092 -36.4113 7.4
    endloop
  endfacet
  facet normal -0 0 1
    outer loop
      vertex -28.0277 -34.194 7.4
      vertex -27.1092 -36.4113 7.4
      vertex -27.5817 -34.0427 7.4
    endloop
  endfacet
  facet normal 0 0 1
    outer loop
      vertex -27.1092 -36.4113 7.4
      vertex -28.0277 -34.194 7.4
      vertex -27.25 -36.4808 7.4
    endloop
  endfacet
  facet normal -0 0 1
    outer loop
      vertex -28.45 -34.4023 7.4
      vertex -27.25 -36.4808 7.4
      vertex -28.0277 -34.194 7.4
    endloop
  endfacet
  facet normal 0 0 1
    outer loop
      vertex -27.25 -36.4808 7.4
      vertex -28.45 -34.4023 7.4
      vertex -27.3805 -36.568 7.4
    endloop
  endfacet
  facet normal -0 0 1
    outer loop
      vertex -28.8415 -34.6639 7.4
      vertex -27.3805 -36.568 7.4
      vertex -28.45 -34.4023 7.4
    endloop
  endfacet
  facet normal 0 0 1
    outer loop
      vertex -27.3805 -36.568 7.4
      vertex -28.8415 -34.6639 7.4
      vertex -27.4985 -36.6715 7.4
    endloop
  endfacet
  facet normal -0 0 1
    outer loop
      vertex -29.1956 -34.9744 7.4
      vertex -27.4985 -36.6715 7.4
      vertex -28.8415 -34.6639 7.4
    endloop
  endfacet
  facet normal 0 0 1
    outer loop
      vertex -27.4985 -36.6715 7.4
      vertex -29.1956 -34.9744 7.4
      vertex -27.602 -36.7895 7.4
    endloop
  endfacet
  facet normal 0 0 1
    outer loop
      vertex -27.602 -36.7895 7.4
      vertex -29.5061 -35.3285 7.4
      vertex -27.6892 -36.92 7.4
    endloop
  endfacet
  facet normal -0 0 1
    outer loop
      vertex -29.5061 -35.3285 7.4
      vertex -27.602 -36.7895 7.4
      vertex -29.1956 -34.9744 7.4
    endloop
  endfacet
  facet normal -0 0 1
    outer loop
      vertex -25.698 -38.2505 7.4
      vertex -23.7939 -39.7115 7.4
      vertex -25.6108 -38.12 7.4
    endloop
  endfacet
  facet normal 0 0 1
    outer loop
      vertex -23.7939 -39.7115 7.4
      vertex -25.698 -38.2505 7.4
      vertex -24.1044 -40.0656 7.4
    endloop
  endfacet
  facet normal -0 0 1
    outer loop
      vertex -25.8015 -38.3685 7.4
      vertex -24.1044 -40.0656 7.4
      vertex -25.698 -38.2505 7.4
    endloop
  endfacet
  facet normal 0 0 1
    outer loop
      vertex -24.1044 -40.0656 7.4
      vertex -25.8015 -38.3685 7.4
      vertex -24.4585 -40.3761 7.4
    endloop
  endfacet
  facet normal -0 0 1
    outer loop
      vertex -25.9195 -38.472 7.4
      vertex -24.4585 -40.3761 7.4
      vertex -25.8015 -38.3685 7.4
    endloop
  endfacet
  facet normal 0 0 1
    outer loop
      vertex -24.4585 -40.3761 7.4
      vertex -25.9195 -38.472 7.4
      vertex -24.85 -40.6377 7.4
    endloop
  endfacet
  facet normal -0 0 1
    outer loop
      vertex -26.05 -38.5592 7.4
      vertex -24.85 -40.6377 7.4
      vertex -25.9195 -38.472 7.4
    endloop
  endfacet
  facet normal 0 0 1
    outer loop
      vertex -24.85 -40.6377 7.4
      vertex -26.05 -38.5592 7.4
      vertex -25.2723 -40.846 7.4
    endloop
  endfacet
  facet normal -0 0 1
    outer loop
      vertex -26.1908 -38.6287 7.4
      vertex -25.2723 -40.846 7.4
      vertex -26.05 -38.5592 7.4
    endloop
  endfacet
  facet normal 0 0 1
    outer loop
      vertex -25.2723 -40.846 7.4
      vertex -26.1908 -38.6287 7.4
      vertex -25.7183 -40.9973 7.4
    endloop
  endfacet
  facet normal -0 0 1
    outer loop
      vertex -26.3394 -38.6791 7.4
      vertex -25.7183 -40.9973 7.4
      vertex -26.1908 -38.6287 7.4
    endloop
  endfacet
  facet normal 0 0 1
    outer loop
      vertex -25.7183 -40.9973 7.4
      vertex -26.3394 -38.6791 7.4
      vertex -26.1801 -41.0892 7.4
    endloop
  endfacet
  facet normal -0 0 1
    outer loop
      vertex -26.4934 -38.7097 7.4
      vertex -26.1801 -41.0892 7.4
      vertex -26.3394 -38.6791 7.4
    endloop
  endfacet
  facet normal -0 0 1
    outer loop
      vertex -26.65 -38.72 7.4
      vertex -26.1801 -41.0892 7.4
      vertex -26.4934 -38.7097 7.4
    endloop
  endfacet
  facet normal 0 0 1
    outer loop
      vertex -26.65 -38.72 7.4
      vertex -26.65 -41.12 7.4
      vertex -26.1801 -41.0892 7.4
    endloop
  endfacet
  facet normal 0 0 1
    outer loop
      vertex -26.8066 -38.7097 7.4
      vertex -26.65 -41.12 7.4
      vertex -26.65 -38.72 7.4
    endloop
  endfacet
  facet normal 0 0 1
    outer loop
      vertex -27.1199 -41.0892 7.4
      vertex -26.8066 -38.7097 7.4
      vertex -26.9606 -38.6791 7.4
    endloop
  endfacet
  facet normal 0 0 1
    outer loop
      vertex -27.5817 -40.9973 7.4
      vertex -26.9606 -38.6791 7.4
      vertex -27.1092 -38.6287 7.4
    endloop
  endfacet
  facet normal 0 0 1
    outer loop
      vertex -26.8066 -38.7097 7.4
      vertex -27.1199 -41.0892 7.4
      vertex -26.65 -41.12 7.4
    endloop
  endfacet
  facet normal 0 0 1
    outer loop
      vertex -28.0277 -40.846 7.4
      vertex -27.1092 -38.6287 7.4
      vertex -27.25 -38.5592 7.4
    endloop
  endfacet
  facet normal 0 0 1
    outer loop
      vertex -28.45 -40.6377 7.4
      vertex -27.25 -38.5592 7.4
      vertex -27.3805 -38.472 7.4
    endloop
  endfacet
  facet normal 0 0 1
    outer loop
      vertex -28.8415 -40.3761 7.4
      vertex -27.3805 -38.472 7.4
      vertex -27.4985 -38.3685 7.4
    endloop
  endfacet
  facet normal 0 0 1
    outer loop
      vertex -26.9606 -38.6791 7.4
      vertex -27.5817 -40.9973 7.4
      vertex -27.1199 -41.0892 7.4
    endloop
  endfacet
  facet normal 0 0 1
    outer loop
      vertex -29.1956 -40.0656 7.4
      vertex -27.4985 -38.3685 7.4
      vertex -27.602 -38.2505 7.4
    endloop
  endfacet
  facet normal 0 0 1
    outer loop
      vertex -29.5061 -39.7115 7.4
      vertex -27.602 -38.2505 7.4
      vertex -27.6892 -38.12 7.4
    endloop
  endfacet
  facet normal 0 0 1
    outer loop
      vertex -29.7677 -39.32 7.4
      vertex -27.6892 -38.12 7.4
      vertex -27.7587 -37.9792 7.4
    endloop
  endfacet
  facet normal 0 0 1
    outer loop
      vertex -29.976 -38.8977 7.4
      vertex -27.7587 -37.9792 7.4
      vertex -27.8091 -37.8306 7.4
    endloop
  endfacet
  facet normal 0 0 1
    outer loop
      vertex -30.1273 -38.4517 7.4
      vertex -27.8091 -37.8306 7.4
      vertex -27.8397 -37.6766 7.4
    endloop
  endfacet
  facet normal 0 0 1
    outer loop
      vertex -27.1092 -38.6287 7.4
      vertex -28.0277 -40.846 7.4
      vertex -27.5817 -40.9973 7.4
    endloop
  endfacet
  facet normal 0 0 1
    outer loop
      vertex -30.2192 -37.9899 7.4
      vertex -27.8397 -37.6766 7.4
      vertex -27.85 -37.52 7.4
    endloop
  endfacet
  facet normal -0 0 1
    outer loop
      vertex -29.7677 -35.72 7.4
      vertex -27.6892 -36.92 7.4
      vertex -29.5061 -35.3285 7.4
    endloop
  endfacet
  facet normal 0 0 1
    outer loop
      vertex -27.6892 -36.92 7.4
      vertex -29.7677 -35.72 7.4
      vertex -27.7587 -37.0608 7.4
    endloop
  endfacet
  facet normal 0 0 1
    outer loop
      vertex -27.25 -38.5592 7.4
      vertex -28.45 -40.6377 7.4
      vertex -28.0277 -40.846 7.4
    endloop
  endfacet
  facet normal -0 0 1
    outer loop
      vertex -29.976 -36.1423 7.4
      vertex -27.7587 -37.0608 7.4
      vertex -29.7677 -35.72 7.4
    endloop
  endfacet
  facet normal 0 0 1
    outer loop
      vertex -27.3805 -38.472 7.4
      vertex -28.8415 -40.3761 7.4
      vertex -28.45 -40.6377 7.4
    endloop
  endfacet
  facet normal 0 0 1
    outer loop
      vertex -27.7587 -37.0608 7.4
      vertex -29.976 -36.1423 7.4
      vertex -27.8091 -37.2094 7.4
    endloop
  endfacet
  facet normal 0 0 1
    outer loop
      vertex -27.4985 -38.3685 7.4
      vertex -29.1956 -40.0656 7.4
      vertex -28.8415 -40.3761 7.4
    endloop
  endfacet
  facet normal -0 0 1
    outer loop
      vertex -30.1273 -36.5883 7.4
      vertex -27.8091 -37.2094 7.4
      vertex -29.976 -36.1423 7.4
    endloop
  endfacet
  facet normal 0 0 1
    outer loop
      vertex -27.602 -38.2505 7.4
      vertex -29.5061 -39.7115 7.4
      vertex -29.1956 -40.0656 7.4
    endloop
  endfacet
  facet normal 0 0 1
    outer loop
      vertex -27.8091 -37.2094 7.4
      vertex -30.1273 -36.5883 7.4
      vertex -27.8397 -37.3634 7.4
    endloop
  endfacet
  facet normal 0 0 1
    outer loop
      vertex -27.6892 -38.12 7.4
      vertex -29.7677 -39.32 7.4
      vertex -29.5061 -39.7115 7.4
    endloop
  endfacet
  facet normal -0 0 1
    outer loop
      vertex -30.2192 -37.0501 7.4
      vertex -27.8397 -37.3634 7.4
      vertex -30.1273 -36.5883 7.4
    endloop
  endfacet
  facet normal 0 0 1
    outer loop
      vertex -27.7587 -37.9792 7.4
      vertex -29.976 -38.8977 7.4
      vertex -29.7677 -39.32 7.4
    endloop
  endfacet
  facet normal 0 0 1
    outer loop
      vertex -27.8397 -37.3634 7.4
      vertex -30.2192 -37.0501 7.4
      vertex -27.85 -37.52 7.4
    endloop
  endfacet
  facet normal 0 0 1
    outer loop
      vertex -27.8091 -37.8306 7.4
      vertex -30.1273 -38.4517 7.4
      vertex -29.976 -38.8977 7.4
    endloop
  endfacet
  facet normal 0 0 1
    outer loop
      vertex -30.25 -37.52 7.4
      vertex -27.85 -37.52 7.4
      vertex -30.2192 -37.0501 7.4
    endloop
  endfacet
  facet normal 0 0 1
    outer loop
      vertex -27.8397 -37.6766 7.4
      vertex -30.2192 -37.9899 7.4
      vertex -30.1273 -38.4517 7.4
    endloop
  endfacet
  facet normal 0 0 1
    outer loop
      vertex -27.85 -37.52 7.4
      vertex -30.25 -37.52 7.4
      vertex -30.2192 -37.9899 7.4
    endloop
  endfacet
  facet normal -0.555582 0.831462 0
    outer loop
      vertex -28.45 -34.4023 2.4
      vertex -28.8415 -34.6639 7.4
      vertex -28.45 -34.4023 7.4
    endloop
  endfacet
  facet normal -0.555582 0.831462 0
    outer loop
      vertex -28.8415 -34.6639 7.4
      vertex -28.45 -34.4023 2.4
      vertex -28.8415 -34.6639 2.4
    endloop
  endfacet
  facet normal -0.321256 0.946993 0
    outer loop
      vertex -27.5817 -34.0427 2.4
      vertex -28.0277 -34.194 7.4
      vertex -27.5817 -34.0427 7.4
    endloop
  endfacet
  facet normal -0.321256 0.946993 0
    outer loop
      vertex -28.0277 -34.194 7.4
      vertex -27.5817 -34.0427 2.4
      vertex -28.0277 -34.194 2.4
    endloop
  endfacet
  facet normal 0 0 -1
    outer loop
      vertex -25.45 -37.52 2.4
      vertex -23.05 -37.52 2.4
      vertex -23.0808 -37.9899 2.4
    endloop
  endfacet
  facet normal 0 0 -1
    outer loop
      vertex -25.4603 -37.6766 2.4
      vertex -23.0808 -37.9899 2.4
      vertex -23.1727 -38.4517 2.4
    endloop
  endfacet
  facet normal 0 0 -1
    outer loop
      vertex -23.05 -37.52 2.4
      vertex -25.45 -37.52 2.4
      vertex -23.0808 -37.0501 2.4
    endloop
  endfacet
  facet normal 0 0 -1
    outer loop
      vertex -25.4909 -37.8306 2.4
      vertex -23.1727 -38.4517 2.4
      vertex -23.324 -38.8977 2.4
    endloop
  endfacet
  facet normal 0 0 -1
    outer loop
      vertex -25.4603 -37.3634 2.4
      vertex -23.0808 -37.0501 2.4
      vertex -25.45 -37.52 2.4
    endloop
  endfacet
  facet normal 0 0 -1
    outer loop
      vertex -25.5413 -37.9792 2.4
      vertex -23.324 -38.8977 2.4
      vertex -23.5323 -39.32 2.4
    endloop
  endfacet
  facet normal -0 0 -1
    outer loop
      vertex -23.0808 -37.0501 2.4
      vertex -25.4603 -37.3634 2.4
      vertex -23.1727 -36.5883 2.4
    endloop
  endfacet
  facet normal 0 0 -1
    outer loop
      vertex -25.6108 -38.12 2.4
      vertex -23.5323 -39.32 2.4
      vertex -23.7939 -39.7115 2.4
    endloop
  endfacet
  facet normal 0 0 -1
    outer loop
      vertex -25.4909 -37.2094 2.4
      vertex -23.1727 -36.5883 2.4
      vertex -25.4603 -37.3634 2.4
    endloop
  endfacet
  facet normal 0 0 -1
    outer loop
      vertex -25.698 -38.2505 2.4
      vertex -23.7939 -39.7115 2.4
      vertex -24.1044 -40.0656 2.4
    endloop
  endfacet
  facet normal -0 0 -1
    outer loop
      vertex -23.1727 -36.5883 2.4
      vertex -25.4909 -37.2094 2.4
      vertex -23.324 -36.1423 2.4
    endloop
  endfacet
  facet normal 0 0 -1
    outer loop
      vertex -25.8015 -38.3685 2.4
      vertex -24.1044 -40.0656 2.4
      vertex -24.4585 -40.3761 2.4
    endloop
  endfacet
  facet normal 0 0 -1
    outer loop
      vertex -25.5413 -37.0608 2.4
      vertex -23.324 -36.1423 2.4
      vertex -25.4909 -37.2094 2.4
    endloop
  endfacet
  facet normal 0 0 -1
    outer loop
      vertex -25.9195 -38.472 2.4
      vertex -24.4585 -40.3761 2.4
      vertex -24.85 -40.6377 2.4
    endloop
  endfacet
  facet normal -0 0 -1
    outer loop
      vertex -23.324 -36.1423 2.4
      vertex -25.5413 -37.0608 2.4
      vertex -23.5323 -35.72 2.4
    endloop
  endfacet
  facet normal 0 0 -1
    outer loop
      vertex -26.05 -38.5592 2.4
      vertex -24.85 -40.6377 2.4
      vertex -25.2723 -40.846 2.4
    endloop
  endfacet
  facet normal 0 0 -1
    outer loop
      vertex -25.6108 -36.92 2.4
      vertex -23.5323 -35.72 2.4
      vertex -25.5413 -37.0608 2.4
    endloop
  endfacet
  facet normal -0 0 -1
    outer loop
      vertex -23.5323 -35.72 2.4
      vertex -25.6108 -36.92 2.4
      vertex -23.7939 -35.3285 2.4
    endloop
  endfacet
  facet normal 0 0 -1
    outer loop
      vertex -23.0808 -37.9899 2.4
      vertex -25.4603 -37.6766 2.4
      vertex -25.45 -37.52 2.4
    endloop
  endfacet
  facet normal 0 0 -1
    outer loop
      vertex -23.1727 -38.4517 2.4
      vertex -25.4909 -37.8306 2.4
      vertex -25.4603 -37.6766 2.4
    endloop
  endfacet
  facet normal 0 0 -1
    outer loop
      vertex -23.324 -38.8977 2.4
      vertex -25.5413 -37.9792 2.4
      vertex -25.4909 -37.8306 2.4
    endloop
  endfacet
  facet normal 0 0 -1
    outer loop
      vertex -23.5323 -39.32 2.4
      vertex -25.6108 -38.12 2.4
      vertex -25.5413 -37.9792 2.4
    endloop
  endfacet
  facet normal 0 0 -1
    outer loop
      vertex -23.7939 -39.7115 2.4
      vertex -25.698 -38.2505 2.4
      vertex -25.6108 -38.12 2.4
    endloop
  endfacet
  facet normal 0 0 -1
    outer loop
      vertex -26.1908 -38.6287 2.4
      vertex -25.2723 -40.846 2.4
      vertex -25.7183 -40.9973 2.4
    endloop
  endfacet
  facet normal 0 0 -1
    outer loop
      vertex -24.1044 -40.0656 2.4
      vertex -25.8015 -38.3685 2.4
      vertex -25.698 -38.2505 2.4
    endloop
  endfacet
  facet normal 0 0 -1
    outer loop
      vertex -24.4585 -40.3761 2.4
      vertex -25.9195 -38.472 2.4
      vertex -25.8015 -38.3685 2.4
    endloop
  endfacet
  facet normal 0 0 -1
    outer loop
      vertex -24.85 -40.6377 2.4
      vertex -26.05 -38.5592 2.4
      vertex -25.9195 -38.472 2.4
    endloop
  endfacet
  facet normal 0 0 -1
    outer loop
      vertex -26.3394 -38.6791 2.4
      vertex -25.7183 -40.9973 2.4
      vertex -26.1801 -41.0892 2.4
    endloop
  endfacet
  facet normal 0 0 -1
    outer loop
      vertex -25.2723 -40.846 2.4
      vertex -26.1908 -38.6287 2.4
      vertex -26.05 -38.5592 2.4
    endloop
  endfacet
  facet normal 0 0 -1
    outer loop
      vertex -25.7183 -40.9973 2.4
      vertex -26.3394 -38.6791 2.4
      vertex -26.1908 -38.6287 2.4
    endloop
  endfacet
  facet normal 0 0 -1
    outer loop
      vertex -26.1801 -41.0892 2.4
      vertex -26.4934 -38.7097 2.4
      vertex -26.3394 -38.6791 2.4
    endloop
  endfacet
  facet normal 0 0 -1
    outer loop
      vertex -26.65 -41.12 2.4
      vertex -26.4934 -38.7097 2.4
      vertex -26.1801 -41.0892 2.4
    endloop
  endfacet
  facet normal 0 0 -1
    outer loop
      vertex -26.65 -41.12 2.4
      vertex -26.65 -38.72 2.4
      vertex -26.4934 -38.7097 2.4
    endloop
  endfacet
  facet normal 0 0 -1
    outer loop
      vertex -26.65 -41.12 2.4
      vertex -26.8066 -38.7097 2.4
      vertex -26.65 -38.72 2.4
    endloop
  endfacet
  facet normal 0 0 -1
    outer loop
      vertex -27.1199 -41.0892 2.4
      vertex -26.8066 -38.7097 2.4
      vertex -26.65 -41.12 2.4
    endloop
  endfacet
  facet normal -0 0 -1
    outer loop
      vertex -26.8066 -38.7097 2.4
      vertex -27.1199 -41.0892 2.4
      vertex -26.9606 -38.6791 2.4
    endloop
  endfacet
  facet normal 0 0 -1
    outer loop
      vertex -27.5817 -40.9973 2.4
      vertex -26.9606 -38.6791 2.4
      vertex -27.1199 -41.0892 2.4
    endloop
  endfacet
  facet normal -0 0 -1
    outer loop
      vertex -26.9606 -38.6791 2.4
      vertex -27.5817 -40.9973 2.4
      vertex -27.1092 -38.6287 2.4
    endloop
  endfacet
  facet normal 0 0 -1
    outer loop
      vertex -28.0277 -40.846 2.4
      vertex -27.1092 -38.6287 2.4
      vertex -27.5817 -40.9973 2.4
    endloop
  endfacet
  facet normal -0 0 -1
    outer loop
      vertex -27.1092 -38.6287 2.4
      vertex -28.0277 -40.846 2.4
      vertex -27.25 -38.5592 2.4
    endloop
  endfacet
  facet normal 0 0 -1
    outer loop
      vertex -28.45 -40.6377 2.4
      vertex -27.25 -38.5592 2.4
      vertex -28.0277 -40.846 2.4
    endloop
  endfacet
  facet normal -0 0 -1
    outer loop
      vertex -27.25 -38.5592 2.4
      vertex -28.45 -40.6377 2.4
      vertex -27.3805 -38.472 2.4
    endloop
  endfacet
  facet normal 0 0 -1
    outer loop
      vertex -28.8415 -40.3761 2.4
      vertex -27.3805 -38.472 2.4
      vertex -28.45 -40.6377 2.4
    endloop
  endfacet
  facet normal -0 0 -1
    outer loop
      vertex -27.3805 -38.472 2.4
      vertex -28.8415 -40.3761 2.4
      vertex -27.4985 -38.3685 2.4
    endloop
  endfacet
  facet normal 0 0 -1
    outer loop
      vertex -29.1956 -40.0656 2.4
      vertex -27.4985 -38.3685 2.4
      vertex -28.8415 -40.3761 2.4
    endloop
  endfacet
  facet normal -0 0 -1
    outer loop
      vertex -27.4985 -38.3685 2.4
      vertex -29.1956 -40.0656 2.4
      vertex -27.602 -38.2505 2.4
    endloop
  endfacet
  facet normal -0 0 -1
    outer loop
      vertex -27.602 -38.2505 2.4
      vertex -29.5061 -39.7115 2.4
      vertex -27.6892 -38.12 2.4
    endloop
  endfacet
  facet normal 0 0 -1
    outer loop
      vertex -29.5061 -39.7115 2.4
      vertex -27.602 -38.2505 2.4
      vertex -29.1956 -40.0656 2.4
    endloop
  endfacet
  facet normal 0 0 -1
    outer loop
      vertex -25.698 -36.7895 2.4
      vertex -23.7939 -35.3285 2.4
      vertex -25.6108 -36.92 2.4
    endloop
  endfacet
  facet normal -0 0 -1
    outer loop
      vertex -23.7939 -35.3285 2.4
      vertex -25.698 -36.7895 2.4
      vertex -24.1044 -34.9744 2.4
    endloop
  endfacet
  facet normal 0 0 -1
    outer loop
      vertex -25.8015 -36.6715 2.4
      vertex -24.1044 -34.9744 2.4
      vertex -25.698 -36.7895 2.4
    endloop
  endfacet
  facet normal -0 0 -1
    outer loop
      vertex -24.1044 -34.9744 2.4
      vertex -25.8015 -36.6715 2.4
      vertex -24.4585 -34.6639 2.4
    endloop
  endfacet
  facet normal 0 0 -1
    outer loop
      vertex -25.9195 -36.568 2.4
      vertex -24.4585 -34.6639 2.4
      vertex -25.8015 -36.6715 2.4
    endloop
  endfacet
  facet normal -0 0 -1
    outer loop
      vertex -24.4585 -34.6639 2.4
      vertex -25.9195 -36.568 2.4
      vertex -24.85 -34.4023 2.4
    endloop
  endfacet
  facet normal 0 0 -1
    outer loop
      vertex -26.05 -36.4808 2.4
      vertex -24.85 -34.4023 2.4
      vertex -25.9195 -36.568 2.4
    endloop
  endfacet
  facet normal -0 0 -1
    outer loop
      vertex -24.85 -34.4023 2.4
      vertex -26.05 -36.4808 2.4
      vertex -25.2723 -34.194 2.4
    endloop
  endfacet
  facet normal 0 0 -1
    outer loop
      vertex -26.1908 -36.4113 2.4
      vertex -25.2723 -34.194 2.4
      vertex -26.05 -36.4808 2.4
    endloop
  endfacet
  facet normal -0 0 -1
    outer loop
      vertex -25.2723 -34.194 2.4
      vertex -26.1908 -36.4113 2.4
      vertex -25.7183 -34.0427 2.4
    endloop
  endfacet
  facet normal 0 0 -1
    outer loop
      vertex -26.3394 -36.3609 2.4
      vertex -25.7183 -34.0427 2.4
      vertex -26.1908 -36.4113 2.4
    endloop
  endfacet
  facet normal -0 0 -1
    outer loop
      vertex -25.7183 -34.0427 2.4
      vertex -26.3394 -36.3609 2.4
      vertex -26.1801 -33.9508 2.4
    endloop
  endfacet
  facet normal 0 0 -1
    outer loop
      vertex -26.4934 -36.3303 2.4
      vertex -26.1801 -33.9508 2.4
      vertex -26.3394 -36.3609 2.4
    endloop
  endfacet
  facet normal 0 0 -1
    outer loop
      vertex -26.65 -36.32 2.4
      vertex -26.1801 -33.9508 2.4
      vertex -26.4934 -36.3303 2.4
    endloop
  endfacet
  facet normal 0 0 -1
    outer loop
      vertex -26.65 -36.32 2.4
      vertex -26.65 -33.92 2.4
      vertex -26.1801 -33.9508 2.4
    endloop
  endfacet
  facet normal 0 0 -1
    outer loop
      vertex -26.8066 -36.3303 2.4
      vertex -26.65 -33.92 2.4
      vertex -26.65 -36.32 2.4
    endloop
  endfacet
  facet normal 0 0 -1
    outer loop
      vertex -27.1199 -33.9508 2.4
      vertex -26.8066 -36.3303 2.4
      vertex -26.9606 -36.3609 2.4
    endloop
  endfacet
  facet normal 0 0 -1
    outer loop
      vertex -27.5817 -34.0427 2.4
      vertex -26.9606 -36.3609 2.4
      vertex -27.1092 -36.4113 2.4
    endloop
  endfacet
  facet normal 0 0 -1
    outer loop
      vertex -26.8066 -36.3303 2.4
      vertex -27.1199 -33.9508 2.4
      vertex -26.65 -33.92 2.4
    endloop
  endfacet
  facet normal 0 0 -1
    outer loop
      vertex -28.0277 -34.194 2.4
      vertex -27.1092 -36.4113 2.4
      vertex -27.25 -36.4808 2.4
    endloop
  endfacet
  facet normal 0 0 -1
    outer loop
      vertex -28.45 -34.4023 2.4
      vertex -27.25 -36.4808 2.4
      vertex -27.3805 -36.568 2.4
    endloop
  endfacet
  facet normal 0 0 -1
    outer loop
      vertex -28.8415 -34.6639 2.4
      vertex -27.3805 -36.568 2.4
      vertex -27.4985 -36.6715 2.4
    endloop
  endfacet
  facet normal 0 0 -1
    outer loop
      vertex -26.9606 -36.3609 2.4
      vertex -27.5817 -34.0427 2.4
      vertex -27.1199 -33.9508 2.4
    endloop
  endfacet
  facet normal 0 0 -1
    outer loop
      vertex -29.1956 -34.9744 2.4
      vertex -27.4985 -36.6715 2.4
      vertex -27.602 -36.7895 2.4
    endloop
  endfacet
  facet normal 0 0 -1
    outer loop
      vertex -29.5061 -35.3285 2.4
      vertex -27.602 -36.7895 2.4
      vertex -27.6892 -36.92 2.4
    endloop
  endfacet
  facet normal 0 0 -1
    outer loop
      vertex -29.7677 -35.72 2.4
      vertex -27.6892 -36.92 2.4
      vertex -27.7587 -37.0608 2.4
    endloop
  endfacet
  facet normal 0 0 -1
    outer loop
      vertex -29.976 -36.1423 2.4
      vertex -27.7587 -37.0608 2.4
      vertex -27.8091 -37.2094 2.4
    endloop
  endfacet
  facet normal 0 0 -1
    outer loop
      vertex -30.1273 -36.5883 2.4
      vertex -27.8091 -37.2094 2.4
      vertex -27.8397 -37.3634 2.4
    endloop
  endfacet
  facet normal 0 0 -1
    outer loop
      vertex -27.1092 -36.4113 2.4
      vertex -28.0277 -34.194 2.4
      vertex -27.5817 -34.0427 2.4
    endloop
  endfacet
  facet normal 0 0 -1
    outer loop
      vertex -30.2192 -37.0501 2.4
      vertex -27.8397 -37.3634 2.4
      vertex -27.85 -37.52 2.4
    endloop
  endfacet
  facet normal 0 0 -1
    outer loop
      vertex -29.7677 -39.32 2.4
      vertex -27.6892 -38.12 2.4
      vertex -29.5061 -39.7115 2.4
    endloop
  endfacet
  facet normal -0 0 -1
    outer loop
      vertex -27.6892 -38.12 2.4
      vertex -29.7677 -39.32 2.4
      vertex -27.7587 -37.9792 2.4
    endloop
  endfacet
  facet normal 0 0 -1
    outer loop
      vertex -27.25 -36.4808 2.4
      vertex -28.45 -34.4023 2.4
      vertex -28.0277 -34.194 2.4
    endloop
  endfacet
  facet normal 0 0 -1
    outer loop
      vertex -29.976 -38.8977 2.4
      vertex -27.7587 -37.9792 2.4
      vertex -29.7677 -39.32 2.4
    endloop
  endfacet
  facet normal 0 0 -1
    outer loop
      vertex -27.3805 -36.568 2.4
      vertex -28.8415 -34.6639 2.4
      vertex -28.45 -34.4023 2.4
    endloop
  endfacet
  facet normal -0 0 -1
    outer loop
      vertex -27.7587 -37.9792 2.4
      vertex -29.976 -38.8977 2.4
      vertex -27.8091 -37.8306 2.4
    endloop
  endfacet
  facet normal 0 0 -1
    outer loop
      vertex -27.4985 -36.6715 2.4
      vertex -29.1956 -34.9744 2.4
      vertex -28.8415 -34.6639 2.4
    endloop
  endfacet
  facet normal 0 0 -1
    outer loop
      vertex -30.1273 -38.4517 2.4
      vertex -27.8091 -37.8306 2.4
      vertex -29.976 -38.8977 2.4
    endloop
  endfacet
  facet normal 0 0 -1
    outer loop
      vertex -27.602 -36.7895 2.4
      vertex -29.5061 -35.3285 2.4
      vertex -29.1956 -34.9744 2.4
    endloop
  endfacet
  facet normal -0 0 -1
    outer loop
      vertex -27.8091 -37.8306 2.4
      vertex -30.1273 -38.4517 2.4
      vertex -27.8397 -37.6766 2.4
    endloop
  endfacet
  facet normal 0 0 -1
    outer loop
      vertex -27.6892 -36.92 2.4
      vertex -29.7677 -35.72 2.4
      vertex -29.5061 -35.3285 2.4
    endloop
  endfacet
  facet normal 0 0 -1
    outer loop
      vertex -30.2192 -37.9899 2.4
      vertex -27.8397 -37.6766 2.4
      vertex -30.1273 -38.4517 2.4
    endloop
  endfacet
  facet normal 0 0 -1
    outer loop
      vertex -27.7587 -37.0608 2.4
      vertex -29.976 -36.1423 2.4
      vertex -29.7677 -35.72 2.4
    endloop
  endfacet
  facet normal -0 0 -1
    outer loop
      vertex -27.8397 -37.6766 2.4
      vertex -30.2192 -37.9899 2.4
      vertex -27.85 -37.52 2.4
    endloop
  endfacet
  facet normal 0 0 -1
    outer loop
      vertex -27.8091 -37.2094 2.4
      vertex -30.1273 -36.5883 2.4
      vertex -29.976 -36.1423 2.4
    endloop
  endfacet
  facet normal 0 0 -1
    outer loop
      vertex -30.25 -37.52 2.4
      vertex -27.85 -37.52 2.4
      vertex -30.2192 -37.9899 2.4
    endloop
  endfacet
  facet normal 0 0 -1
    outer loop
      vertex -27.8397 -37.3634 2.4
      vertex -30.2192 -37.0501 2.4
      vertex -30.1273 -36.5883 2.4
    endloop
  endfacet
  facet normal 0 0 -1
    outer loop
      vertex -27.85 -37.52 2.4
      vertex -30.25 -37.52 2.4
      vertex -30.2192 -37.0501 2.4
    endloop
  endfacet
  facet normal 0.195177 -0.980768 0
    outer loop
      vertex -26.1801 -41.0892 2.4
      vertex -25.7183 -40.9973 7.4
      vertex -26.1801 -41.0892 7.4
    endloop
  endfacet
  facet normal 0.195177 -0.980768 0
    outer loop
      vertex -25.7183 -40.9973 7.4
      vertex -26.1801 -41.0892 2.4
      vertex -25.7183 -40.9973 2.4
    endloop
  endfacet
  facet normal 0.946993 0.321256 0
    outer loop
      vertex -23.1727 -36.5883 7.4
      vertex -23.324 -36.1423 2.4
      vertex -23.324 -36.1423 7.4
    endloop
  endfacet
  facet normal 0.946993 0.321256 0
    outer loop
      vertex -23.324 -36.1423 2.4
      vertex -23.1727 -36.5883 7.4
      vertex -23.1727 -36.5883 2.4
    endloop
  endfacet
  facet normal 0.980768 0.195177 0
    outer loop
      vertex -23.0808 -37.0501 7.4
      vertex -23.1727 -36.5883 2.4
      vertex -23.1727 -36.5883 7.4
    endloop
  endfacet
  facet normal 0.980768 0.195177 0
    outer loop
      vertex -23.1727 -36.5883 2.4
      vertex -23.0808 -37.0501 7.4
      vertex -23.0808 -37.0501 2.4
    endloop
  endfacet
  facet normal 0.751879 0.659301 0
    outer loop
      vertex -23.7939 -35.3285 7.4
      vertex -24.1044 -34.9744 2.4
      vertex -24.1044 -34.9744 7.4
    endloop
  endfacet
  facet normal 0.751879 0.659301 0
    outer loop
      vertex -24.1044 -34.9744 2.4
      vertex -23.7939 -35.3285 7.4
      vertex -23.7939 -35.3285 2.4
    endloop
  endfacet
  facet normal 0.0654055 0.997859 -0
    outer loop
      vertex -26.1801 -33.9508 2.4
      vertex -26.65 -33.92 7.4
      vertex -26.1801 -33.9508 7.4
    endloop
  endfacet
  facet normal 0.0654055 0.997859 0
    outer loop
      vertex -26.65 -33.92 7.4
      vertex -26.1801 -33.9508 2.4
      vertex -26.65 -33.92 2.4
    endloop
  endfacet
  facet normal 0.555582 0.831462 -0
    outer loop
      vertex -24.4585 -34.6639 2.4
      vertex -24.85 -34.4023 7.4
      vertex -24.4585 -34.6639 7.4
    endloop
  endfacet
  facet normal 0.555582 0.831462 0
    outer loop
      vertex -24.85 -34.4023 7.4
      vertex -24.4585 -34.6639 2.4
      vertex -24.85 -34.4023 2.4
    endloop
  endfacet
  facet normal -0.946993 0.321256 0
    outer loop
      vertex -30.1273 -36.5883 2.4
      vertex -29.976 -36.1423 7.4
      vertex -29.976 -36.1423 2.4
    endloop
  endfacet
  facet normal -0.946993 0.321256 0
    outer loop
      vertex -29.976 -36.1423 7.4
      vertex -30.1273 -36.5883 2.4
      vertex -30.1273 -36.5883 7.4
    endloop
  endfacet
  facet normal -0.980768 0.195177 0
    outer loop
      vertex -30.2192 -37.0501 2.4
      vertex -30.1273 -36.5883 7.4
      vertex -30.1273 -36.5883 2.4
    endloop
  endfacet
  facet normal -0.980768 0.195177 0
    outer loop
      vertex -30.1273 -36.5883 7.4
      vertex -30.2192 -37.0501 2.4
      vertex -30.2192 -37.0501 7.4
    endloop
  endfacet
  facet normal -0.659301 0.751879 0
    outer loop
      vertex -28.8415 -34.6639 2.4
      vertex -29.1956 -34.9744 7.4
      vertex -28.8415 -34.6639 7.4
    endloop
  endfacet
  facet normal -0.659301 0.751879 0
    outer loop
      vertex -29.1956 -34.9744 7.4
      vertex -28.8415 -34.6639 2.4
      vertex -29.1956 -34.9744 2.4
    endloop
  endfacet
  facet normal -0.195177 0.980768 0
    outer loop
      vertex -27.1199 -33.9508 2.4
      vertex -27.5817 -34.0427 7.4
      vertex -27.1199 -33.9508 7.4
    endloop
  endfacet
  facet normal -0.195177 0.980768 0
    outer loop
      vertex -27.5817 -34.0427 7.4
      vertex -27.1199 -33.9508 2.4
      vertex -27.5817 -34.0427 2.4
    endloop
  endfacet
  facet normal 0.946993 -0.321256 0
    outer loop
      vertex -23.324 -38.8977 7.4
      vertex -23.1727 -38.4517 2.4
      vertex -23.1727 -38.4517 7.4
    endloop
  endfacet
  facet normal 0.946993 -0.321256 0
    outer loop
      vertex -23.1727 -38.4517 2.4
      vertex -23.324 -38.8977 7.4
      vertex -23.324 -38.8977 2.4
    endloop
  endfacet
  facet normal 0.980768 -0.195177 0
    outer loop
      vertex -23.1727 -38.4517 7.4
      vertex -23.0808 -37.9899 2.4
      vertex -23.0808 -37.9899 7.4
    endloop
  endfacet
  facet normal 0.980768 -0.195177 0
    outer loop
      vertex -23.0808 -37.9899 2.4
      vertex -23.1727 -38.4517 7.4
      vertex -23.1727 -38.4517 2.4
    endloop
  endfacet
  facet normal 0.555582 -0.831462 0
    outer loop
      vertex -24.85 -40.6377 2.4
      vertex -24.4585 -40.3761 7.4
      vertex -24.85 -40.6377 7.4
    endloop
  endfacet
  facet normal 0.555582 -0.831462 0
    outer loop
      vertex -24.4585 -40.3761 7.4
      vertex -24.85 -40.6377 2.4
      vertex -24.4585 -40.3761 2.4
    endloop
  endfacet
  facet normal 0.442365 -0.896835 0
    outer loop
      vertex -25.2723 -40.846 2.4
      vertex -24.85 -40.6377 7.4
      vertex -25.2723 -40.846 7.4
    endloop
  endfacet
  facet normal 0.442365 -0.896835 0
    outer loop
      vertex -24.85 -40.6377 7.4
      vertex -25.2723 -40.846 2.4
      vertex -24.85 -40.6377 2.4
    endloop
  endfacet
  facet normal 0.997859 -0.0654055 0
    outer loop
      vertex -23.0808 -37.9899 7.4
      vertex -23.05 -37.52 2.4
      vertex -23.05 -37.52 7.4
    endloop
  endfacet
  facet normal 0.997859 -0.0654055 0
    outer loop
      vertex -23.05 -37.52 2.4
      vertex -23.0808 -37.9899 7.4
      vertex -23.0808 -37.9899 2.4
    endloop
  endfacet
  facet normal -0.321256 -0.946993 0
    outer loop
      vertex -28.0277 -40.846 2.4
      vertex -27.5817 -40.9973 7.4
      vertex -28.0277 -40.846 7.4
    endloop
  endfacet
  facet normal -0.321256 -0.946993 -0
    outer loop
      vertex -27.5817 -40.9973 7.4
      vertex -28.0277 -40.846 2.4
      vertex -27.5817 -40.9973 2.4
    endloop
  endfacet
  facet normal -0.751879 -0.659301 0
    outer loop
      vertex -29.1956 -40.0656 2.4
      vertex -29.5061 -39.7115 7.4
      vertex -29.5061 -39.7115 2.4
    endloop
  endfacet
  facet normal -0.751879 -0.659301 0
    outer loop
      vertex -29.5061 -39.7115 7.4
      vertex -29.1956 -40.0656 2.4
      vertex -29.1956 -40.0656 7.4
    endloop
  endfacet
  facet normal -0.997859 -0.0654055 0
    outer loop
      vertex -30.2192 -37.9899 2.4
      vertex -30.25 -37.52 7.4
      vertex -30.25 -37.52 2.4
    endloop
  endfacet
  facet normal -0.997859 -0.0654055 0
    outer loop
      vertex -30.25 -37.52 7.4
      vertex -30.2192 -37.9899 2.4
      vertex -30.2192 -37.9899 7.4
    endloop
  endfacet
  facet normal -0.980768 -0.195177 0
    outer loop
      vertex -30.1273 -38.4517 2.4
      vertex -30.2192 -37.9899 7.4
      vertex -30.2192 -37.9899 2.4
    endloop
  endfacet
  facet normal -0.980768 -0.195177 0
    outer loop
      vertex -30.2192 -37.9899 7.4
      vertex -30.1273 -38.4517 2.4
      vertex -30.1273 -38.4517 7.4
    endloop
  endfacet
  facet normal -0.946993 -0.321256 0
    outer loop
      vertex -29.976 -38.8977 2.4
      vertex -30.1273 -38.4517 7.4
      vertex -30.1273 -38.4517 2.4
    endloop
  endfacet
  facet normal -0.946993 -0.321256 0
    outer loop
      vertex -30.1273 -38.4517 7.4
      vertex -29.976 -38.8977 2.4
      vertex -29.976 -38.8977 7.4
    endloop
  endfacet
  facet normal 0.659301 -0.751879 0
    outer loop
      vertex -24.4585 -40.3761 2.4
      vertex -24.1044 -40.0656 7.4
      vertex -24.4585 -40.3761 7.4
    endloop
  endfacet
  facet normal 0.659301 -0.751879 0
    outer loop
      vertex -24.1044 -40.0656 7.4
      vertex -24.4585 -40.3761 2.4
      vertex -24.1044 -40.0656 2.4
    endloop
  endfacet
  facet normal 0.321256 -0.946993 0
    outer loop
      vertex -25.7183 -40.9973 2.4
      vertex -25.2723 -40.846 7.4
      vertex -25.7183 -40.9973 7.4
    endloop
  endfacet
  facet normal 0.321256 -0.946993 0
    outer loop
      vertex -25.2723 -40.846 7.4
      vertex -25.7183 -40.9973 2.4
      vertex -25.2723 -40.846 2.4
    endloop
  endfacet
  facet normal 0.896835 -0.442365 0
    outer loop
      vertex -23.5323 -39.32 7.4
      vertex -23.324 -38.8977 2.4
      vertex -23.324 -38.8977 7.4
    endloop
  endfacet
  facet normal 0.896835 -0.442365 0
    outer loop
      vertex -23.324 -38.8977 2.4
      vertex -23.5323 -39.32 7.4
      vertex -23.5323 -39.32 2.4
    endloop
  endfacet
  facet normal 0.831462 -0.555582 0
    outer loop
      vertex -23.7939 -39.7115 7.4
      vertex -23.5323 -39.32 2.4
      vertex -23.5323 -39.32 7.4
    endloop
  endfacet
  facet normal 0.831462 -0.555582 0
    outer loop
      vertex -23.5323 -39.32 2.4
      vertex -23.7939 -39.7115 7.4
      vertex -23.7939 -39.7115 2.4
    endloop
  endfacet
  facet normal -0.0654055 -0.997859 0
    outer loop
      vertex -27.1199 -41.0892 2.4
      vertex -26.65 -41.12 7.4
      vertex -27.1199 -41.0892 7.4
    endloop
  endfacet
  facet normal -0.0654055 -0.997859 -0
    outer loop
      vertex -26.65 -41.12 7.4
      vertex -27.1199 -41.0892 2.4
      vertex -26.65 -41.12 2.4
    endloop
  endfacet
  facet normal -0.555582 -0.831462 0
    outer loop
      vertex -28.8415 -40.3761 2.4
      vertex -28.45 -40.6377 7.4
      vertex -28.8415 -40.3761 7.4
    endloop
  endfacet
  facet normal -0.555582 -0.831462 -0
    outer loop
      vertex -28.45 -40.6377 7.4
      vertex -28.8415 -40.3761 2.4
      vertex -28.45 -40.6377 2.4
    endloop
  endfacet
  facet normal -0.195177 -0.980768 0
    outer loop
      vertex -27.5817 -40.9973 2.4
      vertex -27.1199 -41.0892 7.4
      vertex -27.5817 -40.9973 7.4
    endloop
  endfacet
  facet normal -0.195177 -0.980768 -0
    outer loop
      vertex -27.1199 -41.0892 7.4
      vertex -27.5817 -40.9973 2.4
      vertex -27.1199 -41.0892 2.4
    endloop
  endfacet
  facet normal -0.659301 -0.751879 0
    outer loop
      vertex -29.1956 -40.0656 2.4
      vertex -28.8415 -40.3761 7.4
      vertex -29.1956 -40.0656 7.4
    endloop
  endfacet
  facet normal -0.659301 -0.751879 -0
    outer loop
      vertex -28.8415 -40.3761 7.4
      vertex -29.1956 -40.0656 2.4
      vertex -28.8415 -40.3761 2.4
    endloop
  endfacet
  facet normal -0.831462 -0.555582 0
    outer loop
      vertex -29.5061 -39.7115 2.4
      vertex -29.7677 -39.32 7.4
      vertex -29.7677 -39.32 2.4
    endloop
  endfacet
  facet normal -0.831462 -0.555582 0
    outer loop
      vertex -29.7677 -39.32 7.4
      vertex -29.5061 -39.7115 2.4
      vertex -29.5061 -39.7115 7.4
    endloop
  endfacet
  facet normal -0.896835 -0.442365 0
    outer loop
      vertex -29.7677 -39.32 2.4
      vertex -29.976 -38.8977 7.4
      vertex -29.976 -38.8977 2.4
    endloop
  endfacet
  facet normal -0.896835 -0.442365 0
    outer loop
      vertex -29.976 -38.8977 7.4
      vertex -29.7677 -39.32 2.4
      vertex -29.7677 -39.32 7.4
    endloop
  endfacet
  facet normal 0.751879 -0.659301 0
    outer loop
      vertex -24.1044 -40.0656 7.4
      vertex -23.7939 -39.7115 2.4
      vertex -23.7939 -39.7115 7.4
    endloop
  endfacet
  facet normal 0.751879 -0.659301 0
    outer loop
      vertex -23.7939 -39.7115 2.4
      vertex -24.1044 -40.0656 7.4
      vertex -24.1044 -40.0656 2.4
    endloop
  endfacet
  facet normal -0.442365 -0.896835 0
    outer loop
      vertex -28.45 -40.6377 2.4
      vertex -28.0277 -40.846 7.4
      vertex -28.45 -40.6377 7.4
    endloop
  endfacet
  facet normal -0.442365 -0.896835 -0
    outer loop
      vertex -28.0277 -40.846 7.4
      vertex -28.45 -40.6377 2.4
      vertex -28.0277 -40.846 2.4
    endloop
  endfacet
  facet normal -0.997844 -0.0656309 0
    outer loop
      vertex -25.45 -37.52 2.4
      vertex -25.4603 -37.3634 7.4
      vertex -25.4603 -37.3634 2.4
    endloop
  endfacet
  facet normal -0.997844 -0.0656309 0
    outer loop
      vertex -25.4603 -37.3634 7.4
      vertex -25.45 -37.52 2.4
      vertex -25.45 -37.52 7.4
    endloop
  endfacet
  facet normal 0.997844 -0.0656309 0
    outer loop
      vertex -27.85 -37.52 7.4
      vertex -27.8397 -37.3634 2.4
      vertex -27.8397 -37.3634 7.4
    endloop
  endfacet
  facet normal 0.997844 -0.0656309 0
    outer loop
      vertex -27.8397 -37.3634 2.4
      vertex -27.85 -37.52 7.4
      vertex -27.85 -37.52 2.4
    endloop
  endfacet
  facet normal -0.0656309 -0.997844 0
    outer loop
      vertex -26.65 -36.32 2.4
      vertex -26.4934 -36.3303 7.4
      vertex -26.65 -36.32 7.4
    endloop
  endfacet
  facet normal -0.0656309 -0.997844 -0
    outer loop
      vertex -26.4934 -36.3303 7.4
      vertex -26.65 -36.32 2.4
      vertex -26.4934 -36.3303 2.4
    endloop
  endfacet
  facet normal -0.751787 -0.659406 0
    outer loop
      vertex -25.698 -36.7895 2.4
      vertex -25.8015 -36.6715 7.4
      vertex -25.8015 -36.6715 2.4
    endloop
  endfacet
  facet normal -0.751787 -0.659406 0
    outer loop
      vertex -25.8015 -36.6715 7.4
      vertex -25.698 -36.7895 2.4
      vertex -25.698 -36.7895 7.4
    endloop
  endfacet
  facet normal 0.659406 -0.751787 0
    outer loop
      vertex -27.4985 -36.6715 2.4
      vertex -27.3805 -36.568 7.4
      vertex -27.4985 -36.6715 7.4
    endloop
  endfacet
  facet normal 0.659406 -0.751787 0
    outer loop
      vertex -27.3805 -36.568 7.4
      vertex -27.4985 -36.6715 2.4
      vertex -27.3805 -36.568 2.4
    endloop
  endfacet
  facet normal 0.321194 -0.947013 0
    outer loop
      vertex -27.1092 -36.4113 2.4
      vertex -26.9606 -36.3609 7.4
      vertex -27.1092 -36.4113 7.4
    endloop
  endfacet
  facet normal 0.321194 -0.947013 0
    outer loop
      vertex -26.9606 -36.3609 7.4
      vertex -27.1092 -36.4113 2.4
      vertex -26.9606 -36.3609 2.4
    endloop
  endfacet
  facet normal -0.896708 -0.442622 0
    outer loop
      vertex -25.5413 -37.0608 2.4
      vertex -25.6108 -36.92 7.4
      vertex -25.6108 -36.92 2.4
    endloop
  endfacet
  facet normal -0.896708 -0.442622 0
    outer loop
      vertex -25.6108 -36.92 7.4
      vertex -25.5413 -37.0608 2.4
      vertex -25.5413 -37.0608 7.4
    endloop
  endfacet
  facet normal -0.831462 -0.555582 0
    outer loop
      vertex -25.6108 -36.92 2.4
      vertex -25.698 -36.7895 7.4
      vertex -25.698 -36.7895 2.4
    endloop
  endfacet
  facet normal -0.831462 -0.555582 0
    outer loop
      vertex -25.698 -36.7895 7.4
      vertex -25.6108 -36.92 2.4
      vertex -25.6108 -36.92 7.4
    endloop
  endfacet
  facet normal -0.442622 -0.896708 0
    outer loop
      vertex -26.1908 -36.4113 2.4
      vertex -26.05 -36.4808 7.4
      vertex -26.1908 -36.4113 7.4
    endloop
  endfacet
  facet normal -0.442622 -0.896708 -0
    outer loop
      vertex -26.05 -36.4808 7.4
      vertex -26.1908 -36.4113 2.4
      vertex -26.05 -36.4808 2.4
    endloop
  endfacet
  facet normal -0.555582 -0.831462 0
    outer loop
      vertex -26.05 -36.4808 2.4
      vertex -25.9195 -36.568 7.4
      vertex -26.05 -36.4808 7.4
    endloop
  endfacet
  facet normal -0.555582 -0.831462 -0
    outer loop
      vertex -25.9195 -36.568 7.4
      vertex -26.05 -36.4808 2.4
      vertex -25.9195 -36.568 2.4
    endloop
  endfacet
  facet normal 0.896708 -0.442622 0
    outer loop
      vertex -27.7587 -37.0608 7.4
      vertex -27.6892 -36.92 2.4
      vertex -27.6892 -36.92 7.4
    endloop
  endfacet
  facet normal 0.896708 -0.442622 0
    outer loop
      vertex -27.6892 -36.92 2.4
      vertex -27.7587 -37.0608 7.4
      vertex -27.7587 -37.0608 2.4
    endloop
  endfacet
  facet normal 0.442622 -0.896708 0
    outer loop
      vertex -27.25 -36.4808 2.4
      vertex -27.1092 -36.4113 7.4
      vertex -27.25 -36.4808 7.4
    endloop
  endfacet
  facet normal 0.442622 -0.896708 0
    outer loop
      vertex -27.1092 -36.4113 7.4
      vertex -27.25 -36.4808 2.4
      vertex -27.1092 -36.4113 2.4
    endloop
  endfacet
  facet normal 0.0656309 -0.997844 0
    outer loop
      vertex -26.8066 -36.3303 2.4
      vertex -26.65 -36.32 7.4
      vertex -26.8066 -36.3303 7.4
    endloop
  endfacet
  facet normal 0.0656309 -0.997844 0
    outer loop
      vertex -26.65 -36.32 7.4
      vertex -26.8066 -36.3303 2.4
      vertex -26.65 -36.32 2.4
    endloop
  endfacet
  facet normal -0.321194 0.947013 0
    outer loop
      vertex -26.1908 -38.6287 2.4
      vertex -26.3394 -38.6791 7.4
      vertex -26.1908 -38.6287 7.4
    endloop
  endfacet
  facet normal -0.321194 0.947013 0
    outer loop
      vertex -26.3394 -38.6791 7.4
      vertex -26.1908 -38.6287 2.4
      vertex -26.3394 -38.6791 2.4
    endloop
  endfacet
  facet normal -0.0656309 0.997844 0
    outer loop
      vertex -26.4934 -38.7097 2.4
      vertex -26.65 -38.72 7.4
      vertex -26.4934 -38.7097 7.4
    endloop
  endfacet
  facet normal -0.0656309 0.997844 0
    outer loop
      vertex -26.65 -38.72 7.4
      vertex -26.4934 -38.7097 2.4
      vertex -26.65 -38.72 2.4
    endloop
  endfacet
  facet normal -0.442622 0.896708 0
    outer loop
      vertex -26.05 -38.5592 2.4
      vertex -26.1908 -38.6287 7.4
      vertex -26.05 -38.5592 7.4
    endloop
  endfacet
  facet normal -0.442622 0.896708 0
    outer loop
      vertex -26.1908 -38.6287 7.4
      vertex -26.05 -38.5592 2.4
      vertex -26.1908 -38.6287 2.4
    endloop
  endfacet
  facet normal 0.896708 0.442622 0
    outer loop
      vertex -27.6892 -38.12 7.4
      vertex -27.7587 -37.9792 2.4
      vertex -27.7587 -37.9792 7.4
    endloop
  endfacet
  facet normal 0.896708 0.442622 0
    outer loop
      vertex -27.7587 -37.9792 2.4
      vertex -27.6892 -38.12 7.4
      vertex -27.6892 -38.12 2.4
    endloop
  endfacet
  facet normal 0.997844 0.0656309 0
    outer loop
      vertex -27.8397 -37.6766 7.4
      vertex -27.85 -37.52 2.4
      vertex -27.85 -37.52 7.4
    endloop
  endfacet
  facet normal 0.997844 0.0656309 0
    outer loop
      vertex -27.85 -37.52 2.4
      vertex -27.8397 -37.6766 7.4
      vertex -27.8397 -37.6766 2.4
    endloop
  endfacet
  facet normal -0.947013 -0.321194 0
    outer loop
      vertex -25.4909 -37.2094 2.4
      vertex -25.5413 -37.0608 7.4
      vertex -25.5413 -37.0608 2.4
    endloop
  endfacet
  facet normal -0.947013 -0.321194 0
    outer loop
      vertex -25.5413 -37.0608 7.4
      vertex -25.4909 -37.2094 2.4
      vertex -25.4909 -37.2094 7.4
    endloop
  endfacet
  facet normal -0.980825 -0.194891 0
    outer loop
      vertex -25.4603 -37.3634 2.4
      vertex -25.4909 -37.2094 7.4
      vertex -25.4909 -37.2094 2.4
    endloop
  endfacet
  facet normal -0.980825 -0.194891 0
    outer loop
      vertex -25.4909 -37.2094 7.4
      vertex -25.4603 -37.3634 2.4
      vertex -25.4603 -37.3634 7.4
    endloop
  endfacet
  facet normal -0.321194 -0.947013 0
    outer loop
      vertex -26.3394 -36.3609 2.4
      vertex -26.1908 -36.4113 7.4
      vertex -26.3394 -36.3609 7.4
    endloop
  endfacet
  facet normal -0.321194 -0.947013 -0
    outer loop
      vertex -26.1908 -36.4113 7.4
      vertex -26.3394 -36.3609 2.4
      vertex -26.1908 -36.4113 2.4
    endloop
  endfacet
  facet normal -0.194891 -0.980825 0
    outer loop
      vertex -26.4934 -36.3303 2.4
      vertex -26.3394 -36.3609 7.4
      vertex -26.4934 -36.3303 7.4
    endloop
  endfacet
  facet normal -0.194891 -0.980825 -0
    outer loop
      vertex -26.3394 -36.3609 7.4
      vertex -26.4934 -36.3303 2.4
      vertex -26.3394 -36.3609 2.4
    endloop
  endfacet
  facet normal -0.659406 -0.751787 0
    outer loop
      vertex -25.9195 -36.568 2.4
      vertex -25.8015 -36.6715 7.4
      vertex -25.9195 -36.568 7.4
    endloop
  endfacet
  facet normal -0.659406 -0.751787 -0
    outer loop
      vertex -25.8015 -36.6715 7.4
      vertex -25.9195 -36.568 2.4
      vertex -25.8015 -36.6715 2.4
    endloop
  endfacet
  facet normal 0.831462 -0.555582 0
    outer loop
      vertex -27.6892 -36.92 7.4
      vertex -27.602 -36.7895 2.4
      vertex -27.602 -36.7895 7.4
    endloop
  endfacet
  facet normal 0.831462 -0.555582 0
    outer loop
      vertex -27.602 -36.7895 2.4
      vertex -27.6892 -36.92 7.4
      vertex -27.6892 -36.92 2.4
    endloop
  endfacet
  facet normal 0.751787 -0.659406 0
    outer loop
      vertex -27.602 -36.7895 7.4
      vertex -27.4985 -36.6715 2.4
      vertex -27.4985 -36.6715 7.4
    endloop
  endfacet
  facet normal 0.751787 -0.659406 0
    outer loop
      vertex -27.4985 -36.6715 2.4
      vertex -27.602 -36.7895 7.4
      vertex -27.602 -36.7895 2.4
    endloop
  endfacet
  facet normal 0.947013 -0.321194 0
    outer loop
      vertex -27.8091 -37.2094 7.4
      vertex -27.7587 -37.0608 2.4
      vertex -27.7587 -37.0608 7.4
    endloop
  endfacet
  facet normal 0.947013 -0.321194 0
    outer loop
      vertex -27.7587 -37.0608 2.4
      vertex -27.8091 -37.2094 7.4
      vertex -27.8091 -37.2094 2.4
    endloop
  endfacet
  facet normal 0.980825 -0.194891 0
    outer loop
      vertex -27.8397 -37.3634 7.4
      vertex -27.8091 -37.2094 2.4
      vertex -27.8091 -37.2094 7.4
    endloop
  endfacet
  facet normal 0.980825 -0.194891 0
    outer loop
      vertex -27.8091 -37.2094 2.4
      vertex -27.8397 -37.3634 7.4
      vertex -27.8397 -37.3634 2.4
    endloop
  endfacet
  facet normal 0.555582 -0.831462 0
    outer loop
      vertex -27.3805 -36.568 2.4
      vertex -27.25 -36.4808 7.4
      vertex -27.3805 -36.568 7.4
    endloop
  endfacet
  facet normal 0.555582 -0.831462 0
    outer loop
      vertex -27.25 -36.4808 7.4
      vertex -27.3805 -36.568 2.4
      vertex -27.25 -36.4808 2.4
    endloop
  endfacet
  facet normal 0.194891 -0.980825 0
    outer loop
      vertex -26.9606 -36.3609 2.4
      vertex -26.8066 -36.3303 7.4
      vertex -26.9606 -36.3609 7.4
    endloop
  endfacet
  facet normal 0.194891 -0.980825 0
    outer loop
      vertex -26.8066 -36.3303 7.4
      vertex -26.9606 -36.3609 2.4
      vertex -26.8066 -36.3303 2.4
    endloop
  endfacet
  facet normal -0.194891 0.980825 0
    outer loop
      vertex -26.3394 -38.6791 2.4
      vertex -26.4934 -38.7097 7.4
      vertex -26.3394 -38.6791 7.4
    endloop
  endfacet
  facet normal -0.194891 0.980825 0
    outer loop
      vertex -26.4934 -38.7097 7.4
      vertex -26.3394 -38.6791 2.4
      vertex -26.4934 -38.7097 2.4
    endloop
  endfacet
  facet normal -0.555582 0.831462 0
    outer loop
      vertex -25.9195 -38.472 2.4
      vertex -26.05 -38.5592 7.4
      vertex -25.9195 -38.472 7.4
    endloop
  endfacet
  facet normal -0.555582 0.831462 0
    outer loop
      vertex -26.05 -38.5592 7.4
      vertex -25.9195 -38.472 2.4
      vertex -26.05 -38.5592 2.4
    endloop
  endfacet
  facet normal -0.751787 0.659406 0
    outer loop
      vertex -25.8015 -38.3685 2.4
      vertex -25.698 -38.2505 7.4
      vertex -25.698 -38.2505 2.4
    endloop
  endfacet
  facet normal -0.751787 0.659406 0
    outer loop
      vertex -25.698 -38.2505 7.4
      vertex -25.8015 -38.3685 2.4
      vertex -25.8015 -38.3685 7.4
    endloop
  endfacet
  facet normal -0.896708 0.442622 0
    outer loop
      vertex -25.6108 -38.12 2.4
      vertex -25.5413 -37.9792 7.4
      vertex -25.5413 -37.9792 2.4
    endloop
  endfacet
  facet normal -0.896708 0.442622 0
    outer loop
      vertex -25.5413 -37.9792 7.4
      vertex -25.6108 -38.12 2.4
      vertex -25.6108 -38.12 7.4
    endloop
  endfacet
  facet normal 0.659406 0.751787 -0
    outer loop
      vertex -27.3805 -38.472 2.4
      vertex -27.4985 -38.3685 7.4
      vertex -27.3805 -38.472 7.4
    endloop
  endfacet
  facet normal 0.659406 0.751787 0
    outer loop
      vertex -27.4985 -38.3685 7.4
      vertex -27.3805 -38.472 2.4
      vertex -27.4985 -38.3685 2.4
    endloop
  endfacet
  facet normal 0.442622 0.896708 -0
    outer loop
      vertex -27.1092 -38.6287 2.4
      vertex -27.25 -38.5592 7.4
      vertex -27.1092 -38.6287 7.4
    endloop
  endfacet
  facet normal 0.442622 0.896708 0
    outer loop
      vertex -27.25 -38.5592 7.4
      vertex -27.1092 -38.6287 2.4
      vertex -27.25 -38.5592 2.4
    endloop
  endfacet
  facet normal 0.321194 0.947013 -0
    outer loop
      vertex -26.9606 -38.6791 2.4
      vertex -27.1092 -38.6287 7.4
      vertex -26.9606 -38.6791 7.4
    endloop
  endfacet
  facet normal 0.321194 0.947013 0
    outer loop
      vertex -27.1092 -38.6287 7.4
      vertex -26.9606 -38.6791 2.4
      vertex -27.1092 -38.6287 2.4
    endloop
  endfacet
  facet normal 0.0656309 0.997844 -0
    outer loop
      vertex -26.65 -38.72 2.4
      vertex -26.8066 -38.7097 7.4
      vertex -26.65 -38.72 7.4
    endloop
  endfacet
  facet normal 0.0656309 0.997844 0
    outer loop
      vertex -26.8066 -38.7097 7.4
      vertex -26.65 -38.72 2.4
      vertex -26.8066 -38.7097 2.4
    endloop
  endfacet
  facet normal 0.831462 0.555582 0
    outer loop
      vertex -27.602 -38.2505 7.4
      vertex -27.6892 -38.12 2.4
      vertex -27.6892 -38.12 7.4
    endloop
  endfacet
  facet normal 0.831462 0.555582 0
    outer loop
      vertex -27.6892 -38.12 2.4
      vertex -27.602 -38.2505 7.4
      vertex -27.602 -38.2505 2.4
    endloop
  endfacet
  facet normal 0.980825 0.194891 0
    outer loop
      vertex -27.8091 -37.8306 7.4
      vertex -27.8397 -37.6766 2.4
      vertex -27.8397 -37.6766 7.4
    endloop
  endfacet
  facet normal 0.980825 0.194891 0
    outer loop
      vertex -27.8397 -37.6766 2.4
      vertex -27.8091 -37.8306 7.4
      vertex -27.8091 -37.8306 2.4
    endloop
  endfacet
  facet normal -0.659406 0.751787 0
    outer loop
      vertex -25.8015 -38.3685 2.4
      vertex -25.9195 -38.472 7.4
      vertex -25.8015 -38.3685 7.4
    endloop
  endfacet
  facet normal -0.659406 0.751787 0
    outer loop
      vertex -25.9195 -38.472 7.4
      vertex -25.8015 -38.3685 2.4
      vertex -25.9195 -38.472 2.4
    endloop
  endfacet
  facet normal -0.831462 0.555582 0
    outer loop
      vertex -25.698 -38.2505 2.4
      vertex -25.6108 -38.12 7.4
      vertex -25.6108 -38.12 2.4
    endloop
  endfacet
  facet normal -0.831462 0.555582 0
    outer loop
      vertex -25.6108 -38.12 7.4
      vertex -25.698 -38.2505 2.4
      vertex -25.698 -38.2505 7.4
    endloop
  endfacet
  facet normal -0.980825 0.194891 0
    outer loop
      vertex -25.4909 -37.8306 2.4
      vertex -25.4603 -37.6766 7.4
      vertex -25.4603 -37.6766 2.4
    endloop
  endfacet
  facet normal -0.980825 0.194891 0
    outer loop
      vertex -25.4603 -37.6766 7.4
      vertex -25.4909 -37.8306 2.4
      vertex -25.4909 -37.8306 7.4
    endloop
  endfacet
  facet normal -0.947013 0.321194 0
    outer loop
      vertex -25.5413 -37.9792 2.4
      vertex -25.4909 -37.8306 7.4
      vertex -25.4909 -37.8306 2.4
    endloop
  endfacet
  facet normal -0.947013 0.321194 0
    outer loop
      vertex -25.4909 -37.8306 7.4
      vertex -25.5413 -37.9792 2.4
      vertex -25.5413 -37.9792 7.4
    endloop
  endfacet
  facet normal -0.997844 0.0656309 0
    outer loop
      vertex -25.4603 -37.6766 2.4
      vertex -25.45 -37.52 7.4
      vertex -25.45 -37.52 2.4
    endloop
  endfacet
  facet normal -0.997844 0.0656309 0
    outer loop
      vertex -25.45 -37.52 7.4
      vertex -25.4603 -37.6766 2.4
      vertex -25.4603 -37.6766 7.4
    endloop
  endfacet
  facet normal 0.555582 0.831462 -0
    outer loop
      vertex -27.25 -38.5592 2.4
      vertex -27.3805 -38.472 7.4
      vertex -27.25 -38.5592 7.4
    endloop
  endfacet
  facet normal 0.555582 0.831462 0
    outer loop
      vertex -27.3805 -38.472 7.4
      vertex -27.25 -38.5592 2.4
      vertex -27.3805 -38.472 2.4
    endloop
  endfacet
  facet normal 0.194891 0.980825 -0
    outer loop
      vertex -26.8066 -38.7097 2.4
      vertex -26.9606 -38.6791 7.4
      vertex -26.8066 -38.7097 7.4
    endloop
  endfacet
  facet normal 0.194891 0.980825 0
    outer loop
      vertex -26.9606 -38.6791 7.4
      vertex -26.8066 -38.7097 2.4
      vertex -26.9606 -38.6791 2.4
    endloop
  endfacet
  facet normal 0.751787 0.659406 0
    outer loop
      vertex -27.4985 -38.3685 7.4
      vertex -27.602 -38.2505 2.4
      vertex -27.602 -38.2505 7.4
    endloop
  endfacet
  facet normal 0.751787 0.659406 0
    outer loop
      vertex -27.602 -38.2505 2.4
      vertex -27.4985 -38.3685 7.4
      vertex -27.4985 -38.3685 2.4
    endloop
  endfacet
  facet normal 0.947013 0.321194 0
    outer loop
      vertex -27.7587 -37.9792 7.4
      vertex -27.8091 -37.8306 2.4
      vertex -27.8091 -37.8306 7.4
    endloop
  endfacet
  facet normal 0.947013 0.321194 0
    outer loop
      vertex -27.8091 -37.8306 2.4
      vertex -27.7587 -37.9792 7.4
      vertex -27.7587 -37.9792 2.4
    endloop
  endfacet
  facet normal 0.997859 0.0654055 0
    outer loop
      vertex 30.25 -37.52 7.4
      vertex 30.2192 -37.0501 2.4
      vertex 30.2192 -37.0501 7.4
    endloop
  endfacet
  facet normal 0.997859 0.0654055 0
    outer loop
      vertex 30.2192 -37.0501 2.4
      vertex 30.25 -37.52 7.4
      vertex 30.25 -37.52 2.4
    endloop
  endfacet
  facet normal -0.997859 0.0654055 0
    outer loop
      vertex 23.05 -37.52 2.4
      vertex 23.0808 -37.0501 7.4
      vertex 23.0808 -37.0501 2.4
    endloop
  endfacet
  facet normal -0.997859 0.0654055 0
    outer loop
      vertex 23.0808 -37.0501 7.4
      vertex 23.05 -37.52 2.4
      vertex 23.05 -37.52 7.4
    endloop
  endfacet
  facet normal -0.0654055 0.997859 0
    outer loop
      vertex 26.65 -33.92 2.4
      vertex 26.1801 -33.9508 7.4
      vertex 26.65 -33.92 7.4
    endloop
  endfacet
  facet normal -0.0654055 0.997859 0
    outer loop
      vertex 26.1801 -33.9508 7.4
      vertex 26.65 -33.92 2.4
      vertex 26.1801 -33.9508 2.4
    endloop
  endfacet
  facet normal 0.0654055 -0.997859 0
    outer loop
      vertex 26.65 -41.12 2.4
      vertex 27.1199 -41.0892 7.4
      vertex 26.65 -41.12 7.4
    endloop
  endfacet
  facet normal 0.0654055 -0.997859 0
    outer loop
      vertex 27.1199 -41.0892 7.4
      vertex 26.65 -41.12 2.4
      vertex 27.1199 -41.0892 2.4
    endloop
  endfacet
  facet normal 0.659301 0.751879 -0
    outer loop
      vertex 29.1956 -34.9744 2.4
      vertex 28.8415 -34.6639 7.4
      vertex 29.1956 -34.9744 7.4
    endloop
  endfacet
  facet normal 0.659301 0.751879 0
    outer loop
      vertex 28.8415 -34.6639 7.4
      vertex 29.1956 -34.9744 2.4
      vertex 28.8415 -34.6639 2.4
    endloop
  endfacet
  facet normal -0.751879 0.659301 0
    outer loop
      vertex 23.7939 -35.3285 2.4
      vertex 24.1044 -34.9744 7.4
      vertex 24.1044 -34.9744 2.4
    endloop
  endfacet
  facet normal -0.751879 0.659301 0
    outer loop
      vertex 24.1044 -34.9744 7.4
      vertex 23.7939 -35.3285 2.4
      vertex 23.7939 -35.3285 7.4
    endloop
  endfacet
  facet normal -0.442365 0.896835 0
    outer loop
      vertex 25.2723 -34.194 2.4
      vertex 24.85 -34.4023 7.4
      vertex 25.2723 -34.194 7.4
    endloop
  endfacet
  facet normal -0.442365 0.896835 0
    outer loop
      vertex 24.85 -34.4023 7.4
      vertex 25.2723 -34.194 2.4
      vertex 24.85 -34.4023 2.4
    endloop
  endfacet
  facet normal 0.896835 0.442365 0
    outer loop
      vertex 29.976 -36.1423 7.4
      vertex 29.7677 -35.72 2.4
      vertex 29.7677 -35.72 7.4
    endloop
  endfacet
  facet normal 0.896835 0.442365 0
    outer loop
      vertex 29.7677 -35.72 2.4
      vertex 29.976 -36.1423 7.4
      vertex 29.976 -36.1423 2.4
    endloop
  endfacet
  facet normal 0.831462 0.555582 0
    outer loop
      vertex 29.7677 -35.72 7.4
      vertex 29.5061 -35.3285 2.4
      vertex 29.5061 -35.3285 7.4
    endloop
  endfacet
  facet normal 0.831462 0.555582 0
    outer loop
      vertex 29.5061 -35.3285 2.4
      vertex 29.7677 -35.72 7.4
      vertex 29.7677 -35.72 2.4
    endloop
  endfacet
  facet normal 0.321256 0.946993 -0
    outer loop
      vertex 28.0277 -34.194 2.4
      vertex 27.5817 -34.0427 7.4
      vertex 28.0277 -34.194 7.4
    endloop
  endfacet
  facet normal 0.321256 0.946993 0
    outer loop
      vertex 27.5817 -34.0427 7.4
      vertex 28.0277 -34.194 2.4
      vertex 27.5817 -34.0427 2.4
    endloop
  endfacet
  facet normal 0.195177 0.980768 -0
    outer loop
      vertex 27.5817 -34.0427 2.4
      vertex 27.1199 -33.9508 7.4
      vertex 27.5817 -34.0427 7.4
    endloop
  endfacet
  facet normal 0.195177 0.980768 0
    outer loop
      vertex 27.1199 -33.9508 7.4
      vertex 27.5817 -34.0427 2.4
      vertex 27.1199 -33.9508 2.4
    endloop
  endfacet
  facet normal 0.442365 0.896835 -0
    outer loop
      vertex 28.45 -34.4023 2.4
      vertex 28.0277 -34.194 7.4
      vertex 28.45 -34.4023 7.4
    endloop
  endfacet
  facet normal 0.442365 0.896835 0
    outer loop
      vertex 28.0277 -34.194 7.4
      vertex 28.45 -34.4023 2.4
      vertex 28.0277 -34.194 2.4
    endloop
  endfacet
  facet normal -0.896835 0.442365 0
    outer loop
      vertex 23.324 -36.1423 2.4
      vertex 23.5323 -35.72 7.4
      vertex 23.5323 -35.72 2.4
    endloop
  endfacet
  facet normal -0.896835 0.442365 0
    outer loop
      vertex 23.5323 -35.72 7.4
      vertex 23.324 -36.1423 2.4
      vertex 23.324 -36.1423 7.4
    endloop
  endfacet
  facet normal -0.831462 0.555582 0
    outer loop
      vertex 23.5323 -35.72 2.4
      vertex 23.7939 -35.3285 7.4
      vertex 23.7939 -35.3285 2.4
    endloop
  endfacet
  facet normal -0.831462 0.555582 0
    outer loop
      vertex 23.7939 -35.3285 7.4
      vertex 23.5323 -35.72 2.4
      vertex 23.5323 -35.72 7.4
    endloop
  endfacet
  facet normal 0 0 1
    outer loop
      vertex 27.85 -37.52 7.4
      vertex 30.25 -37.52 7.4
      vertex 30.2192 -37.0501 7.4
    endloop
  endfacet
  facet normal 0 0 1
    outer loop
      vertex 27.8397 -37.3634 7.4
      vertex 30.2192 -37.0501 7.4
      vertex 30.1273 -36.5883 7.4
    endloop
  endfacet
  facet normal 0 0 1
    outer loop
      vertex 30.25 -37.52 7.4
      vertex 27.85 -37.52 7.4
      vertex 30.2192 -37.9899 7.4
    endloop
  endfacet
  facet normal 0 0 1
    outer loop
      vertex 27.8091 -37.2094 7.4
      vertex 30.1273 -36.5883 7.4
      vertex 29.976 -36.1423 7.4
    endloop
  endfacet
  facet normal -0 0 1
    outer loop
      vertex 27.8397 -37.6766 7.4
      vertex 30.2192 -37.9899 7.4
      vertex 27.85 -37.52 7.4
    endloop
  endfacet
  facet normal 0 0 1
    outer loop
      vertex 27.7587 -37.0608 7.4
      vertex 29.976 -36.1423 7.4
      vertex 29.7677 -35.72 7.4
    endloop
  endfacet
  facet normal 0 0 1
    outer loop
      vertex 30.2192 -37.9899 7.4
      vertex 27.8397 -37.6766 7.4
      vertex 30.1273 -38.4517 7.4
    endloop
  endfacet
  facet normal 0 0 1
    outer loop
      vertex 27.6892 -36.92 7.4
      vertex 29.7677 -35.72 7.4
      vertex 29.5061 -35.3285 7.4
    endloop
  endfacet
  facet normal -0 0 1
    outer loop
      vertex 27.8091 -37.8306 7.4
      vertex 30.1273 -38.4517 7.4
      vertex 27.8397 -37.6766 7.4
    endloop
  endfacet
  facet normal 0 0 1
    outer loop
      vertex 27.602 -36.7895 7.4
      vertex 29.5061 -35.3285 7.4
      vertex 29.1956 -34.9744 7.4
    endloop
  endfacet
  facet normal 0 0 1
    outer loop
      vertex 30.1273 -38.4517 7.4
      vertex 27.8091 -37.8306 7.4
      vertex 29.976 -38.8977 7.4
    endloop
  endfacet
  facet normal 0 0 1
    outer loop
      vertex 27.4985 -36.6715 7.4
      vertex 29.1956 -34.9744 7.4
      vertex 28.8415 -34.6639 7.4
    endloop
  endfacet
  facet normal -0 0 1
    outer loop
      vertex 27.7587 -37.9792 7.4
      vertex 29.976 -38.8977 7.4
      vertex 27.8091 -37.8306 7.4
    endloop
  endfacet
  facet normal 0 0 1
    outer loop
      vertex 27.3805 -36.568 7.4
      vertex 28.8415 -34.6639 7.4
      vertex 28.45 -34.4023 7.4
    endloop
  endfacet
  facet normal 0 0 1
    outer loop
      vertex 29.976 -38.8977 7.4
      vertex 27.7587 -37.9792 7.4
      vertex 29.7677 -39.32 7.4
    endloop
  endfacet
  facet normal 0 0 1
    outer loop
      vertex 27.25 -36.4808 7.4
      vertex 28.45 -34.4023 7.4
      vertex 28.0277 -34.194 7.4
    endloop
  endfacet
  facet normal -0 0 1
    outer loop
      vertex 27.6892 -38.12 7.4
      vertex 29.7677 -39.32 7.4
      vertex 27.7587 -37.9792 7.4
    endloop
  endfacet
  facet normal 0 0 1
    outer loop
      vertex 29.7677 -39.32 7.4
      vertex 27.6892 -38.12 7.4
      vertex 29.5061 -39.7115 7.4
    endloop
  endfacet
  facet normal 0 0 1
    outer loop
      vertex 30.2192 -37.0501 7.4
      vertex 27.8397 -37.3634 7.4
      vertex 27.85 -37.52 7.4
    endloop
  endfacet
  facet normal 0 0 1
    outer loop
      vertex 30.1273 -36.5883 7.4
      vertex 27.8091 -37.2094 7.4
      vertex 27.8397 -37.3634 7.4
    endloop
  endfacet
  facet normal 0 0 1
    outer loop
      vertex 29.976 -36.1423 7.4
      vertex 27.7587 -37.0608 7.4
      vertex 27.8091 -37.2094 7.4
    endloop
  endfacet
  facet normal 0 0 1
    outer loop
      vertex 29.7677 -35.72 7.4
      vertex 27.6892 -36.92 7.4
      vertex 27.7587 -37.0608 7.4
    endloop
  endfacet
  facet normal 0 0 1
    outer loop
      vertex 29.5061 -35.3285 7.4
      vertex 27.602 -36.7895 7.4
      vertex 27.6892 -36.92 7.4
    endloop
  endfacet
  facet normal 0 0 1
    outer loop
      vertex 27.1092 -36.4113 7.4
      vertex 28.0277 -34.194 7.4
      vertex 27.5817 -34.0427 7.4
    endloop
  endfacet
  facet normal 0 0 1
    outer loop
      vertex 29.1956 -34.9744 7.4
      vertex 27.4985 -36.6715 7.4
      vertex 27.602 -36.7895 7.4
    endloop
  endfacet
  facet normal 0 0 1
    outer loop
      vertex 28.8415 -34.6639 7.4
      vertex 27.3805 -36.568 7.4
      vertex 27.4985 -36.6715 7.4
    endloop
  endfacet
  facet normal 0 0 1
    outer loop
      vertex 28.45 -34.4023 7.4
      vertex 27.25 -36.4808 7.4
      vertex 27.3805 -36.568 7.4
    endloop
  endfacet
  facet normal 0 0 1
    outer loop
      vertex 26.9606 -36.3609 7.4
      vertex 27.5817 -34.0427 7.4
      vertex 27.1199 -33.9508 7.4
    endloop
  endfacet
  facet normal 0 0 1
    outer loop
      vertex 28.0277 -34.194 7.4
      vertex 27.1092 -36.4113 7.4
      vertex 27.25 -36.4808 7.4
    endloop
  endfacet
  facet normal 0 0 1
    outer loop
      vertex 27.5817 -34.0427 7.4
      vertex 26.9606 -36.3609 7.4
      vertex 27.1092 -36.4113 7.4
    endloop
  endfacet
  facet normal 0 0 1
    outer loop
      vertex 27.1199 -33.9508 7.4
      vertex 26.8066 -36.3303 7.4
      vertex 26.9606 -36.3609 7.4
    endloop
  endfacet
  facet normal 0 0 1
    outer loop
      vertex 26.65 -33.92 7.4
      vertex 26.8066 -36.3303 7.4
      vertex 27.1199 -33.9508 7.4
    endloop
  endfacet
  facet normal 0 0 1
    outer loop
      vertex 26.65 -33.92 7.4
      vertex 26.65 -36.32 7.4
      vertex 26.8066 -36.3303 7.4
    endloop
  endfacet
  facet normal 0 0 1
    outer loop
      vertex 26.65 -33.92 7.4
      vertex 26.4934 -36.3303 7.4
      vertex 26.65 -36.32 7.4
    endloop
  endfacet
  facet normal -0 0 1
    outer loop
      vertex 26.1801 -33.9508 7.4
      vertex 26.4934 -36.3303 7.4
      vertex 26.65 -33.92 7.4
    endloop
  endfacet
  facet normal 0 0 1
    outer loop
      vertex 26.4934 -36.3303 7.4
      vertex 26.1801 -33.9508 7.4
      vertex 26.3394 -36.3609 7.4
    endloop
  endfacet
  facet normal -0 0 1
    outer loop
      vertex 25.7183 -34.0427 7.4
      vertex 26.3394 -36.3609 7.4
      vertex 26.1801 -33.9508 7.4
    endloop
  endfacet
  facet normal 0 0 1
    outer loop
      vertex 26.3394 -36.3609 7.4
      vertex 25.7183 -34.0427 7.4
      vertex 26.1908 -36.4113 7.4
    endloop
  endfacet
  facet normal -0 0 1
    outer loop
      vertex 25.2723 -34.194 7.4
      vertex 26.1908 -36.4113 7.4
      vertex 25.7183 -34.0427 7.4
    endloop
  endfacet
  facet normal 0 0 1
    outer loop
      vertex 26.1908 -36.4113 7.4
      vertex 25.2723 -34.194 7.4
      vertex 26.05 -36.4808 7.4
    endloop
  endfacet
  facet normal -0 0 1
    outer loop
      vertex 24.85 -34.4023 7.4
      vertex 26.05 -36.4808 7.4
      vertex 25.2723 -34.194 7.4
    endloop
  endfacet
  facet normal 0 0 1
    outer loop
      vertex 26.05 -36.4808 7.4
      vertex 24.85 -34.4023 7.4
      vertex 25.9195 -36.568 7.4
    endloop
  endfacet
  facet normal -0 0 1
    outer loop
      vertex 24.4585 -34.6639 7.4
      vertex 25.9195 -36.568 7.4
      vertex 24.85 -34.4023 7.4
    endloop
  endfacet
  facet normal 0 0 1
    outer loop
      vertex 25.9195 -36.568 7.4
      vertex 24.4585 -34.6639 7.4
      vertex 25.8015 -36.6715 7.4
    endloop
  endfacet
  facet normal -0 0 1
    outer loop
      vertex 24.1044 -34.9744 7.4
      vertex 25.8015 -36.6715 7.4
      vertex 24.4585 -34.6639 7.4
    endloop
  endfacet
  facet normal 0 0 1
    outer loop
      vertex 25.8015 -36.6715 7.4
      vertex 24.1044 -34.9744 7.4
      vertex 25.698 -36.7895 7.4
    endloop
  endfacet
  facet normal 0 0 1
    outer loop
      vertex 25.698 -36.7895 7.4
      vertex 23.7939 -35.3285 7.4
      vertex 25.6108 -36.92 7.4
    endloop
  endfacet
  facet normal -0 0 1
    outer loop
      vertex 23.7939 -35.3285 7.4
      vertex 25.698 -36.7895 7.4
      vertex 24.1044 -34.9744 7.4
    endloop
  endfacet
  facet normal -0 0 1
    outer loop
      vertex 27.602 -38.2505 7.4
      vertex 29.5061 -39.7115 7.4
      vertex 27.6892 -38.12 7.4
    endloop
  endfacet
  facet normal 0 0 1
    outer loop
      vertex 29.5061 -39.7115 7.4
      vertex 27.602 -38.2505 7.4
      vertex 29.1956 -40.0656 7.4
    endloop
  endfacet
  facet normal -0 0 1
    outer loop
      vertex 27.4985 -38.3685 7.4
      vertex 29.1956 -40.0656 7.4
      vertex 27.602 -38.2505 7.4
    endloop
  endfacet
  facet normal 0 0 1
    outer loop
      vertex 29.1956 -40.0656 7.4
      vertex 27.4985 -38.3685 7.4
      vertex 28.8415 -40.3761 7.4
    endloop
  endfacet
  facet normal -0 0 1
    outer loop
      vertex 27.3805 -38.472 7.4
      vertex 28.8415 -40.3761 7.4
      vertex 27.4985 -38.3685 7.4
    endloop
  endfacet
  facet normal 0 0 1
    outer loop
      vertex 28.8415 -40.3761 7.4
      vertex 27.3805 -38.472 7.4
      vertex 28.45 -40.6377 7.4
    endloop
  endfacet
  facet normal -0 0 1
    outer loop
      vertex 27.25 -38.5592 7.4
      vertex 28.45 -40.6377 7.4
      vertex 27.3805 -38.472 7.4
    endloop
  endfacet
  facet normal 0 0 1
    outer loop
      vertex 28.45 -40.6377 7.4
      vertex 27.25 -38.5592 7.4
      vertex 28.0277 -40.846 7.4
    endloop
  endfacet
  facet normal -0 0 1
    outer loop
      vertex 27.1092 -38.6287 7.4
      vertex 28.0277 -40.846 7.4
      vertex 27.25 -38.5592 7.4
    endloop
  endfacet
  facet normal 0 0 1
    outer loop
      vertex 28.0277 -40.846 7.4
      vertex 27.1092 -38.6287 7.4
      vertex 27.5817 -40.9973 7.4
    endloop
  endfacet
  facet normal -0 0 1
    outer loop
      vertex 26.9606 -38.6791 7.4
      vertex 27.5817 -40.9973 7.4
      vertex 27.1092 -38.6287 7.4
    endloop
  endfacet
  facet normal 0 0 1
    outer loop
      vertex 27.5817 -40.9973 7.4
      vertex 26.9606 -38.6791 7.4
      vertex 27.1199 -41.0892 7.4
    endloop
  endfacet
  facet normal -0 0 1
    outer loop
      vertex 26.8066 -38.7097 7.4
      vertex 27.1199 -41.0892 7.4
      vertex 26.9606 -38.6791 7.4
    endloop
  endfacet
  facet normal -0 0 1
    outer loop
      vertex 26.65 -38.72 7.4
      vertex 27.1199 -41.0892 7.4
      vertex 26.8066 -38.7097 7.4
    endloop
  endfacet
  facet normal 0 0 1
    outer loop
      vertex 26.65 -38.72 7.4
      vertex 26.65 -41.12 7.4
      vertex 27.1199 -41.0892 7.4
    endloop
  endfacet
  facet normal 0 0 1
    outer loop
      vertex 26.4934 -38.7097 7.4
      vertex 26.65 -41.12 7.4
      vertex 26.65 -38.72 7.4
    endloop
  endfacet
  facet normal 0 0 1
    outer loop
      vertex 26.1801 -41.0892 7.4
      vertex 26.4934 -38.7097 7.4
      vertex 26.3394 -38.6791 7.4
    endloop
  endfacet
  facet normal 0 0 1
    outer loop
      vertex 25.7183 -40.9973 7.4
      vertex 26.3394 -38.6791 7.4
      vertex 26.1908 -38.6287 7.4
    endloop
  endfacet
  facet normal 0 0 1
    outer loop
      vertex 26.4934 -38.7097 7.4
      vertex 26.1801 -41.0892 7.4
      vertex 26.65 -41.12 7.4
    endloop
  endfacet
  facet normal 0 0 1
    outer loop
      vertex 25.2723 -40.846 7.4
      vertex 26.1908 -38.6287 7.4
      vertex 26.05 -38.5592 7.4
    endloop
  endfacet
  facet normal 0 0 1
    outer loop
      vertex 24.85 -40.6377 7.4
      vertex 26.05 -38.5592 7.4
      vertex 25.9195 -38.472 7.4
    endloop
  endfacet
  facet normal 0 0 1
    outer loop
      vertex 24.4585 -40.3761 7.4
      vertex 25.9195 -38.472 7.4
      vertex 25.8015 -38.3685 7.4
    endloop
  endfacet
  facet normal 0 0 1
    outer loop
      vertex 26.3394 -38.6791 7.4
      vertex 25.7183 -40.9973 7.4
      vertex 26.1801 -41.0892 7.4
    endloop
  endfacet
  facet normal 0 0 1
    outer loop
      vertex 24.1044 -40.0656 7.4
      vertex 25.8015 -38.3685 7.4
      vertex 25.698 -38.2505 7.4
    endloop
  endfacet
  facet normal 0 0 1
    outer loop
      vertex 23.7939 -39.7115 7.4
      vertex 25.698 -38.2505 7.4
      vertex 25.6108 -38.12 7.4
    endloop
  endfacet
  facet normal 0 0 1
    outer loop
      vertex 23.5323 -39.32 7.4
      vertex 25.6108 -38.12 7.4
      vertex 25.5413 -37.9792 7.4
    endloop
  endfacet
  facet normal 0 0 1
    outer loop
      vertex 23.324 -38.8977 7.4
      vertex 25.5413 -37.9792 7.4
      vertex 25.4909 -37.8306 7.4
    endloop
  endfacet
  facet normal 0 0 1
    outer loop
      vertex 23.1727 -38.4517 7.4
      vertex 25.4909 -37.8306 7.4
      vertex 25.4603 -37.6766 7.4
    endloop
  endfacet
  facet normal 0 0 1
    outer loop
      vertex 26.1908 -38.6287 7.4
      vertex 25.2723 -40.846 7.4
      vertex 25.7183 -40.9973 7.4
    endloop
  endfacet
  facet normal 0 0 1
    outer loop
      vertex 23.0808 -37.9899 7.4
      vertex 25.4603 -37.6766 7.4
      vertex 25.45 -37.52 7.4
    endloop
  endfacet
  facet normal -0 0 1
    outer loop
      vertex 23.5323 -35.72 7.4
      vertex 25.6108 -36.92 7.4
      vertex 23.7939 -35.3285 7.4
    endloop
  endfacet
  facet normal 0 0 1
    outer loop
      vertex 25.6108 -36.92 7.4
      vertex 23.5323 -35.72 7.4
      vertex 25.5413 -37.0608 7.4
    endloop
  endfacet
  facet normal 0 0 1
    outer loop
      vertex 26.05 -38.5592 7.4
      vertex 24.85 -40.6377 7.4
      vertex 25.2723 -40.846 7.4
    endloop
  endfacet
  facet normal -0 0 1
    outer loop
      vertex 23.324 -36.1423 7.4
      vertex 25.5413 -37.0608 7.4
      vertex 23.5323 -35.72 7.4
    endloop
  endfacet
  facet normal 0 0 1
    outer loop
      vertex 25.9195 -38.472 7.4
      vertex 24.4585 -40.3761 7.4
      vertex 24.85 -40.6377 7.4
    endloop
  endfacet
  facet normal 0 0 1
    outer loop
      vertex 25.5413 -37.0608 7.4
      vertex 23.324 -36.1423 7.4
      vertex 25.4909 -37.2094 7.4
    endloop
  endfacet
  facet normal 0 0 1
    outer loop
      vertex 25.8015 -38.3685 7.4
      vertex 24.1044 -40.0656 7.4
      vertex 24.4585 -40.3761 7.4
    endloop
  endfacet
  facet normal -0 0 1
    outer loop
      vertex 23.1727 -36.5883 7.4
      vertex 25.4909 -37.2094 7.4
      vertex 23.324 -36.1423 7.4
    endloop
  endfacet
  facet normal 0 0 1
    outer loop
      vertex 25.698 -38.2505 7.4
      vertex 23.7939 -39.7115 7.4
      vertex 24.1044 -40.0656 7.4
    endloop
  endfacet
  facet normal 0 0 1
    outer loop
      vertex 25.4909 -37.2094 7.4
      vertex 23.1727 -36.5883 7.4
      vertex 25.4603 -37.3634 7.4
    endloop
  endfacet
  facet normal 0 0 1
    outer loop
      vertex 25.6108 -38.12 7.4
      vertex 23.5323 -39.32 7.4
      vertex 23.7939 -39.7115 7.4
    endloop
  endfacet
  facet normal -0 0 1
    outer loop
      vertex 23.0808 -37.0501 7.4
      vertex 25.4603 -37.3634 7.4
      vertex 23.1727 -36.5883 7.4
    endloop
  endfacet
  facet normal 0 0 1
    outer loop
      vertex 25.5413 -37.9792 7.4
      vertex 23.324 -38.8977 7.4
      vertex 23.5323 -39.32 7.4
    endloop
  endfacet
  facet normal 0 0 1
    outer loop
      vertex 25.4603 -37.3634 7.4
      vertex 23.0808 -37.0501 7.4
      vertex 25.45 -37.52 7.4
    endloop
  endfacet
  facet normal 0 0 1
    outer loop
      vertex 25.4909 -37.8306 7.4
      vertex 23.1727 -38.4517 7.4
      vertex 23.324 -38.8977 7.4
    endloop
  endfacet
  facet normal 0 0 1
    outer loop
      vertex 23.05 -37.52 7.4
      vertex 25.45 -37.52 7.4
      vertex 23.0808 -37.0501 7.4
    endloop
  endfacet
  facet normal 0 0 1
    outer loop
      vertex 25.4603 -37.6766 7.4
      vertex 23.0808 -37.9899 7.4
      vertex 23.1727 -38.4517 7.4
    endloop
  endfacet
  facet normal 0 0 1
    outer loop
      vertex 25.45 -37.52 7.4
      vertex 23.05 -37.52 7.4
      vertex 23.0808 -37.9899 7.4
    endloop
  endfacet
  facet normal -0.555582 0.831462 0
    outer loop
      vertex 24.85 -34.4023 2.4
      vertex 24.4585 -34.6639 7.4
      vertex 24.85 -34.4023 7.4
    endloop
  endfacet
  facet normal -0.555582 0.831462 0
    outer loop
      vertex 24.4585 -34.6639 7.4
      vertex 24.85 -34.4023 2.4
      vertex 24.4585 -34.6639 2.4
    endloop
  endfacet
  facet normal -0.321256 0.946993 0
    outer loop
      vertex 25.7183 -34.0427 2.4
      vertex 25.2723 -34.194 7.4
      vertex 25.7183 -34.0427 7.4
    endloop
  endfacet
  facet normal -0.321256 0.946993 0
    outer loop
      vertex 25.2723 -34.194 7.4
      vertex 25.7183 -34.0427 2.4
      vertex 25.2723 -34.194 2.4
    endloop
  endfacet
  facet normal 0 0 -1
    outer loop
      vertex 27.85 -37.52 2.4
      vertex 30.25 -37.52 2.4
      vertex 30.2192 -37.9899 2.4
    endloop
  endfacet
  facet normal 0 0 -1
    outer loop
      vertex 27.8397 -37.6766 2.4
      vertex 30.2192 -37.9899 2.4
      vertex 30.1273 -38.4517 2.4
    endloop
  endfacet
  facet normal 0 0 -1
    outer loop
      vertex 30.25 -37.52 2.4
      vertex 27.85 -37.52 2.4
      vertex 30.2192 -37.0501 2.4
    endloop
  endfacet
  facet normal 0 0 -1
    outer loop
      vertex 27.8091 -37.8306 2.4
      vertex 30.1273 -38.4517 2.4
      vertex 29.976 -38.8977 2.4
    endloop
  endfacet
  facet normal 0 0 -1
    outer loop
      vertex 27.8397 -37.3634 2.4
      vertex 30.2192 -37.0501 2.4
      vertex 27.85 -37.52 2.4
    endloop
  endfacet
  facet normal 0 0 -1
    outer loop
      vertex 27.7587 -37.9792 2.4
      vertex 29.976 -38.8977 2.4
      vertex 29.7677 -39.32 2.4
    endloop
  endfacet
  facet normal -0 0 -1
    outer loop
      vertex 30.2192 -37.0501 2.4
      vertex 27.8397 -37.3634 2.4
      vertex 30.1273 -36.5883 2.4
    endloop
  endfacet
  facet normal 0 0 -1
    outer loop
      vertex 27.6892 -38.12 2.4
      vertex 29.7677 -39.32 2.4
      vertex 29.5061 -39.7115 2.4
    endloop
  endfacet
  facet normal 0 0 -1
    outer loop
      vertex 27.8091 -37.2094 2.4
      vertex 30.1273 -36.5883 2.4
      vertex 27.8397 -37.3634 2.4
    endloop
  endfacet
  facet normal 0 0 -1
    outer loop
      vertex 27.602 -38.2505 2.4
      vertex 29.5061 -39.7115 2.4
      vertex 29.1956 -40.0656 2.4
    endloop
  endfacet
  facet normal -0 0 -1
    outer loop
      vertex 30.1273 -36.5883 2.4
      vertex 27.8091 -37.2094 2.4
      vertex 29.976 -36.1423 2.4
    endloop
  endfacet
  facet normal 0 0 -1
    outer loop
      vertex 27.4985 -38.3685 2.4
      vertex 29.1956 -40.0656 2.4
      vertex 28.8415 -40.3761 2.4
    endloop
  endfacet
  facet normal 0 0 -1
    outer loop
      vertex 27.7587 -37.0608 2.4
      vertex 29.976 -36.1423 2.4
      vertex 27.8091 -37.2094 2.4
    endloop
  endfacet
  facet normal 0 0 -1
    outer loop
      vertex 27.3805 -38.472 2.4
      vertex 28.8415 -40.3761 2.4
      vertex 28.45 -40.6377 2.4
    endloop
  endfacet
  facet normal -0 0 -1
    outer loop
      vertex 29.976 -36.1423 2.4
      vertex 27.7587 -37.0608 2.4
      vertex 29.7677 -35.72 2.4
    endloop
  endfacet
  facet normal 0 0 -1
    outer loop
      vertex 27.25 -38.5592 2.4
      vertex 28.45 -40.6377 2.4
      vertex 28.0277 -40.846 2.4
    endloop
  endfacet
  facet normal 0 0 -1
    outer loop
      vertex 27.6892 -36.92 2.4
      vertex 29.7677 -35.72 2.4
      vertex 27.7587 -37.0608 2.4
    endloop
  endfacet
  facet normal -0 0 -1
    outer loop
      vertex 29.7677 -35.72 2.4
      vertex 27.6892 -36.92 2.4
      vertex 29.5061 -35.3285 2.4
    endloop
  endfacet
  facet normal 0 0 -1
    outer loop
      vertex 30.2192 -37.9899 2.4
      vertex 27.8397 -37.6766 2.4
      vertex 27.85 -37.52 2.4
    endloop
  endfacet
  facet normal 0 0 -1
    outer loop
      vertex 30.1273 -38.4517 2.4
      vertex 27.8091 -37.8306 2.4
      vertex 27.8397 -37.6766 2.4
    endloop
  endfacet
  facet normal 0 0 -1
    outer loop
      vertex 29.976 -38.8977 2.4
      vertex 27.7587 -37.9792 2.4
      vertex 27.8091 -37.8306 2.4
    endloop
  endfacet
  facet normal 0 0 -1
    outer loop
      vertex 29.7677 -39.32 2.4
      vertex 27.6892 -38.12 2.4
      vertex 27.7587 -37.9792 2.4
    endloop
  endfacet
  facet normal 0 0 -1
    outer loop
      vertex 29.5061 -39.7115 2.4
      vertex 27.602 -38.2505 2.4
      vertex 27.6892 -38.12 2.4
    endloop
  endfacet
  facet normal 0 0 -1
    outer loop
      vertex 27.1092 -38.6287 2.4
      vertex 28.0277 -40.846 2.4
      vertex 27.5817 -40.9973 2.4
    endloop
  endfacet
  facet normal 0 0 -1
    outer loop
      vertex 29.1956 -40.0656 2.4
      vertex 27.4985 -38.3685 2.4
      vertex 27.602 -38.2505 2.4
    endloop
  endfacet
  facet normal 0 0 -1
    outer loop
      vertex 28.8415 -40.3761 2.4
      vertex 27.3805 -38.472 2.4
      vertex 27.4985 -38.3685 2.4
    endloop
  endfacet
  facet normal 0 0 -1
    outer loop
      vertex 28.45 -40.6377 2.4
      vertex 27.25 -38.5592 2.4
      vertex 27.3805 -38.472 2.4
    endloop
  endfacet
  facet normal 0 0 -1
    outer loop
      vertex 26.9606 -38.6791 2.4
      vertex 27.5817 -40.9973 2.4
      vertex 27.1199 -41.0892 2.4
    endloop
  endfacet
  facet normal 0 0 -1
    outer loop
      vertex 28.0277 -40.846 2.4
      vertex 27.1092 -38.6287 2.4
      vertex 27.25 -38.5592 2.4
    endloop
  endfacet
  facet normal 0 0 -1
    outer loop
      vertex 27.5817 -40.9973 2.4
      vertex 26.9606 -38.6791 2.4
      vertex 27.1092 -38.6287 2.4
    endloop
  endfacet
  facet normal 0 0 -1
    outer loop
      vertex 27.1199 -41.0892 2.4
      vertex 26.8066 -38.7097 2.4
      vertex 26.9606 -38.6791 2.4
    endloop
  endfacet
  facet normal 0 0 -1
    outer loop
      vertex 26.65 -41.12 2.4
      vertex 26.8066 -38.7097 2.4
      vertex 27.1199 -41.0892 2.4
    endloop
  endfacet
  facet normal 0 0 -1
    outer loop
      vertex 26.65 -41.12 2.4
      vertex 26.65 -38.72 2.4
      vertex 26.8066 -38.7097 2.4
    endloop
  endfacet
  facet normal 0 0 -1
    outer loop
      vertex 26.65 -41.12 2.4
      vertex 26.4934 -38.7097 2.4
      vertex 26.65 -38.72 2.4
    endloop
  endfacet
  facet normal 0 0 -1
    outer loop
      vertex 26.1801 -41.0892 2.4
      vertex 26.4934 -38.7097 2.4
      vertex 26.65 -41.12 2.4
    endloop
  endfacet
  facet normal -0 0 -1
    outer loop
      vertex 26.4934 -38.7097 2.4
      vertex 26.1801 -41.0892 2.4
      vertex 26.3394 -38.6791 2.4
    endloop
  endfacet
  facet normal 0 0 -1
    outer loop
      vertex 25.7183 -40.9973 2.4
      vertex 26.3394 -38.6791 2.4
      vertex 26.1801 -41.0892 2.4
    endloop
  endfacet
  facet normal -0 0 -1
    outer loop
      vertex 26.3394 -38.6791 2.4
      vertex 25.7183 -40.9973 2.4
      vertex 26.1908 -38.6287 2.4
    endloop
  endfacet
  facet normal 0 0 -1
    outer loop
      vertex 25.2723 -40.846 2.4
      vertex 26.1908 -38.6287 2.4
      vertex 25.7183 -40.9973 2.4
    endloop
  endfacet
  facet normal -0 0 -1
    outer loop
      vertex 26.1908 -38.6287 2.4
      vertex 25.2723 -40.846 2.4
      vertex 26.05 -38.5592 2.4
    endloop
  endfacet
  facet normal 0 0 -1
    outer loop
      vertex 24.85 -40.6377 2.4
      vertex 26.05 -38.5592 2.4
      vertex 25.2723 -40.846 2.4
    endloop
  endfacet
  facet normal -0 0 -1
    outer loop
      vertex 26.05 -38.5592 2.4
      vertex 24.85 -40.6377 2.4
      vertex 25.9195 -38.472 2.4
    endloop
  endfacet
  facet normal 0 0 -1
    outer loop
      vertex 24.4585 -40.3761 2.4
      vertex 25.9195 -38.472 2.4
      vertex 24.85 -40.6377 2.4
    endloop
  endfacet
  facet normal -0 0 -1
    outer loop
      vertex 25.9195 -38.472 2.4
      vertex 24.4585 -40.3761 2.4
      vertex 25.8015 -38.3685 2.4
    endloop
  endfacet
  facet normal 0 0 -1
    outer loop
      vertex 24.1044 -40.0656 2.4
      vertex 25.8015 -38.3685 2.4
      vertex 24.4585 -40.3761 2.4
    endloop
  endfacet
  facet normal -0 0 -1
    outer loop
      vertex 25.8015 -38.3685 2.4
      vertex 24.1044 -40.0656 2.4
      vertex 25.698 -38.2505 2.4
    endloop
  endfacet
  facet normal -0 0 -1
    outer loop
      vertex 25.698 -38.2505 2.4
      vertex 23.7939 -39.7115 2.4
      vertex 25.6108 -38.12 2.4
    endloop
  endfacet
  facet normal 0 0 -1
    outer loop
      vertex 23.7939 -39.7115 2.4
      vertex 25.698 -38.2505 2.4
      vertex 24.1044 -40.0656 2.4
    endloop
  endfacet
  facet normal 0 0 -1
    outer loop
      vertex 27.602 -36.7895 2.4
      vertex 29.5061 -35.3285 2.4
      vertex 27.6892 -36.92 2.4
    endloop
  endfacet
  facet normal -0 0 -1
    outer loop
      vertex 29.5061 -35.3285 2.4
      vertex 27.602 -36.7895 2.4
      vertex 29.1956 -34.9744 2.4
    endloop
  endfacet
  facet normal 0 0 -1
    outer loop
      vertex 27.4985 -36.6715 2.4
      vertex 29.1956 -34.9744 2.4
      vertex 27.602 -36.7895 2.4
    endloop
  endfacet
  facet normal -0 0 -1
    outer loop
      vertex 29.1956 -34.9744 2.4
      vertex 27.4985 -36.6715 2.4
      vertex 28.8415 -34.6639 2.4
    endloop
  endfacet
  facet normal 0 0 -1
    outer loop
      vertex 27.3805 -36.568 2.4
      vertex 28.8415 -34.6639 2.4
      vertex 27.4985 -36.6715 2.4
    endloop
  endfacet
  facet normal -0 0 -1
    outer loop
      vertex 28.8415 -34.6639 2.4
      vertex 27.3805 -36.568 2.4
      vertex 28.45 -34.4023 2.4
    endloop
  endfacet
  facet normal 0 0 -1
    outer loop
      vertex 27.25 -36.4808 2.4
      vertex 28.45 -34.4023 2.4
      vertex 27.3805 -36.568 2.4
    endloop
  endfacet
  facet normal -0 0 -1
    outer loop
      vertex 28.45 -34.4023 2.4
      vertex 27.25 -36.4808 2.4
      vertex 28.0277 -34.194 2.4
    endloop
  endfacet
  facet normal 0 0 -1
    outer loop
      vertex 27.1092 -36.4113 2.4
      vertex 28.0277 -34.194 2.4
      vertex 27.25 -36.4808 2.4
    endloop
  endfacet
  facet normal -0 0 -1
    outer loop
      vertex 28.0277 -34.194 2.4
      vertex 27.1092 -36.4113 2.4
      vertex 27.5817 -34.0427 2.4
    endloop
  endfacet
  facet normal 0 0 -1
    outer loop
      vertex 26.9606 -36.3609 2.4
      vertex 27.5817 -34.0427 2.4
      vertex 27.1092 -36.4113 2.4
    endloop
  endfacet
  facet normal -0 0 -1
    outer loop
      vertex 27.5817 -34.0427 2.4
      vertex 26.9606 -36.3609 2.4
      vertex 27.1199 -33.9508 2.4
    endloop
  endfacet
  facet normal 0 0 -1
    outer loop
      vertex 26.8066 -36.3303 2.4
      vertex 27.1199 -33.9508 2.4
      vertex 26.9606 -36.3609 2.4
    endloop
  endfacet
  facet normal 0 0 -1
    outer loop
      vertex 26.65 -36.32 2.4
      vertex 27.1199 -33.9508 2.4
      vertex 26.8066 -36.3303 2.4
    endloop
  endfacet
  facet normal 0 0 -1
    outer loop
      vertex 26.65 -36.32 2.4
      vertex 26.65 -33.92 2.4
      vertex 27.1199 -33.9508 2.4
    endloop
  endfacet
  facet normal 0 0 -1
    outer loop
      vertex 26.4934 -36.3303 2.4
      vertex 26.65 -33.92 2.4
      vertex 26.65 -36.32 2.4
    endloop
  endfacet
  facet normal 0 0 -1
    outer loop
      vertex 26.1801 -33.9508 2.4
      vertex 26.4934 -36.3303 2.4
      vertex 26.3394 -36.3609 2.4
    endloop
  endfacet
  facet normal 0 0 -1
    outer loop
      vertex 25.7183 -34.0427 2.4
      vertex 26.3394 -36.3609 2.4
      vertex 26.1908 -36.4113 2.4
    endloop
  endfacet
  facet normal 0 0 -1
    outer loop
      vertex 26.4934 -36.3303 2.4
      vertex 26.1801 -33.9508 2.4
      vertex 26.65 -33.92 2.4
    endloop
  endfacet
  facet normal 0 0 -1
    outer loop
      vertex 25.2723 -34.194 2.4
      vertex 26.1908 -36.4113 2.4
      vertex 26.05 -36.4808 2.4
    endloop
  endfacet
  facet normal 0 0 -1
    outer loop
      vertex 24.85 -34.4023 2.4
      vertex 26.05 -36.4808 2.4
      vertex 25.9195 -36.568 2.4
    endloop
  endfacet
  facet normal 0 0 -1
    outer loop
      vertex 24.4585 -34.6639 2.4
      vertex 25.9195 -36.568 2.4
      vertex 25.8015 -36.6715 2.4
    endloop
  endfacet
  facet normal 0 0 -1
    outer loop
      vertex 26.3394 -36.3609 2.4
      vertex 25.7183 -34.0427 2.4
      vertex 26.1801 -33.9508 2.4
    endloop
  endfacet
  facet normal 0 0 -1
    outer loop
      vertex 24.1044 -34.9744 2.4
      vertex 25.8015 -36.6715 2.4
      vertex 25.698 -36.7895 2.4
    endloop
  endfacet
  facet normal 0 0 -1
    outer loop
      vertex 23.7939 -35.3285 2.4
      vertex 25.698 -36.7895 2.4
      vertex 25.6108 -36.92 2.4
    endloop
  endfacet
  facet normal 0 0 -1
    outer loop
      vertex 23.5323 -35.72 2.4
      vertex 25.6108 -36.92 2.4
      vertex 25.5413 -37.0608 2.4
    endloop
  endfacet
  facet normal 0 0 -1
    outer loop
      vertex 23.324 -36.1423 2.4
      vertex 25.5413 -37.0608 2.4
      vertex 25.4909 -37.2094 2.4
    endloop
  endfacet
  facet normal 0 0 -1
    outer loop
      vertex 23.1727 -36.5883 2.4
      vertex 25.4909 -37.2094 2.4
      vertex 25.4603 -37.3634 2.4
    endloop
  endfacet
  facet normal 0 0 -1
    outer loop
      vertex 26.1908 -36.4113 2.4
      vertex 25.2723 -34.194 2.4
      vertex 25.7183 -34.0427 2.4
    endloop
  endfacet
  facet normal 0 0 -1
    outer loop
      vertex 23.0808 -37.0501 2.4
      vertex 25.4603 -37.3634 2.4
      vertex 25.45 -37.52 2.4
    endloop
  endfacet
  facet normal 0 0 -1
    outer loop
      vertex 23.5323 -39.32 2.4
      vertex 25.6108 -38.12 2.4
      vertex 23.7939 -39.7115 2.4
    endloop
  endfacet
  facet normal -0 0 -1
    outer loop
      vertex 25.6108 -38.12 2.4
      vertex 23.5323 -39.32 2.4
      vertex 25.5413 -37.9792 2.4
    endloop
  endfacet
  facet normal 0 0 -1
    outer loop
      vertex 26.05 -36.4808 2.4
      vertex 24.85 -34.4023 2.4
      vertex 25.2723 -34.194 2.4
    endloop
  endfacet
  facet normal 0 0 -1
    outer loop
      vertex 23.324 -38.8977 2.4
      vertex 25.5413 -37.9792 2.4
      vertex 23.5323 -39.32 2.4
    endloop
  endfacet
  facet normal 0 0 -1
    outer loop
      vertex 25.9195 -36.568 2.4
      vertex 24.4585 -34.6639 2.4
      vertex 24.85 -34.4023 2.4
    endloop
  endfacet
  facet normal -0 0 -1
    outer loop
      vertex 25.5413 -37.9792 2.4
      vertex 23.324 -38.8977 2.4
      vertex 25.4909 -37.8306 2.4
    endloop
  endfacet
  facet normal 0 0 -1
    outer loop
      vertex 25.8015 -36.6715 2.4
      vertex 24.1044 -34.9744 2.4
      vertex 24.4585 -34.6639 2.4
    endloop
  endfacet
  facet normal 0 0 -1
    outer loop
      vertex 23.1727 -38.4517 2.4
      vertex 25.4909 -37.8306 2.4
      vertex 23.324 -38.8977 2.4
    endloop
  endfacet
  facet normal 0 0 -1
    outer loop
      vertex 25.698 -36.7895 2.4
      vertex 23.7939 -35.3285 2.4
      vertex 24.1044 -34.9744 2.4
    endloop
  endfacet
  facet normal -0 0 -1
    outer loop
      vertex 25.4909 -37.8306 2.4
      vertex 23.1727 -38.4517 2.4
      vertex 25.4603 -37.6766 2.4
    endloop
  endfacet
  facet normal 0 0 -1
    outer loop
      vertex 25.6108 -36.92 2.4
      vertex 23.5323 -35.72 2.4
      vertex 23.7939 -35.3285 2.4
    endloop
  endfacet
  facet normal 0 0 -1
    outer loop
      vertex 23.0808 -37.9899 2.4
      vertex 25.4603 -37.6766 2.4
      vertex 23.1727 -38.4517 2.4
    endloop
  endfacet
  facet normal 0 0 -1
    outer loop
      vertex 25.5413 -37.0608 2.4
      vertex 23.324 -36.1423 2.4
      vertex 23.5323 -35.72 2.4
    endloop
  endfacet
  facet normal -0 0 -1
    outer loop
      vertex 25.4603 -37.6766 2.4
      vertex 23.0808 -37.9899 2.4
      vertex 25.45 -37.52 2.4
    endloop
  endfacet
  facet normal 0 0 -1
    outer loop
      vertex 25.4909 -37.2094 2.4
      vertex 23.1727 -36.5883 2.4
      vertex 23.324 -36.1423 2.4
    endloop
  endfacet
  facet normal 0 0 -1
    outer loop
      vertex 23.05 -37.52 2.4
      vertex 25.45 -37.52 2.4
      vertex 23.0808 -37.9899 2.4
    endloop
  endfacet
  facet normal 0 0 -1
    outer loop
      vertex 25.4603 -37.3634 2.4
      vertex 23.0808 -37.0501 2.4
      vertex 23.1727 -36.5883 2.4
    endloop
  endfacet
  facet normal 0 0 -1
    outer loop
      vertex 25.45 -37.52 2.4
      vertex 23.05 -37.52 2.4
      vertex 23.0808 -37.0501 2.4
    endloop
  endfacet
  facet normal 0.195177 -0.980768 0
    outer loop
      vertex 27.1199 -41.0892 2.4
      vertex 27.5817 -40.9973 7.4
      vertex 27.1199 -41.0892 7.4
    endloop
  endfacet
  facet normal 0.195177 -0.980768 0
    outer loop
      vertex 27.5817 -40.9973 7.4
      vertex 27.1199 -41.0892 2.4
      vertex 27.5817 -40.9973 2.4
    endloop
  endfacet
  facet normal 0.946993 0.321256 0
    outer loop
      vertex 30.1273 -36.5883 7.4
      vertex 29.976 -36.1423 2.4
      vertex 29.976 -36.1423 7.4
    endloop
  endfacet
  facet normal 0.946993 0.321256 0
    outer loop
      vertex 29.976 -36.1423 2.4
      vertex 30.1273 -36.5883 7.4
      vertex 30.1273 -36.5883 2.4
    endloop
  endfacet
  facet normal 0.980768 0.195177 0
    outer loop
      vertex 30.2192 -37.0501 7.4
      vertex 30.1273 -36.5883 2.4
      vertex 30.1273 -36.5883 7.4
    endloop
  endfacet
  facet normal 0.980768 0.195177 0
    outer loop
      vertex 30.1273 -36.5883 2.4
      vertex 30.2192 -37.0501 7.4
      vertex 30.2192 -37.0501 2.4
    endloop
  endfacet
  facet normal 0.751879 0.659301 0
    outer loop
      vertex 29.5061 -35.3285 7.4
      vertex 29.1956 -34.9744 2.4
      vertex 29.1956 -34.9744 7.4
    endloop
  endfacet
  facet normal 0.751879 0.659301 0
    outer loop
      vertex 29.1956 -34.9744 2.4
      vertex 29.5061 -35.3285 7.4
      vertex 29.5061 -35.3285 2.4
    endloop
  endfacet
  facet normal 0.0654055 0.997859 -0
    outer loop
      vertex 27.1199 -33.9508 2.4
      vertex 26.65 -33.92 7.4
      vertex 27.1199 -33.9508 7.4
    endloop
  endfacet
  facet normal 0.0654055 0.997859 0
    outer loop
      vertex 26.65 -33.92 7.4
      vertex 27.1199 -33.9508 2.4
      vertex 26.65 -33.92 2.4
    endloop
  endfacet
  facet normal 0.555582 0.831462 -0
    outer loop
      vertex 28.8415 -34.6639 2.4
      vertex 28.45 -34.4023 7.4
      vertex 28.8415 -34.6639 7.4
    endloop
  endfacet
  facet normal 0.555582 0.831462 0
    outer loop
      vertex 28.45 -34.4023 7.4
      vertex 28.8415 -34.6639 2.4
      vertex 28.45 -34.4023 2.4
    endloop
  endfacet
  facet normal -0.946993 0.321256 0
    outer loop
      vertex 23.1727 -36.5883 2.4
      vertex 23.324 -36.1423 7.4
      vertex 23.324 -36.1423 2.4
    endloop
  endfacet
  facet normal -0.946993 0.321256 0
    outer loop
      vertex 23.324 -36.1423 7.4
      vertex 23.1727 -36.5883 2.4
      vertex 23.1727 -36.5883 7.4
    endloop
  endfacet
  facet normal -0.980768 0.195177 0
    outer loop
      vertex 23.0808 -37.0501 2.4
      vertex 23.1727 -36.5883 7.4
      vertex 23.1727 -36.5883 2.4
    endloop
  endfacet
  facet normal -0.980768 0.195177 0
    outer loop
      vertex 23.1727 -36.5883 7.4
      vertex 23.0808 -37.0501 2.4
      vertex 23.0808 -37.0501 7.4
    endloop
  endfacet
  facet normal -0.659301 0.751879 0
    outer loop
      vertex 24.4585 -34.6639 2.4
      vertex 24.1044 -34.9744 7.4
      vertex 24.4585 -34.6639 7.4
    endloop
  endfacet
  facet normal -0.659301 0.751879 0
    outer loop
      vertex 24.1044 -34.9744 7.4
      vertex 24.4585 -34.6639 2.4
      vertex 24.1044 -34.9744 2.4
    endloop
  endfacet
  facet normal -0.195177 0.980768 0
    outer loop
      vertex 26.1801 -33.9508 2.4
      vertex 25.7183 -34.0427 7.4
      vertex 26.1801 -33.9508 7.4
    endloop
  endfacet
  facet normal -0.195177 0.980768 0
    outer loop
      vertex 25.7183 -34.0427 7.4
      vertex 26.1801 -33.9508 2.4
      vertex 25.7183 -34.0427 2.4
    endloop
  endfacet
  facet normal 0.946993 -0.321256 0
    outer loop
      vertex 29.976 -38.8977 7.4
      vertex 30.1273 -38.4517 2.4
      vertex 30.1273 -38.4517 7.4
    endloop
  endfacet
  facet normal 0.946993 -0.321256 0
    outer loop
      vertex 30.1273 -38.4517 2.4
      vertex 29.976 -38.8977 7.4
      vertex 29.976 -38.8977 2.4
    endloop
  endfacet
  facet normal 0.980768 -0.195177 0
    outer loop
      vertex 30.1273 -38.4517 7.4
      vertex 30.2192 -37.9899 2.4
      vertex 30.2192 -37.9899 7.4
    endloop
  endfacet
  facet normal 0.980768 -0.195177 0
    outer loop
      vertex 30.2192 -37.9899 2.4
      vertex 30.1273 -38.4517 7.4
      vertex 30.1273 -38.4517 2.4
    endloop
  endfacet
  facet normal 0.555582 -0.831462 0
    outer loop
      vertex 28.45 -40.6377 2.4
      vertex 28.8415 -40.3761 7.4
      vertex 28.45 -40.6377 7.4
    endloop
  endfacet
  facet normal 0.555582 -0.831462 0
    outer loop
      vertex 28.8415 -40.3761 7.4
      vertex 28.45 -40.6377 2.4
      vertex 28.8415 -40.3761 2.4
    endloop
  endfacet
  facet normal 0.442365 -0.896835 0
    outer loop
      vertex 28.0277 -40.846 2.4
      vertex 28.45 -40.6377 7.4
      vertex 28.0277 -40.846 7.4
    endloop
  endfacet
  facet normal 0.442365 -0.896835 0
    outer loop
      vertex 28.45 -40.6377 7.4
      vertex 28.0277 -40.846 2.4
      vertex 28.45 -40.6377 2.4
    endloop
  endfacet
  facet normal 0.997859 -0.0654055 0
    outer loop
      vertex 30.2192 -37.9899 7.4
      vertex 30.25 -37.52 2.4
      vertex 30.25 -37.52 7.4
    endloop
  endfacet
  facet normal 0.997859 -0.0654055 0
    outer loop
      vertex 30.25 -37.52 2.4
      vertex 30.2192 -37.9899 7.4
      vertex 30.2192 -37.9899 2.4
    endloop
  endfacet
  facet normal -0.321256 -0.946993 0
    outer loop
      vertex 25.2723 -40.846 2.4
      vertex 25.7183 -40.9973 7.4
      vertex 25.2723 -40.846 7.4
    endloop
  endfacet
  facet normal -0.321256 -0.946993 -0
    outer loop
      vertex 25.7183 -40.9973 7.4
      vertex 25.2723 -40.846 2.4
      vertex 25.7183 -40.9973 2.4
    endloop
  endfacet
  facet normal -0.751879 -0.659301 0
    outer loop
      vertex 24.1044 -40.0656 2.4
      vertex 23.7939 -39.7115 7.4
      vertex 23.7939 -39.7115 2.4
    endloop
  endfacet
  facet normal -0.751879 -0.659301 0
    outer loop
      vertex 23.7939 -39.7115 7.4
      vertex 24.1044 -40.0656 2.4
      vertex 24.1044 -40.0656 7.4
    endloop
  endfacet
  facet normal -0.997859 -0.0654055 0
    outer loop
      vertex 23.0808 -37.9899 2.4
      vertex 23.05 -37.52 7.4
      vertex 23.05 -37.52 2.4
    endloop
  endfacet
  facet normal -0.997859 -0.0654055 0
    outer loop
      vertex 23.05 -37.52 7.4
      vertex 23.0808 -37.9899 2.4
      vertex 23.0808 -37.9899 7.4
    endloop
  endfacet
  facet normal -0.980768 -0.195177 0
    outer loop
      vertex 23.1727 -38.4517 2.4
      vertex 23.0808 -37.9899 7.4
      vertex 23.0808 -37.9899 2.4
    endloop
  endfacet
  facet normal -0.980768 -0.195177 0
    outer loop
      vertex 23.0808 -37.9899 7.4
      vertex 23.1727 -38.4517 2.4
      vertex 23.1727 -38.4517 7.4
    endloop
  endfacet
  facet normal -0.946993 -0.321256 0
    outer loop
      vertex 23.324 -38.8977 2.4
      vertex 23.1727 -38.4517 7.4
      vertex 23.1727 -38.4517 2.4
    endloop
  endfacet
  facet normal -0.946993 -0.321256 0
    outer loop
      vertex 23.1727 -38.4517 7.4
      vertex 23.324 -38.8977 2.4
      vertex 23.324 -38.8977 7.4
    endloop
  endfacet
  facet normal 0.659301 -0.751879 0
    outer loop
      vertex 28.8415 -40.3761 2.4
      vertex 29.1956 -40.0656 7.4
      vertex 28.8415 -40.3761 7.4
    endloop
  endfacet
  facet normal 0.659301 -0.751879 0
    outer loop
      vertex 29.1956 -40.0656 7.4
      vertex 28.8415 -40.3761 2.4
      vertex 29.1956 -40.0656 2.4
    endloop
  endfacet
  facet normal 0.321256 -0.946993 0
    outer loop
      vertex 27.5817 -40.9973 2.4
      vertex 28.0277 -40.846 7.4
      vertex 27.5817 -40.9973 7.4
    endloop
  endfacet
  facet normal 0.321256 -0.946993 0
    outer loop
      vertex 28.0277 -40.846 7.4
      vertex 27.5817 -40.9973 2.4
      vertex 28.0277 -40.846 2.4
    endloop
  endfacet
  facet normal 0.896835 -0.442365 0
    outer loop
      vertex 29.7677 -39.32 7.4
      vertex 29.976 -38.8977 2.4
      vertex 29.976 -38.8977 7.4
    endloop
  endfacet
  facet normal 0.896835 -0.442365 0
    outer loop
      vertex 29.976 -38.8977 2.4
      vertex 29.7677 -39.32 7.4
      vertex 29.7677 -39.32 2.4
    endloop
  endfacet
  facet normal 0.831462 -0.555582 0
    outer loop
      vertex 29.5061 -39.7115 7.4
      vertex 29.7677 -39.32 2.4
      vertex 29.7677 -39.32 7.4
    endloop
  endfacet
  facet normal 0.831462 -0.555582 0
    outer loop
      vertex 29.7677 -39.32 2.4
      vertex 29.5061 -39.7115 7.4
      vertex 29.5061 -39.7115 2.4
    endloop
  endfacet
  facet normal -0.0654055 -0.997859 0
    outer loop
      vertex 26.1801 -41.0892 2.4
      vertex 26.65 -41.12 7.4
      vertex 26.1801 -41.0892 7.4
    endloop
  endfacet
  facet normal -0.0654055 -0.997859 -0
    outer loop
      vertex 26.65 -41.12 7.4
      vertex 26.1801 -41.0892 2.4
      vertex 26.65 -41.12 2.4
    endloop
  endfacet
  facet normal -0.555582 -0.831462 0
    outer loop
      vertex 24.4585 -40.3761 2.4
      vertex 24.85 -40.6377 7.4
      vertex 24.4585 -40.3761 7.4
    endloop
  endfacet
  facet normal -0.555582 -0.831462 -0
    outer loop
      vertex 24.85 -40.6377 7.4
      vertex 24.4585 -40.3761 2.4
      vertex 24.85 -40.6377 2.4
    endloop
  endfacet
  facet normal -0.195177 -0.980768 0
    outer loop
      vertex 25.7183 -40.9973 2.4
      vertex 26.1801 -41.0892 7.4
      vertex 25.7183 -40.9973 7.4
    endloop
  endfacet
  facet normal -0.195177 -0.980768 -0
    outer loop
      vertex 26.1801 -41.0892 7.4
      vertex 25.7183 -40.9973 2.4
      vertex 26.1801 -41.0892 2.4
    endloop
  endfacet
  facet normal -0.659301 -0.751879 0
    outer loop
      vertex 24.1044 -40.0656 2.4
      vertex 24.4585 -40.3761 7.4
      vertex 24.1044 -40.0656 7.4
    endloop
  endfacet
  facet normal -0.659301 -0.751879 -0
    outer loop
      vertex 24.4585 -40.3761 7.4
      vertex 24.1044 -40.0656 2.4
      vertex 24.4585 -40.3761 2.4
    endloop
  endfacet
  facet normal -0.831462 -0.555582 0
    outer loop
      vertex 23.7939 -39.7115 2.4
      vertex 23.5323 -39.32 7.4
      vertex 23.5323 -39.32 2.4
    endloop
  endfacet
  facet normal -0.831462 -0.555582 0
    outer loop
      vertex 23.5323 -39.32 7.4
      vertex 23.7939 -39.7115 2.4
      vertex 23.7939 -39.7115 7.4
    endloop
  endfacet
  facet normal -0.896835 -0.442365 0
    outer loop
      vertex 23.5323 -39.32 2.4
      vertex 23.324 -38.8977 7.4
      vertex 23.324 -38.8977 2.4
    endloop
  endfacet
  facet normal -0.896835 -0.442365 0
    outer loop
      vertex 23.324 -38.8977 7.4
      vertex 23.5323 -39.32 2.4
      vertex 23.5323 -39.32 7.4
    endloop
  endfacet
  facet normal 0.751879 -0.659301 0
    outer loop
      vertex 29.1956 -40.0656 7.4
      vertex 29.5061 -39.7115 2.4
      vertex 29.5061 -39.7115 7.4
    endloop
  endfacet
  facet normal 0.751879 -0.659301 0
    outer loop
      vertex 29.5061 -39.7115 2.4
      vertex 29.1956 -40.0656 7.4
      vertex 29.1956 -40.0656 2.4
    endloop
  endfacet
  facet normal -0.442365 -0.896835 0
    outer loop
      vertex 24.85 -40.6377 2.4
      vertex 25.2723 -40.846 7.4
      vertex 24.85 -40.6377 7.4
    endloop
  endfacet
  facet normal -0.442365 -0.896835 -0
    outer loop
      vertex 25.2723 -40.846 7.4
      vertex 24.85 -40.6377 2.4
      vertex 25.2723 -40.846 2.4
    endloop
  endfacet
  facet normal -0.997844 -0.0656309 0
    outer loop
      vertex 27.85 -37.52 2.4
      vertex 27.8397 -37.3634 7.4
      vertex 27.8397 -37.3634 2.4
    endloop
  endfacet
  facet normal -0.997844 -0.0656309 0
    outer loop
      vertex 27.8397 -37.3634 7.4
      vertex 27.85 -37.52 2.4
      vertex 27.85 -37.52 7.4
    endloop
  endfacet
  facet normal 0.997844 -0.0656309 0
    outer loop
      vertex 25.45 -37.52 7.4
      vertex 25.4603 -37.3634 2.4
      vertex 25.4603 -37.3634 7.4
    endloop
  endfacet
  facet normal 0.997844 -0.0656309 0
    outer loop
      vertex 25.4603 -37.3634 2.4
      vertex 25.45 -37.52 7.4
      vertex 25.45 -37.52 2.4
    endloop
  endfacet
  facet normal -0.0656309 -0.997844 0
    outer loop
      vertex 26.65 -36.32 2.4
      vertex 26.8066 -36.3303 7.4
      vertex 26.65 -36.32 7.4
    endloop
  endfacet
  facet normal -0.0656309 -0.997844 -0
    outer loop
      vertex 26.8066 -36.3303 7.4
      vertex 26.65 -36.32 2.4
      vertex 26.8066 -36.3303 2.4
    endloop
  endfacet
  facet normal -0.751787 -0.659406 0
    outer loop
      vertex 27.602 -36.7895 2.4
      vertex 27.4985 -36.6715 7.4
      vertex 27.4985 -36.6715 2.4
    endloop
  endfacet
  facet normal -0.751787 -0.659406 0
    outer loop
      vertex 27.4985 -36.6715 7.4
      vertex 27.602 -36.7895 2.4
      vertex 27.602 -36.7895 7.4
    endloop
  endfacet
  facet normal 0.659406 -0.751787 0
    outer loop
      vertex 25.8015 -36.6715 2.4
      vertex 25.9195 -36.568 7.4
      vertex 25.8015 -36.6715 7.4
    endloop
  endfacet
  facet normal 0.659406 -0.751787 0
    outer loop
      vertex 25.9195 -36.568 7.4
      vertex 25.8015 -36.6715 2.4
      vertex 25.9195 -36.568 2.4
    endloop
  endfacet
  facet normal 0.321194 -0.947013 0
    outer loop
      vertex 26.1908 -36.4113 2.4
      vertex 26.3394 -36.3609 7.4
      vertex 26.1908 -36.4113 7.4
    endloop
  endfacet
  facet normal 0.321194 -0.947013 0
    outer loop
      vertex 26.3394 -36.3609 7.4
      vertex 26.1908 -36.4113 2.4
      vertex 26.3394 -36.3609 2.4
    endloop
  endfacet
  facet normal -0.896708 -0.442622 0
    outer loop
      vertex 27.7587 -37.0608 2.4
      vertex 27.6892 -36.92 7.4
      vertex 27.6892 -36.92 2.4
    endloop
  endfacet
  facet normal -0.896708 -0.442622 0
    outer loop
      vertex 27.6892 -36.92 7.4
      vertex 27.7587 -37.0608 2.4
      vertex 27.7587 -37.0608 7.4
    endloop
  endfacet
  facet normal -0.831462 -0.555582 0
    outer loop
      vertex 27.6892 -36.92 2.4
      vertex 27.602 -36.7895 7.4
      vertex 27.602 -36.7895 2.4
    endloop
  endfacet
  facet normal -0.831462 -0.555582 0
    outer loop
      vertex 27.602 -36.7895 7.4
      vertex 27.6892 -36.92 2.4
      vertex 27.6892 -36.92 7.4
    endloop
  endfacet
  facet normal -0.442622 -0.896708 0
    outer loop
      vertex 27.1092 -36.4113 2.4
      vertex 27.25 -36.4808 7.4
      vertex 27.1092 -36.4113 7.4
    endloop
  endfacet
  facet normal -0.442622 -0.896708 -0
    outer loop
      vertex 27.25 -36.4808 7.4
      vertex 27.1092 -36.4113 2.4
      vertex 27.25 -36.4808 2.4
    endloop
  endfacet
  facet normal -0.555582 -0.831462 0
    outer loop
      vertex 27.25 -36.4808 2.4
      vertex 27.3805 -36.568 7.4
      vertex 27.25 -36.4808 7.4
    endloop
  endfacet
  facet normal -0.555582 -0.831462 -0
    outer loop
      vertex 27.3805 -36.568 7.4
      vertex 27.25 -36.4808 2.4
      vertex 27.3805 -36.568 2.4
    endloop
  endfacet
  facet normal 0.896708 -0.442622 0
    outer loop
      vertex 25.5413 -37.0608 7.4
      vertex 25.6108 -36.92 2.4
      vertex 25.6108 -36.92 7.4
    endloop
  endfacet
  facet normal 0.896708 -0.442622 0
    outer loop
      vertex 25.6108 -36.92 2.4
      vertex 25.5413 -37.0608 7.4
      vertex 25.5413 -37.0608 2.4
    endloop
  endfacet
  facet normal 0.442622 -0.896708 0
    outer loop
      vertex 26.05 -36.4808 2.4
      vertex 26.1908 -36.4113 7.4
      vertex 26.05 -36.4808 7.4
    endloop
  endfacet
  facet normal 0.442622 -0.896708 0
    outer loop
      vertex 26.1908 -36.4113 7.4
      vertex 26.05 -36.4808 2.4
      vertex 26.1908 -36.4113 2.4
    endloop
  endfacet
  facet normal 0.0656309 -0.997844 0
    outer loop
      vertex 26.4934 -36.3303 2.4
      vertex 26.65 -36.32 7.4
      vertex 26.4934 -36.3303 7.4
    endloop
  endfacet
  facet normal 0.0656309 -0.997844 0
    outer loop
      vertex 26.65 -36.32 7.4
      vertex 26.4934 -36.3303 2.4
      vertex 26.65 -36.32 2.4
    endloop
  endfacet
  facet normal -0.321194 0.947013 0
    outer loop
      vertex 27.1092 -38.6287 2.4
      vertex 26.9606 -38.6791 7.4
      vertex 27.1092 -38.6287 7.4
    endloop
  endfacet
  facet normal -0.321194 0.947013 0
    outer loop
      vertex 26.9606 -38.6791 7.4
      vertex 27.1092 -38.6287 2.4
      vertex 26.9606 -38.6791 2.4
    endloop
  endfacet
  facet normal -0.0656309 0.997844 0
    outer loop
      vertex 26.8066 -38.7097 2.4
      vertex 26.65 -38.72 7.4
      vertex 26.8066 -38.7097 7.4
    endloop
  endfacet
  facet normal -0.0656309 0.997844 0
    outer loop
      vertex 26.65 -38.72 7.4
      vertex 26.8066 -38.7097 2.4
      vertex 26.65 -38.72 2.4
    endloop
  endfacet
  facet normal -0.442622 0.896708 0
    outer loop
      vertex 27.25 -38.5592 2.4
      vertex 27.1092 -38.6287 7.4
      vertex 27.25 -38.5592 7.4
    endloop
  endfacet
  facet normal -0.442622 0.896708 0
    outer loop
      vertex 27.1092 -38.6287 7.4
      vertex 27.25 -38.5592 2.4
      vertex 27.1092 -38.6287 2.4
    endloop
  endfacet
  facet normal 0.896708 0.442622 0
    outer loop
      vertex 25.6108 -38.12 7.4
      vertex 25.5413 -37.9792 2.4
      vertex 25.5413 -37.9792 7.4
    endloop
  endfacet
  facet normal 0.896708 0.442622 0
    outer loop
      vertex 25.5413 -37.9792 2.4
      vertex 25.6108 -38.12 7.4
      vertex 25.6108 -38.12 2.4
    endloop
  endfacet
  facet normal 0.997844 0.0656309 0
    outer loop
      vertex 25.4603 -37.6766 7.4
      vertex 25.45 -37.52 2.4
      vertex 25.45 -37.52 7.4
    endloop
  endfacet
  facet normal 0.997844 0.0656309 0
    outer loop
      vertex 25.45 -37.52 2.4
      vertex 25.4603 -37.6766 7.4
      vertex 25.4603 -37.6766 2.4
    endloop
  endfacet
  facet normal -0.947013 -0.321194 0
    outer loop
      vertex 27.8091 -37.2094 2.4
      vertex 27.7587 -37.0608 7.4
      vertex 27.7587 -37.0608 2.4
    endloop
  endfacet
  facet normal -0.947013 -0.321194 0
    outer loop
      vertex 27.7587 -37.0608 7.4
      vertex 27.8091 -37.2094 2.4
      vertex 27.8091 -37.2094 7.4
    endloop
  endfacet
  facet normal -0.980825 -0.194891 0
    outer loop
      vertex 27.8397 -37.3634 2.4
      vertex 27.8091 -37.2094 7.4
      vertex 27.8091 -37.2094 2.4
    endloop
  endfacet
  facet normal -0.980825 -0.194891 0
    outer loop
      vertex 27.8091 -37.2094 7.4
      vertex 27.8397 -37.3634 2.4
      vertex 27.8397 -37.3634 7.4
    endloop
  endfacet
  facet normal -0.321194 -0.947013 0
    outer loop
      vertex 26.9606 -36.3609 2.4
      vertex 27.1092 -36.4113 7.4
      vertex 26.9606 -36.3609 7.4
    endloop
  endfacet
  facet normal -0.321194 -0.947013 -0
    outer loop
      vertex 27.1092 -36.4113 7.4
      vertex 26.9606 -36.3609 2.4
      vertex 27.1092 -36.4113 2.4
    endloop
  endfacet
  facet normal -0.194891 -0.980825 0
    outer loop
      vertex 26.8066 -36.3303 2.4
      vertex 26.9606 -36.3609 7.4
      vertex 26.8066 -36.3303 7.4
    endloop
  endfacet
  facet normal -0.194891 -0.980825 -0
    outer loop
      vertex 26.9606 -36.3609 7.4
      vertex 26.8066 -36.3303 2.4
      vertex 26.9606 -36.3609 2.4
    endloop
  endfacet
  facet normal -0.659406 -0.751787 0
    outer loop
      vertex 27.3805 -36.568 2.4
      vertex 27.4985 -36.6715 7.4
      vertex 27.3805 -36.568 7.4
    endloop
  endfacet
  facet normal -0.659406 -0.751787 -0
    outer loop
      vertex 27.4985 -36.6715 7.4
      vertex 27.3805 -36.568 2.4
      vertex 27.4985 -36.6715 2.4
    endloop
  endfacet
  facet normal 0.831462 -0.555582 0
    outer loop
      vertex 25.6108 -36.92 7.4
      vertex 25.698 -36.7895 2.4
      vertex 25.698 -36.7895 7.4
    endloop
  endfacet
  facet normal 0.831462 -0.555582 0
    outer loop
      vertex 25.698 -36.7895 2.4
      vertex 25.6108 -36.92 7.4
      vertex 25.6108 -36.92 2.4
    endloop
  endfacet
  facet normal 0.751787 -0.659406 0
    outer loop
      vertex 25.698 -36.7895 7.4
      vertex 25.8015 -36.6715 2.4
      vertex 25.8015 -36.6715 7.4
    endloop
  endfacet
  facet normal 0.751787 -0.659406 0
    outer loop
      vertex 25.8015 -36.6715 2.4
      vertex 25.698 -36.7895 7.4
      vertex 25.698 -36.7895 2.4
    endloop
  endfacet
  facet normal 0.947013 -0.321194 0
    outer loop
      vertex 25.4909 -37.2094 7.4
      vertex 25.5413 -37.0608 2.4
      vertex 25.5413 -37.0608 7.4
    endloop
  endfacet
  facet normal 0.947013 -0.321194 0
    outer loop
      vertex 25.5413 -37.0608 2.4
      vertex 25.4909 -37.2094 7.4
      vertex 25.4909 -37.2094 2.4
    endloop
  endfacet
  facet normal 0.980825 -0.194891 0
    outer loop
      vertex 25.4603 -37.3634 7.4
      vertex 25.4909 -37.2094 2.4
      vertex 25.4909 -37.2094 7.4
    endloop
  endfacet
  facet normal 0.980825 -0.194891 0
    outer loop
      vertex 25.4909 -37.2094 2.4
      vertex 25.4603 -37.3634 7.4
      vertex 25.4603 -37.3634 2.4
    endloop
  endfacet
  facet normal 0.555582 -0.831462 0
    outer loop
      vertex 25.9195 -36.568 2.4
      vertex 26.05 -36.4808 7.4
      vertex 25.9195 -36.568 7.4
    endloop
  endfacet
  facet normal 0.555582 -0.831462 0
    outer loop
      vertex 26.05 -36.4808 7.4
      vertex 25.9195 -36.568 2.4
      vertex 26.05 -36.4808 2.4
    endloop
  endfacet
  facet normal 0.194891 -0.980825 0
    outer loop
      vertex 26.3394 -36.3609 2.4
      vertex 26.4934 -36.3303 7.4
      vertex 26.3394 -36.3609 7.4
    endloop
  endfacet
  facet normal 0.194891 -0.980825 0
    outer loop
      vertex 26.4934 -36.3303 7.4
      vertex 26.3394 -36.3609 2.4
      vertex 26.4934 -36.3303 2.4
    endloop
  endfacet
  facet normal -0.194891 0.980825 0
    outer loop
      vertex 26.9606 -38.6791 2.4
      vertex 26.8066 -38.7097 7.4
      vertex 26.9606 -38.6791 7.4
    endloop
  endfacet
  facet normal -0.194891 0.980825 0
    outer loop
      vertex 26.8066 -38.7097 7.4
      vertex 26.9606 -38.6791 2.4
      vertex 26.8066 -38.7097 2.4
    endloop
  endfacet
  facet normal -0.555582 0.831462 0
    outer loop
      vertex 27.3805 -38.472 2.4
      vertex 27.25 -38.5592 7.4
      vertex 27.3805 -38.472 7.4
    endloop
  endfacet
  facet normal -0.555582 0.831462 0
    outer loop
      vertex 27.25 -38.5592 7.4
      vertex 27.3805 -38.472 2.4
      vertex 27.25 -38.5592 2.4
    endloop
  endfacet
  facet normal -0.751787 0.659406 0
    outer loop
      vertex 27.4985 -38.3685 2.4
      vertex 27.602 -38.2505 7.4
      vertex 27.602 -38.2505 2.4
    endloop
  endfacet
  facet normal -0.751787 0.659406 0
    outer loop
      vertex 27.602 -38.2505 7.4
      vertex 27.4985 -38.3685 2.4
      vertex 27.4985 -38.3685 7.4
    endloop
  endfacet
  facet normal -0.896708 0.442622 0
    outer loop
      vertex 27.6892 -38.12 2.4
      vertex 27.7587 -37.9792 7.4
      vertex 27.7587 -37.9792 2.4
    endloop
  endfacet
  facet normal -0.896708 0.442622 0
    outer loop
      vertex 27.7587 -37.9792 7.4
      vertex 27.6892 -38.12 2.4
      vertex 27.6892 -38.12 7.4
    endloop
  endfacet
  facet normal 0.659406 0.751787 -0
    outer loop
      vertex 25.9195 -38.472 2.4
      vertex 25.8015 -38.3685 7.4
      vertex 25.9195 -38.472 7.4
    endloop
  endfacet
  facet normal 0.659406 0.751787 0
    outer loop
      vertex 25.8015 -38.3685 7.4
      vertex 25.9195 -38.472 2.4
      vertex 25.8015 -38.3685 2.4
    endloop
  endfacet
  facet normal 0.442622 0.896708 -0
    outer loop
      vertex 26.1908 -38.6287 2.4
      vertex 26.05 -38.5592 7.4
      vertex 26.1908 -38.6287 7.4
    endloop
  endfacet
  facet normal 0.442622 0.896708 0
    outer loop
      vertex 26.05 -38.5592 7.4
      vertex 26.1908 -38.6287 2.4
      vertex 26.05 -38.5592 2.4
    endloop
  endfacet
  facet normal 0.321194 0.947013 -0
    outer loop
      vertex 26.3394 -38.6791 2.4
      vertex 26.1908 -38.6287 7.4
      vertex 26.3394 -38.6791 7.4
    endloop
  endfacet
  facet normal 0.321194 0.947013 0
    outer loop
      vertex 26.1908 -38.6287 7.4
      vertex 26.3394 -38.6791 2.4
      vertex 26.1908 -38.6287 2.4
    endloop
  endfacet
  facet normal 0.0656309 0.997844 -0
    outer loop
      vertex 26.65 -38.72 2.4
      vertex 26.4934 -38.7097 7.4
      vertex 26.65 -38.72 7.4
    endloop
  endfacet
  facet normal 0.0656309 0.997844 0
    outer loop
      vertex 26.4934 -38.7097 7.4
      vertex 26.65 -38.72 2.4
      vertex 26.4934 -38.7097 2.4
    endloop
  endfacet
  facet normal 0.831462 0.555582 0
    outer loop
      vertex 25.698 -38.2505 7.4
      vertex 25.6108 -38.12 2.4
      vertex 25.6108 -38.12 7.4
    endloop
  endfacet
  facet normal 0.831462 0.555582 0
    outer loop
      vertex 25.6108 -38.12 2.4
      vertex 25.698 -38.2505 7.4
      vertex 25.698 -38.2505 2.4
    endloop
  endfacet
  facet normal 0.980825 0.194891 0
    outer loop
      vertex 25.4909 -37.8306 7.4
      vertex 25.4603 -37.6766 2.4
      vertex 25.4603 -37.6766 7.4
    endloop
  endfacet
  facet normal 0.980825 0.194891 0
    outer loop
      vertex 25.4603 -37.6766 2.4
      vertex 25.4909 -37.8306 7.4
      vertex 25.4909 -37.8306 2.4
    endloop
  endfacet
  facet normal -0.659406 0.751787 0
    outer loop
      vertex 27.4985 -38.3685 2.4
      vertex 27.3805 -38.472 7.4
      vertex 27.4985 -38.3685 7.4
    endloop
  endfacet
  facet normal -0.659406 0.751787 0
    outer loop
      vertex 27.3805 -38.472 7.4
      vertex 27.4985 -38.3685 2.4
      vertex 27.3805 -38.472 2.4
    endloop
  endfacet
  facet normal -0.831462 0.555582 0
    outer loop
      vertex 27.602 -38.2505 2.4
      vertex 27.6892 -38.12 7.4
      vertex 27.6892 -38.12 2.4
    endloop
  endfacet
  facet normal -0.831462 0.555582 0
    outer loop
      vertex 27.6892 -38.12 7.4
      vertex 27.602 -38.2505 2.4
      vertex 27.602 -38.2505 7.4
    endloop
  endfacet
  facet normal -0.980825 0.194891 0
    outer loop
      vertex 27.8091 -37.8306 2.4
      vertex 27.8397 -37.6766 7.4
      vertex 27.8397 -37.6766 2.4
    endloop
  endfacet
  facet normal -0.980825 0.194891 0
    outer loop
      vertex 27.8397 -37.6766 7.4
      vertex 27.8091 -37.8306 2.4
      vertex 27.8091 -37.8306 7.4
    endloop
  endfacet
  facet normal -0.947013 0.321194 0
    outer loop
      vertex 27.7587 -37.9792 2.4
      vertex 27.8091 -37.8306 7.4
      vertex 27.8091 -37.8306 2.4
    endloop
  endfacet
  facet normal -0.947013 0.321194 0
    outer loop
      vertex 27.8091 -37.8306 7.4
      vertex 27.7587 -37.9792 2.4
      vertex 27.7587 -37.9792 7.4
    endloop
  endfacet
  facet normal -0.997844 0.0656309 0
    outer loop
      vertex 27.8397 -37.6766 2.4
      vertex 27.85 -37.52 7.4
      vertex 27.85 -37.52 2.4
    endloop
  endfacet
  facet normal -0.997844 0.0656309 0
    outer loop
      vertex 27.85 -37.52 7.4
      vertex 27.8397 -37.6766 2.4
      vertex 27.8397 -37.6766 7.4
    endloop
  endfacet
  facet normal 0.555582 0.831462 -0
    outer loop
      vertex 26.05 -38.5592 2.4
      vertex 25.9195 -38.472 7.4
      vertex 26.05 -38.5592 7.4
    endloop
  endfacet
  facet normal 0.555582 0.831462 0
    outer loop
      vertex 25.9195 -38.472 7.4
      vertex 26.05 -38.5592 2.4
      vertex 25.9195 -38.472 2.4
    endloop
  endfacet
  facet normal 0.194891 0.980825 -0
    outer loop
      vertex 26.4934 -38.7097 2.4
      vertex 26.3394 -38.6791 7.4
      vertex 26.4934 -38.7097 7.4
    endloop
  endfacet
  facet normal 0.194891 0.980825 0
    outer loop
      vertex 26.3394 -38.6791 7.4
      vertex 26.4934 -38.7097 2.4
      vertex 26.3394 -38.6791 2.4
    endloop
  endfacet
  facet normal 0.751787 0.659406 0
    outer loop
      vertex 25.8015 -38.3685 7.4
      vertex 25.698 -38.2505 2.4
      vertex 25.698 -38.2505 7.4
    endloop
  endfacet
  facet normal 0.751787 0.659406 0
    outer loop
      vertex 25.698 -38.2505 2.4
      vertex 25.8015 -38.3685 7.4
      vertex 25.8015 -38.3685 2.4
    endloop
  endfacet
  facet normal 0.947013 0.321194 0
    outer loop
      vertex 25.5413 -37.9792 7.4
      vertex 25.4909 -37.8306 2.4
      vertex 25.4909 -37.8306 7.4
    endloop
  endfacet
  facet normal 0.947013 0.321194 0
    outer loop
      vertex 25.4909 -37.8306 2.4
      vertex 25.5413 -37.9792 7.4
      vertex 25.5413 -37.9792 2.4
    endloop
  endfacet
  facet normal 0.997859 0.0654055 0
    outer loop
      vertex -23.05 37.53 7.4
      vertex -23.0808 37.9999 2.4
      vertex -23.0808 37.9999 7.4
    endloop
  endfacet
  facet normal 0.997859 0.0654055 0
    outer loop
      vertex -23.0808 37.9999 2.4
      vertex -23.05 37.53 7.4
      vertex -23.05 37.53 2.4
    endloop
  endfacet
  facet normal -0.997859 0.0654055 0
    outer loop
      vertex -30.25 37.53 2.4
      vertex -30.2192 37.9999 7.4
      vertex -30.2192 37.9999 2.4
    endloop
  endfacet
  facet normal -0.997859 0.0654055 0
    outer loop
      vertex -30.2192 37.9999 7.4
      vertex -30.25 37.53 2.4
      vertex -30.25 37.53 7.4
    endloop
  endfacet
  facet normal -0.0654055 0.997859 0
    outer loop
      vertex -26.65 41.13 2.4
      vertex -27.1199 41.0992 7.4
      vertex -26.65 41.13 7.4
    endloop
  endfacet
  facet normal -0.0654055 0.997859 0
    outer loop
      vertex -27.1199 41.0992 7.4
      vertex -26.65 41.13 2.4
      vertex -27.1199 41.0992 2.4
    endloop
  endfacet
  facet normal 0.0654055 -0.997859 0
    outer loop
      vertex -26.65 33.93 2.4
      vertex -26.1801 33.9608 7.4
      vertex -26.65 33.93 7.4
    endloop
  endfacet
  facet normal 0.0654055 -0.997859 0
    outer loop
      vertex -26.1801 33.9608 7.4
      vertex -26.65 33.93 2.4
      vertex -26.1801 33.9608 2.4
    endloop
  endfacet
  facet normal 0.659301 0.751879 -0
    outer loop
      vertex -24.1044 40.0756 2.4
      vertex -24.4585 40.3861 7.4
      vertex -24.1044 40.0756 7.4
    endloop
  endfacet
  facet normal 0.659301 0.751879 0
    outer loop
      vertex -24.4585 40.3861 7.4
      vertex -24.1044 40.0756 2.4
      vertex -24.4585 40.3861 2.4
    endloop
  endfacet
  facet normal -0.751879 0.659301 0
    outer loop
      vertex -29.5061 39.7215 2.4
      vertex -29.1956 40.0756 7.4
      vertex -29.1956 40.0756 2.4
    endloop
  endfacet
  facet normal -0.751879 0.659301 0
    outer loop
      vertex -29.1956 40.0756 7.4
      vertex -29.5061 39.7215 2.4
      vertex -29.5061 39.7215 7.4
    endloop
  endfacet
  facet normal -0.442365 0.896835 0
    outer loop
      vertex -28.0277 40.856 2.4
      vertex -28.45 40.6477 7.4
      vertex -28.0277 40.856 7.4
    endloop
  endfacet
  facet normal -0.442365 0.896835 0
    outer loop
      vertex -28.45 40.6477 7.4
      vertex -28.0277 40.856 2.4
      vertex -28.45 40.6477 2.4
    endloop
  endfacet
  facet normal 0.896835 0.442365 0
    outer loop
      vertex -23.324 38.9077 7.4
      vertex -23.5323 39.33 2.4
      vertex -23.5323 39.33 7.4
    endloop
  endfacet
  facet normal 0.896835 0.442365 0
    outer loop
      vertex -23.5323 39.33 2.4
      vertex -23.324 38.9077 7.4
      vertex -23.324 38.9077 2.4
    endloop
  endfacet
  facet normal 0.831462 0.555582 0
    outer loop
      vertex -23.5323 39.33 7.4
      vertex -23.7939 39.7215 2.4
      vertex -23.7939 39.7215 7.4
    endloop
  endfacet
  facet normal 0.831462 0.555582 0
    outer loop
      vertex -23.7939 39.7215 2.4
      vertex -23.5323 39.33 7.4
      vertex -23.5323 39.33 2.4
    endloop
  endfacet
  facet normal 0.321256 0.946993 -0
    outer loop
      vertex -25.2723 40.856 2.4
      vertex -25.7183 41.0073 7.4
      vertex -25.2723 40.856 7.4
    endloop
  endfacet
  facet normal 0.321256 0.946993 0
    outer loop
      vertex -25.7183 41.0073 7.4
      vertex -25.2723 40.856 2.4
      vertex -25.7183 41.0073 2.4
    endloop
  endfacet
  facet normal 0.195177 0.980768 -0
    outer loop
      vertex -25.7183 41.0073 2.4
      vertex -26.1801 41.0992 7.4
      vertex -25.7183 41.0073 7.4
    endloop
  endfacet
  facet normal 0.195177 0.980768 0
    outer loop
      vertex -26.1801 41.0992 7.4
      vertex -25.7183 41.0073 2.4
      vertex -26.1801 41.0992 2.4
    endloop
  endfacet
  facet normal 0.442365 0.896835 -0
    outer loop
      vertex -24.85 40.6477 2.4
      vertex -25.2723 40.856 7.4
      vertex -24.85 40.6477 7.4
    endloop
  endfacet
  facet normal 0.442365 0.896835 0
    outer loop
      vertex -25.2723 40.856 7.4
      vertex -24.85 40.6477 2.4
      vertex -25.2723 40.856 2.4
    endloop
  endfacet
  facet normal -0.896835 0.442365 0
    outer loop
      vertex -29.976 38.9077 2.4
      vertex -29.7677 39.33 7.4
      vertex -29.7677 39.33 2.4
    endloop
  endfacet
  facet normal -0.896835 0.442365 0
    outer loop
      vertex -29.7677 39.33 7.4
      vertex -29.976 38.9077 2.4
      vertex -29.976 38.9077 7.4
    endloop
  endfacet
  facet normal -0.831462 0.555582 0
    outer loop
      vertex -29.7677 39.33 2.4
      vertex -29.5061 39.7215 7.4
      vertex -29.5061 39.7215 2.4
    endloop
  endfacet
  facet normal -0.831462 0.555582 0
    outer loop
      vertex -29.5061 39.7215 7.4
      vertex -29.7677 39.33 2.4
      vertex -29.7677 39.33 7.4
    endloop
  endfacet
  facet normal 0 0 1
    outer loop
      vertex -25.45 37.53 7.4
      vertex -23.05 37.53 7.4
      vertex -23.0808 37.9999 7.4
    endloop
  endfacet
  facet normal 0 0 1
    outer loop
      vertex -25.4603 37.6866 7.4
      vertex -23.0808 37.9999 7.4
      vertex -23.1727 38.4618 7.4
    endloop
  endfacet
  facet normal 0 0 1
    outer loop
      vertex -23.05 37.53 7.4
      vertex -25.45 37.53 7.4
      vertex -23.0808 37.0601 7.4
    endloop
  endfacet
  facet normal 0 0 1
    outer loop
      vertex -25.4909 37.8406 7.4
      vertex -23.1727 38.4618 7.4
      vertex -23.324 38.9077 7.4
    endloop
  endfacet
  facet normal -0 0 1
    outer loop
      vertex -25.4603 37.3734 7.4
      vertex -23.0808 37.0601 7.4
      vertex -25.45 37.53 7.4
    endloop
  endfacet
  facet normal 0 0 1
    outer loop
      vertex -25.5413 37.9892 7.4
      vertex -23.324 38.9077 7.4
      vertex -23.5323 39.33 7.4
    endloop
  endfacet
  facet normal 0 0 1
    outer loop
      vertex -23.0808 37.0601 7.4
      vertex -25.4603 37.3734 7.4
      vertex -23.1727 36.5983 7.4
    endloop
  endfacet
  facet normal 0 0 1
    outer loop
      vertex -25.6108 38.13 7.4
      vertex -23.5323 39.33 7.4
      vertex -23.7939 39.7215 7.4
    endloop
  endfacet
  facet normal -0 0 1
    outer loop
      vertex -25.4909 37.2194 7.4
      vertex -23.1727 36.5983 7.4
      vertex -25.4603 37.3734 7.4
    endloop
  endfacet
  facet normal 0 0 1
    outer loop
      vertex -25.698 38.2605 7.4
      vertex -23.7939 39.7215 7.4
      vertex -24.1044 40.0756 7.4
    endloop
  endfacet
  facet normal 0 0 1
    outer loop
      vertex -23.1727 36.5983 7.4
      vertex -25.4909 37.2194 7.4
      vertex -23.324 36.1523 7.4
    endloop
  endfacet
  facet normal 0 0 1
    outer loop
      vertex -25.8015 38.3785 7.4
      vertex -24.1044 40.0756 7.4
      vertex -24.4585 40.3861 7.4
    endloop
  endfacet
  facet normal -0 0 1
    outer loop
      vertex -25.5413 37.0708 7.4
      vertex -23.324 36.1523 7.4
      vertex -25.4909 37.2194 7.4
    endloop
  endfacet
  facet normal 0 0 1
    outer loop
      vertex -25.9195 38.482 7.4
      vertex -24.4585 40.3861 7.4
      vertex -24.85 40.6477 7.4
    endloop
  endfacet
  facet normal 0 0 1
    outer loop
      vertex -23.324 36.1523 7.4
      vertex -25.5413 37.0708 7.4
      vertex -23.5323 35.73 7.4
    endloop
  endfacet
  facet normal 0 0 1
    outer loop
      vertex -26.05 38.5692 7.4
      vertex -24.85 40.6477 7.4
      vertex -25.2723 40.856 7.4
    endloop
  endfacet
  facet normal -0 0 1
    outer loop
      vertex -25.6108 36.93 7.4
      vertex -23.5323 35.73 7.4
      vertex -25.5413 37.0708 7.4
    endloop
  endfacet
  facet normal 0 0 1
    outer loop
      vertex -23.5323 35.73 7.4
      vertex -25.6108 36.93 7.4
      vertex -23.7939 35.3385 7.4
    endloop
  endfacet
  facet normal 0 0 1
    outer loop
      vertex -23.0808 37.9999 7.4
      vertex -25.4603 37.6866 7.4
      vertex -25.45 37.53 7.4
    endloop
  endfacet
  facet normal 0 0 1
    outer loop
      vertex -23.1727 38.4618 7.4
      vertex -25.4909 37.8406 7.4
      vertex -25.4603 37.6866 7.4
    endloop
  endfacet
  facet normal 0 0 1
    outer loop
      vertex -23.324 38.9077 7.4
      vertex -25.5413 37.9892 7.4
      vertex -25.4909 37.8406 7.4
    endloop
  endfacet
  facet normal 0 0 1
    outer loop
      vertex -23.5323 39.33 7.4
      vertex -25.6108 38.13 7.4
      vertex -25.5413 37.9892 7.4
    endloop
  endfacet
  facet normal 0 0 1
    outer loop
      vertex -23.7939 39.7215 7.4
      vertex -25.698 38.2605 7.4
      vertex -25.6108 38.13 7.4
    endloop
  endfacet
  facet normal 0 0 1
    outer loop
      vertex -26.1908 38.6387 7.4
      vertex -25.2723 40.856 7.4
      vertex -25.7183 41.0073 7.4
    endloop
  endfacet
  facet normal 0 0 1
    outer loop
      vertex -24.1044 40.0756 7.4
      vertex -25.8015 38.3785 7.4
      vertex -25.698 38.2605 7.4
    endloop
  endfacet
  facet normal 0 0 1
    outer loop
      vertex -24.4585 40.3861 7.4
      vertex -25.9195 38.482 7.4
      vertex -25.8015 38.3785 7.4
    endloop
  endfacet
  facet normal 0 0 1
    outer loop
      vertex -24.85 40.6477 7.4
      vertex -26.05 38.5692 7.4
      vertex -25.9195 38.482 7.4
    endloop
  endfacet
  facet normal 0 0 1
    outer loop
      vertex -26.3394 38.6891 7.4
      vertex -25.7183 41.0073 7.4
      vertex -26.1801 41.0992 7.4
    endloop
  endfacet
  facet normal 0 0 1
    outer loop
      vertex -25.2723 40.856 7.4
      vertex -26.1908 38.6387 7.4
      vertex -26.05 38.5692 7.4
    endloop
  endfacet
  facet normal 0 0 1
    outer loop
      vertex -25.7183 41.0073 7.4
      vertex -26.3394 38.6891 7.4
      vertex -26.1908 38.6387 7.4
    endloop
  endfacet
  facet normal 0 0 1
    outer loop
      vertex -26.1801 41.0992 7.4
      vertex -26.4934 38.7197 7.4
      vertex -26.3394 38.6891 7.4
    endloop
  endfacet
  facet normal 0 0 1
    outer loop
      vertex -26.65 41.13 7.4
      vertex -26.4934 38.7197 7.4
      vertex -26.1801 41.0992 7.4
    endloop
  endfacet
  facet normal 0 0 1
    outer loop
      vertex -26.65 41.13 7.4
      vertex -26.65 38.73 7.4
      vertex -26.4934 38.7197 7.4
    endloop
  endfacet
  facet normal 0 0 1
    outer loop
      vertex -26.65 41.13 7.4
      vertex -26.8066 38.7197 7.4
      vertex -26.65 38.73 7.4
    endloop
  endfacet
  facet normal -0 0 1
    outer loop
      vertex -27.1199 41.0992 7.4
      vertex -26.8066 38.7197 7.4
      vertex -26.65 41.13 7.4
    endloop
  endfacet
  facet normal 0 0 1
    outer loop
      vertex -26.8066 38.7197 7.4
      vertex -27.1199 41.0992 7.4
      vertex -26.9606 38.6891 7.4
    endloop
  endfacet
  facet normal -0 0 1
    outer loop
      vertex -27.5817 41.0073 7.4
      vertex -26.9606 38.6891 7.4
      vertex -27.1199 41.0992 7.4
    endloop
  endfacet
  facet normal 0 0 1
    outer loop
      vertex -26.9606 38.6891 7.4
      vertex -27.5817 41.0073 7.4
      vertex -27.1092 38.6387 7.4
    endloop
  endfacet
  facet normal -0 0 1
    outer loop
      vertex -28.0277 40.856 7.4
      vertex -27.1092 38.6387 7.4
      vertex -27.5817 41.0073 7.4
    endloop
  endfacet
  facet normal 0 0 1
    outer loop
      vertex -27.1092 38.6387 7.4
      vertex -28.0277 40.856 7.4
      vertex -27.25 38.5692 7.4
    endloop
  endfacet
  facet normal -0 0 1
    outer loop
      vertex -28.45 40.6477 7.4
      vertex -27.25 38.5692 7.4
      vertex -28.0277 40.856 7.4
    endloop
  endfacet
  facet normal 0 0 1
    outer loop
      vertex -27.25 38.5692 7.4
      vertex -28.45 40.6477 7.4
      vertex -27.3805 38.482 7.4
    endloop
  endfacet
  facet normal -0 0 1
    outer loop
      vertex -28.8415 40.3861 7.4
      vertex -27.3805 38.482 7.4
      vertex -28.45 40.6477 7.4
    endloop
  endfacet
  facet normal 0 0 1
    outer loop
      vertex -27.3805 38.482 7.4
      vertex -28.8415 40.3861 7.4
      vertex -27.4985 38.3785 7.4
    endloop
  endfacet
  facet normal -0 0 1
    outer loop
      vertex -29.1956 40.0756 7.4
      vertex -27.4985 38.3785 7.4
      vertex -28.8415 40.3861 7.4
    endloop
  endfacet
  facet normal 0 0 1
    outer loop
      vertex -27.4985 38.3785 7.4
      vertex -29.1956 40.0756 7.4
      vertex -27.602 38.2605 7.4
    endloop
  endfacet
  facet normal 0 0 1
    outer loop
      vertex -27.602 38.2605 7.4
      vertex -29.5061 39.7215 7.4
      vertex -27.6892 38.13 7.4
    endloop
  endfacet
  facet normal -0 0 1
    outer loop
      vertex -29.5061 39.7215 7.4
      vertex -27.602 38.2605 7.4
      vertex -29.1956 40.0756 7.4
    endloop
  endfacet
  facet normal -0 0 1
    outer loop
      vertex -25.698 36.7995 7.4
      vertex -23.7939 35.3385 7.4
      vertex -25.6108 36.93 7.4
    endloop
  endfacet
  facet normal 0 0 1
    outer loop
      vertex -23.7939 35.3385 7.4
      vertex -25.698 36.7995 7.4
      vertex -24.1044 34.9844 7.4
    endloop
  endfacet
  facet normal -0 0 1
    outer loop
      vertex -25.8015 36.6815 7.4
      vertex -24.1044 34.9844 7.4
      vertex -25.698 36.7995 7.4
    endloop
  endfacet
  facet normal 0 0 1
    outer loop
      vertex -24.1044 34.9844 7.4
      vertex -25.8015 36.6815 7.4
      vertex -24.4585 34.6739 7.4
    endloop
  endfacet
  facet normal -0 0 1
    outer loop
      vertex -25.9195 36.578 7.4
      vertex -24.4585 34.6739 7.4
      vertex -25.8015 36.6815 7.4
    endloop
  endfacet
  facet normal 0 0 1
    outer loop
      vertex -24.4585 34.6739 7.4
      vertex -25.9195 36.578 7.4
      vertex -24.85 34.4123 7.4
    endloop
  endfacet
  facet normal -0 0 1
    outer loop
      vertex -26.05 36.4908 7.4
      vertex -24.85 34.4123 7.4
      vertex -25.9195 36.578 7.4
    endloop
  endfacet
  facet normal 0 0 1
    outer loop
      vertex -24.85 34.4123 7.4
      vertex -26.05 36.4908 7.4
      vertex -25.2723 34.204 7.4
    endloop
  endfacet
  facet normal -0 0 1
    outer loop
      vertex -26.1908 36.4213 7.4
      vertex -25.2723 34.204 7.4
      vertex -26.05 36.4908 7.4
    endloop
  endfacet
  facet normal 0 0 1
    outer loop
      vertex -25.2723 34.204 7.4
      vertex -26.1908 36.4213 7.4
      vertex -25.7183 34.0527 7.4
    endloop
  endfacet
  facet normal -0 0 1
    outer loop
      vertex -26.3394 36.3709 7.4
      vertex -25.7183 34.0527 7.4
      vertex -26.1908 36.4213 7.4
    endloop
  endfacet
  facet normal 0 0 1
    outer loop
      vertex -25.7183 34.0527 7.4
      vertex -26.3394 36.3709 7.4
      vertex -26.1801 33.9608 7.4
    endloop
  endfacet
  facet normal -0 0 1
    outer loop
      vertex -26.4934 36.3403 7.4
      vertex -26.1801 33.9608 7.4
      vertex -26.3394 36.3709 7.4
    endloop
  endfacet
  facet normal -0 0 1
    outer loop
      vertex -26.65 36.33 7.4
      vertex -26.1801 33.9608 7.4
      vertex -26.4934 36.3403 7.4
    endloop
  endfacet
  facet normal 0 0 1
    outer loop
      vertex -26.65 36.33 7.4
      vertex -26.65 33.93 7.4
      vertex -26.1801 33.9608 7.4
    endloop
  endfacet
  facet normal 0 0 1
    outer loop
      vertex -26.8066 36.3403 7.4
      vertex -26.65 33.93 7.4
      vertex -26.65 36.33 7.4
    endloop
  endfacet
  facet normal 0 0 1
    outer loop
      vertex -27.1199 33.9608 7.4
      vertex -26.8066 36.3403 7.4
      vertex -26.9606 36.3709 7.4
    endloop
  endfacet
  facet normal 0 0 1
    outer loop
      vertex -27.5817 34.0527 7.4
      vertex -26.9606 36.3709 7.4
      vertex -27.1092 36.4213 7.4
    endloop
  endfacet
  facet normal 0 0 1
    outer loop
      vertex -26.8066 36.3403 7.4
      vertex -27.1199 33.9608 7.4
      vertex -26.65 33.93 7.4
    endloop
  endfacet
  facet normal 0 0 1
    outer loop
      vertex -28.0277 34.204 7.4
      vertex -27.1092 36.4213 7.4
      vertex -27.25 36.4908 7.4
    endloop
  endfacet
  facet normal 0 0 1
    outer loop
      vertex -28.45 34.4123 7.4
      vertex -27.25 36.4908 7.4
      vertex -27.3805 36.578 7.4
    endloop
  endfacet
  facet normal 0 0 1
    outer loop
      vertex -28.8415 34.6739 7.4
      vertex -27.3805 36.578 7.4
      vertex -27.4985 36.6815 7.4
    endloop
  endfacet
  facet normal 0 0 1
    outer loop
      vertex -26.9606 36.3709 7.4
      vertex -27.5817 34.0527 7.4
      vertex -27.1199 33.9608 7.4
    endloop
  endfacet
  facet normal 0 0 1
    outer loop
      vertex -29.1956 34.9844 7.4
      vertex -27.4985 36.6815 7.4
      vertex -27.602 36.7995 7.4
    endloop
  endfacet
  facet normal 0 0 1
    outer loop
      vertex -29.5061 35.3385 7.4
      vertex -27.602 36.7995 7.4
      vertex -27.6892 36.93 7.4
    endloop
  endfacet
  facet normal 0 0 1
    outer loop
      vertex -29.7677 35.73 7.4
      vertex -27.6892 36.93 7.4
      vertex -27.7587 37.0708 7.4
    endloop
  endfacet
  facet normal 0 0 1
    outer loop
      vertex -29.976 36.1523 7.4
      vertex -27.7587 37.0708 7.4
      vertex -27.8091 37.2194 7.4
    endloop
  endfacet
  facet normal 0 0 1
    outer loop
      vertex -30.1273 36.5983 7.4
      vertex -27.8091 37.2194 7.4
      vertex -27.8397 37.3734 7.4
    endloop
  endfacet
  facet normal 0 0 1
    outer loop
      vertex -27.1092 36.4213 7.4
      vertex -28.0277 34.204 7.4
      vertex -27.5817 34.0527 7.4
    endloop
  endfacet
  facet normal 0 0 1
    outer loop
      vertex -30.2192 37.0601 7.4
      vertex -27.8397 37.3734 7.4
      vertex -27.85 37.53 7.4
    endloop
  endfacet
  facet normal -0 0 1
    outer loop
      vertex -29.7677 39.33 7.4
      vertex -27.6892 38.13 7.4
      vertex -29.5061 39.7215 7.4
    endloop
  endfacet
  facet normal 0 0 1
    outer loop
      vertex -27.6892 38.13 7.4
      vertex -29.7677 39.33 7.4
      vertex -27.7587 37.9892 7.4
    endloop
  endfacet
  facet normal 0 0 1
    outer loop
      vertex -27.25 36.4908 7.4
      vertex -28.45 34.4123 7.4
      vertex -28.0277 34.204 7.4
    endloop
  endfacet
  facet normal -0 0 1
    outer loop
      vertex -29.976 38.9077 7.4
      vertex -27.7587 37.9892 7.4
      vertex -29.7677 39.33 7.4
    endloop
  endfacet
  facet normal 0 0 1
    outer loop
      vertex -27.3805 36.578 7.4
      vertex -28.8415 34.6739 7.4
      vertex -28.45 34.4123 7.4
    endloop
  endfacet
  facet normal 0 0 1
    outer loop
      vertex -27.7587 37.9892 7.4
      vertex -29.976 38.9077 7.4
      vertex -27.8091 37.8406 7.4
    endloop
  endfacet
  facet normal 0 0 1
    outer loop
      vertex -27.4985 36.6815 7.4
      vertex -29.1956 34.9844 7.4
      vertex -28.8415 34.6739 7.4
    endloop
  endfacet
  facet normal -0 0 1
    outer loop
      vertex -30.1273 38.4618 7.4
      vertex -27.8091 37.8406 7.4
      vertex -29.976 38.9077 7.4
    endloop
  endfacet
  facet normal 0 0 1
    outer loop
      vertex -27.602 36.7995 7.4
      vertex -29.5061 35.3385 7.4
      vertex -29.1956 34.9844 7.4
    endloop
  endfacet
  facet normal 0 0 1
    outer loop
      vertex -27.8091 37.8406 7.4
      vertex -30.1273 38.4618 7.4
      vertex -27.8397 37.6866 7.4
    endloop
  endfacet
  facet normal 0 0 1
    outer loop
      vertex -27.6892 36.93 7.4
      vertex -29.7677 35.73 7.4
      vertex -29.5061 35.3385 7.4
    endloop
  endfacet
  facet normal -0 0 1
    outer loop
      vertex -30.2192 37.9999 7.4
      vertex -27.8397 37.6866 7.4
      vertex -30.1273 38.4618 7.4
    endloop
  endfacet
  facet normal 0 0 1
    outer loop
      vertex -27.7587 37.0708 7.4
      vertex -29.976 36.1523 7.4
      vertex -29.7677 35.73 7.4
    endloop
  endfacet
  facet normal 0 0 1
    outer loop
      vertex -27.8397 37.6866 7.4
      vertex -30.2192 37.9999 7.4
      vertex -27.85 37.53 7.4
    endloop
  endfacet
  facet normal 0 0 1
    outer loop
      vertex -27.8091 37.2194 7.4
      vertex -30.1273 36.5983 7.4
      vertex -29.976 36.1523 7.4
    endloop
  endfacet
  facet normal 0 0 1
    outer loop
      vertex -30.25 37.53 7.4
      vertex -27.85 37.53 7.4
      vertex -30.2192 37.9999 7.4
    endloop
  endfacet
  facet normal 0 0 1
    outer loop
      vertex -27.8397 37.3734 7.4
      vertex -30.2192 37.0601 7.4
      vertex -30.1273 36.5983 7.4
    endloop
  endfacet
  facet normal 0 0 1
    outer loop
      vertex -27.85 37.53 7.4
      vertex -30.25 37.53 7.4
      vertex -30.2192 37.0601 7.4
    endloop
  endfacet
  facet normal -0.555582 0.831462 0
    outer loop
      vertex -28.45 40.6477 2.4
      vertex -28.8415 40.3861 7.4
      vertex -28.45 40.6477 7.4
    endloop
  endfacet
  facet normal -0.555582 0.831462 0
    outer loop
      vertex -28.8415 40.3861 7.4
      vertex -28.45 40.6477 2.4
      vertex -28.8415 40.3861 2.4
    endloop
  endfacet
  facet normal -0.321256 0.946993 0
    outer loop
      vertex -27.5817 41.0073 2.4
      vertex -28.0277 40.856 7.4
      vertex -27.5817 41.0073 7.4
    endloop
  endfacet
  facet normal -0.321256 0.946993 0
    outer loop
      vertex -28.0277 40.856 7.4
      vertex -27.5817 41.0073 2.4
      vertex -28.0277 40.856 2.4
    endloop
  endfacet
  facet normal 0 0 -1
    outer loop
      vertex -25.45 37.53 2.4
      vertex -23.05 37.53 2.4
      vertex -23.0808 37.0601 2.4
    endloop
  endfacet
  facet normal 0 0 -1
    outer loop
      vertex -25.4603 37.3734 2.4
      vertex -23.0808 37.0601 2.4
      vertex -23.1727 36.5983 2.4
    endloop
  endfacet
  facet normal 0 0 -1
    outer loop
      vertex -23.05 37.53 2.4
      vertex -25.45 37.53 2.4
      vertex -23.0808 37.9999 2.4
    endloop
  endfacet
  facet normal 0 0 -1
    outer loop
      vertex -25.4909 37.2194 2.4
      vertex -23.1727 36.5983 2.4
      vertex -23.324 36.1523 2.4
    endloop
  endfacet
  facet normal 0 0 -1
    outer loop
      vertex -25.4603 37.6866 2.4
      vertex -23.0808 37.9999 2.4
      vertex -25.45 37.53 2.4
    endloop
  endfacet
  facet normal 0 0 -1
    outer loop
      vertex -25.5413 37.0708 2.4
      vertex -23.324 36.1523 2.4
      vertex -23.5323 35.73 2.4
    endloop
  endfacet
  facet normal -0 0 -1
    outer loop
      vertex -23.0808 37.9999 2.4
      vertex -25.4603 37.6866 2.4
      vertex -23.1727 38.4618 2.4
    endloop
  endfacet
  facet normal 0 0 -1
    outer loop
      vertex -25.6108 36.93 2.4
      vertex -23.5323 35.73 2.4
      vertex -23.7939 35.3385 2.4
    endloop
  endfacet
  facet normal 0 0 -1
    outer loop
      vertex -25.4909 37.8406 2.4
      vertex -23.1727 38.4618 2.4
      vertex -25.4603 37.6866 2.4
    endloop
  endfacet
  facet normal 0 0 -1
    outer loop
      vertex -25.698 36.7995 2.4
      vertex -23.7939 35.3385 2.4
      vertex -24.1044 34.9844 2.4
    endloop
  endfacet
  facet normal -0 0 -1
    outer loop
      vertex -23.1727 38.4618 2.4
      vertex -25.4909 37.8406 2.4
      vertex -23.324 38.9077 2.4
    endloop
  endfacet
  facet normal 0 0 -1
    outer loop
      vertex -25.8015 36.6815 2.4
      vertex -24.1044 34.9844 2.4
      vertex -24.4585 34.6739 2.4
    endloop
  endfacet
  facet normal 0 0 -1
    outer loop
      vertex -25.5413 37.9892 2.4
      vertex -23.324 38.9077 2.4
      vertex -25.4909 37.8406 2.4
    endloop
  endfacet
  facet normal 0 0 -1
    outer loop
      vertex -25.9195 36.578 2.4
      vertex -24.4585 34.6739 2.4
      vertex -24.85 34.4123 2.4
    endloop
  endfacet
  facet normal -0 0 -1
    outer loop
      vertex -23.324 38.9077 2.4
      vertex -25.5413 37.9892 2.4
      vertex -23.5323 39.33 2.4
    endloop
  endfacet
  facet normal 0 0 -1
    outer loop
      vertex -26.05 36.4908 2.4
      vertex -24.85 34.4123 2.4
      vertex -25.2723 34.204 2.4
    endloop
  endfacet
  facet normal 0 0 -1
    outer loop
      vertex -25.6108 38.13 2.4
      vertex -23.5323 39.33 2.4
      vertex -25.5413 37.9892 2.4
    endloop
  endfacet
  facet normal -0 0 -1
    outer loop
      vertex -23.5323 39.33 2.4
      vertex -25.6108 38.13 2.4
      vertex -23.7939 39.7215 2.4
    endloop
  endfacet
  facet normal 0 0 -1
    outer loop
      vertex -23.0808 37.0601 2.4
      vertex -25.4603 37.3734 2.4
      vertex -25.45 37.53 2.4
    endloop
  endfacet
  facet normal 0 0 -1
    outer loop
      vertex -23.1727 36.5983 2.4
      vertex -25.4909 37.2194 2.4
      vertex -25.4603 37.3734 2.4
    endloop
  endfacet
  facet normal 0 0 -1
    outer loop
      vertex -23.324 36.1523 2.4
      vertex -25.5413 37.0708 2.4
      vertex -25.4909 37.2194 2.4
    endloop
  endfacet
  facet normal 0 0 -1
    outer loop
      vertex -23.5323 35.73 2.4
      vertex -25.6108 36.93 2.4
      vertex -25.5413 37.0708 2.4
    endloop
  endfacet
  facet normal 0 0 -1
    outer loop
      vertex -23.7939 35.3385 2.4
      vertex -25.698 36.7995 2.4
      vertex -25.6108 36.93 2.4
    endloop
  endfacet
  facet normal 0 0 -1
    outer loop
      vertex -26.1908 36.4213 2.4
      vertex -25.2723 34.204 2.4
      vertex -25.7183 34.0527 2.4
    endloop
  endfacet
  facet normal 0 0 -1
    outer loop
      vertex -24.1044 34.9844 2.4
      vertex -25.8015 36.6815 2.4
      vertex -25.698 36.7995 2.4
    endloop
  endfacet
  facet normal 0 0 -1
    outer loop
      vertex -24.4585 34.6739 2.4
      vertex -25.9195 36.578 2.4
      vertex -25.8015 36.6815 2.4
    endloop
  endfacet
  facet normal 0 0 -1
    outer loop
      vertex -24.85 34.4123 2.4
      vertex -26.05 36.4908 2.4
      vertex -25.9195 36.578 2.4
    endloop
  endfacet
  facet normal 0 0 -1
    outer loop
      vertex -26.3394 36.3709 2.4
      vertex -25.7183 34.0527 2.4
      vertex -26.1801 33.9608 2.4
    endloop
  endfacet
  facet normal 0 0 -1
    outer loop
      vertex -25.2723 34.204 2.4
      vertex -26.1908 36.4213 2.4
      vertex -26.05 36.4908 2.4
    endloop
  endfacet
  facet normal 0 0 -1
    outer loop
      vertex -25.7183 34.0527 2.4
      vertex -26.3394 36.3709 2.4
      vertex -26.1908 36.4213 2.4
    endloop
  endfacet
  facet normal 0 0 -1
    outer loop
      vertex -26.1801 33.9608 2.4
      vertex -26.4934 36.3403 2.4
      vertex -26.3394 36.3709 2.4
    endloop
  endfacet
  facet normal 0 0 -1
    outer loop
      vertex -26.65 33.93 2.4
      vertex -26.4934 36.3403 2.4
      vertex -26.1801 33.9608 2.4
    endloop
  endfacet
  facet normal 0 0 -1
    outer loop
      vertex -26.65 33.93 2.4
      vertex -26.65 36.33 2.4
      vertex -26.4934 36.3403 2.4
    endloop
  endfacet
  facet normal 0 0 -1
    outer loop
      vertex -26.65 33.93 2.4
      vertex -26.8066 36.3403 2.4
      vertex -26.65 36.33 2.4
    endloop
  endfacet
  facet normal 0 0 -1
    outer loop
      vertex -27.1199 33.9608 2.4
      vertex -26.8066 36.3403 2.4
      vertex -26.65 33.93 2.4
    endloop
  endfacet
  facet normal -0 0 -1
    outer loop
      vertex -26.8066 36.3403 2.4
      vertex -27.1199 33.9608 2.4
      vertex -26.9606 36.3709 2.4
    endloop
  endfacet
  facet normal 0 0 -1
    outer loop
      vertex -27.5817 34.0527 2.4
      vertex -26.9606 36.3709 2.4
      vertex -27.1199 33.9608 2.4
    endloop
  endfacet
  facet normal -0 0 -1
    outer loop
      vertex -26.9606 36.3709 2.4
      vertex -27.5817 34.0527 2.4
      vertex -27.1092 36.4213 2.4
    endloop
  endfacet
  facet normal 0 0 -1
    outer loop
      vertex -28.0277 34.204 2.4
      vertex -27.1092 36.4213 2.4
      vertex -27.5817 34.0527 2.4
    endloop
  endfacet
  facet normal -0 0 -1
    outer loop
      vertex -27.1092 36.4213 2.4
      vertex -28.0277 34.204 2.4
      vertex -27.25 36.4908 2.4
    endloop
  endfacet
  facet normal 0 0 -1
    outer loop
      vertex -28.45 34.4123 2.4
      vertex -27.25 36.4908 2.4
      vertex -28.0277 34.204 2.4
    endloop
  endfacet
  facet normal -0 0 -1
    outer loop
      vertex -27.25 36.4908 2.4
      vertex -28.45 34.4123 2.4
      vertex -27.3805 36.578 2.4
    endloop
  endfacet
  facet normal 0 0 -1
    outer loop
      vertex -28.8415 34.6739 2.4
      vertex -27.3805 36.578 2.4
      vertex -28.45 34.4123 2.4
    endloop
  endfacet
  facet normal -0 0 -1
    outer loop
      vertex -27.3805 36.578 2.4
      vertex -28.8415 34.6739 2.4
      vertex -27.4985 36.6815 2.4
    endloop
  endfacet
  facet normal 0 0 -1
    outer loop
      vertex -29.1956 34.9844 2.4
      vertex -27.4985 36.6815 2.4
      vertex -28.8415 34.6739 2.4
    endloop
  endfacet
  facet normal -0 0 -1
    outer loop
      vertex -27.4985 36.6815 2.4
      vertex -29.1956 34.9844 2.4
      vertex -27.602 36.7995 2.4
    endloop
  endfacet
  facet normal -0 0 -1
    outer loop
      vertex -27.602 36.7995 2.4
      vertex -29.5061 35.3385 2.4
      vertex -27.6892 36.93 2.4
    endloop
  endfacet
  facet normal 0 0 -1
    outer loop
      vertex -29.5061 35.3385 2.4
      vertex -27.602 36.7995 2.4
      vertex -29.1956 34.9844 2.4
    endloop
  endfacet
  facet normal 0 0 -1
    outer loop
      vertex -25.698 38.2605 2.4
      vertex -23.7939 39.7215 2.4
      vertex -25.6108 38.13 2.4
    endloop
  endfacet
  facet normal -0 0 -1
    outer loop
      vertex -23.7939 39.7215 2.4
      vertex -25.698 38.2605 2.4
      vertex -24.1044 40.0756 2.4
    endloop
  endfacet
  facet normal 0 0 -1
    outer loop
      vertex -25.8015 38.3785 2.4
      vertex -24.1044 40.0756 2.4
      vertex -25.698 38.2605 2.4
    endloop
  endfacet
  facet normal -0 0 -1
    outer loop
      vertex -24.1044 40.0756 2.4
      vertex -25.8015 38.3785 2.4
      vertex -24.4585 40.3861 2.4
    endloop
  endfacet
  facet normal 0 0 -1
    outer loop
      vertex -25.9195 38.482 2.4
      vertex -24.4585 40.3861 2.4
      vertex -25.8015 38.3785 2.4
    endloop
  endfacet
  facet normal -0 0 -1
    outer loop
      vertex -24.4585 40.3861 2.4
      vertex -25.9195 38.482 2.4
      vertex -24.85 40.6477 2.4
    endloop
  endfacet
  facet normal 0 0 -1
    outer loop
      vertex -26.05 38.5692 2.4
      vertex -24.85 40.6477 2.4
      vertex -25.9195 38.482 2.4
    endloop
  endfacet
  facet normal -0 0 -1
    outer loop
      vertex -24.85 40.6477 2.4
      vertex -26.05 38.5692 2.4
      vertex -25.2723 40.856 2.4
    endloop
  endfacet
  facet normal 0 0 -1
    outer loop
      vertex -26.1908 38.6387 2.4
      vertex -25.2723 40.856 2.4
      vertex -26.05 38.5692 2.4
    endloop
  endfacet
  facet normal -0 0 -1
    outer loop
      vertex -25.2723 40.856 2.4
      vertex -26.1908 38.6387 2.4
      vertex -25.7183 41.0073 2.4
    endloop
  endfacet
  facet normal 0 0 -1
    outer loop
      vertex -26.3394 38.6891 2.4
      vertex -25.7183 41.0073 2.4
      vertex -26.1908 38.6387 2.4
    endloop
  endfacet
  facet normal -0 0 -1
    outer loop
      vertex -25.7183 41.0073 2.4
      vertex -26.3394 38.6891 2.4
      vertex -26.1801 41.0992 2.4
    endloop
  endfacet
  facet normal 0 0 -1
    outer loop
      vertex -26.4934 38.7197 2.4
      vertex -26.1801 41.0992 2.4
      vertex -26.3394 38.6891 2.4
    endloop
  endfacet
  facet normal 0 0 -1
    outer loop
      vertex -26.65 38.73 2.4
      vertex -26.1801 41.0992 2.4
      vertex -26.4934 38.7197 2.4
    endloop
  endfacet
  facet normal 0 0 -1
    outer loop
      vertex -26.65 38.73 2.4
      vertex -26.65 41.13 2.4
      vertex -26.1801 41.0992 2.4
    endloop
  endfacet
  facet normal 0 0 -1
    outer loop
      vertex -26.8066 38.7197 2.4
      vertex -26.65 41.13 2.4
      vertex -26.65 38.73 2.4
    endloop
  endfacet
  facet normal 0 0 -1
    outer loop
      vertex -27.1199 41.0992 2.4
      vertex -26.8066 38.7197 2.4
      vertex -26.9606 38.6891 2.4
    endloop
  endfacet
  facet normal 0 0 -1
    outer loop
      vertex -27.5817 41.0073 2.4
      vertex -26.9606 38.6891 2.4
      vertex -27.1092 38.6387 2.4
    endloop
  endfacet
  facet normal 0 0 -1
    outer loop
      vertex -26.8066 38.7197 2.4
      vertex -27.1199 41.0992 2.4
      vertex -26.65 41.13 2.4
    endloop
  endfacet
  facet normal 0 0 -1
    outer loop
      vertex -28.0277 40.856 2.4
      vertex -27.1092 38.6387 2.4
      vertex -27.25 38.5692 2.4
    endloop
  endfacet
  facet normal 0 0 -1
    outer loop
      vertex -28.45 40.6477 2.4
      vertex -27.25 38.5692 2.4
      vertex -27.3805 38.482 2.4
    endloop
  endfacet
  facet normal 0 0 -1
    outer loop
      vertex -28.8415 40.3861 2.4
      vertex -27.3805 38.482 2.4
      vertex -27.4985 38.3785 2.4
    endloop
  endfacet
  facet normal 0 0 -1
    outer loop
      vertex -26.9606 38.6891 2.4
      vertex -27.5817 41.0073 2.4
      vertex -27.1199 41.0992 2.4
    endloop
  endfacet
  facet normal 0 0 -1
    outer loop
      vertex -29.1956 40.0756 2.4
      vertex -27.4985 38.3785 2.4
      vertex -27.602 38.2605 2.4
    endloop
  endfacet
  facet normal 0 0 -1
    outer loop
      vertex -29.5061 39.7215 2.4
      vertex -27.602 38.2605 2.4
      vertex -27.6892 38.13 2.4
    endloop
  endfacet
  facet normal 0 0 -1
    outer loop
      vertex -29.7677 39.33 2.4
      vertex -27.6892 38.13 2.4
      vertex -27.7587 37.9892 2.4
    endloop
  endfacet
  facet normal 0 0 -1
    outer loop
      vertex -29.976 38.9077 2.4
      vertex -27.7587 37.9892 2.4
      vertex -27.8091 37.8406 2.4
    endloop
  endfacet
  facet normal 0 0 -1
    outer loop
      vertex -30.1273 38.4618 2.4
      vertex -27.8091 37.8406 2.4
      vertex -27.8397 37.6866 2.4
    endloop
  endfacet
  facet normal 0 0 -1
    outer loop
      vertex -27.1092 38.6387 2.4
      vertex -28.0277 40.856 2.4
      vertex -27.5817 41.0073 2.4
    endloop
  endfacet
  facet normal 0 0 -1
    outer loop
      vertex -30.2192 37.9999 2.4
      vertex -27.8397 37.6866 2.4
      vertex -27.85 37.53 2.4
    endloop
  endfacet
  facet normal 0 0 -1
    outer loop
      vertex -29.7677 35.73 2.4
      vertex -27.6892 36.93 2.4
      vertex -29.5061 35.3385 2.4
    endloop
  endfacet
  facet normal -0 0 -1
    outer loop
      vertex -27.6892 36.93 2.4
      vertex -29.7677 35.73 2.4
      vertex -27.7587 37.0708 2.4
    endloop
  endfacet
  facet normal 0 0 -1
    outer loop
      vertex -27.25 38.5692 2.4
      vertex -28.45 40.6477 2.4
      vertex -28.0277 40.856 2.4
    endloop
  endfacet
  facet normal 0 0 -1
    outer loop
      vertex -29.976 36.1523 2.4
      vertex -27.7587 37.0708 2.4
      vertex -29.7677 35.73 2.4
    endloop
  endfacet
  facet normal 0 0 -1
    outer loop
      vertex -27.3805 38.482 2.4
      vertex -28.8415 40.3861 2.4
      vertex -28.45 40.6477 2.4
    endloop
  endfacet
  facet normal -0 0 -1
    outer loop
      vertex -27.7587 37.0708 2.4
      vertex -29.976 36.1523 2.4
      vertex -27.8091 37.2194 2.4
    endloop
  endfacet
  facet normal 0 0 -1
    outer loop
      vertex -27.4985 38.3785 2.4
      vertex -29.1956 40.0756 2.4
      vertex -28.8415 40.3861 2.4
    endloop
  endfacet
  facet normal 0 0 -1
    outer loop
      vertex -30.1273 36.5983 2.4
      vertex -27.8091 37.2194 2.4
      vertex -29.976 36.1523 2.4
    endloop
  endfacet
  facet normal 0 0 -1
    outer loop
      vertex -27.602 38.2605 2.4
      vertex -29.5061 39.7215 2.4
      vertex -29.1956 40.0756 2.4
    endloop
  endfacet
  facet normal -0 0 -1
    outer loop
      vertex -27.8091 37.2194 2.4
      vertex -30.1273 36.5983 2.4
      vertex -27.8397 37.3734 2.4
    endloop
  endfacet
  facet normal 0 0 -1
    outer loop
      vertex -27.6892 38.13 2.4
      vertex -29.7677 39.33 2.4
      vertex -29.5061 39.7215 2.4
    endloop
  endfacet
  facet normal 0 0 -1
    outer loop
      vertex -30.2192 37.0601 2.4
      vertex -27.8397 37.3734 2.4
      vertex -30.1273 36.5983 2.4
    endloop
  endfacet
  facet normal 0 0 -1
    outer loop
      vertex -27.7587 37.9892 2.4
      vertex -29.976 38.9077 2.4
      vertex -29.7677 39.33 2.4
    endloop
  endfacet
  facet normal -0 0 -1
    outer loop
      vertex -27.8397 37.3734 2.4
      vertex -30.2192 37.0601 2.4
      vertex -27.85 37.53 2.4
    endloop
  endfacet
  facet normal 0 0 -1
    outer loop
      vertex -27.8091 37.8406 2.4
      vertex -30.1273 38.4618 2.4
      vertex -29.976 38.9077 2.4
    endloop
  endfacet
  facet normal 0 0 -1
    outer loop
      vertex -30.25 37.53 2.4
      vertex -27.85 37.53 2.4
      vertex -30.2192 37.0601 2.4
    endloop
  endfacet
  facet normal 0 0 -1
    outer loop
      vertex -27.8397 37.6866 2.4
      vertex -30.2192 37.9999 2.4
      vertex -30.1273 38.4618 2.4
    endloop
  endfacet
  facet normal 0 0 -1
    outer loop
      vertex -27.85 37.53 2.4
      vertex -30.25 37.53 2.4
      vertex -30.2192 37.9999 2.4
    endloop
  endfacet
  facet normal 0.195177 -0.980768 0
    outer loop
      vertex -26.1801 33.9608 2.4
      vertex -25.7183 34.0527 7.4
      vertex -26.1801 33.9608 7.4
    endloop
  endfacet
  facet normal 0.195177 -0.980768 0
    outer loop
      vertex -25.7183 34.0527 7.4
      vertex -26.1801 33.9608 2.4
      vertex -25.7183 34.0527 2.4
    endloop
  endfacet
  facet normal 0.946971 0.32132 0
    outer loop
      vertex -23.1727 38.4618 7.4
      vertex -23.324 38.9077 2.4
      vertex -23.324 38.9077 7.4
    endloop
  endfacet
  facet normal 0.946971 0.32132 0
    outer loop
      vertex -23.324 38.9077 2.4
      vertex -23.1727 38.4618 7.4
      vertex -23.1727 38.4618 2.4
    endloop
  endfacet
  facet normal 0.980776 0.195136 0
    outer loop
      vertex -23.0808 37.9999 7.4
      vertex -23.1727 38.4618 2.4
      vertex -23.1727 38.4618 7.4
    endloop
  endfacet
  facet normal 0.980776 0.195136 0
    outer loop
      vertex -23.1727 38.4618 2.4
      vertex -23.0808 37.9999 7.4
      vertex -23.0808 37.9999 2.4
    endloop
  endfacet
  facet normal 0.751879 0.659301 0
    outer loop
      vertex -23.7939 39.7215 7.4
      vertex -24.1044 40.0756 2.4
      vertex -24.1044 40.0756 7.4
    endloop
  endfacet
  facet normal 0.751879 0.659301 0
    outer loop
      vertex -24.1044 40.0756 2.4
      vertex -23.7939 39.7215 7.4
      vertex -23.7939 39.7215 2.4
    endloop
  endfacet
  facet normal 0.0654055 0.997859 -0
    outer loop
      vertex -26.1801 41.0992 2.4
      vertex -26.65 41.13 7.4
      vertex -26.1801 41.0992 7.4
    endloop
  endfacet
  facet normal 0.0654055 0.997859 0
    outer loop
      vertex -26.65 41.13 7.4
      vertex -26.1801 41.0992 2.4
      vertex -26.65 41.13 2.4
    endloop
  endfacet
  facet normal 0.555582 0.831462 -0
    outer loop
      vertex -24.4585 40.3861 2.4
      vertex -24.85 40.6477 7.4
      vertex -24.4585 40.3861 7.4
    endloop
  endfacet
  facet normal 0.555582 0.831462 0
    outer loop
      vertex -24.85 40.6477 7.4
      vertex -24.4585 40.3861 2.4
      vertex -24.85 40.6477 2.4
    endloop
  endfacet
  facet normal -0.946971 0.32132 0
    outer loop
      vertex -30.1273 38.4618 2.4
      vertex -29.976 38.9077 7.4
      vertex -29.976 38.9077 2.4
    endloop
  endfacet
  facet normal -0.946971 0.32132 0
    outer loop
      vertex -29.976 38.9077 7.4
      vertex -30.1273 38.4618 2.4
      vertex -30.1273 38.4618 7.4
    endloop
  endfacet
  facet normal -0.980776 0.195136 0
    outer loop
      vertex -30.2192 37.9999 2.4
      vertex -30.1273 38.4618 7.4
      vertex -30.1273 38.4618 2.4
    endloop
  endfacet
  facet normal -0.980776 0.195136 0
    outer loop
      vertex -30.1273 38.4618 7.4
      vertex -30.2192 37.9999 2.4
      vertex -30.2192 37.9999 7.4
    endloop
  endfacet
  facet normal -0.659301 0.751879 0
    outer loop
      vertex -28.8415 40.3861 2.4
      vertex -29.1956 40.0756 7.4
      vertex -28.8415 40.3861 7.4
    endloop
  endfacet
  facet normal -0.659301 0.751879 0
    outer loop
      vertex -29.1956 40.0756 7.4
      vertex -28.8415 40.3861 2.4
      vertex -29.1956 40.0756 2.4
    endloop
  endfacet
  facet normal -0.195177 0.980768 0
    outer loop
      vertex -27.1199 41.0992 2.4
      vertex -27.5817 41.0073 7.4
      vertex -27.1199 41.0992 7.4
    endloop
  endfacet
  facet normal -0.195177 0.980768 0
    outer loop
      vertex -27.5817 41.0073 7.4
      vertex -27.1199 41.0992 2.4
      vertex -27.5817 41.0073 2.4
    endloop
  endfacet
  facet normal 0.946993 -0.321256 0
    outer loop
      vertex -23.324 36.1523 7.4
      vertex -23.1727 36.5983 2.4
      vertex -23.1727 36.5983 7.4
    endloop
  endfacet
  facet normal 0.946993 -0.321256 0
    outer loop
      vertex -23.1727 36.5983 2.4
      vertex -23.324 36.1523 7.4
      vertex -23.324 36.1523 2.4
    endloop
  endfacet
  facet normal 0.980768 -0.195177 0
    outer loop
      vertex -23.1727 36.5983 7.4
      vertex -23.0808 37.0601 2.4
      vertex -23.0808 37.0601 7.4
    endloop
  endfacet
  facet normal 0.980768 -0.195177 0
    outer loop
      vertex -23.0808 37.0601 2.4
      vertex -23.1727 36.5983 7.4
      vertex -23.1727 36.5983 2.4
    endloop
  endfacet
  facet normal 0.555582 -0.831462 0
    outer loop
      vertex -24.85 34.4123 2.4
      vertex -24.4585 34.6739 7.4
      vertex -24.85 34.4123 7.4
    endloop
  endfacet
  facet normal 0.555582 -0.831462 0
    outer loop
      vertex -24.4585 34.6739 7.4
      vertex -24.85 34.4123 2.4
      vertex -24.4585 34.6739 2.4
    endloop
  endfacet
  facet normal 0.442365 -0.896835 0
    outer loop
      vertex -25.2723 34.204 2.4
      vertex -24.85 34.4123 7.4
      vertex -25.2723 34.204 7.4
    endloop
  endfacet
  facet normal 0.442365 -0.896835 0
    outer loop
      vertex -24.85 34.4123 7.4
      vertex -25.2723 34.204 2.4
      vertex -24.85 34.4123 2.4
    endloop
  endfacet
  facet normal 0.997859 -0.0654055 0
    outer loop
      vertex -23.0808 37.0601 7.4
      vertex -23.05 37.53 2.4
      vertex -23.05 37.53 7.4
    endloop
  endfacet
  facet normal 0.997859 -0.0654055 0
    outer loop
      vertex -23.05 37.53 2.4
      vertex -23.0808 37.0601 7.4
      vertex -23.0808 37.0601 2.4
    endloop
  endfacet
  facet normal -0.321256 -0.946993 0
    outer loop
      vertex -28.0277 34.204 2.4
      vertex -27.5817 34.0527 7.4
      vertex -28.0277 34.204 7.4
    endloop
  endfacet
  facet normal -0.321256 -0.946993 -0
    outer loop
      vertex -27.5817 34.0527 7.4
      vertex -28.0277 34.204 2.4
      vertex -27.5817 34.0527 2.4
    endloop
  endfacet
  facet normal -0.751879 -0.659301 0
    outer loop
      vertex -29.1956 34.9844 2.4
      vertex -29.5061 35.3385 7.4
      vertex -29.5061 35.3385 2.4
    endloop
  endfacet
  facet normal -0.751879 -0.659301 0
    outer loop
      vertex -29.5061 35.3385 7.4
      vertex -29.1956 34.9844 2.4
      vertex -29.1956 34.9844 7.4
    endloop
  endfacet
  facet normal -0.997859 -0.0654055 0
    outer loop
      vertex -30.2192 37.0601 2.4
      vertex -30.25 37.53 7.4
      vertex -30.25 37.53 2.4
    endloop
  endfacet
  facet normal -0.997859 -0.0654055 0
    outer loop
      vertex -30.25 37.53 7.4
      vertex -30.2192 37.0601 2.4
      vertex -30.2192 37.0601 7.4
    endloop
  endfacet
  facet normal -0.980768 -0.195177 0
    outer loop
      vertex -30.1273 36.5983 2.4
      vertex -30.2192 37.0601 7.4
      vertex -30.2192 37.0601 2.4
    endloop
  endfacet
  facet normal -0.980768 -0.195177 0
    outer loop
      vertex -30.2192 37.0601 7.4
      vertex -30.1273 36.5983 2.4
      vertex -30.1273 36.5983 7.4
    endloop
  endfacet
  facet normal -0.946993 -0.321256 0
    outer loop
      vertex -29.976 36.1523 2.4
      vertex -30.1273 36.5983 7.4
      vertex -30.1273 36.5983 2.4
    endloop
  endfacet
  facet normal -0.946993 -0.321256 0
    outer loop
      vertex -30.1273 36.5983 7.4
      vertex -29.976 36.1523 2.4
      vertex -29.976 36.1523 7.4
    endloop
  endfacet
  facet normal 0.659301 -0.751879 0
    outer loop
      vertex -24.4585 34.6739 2.4
      vertex -24.1044 34.9844 7.4
      vertex -24.4585 34.6739 7.4
    endloop
  endfacet
  facet normal 0.659301 -0.751879 0
    outer loop
      vertex -24.1044 34.9844 7.4
      vertex -24.4585 34.6739 2.4
      vertex -24.1044 34.9844 2.4
    endloop
  endfacet
  facet normal 0.321256 -0.946993 0
    outer loop
      vertex -25.7183 34.0527 2.4
      vertex -25.2723 34.204 7.4
      vertex -25.7183 34.0527 7.4
    endloop
  endfacet
  facet normal 0.321256 -0.946993 0
    outer loop
      vertex -25.2723 34.204 7.4
      vertex -25.7183 34.0527 2.4
      vertex -25.2723 34.204 2.4
    endloop
  endfacet
  facet normal 0.896835 -0.442365 0
    outer loop
      vertex -23.5323 35.73 7.4
      vertex -23.324 36.1523 2.4
      vertex -23.324 36.1523 7.4
    endloop
  endfacet
  facet normal 0.896835 -0.442365 0
    outer loop
      vertex -23.324 36.1523 2.4
      vertex -23.5323 35.73 7.4
      vertex -23.5323 35.73 2.4
    endloop
  endfacet
  facet normal 0.831462 -0.555582 0
    outer loop
      vertex -23.7939 35.3385 7.4
      vertex -23.5323 35.73 2.4
      vertex -23.5323 35.73 7.4
    endloop
  endfacet
  facet normal 0.831462 -0.555582 0
    outer loop
      vertex -23.5323 35.73 2.4
      vertex -23.7939 35.3385 7.4
      vertex -23.7939 35.3385 2.4
    endloop
  endfacet
  facet normal -0.0654055 -0.997859 0
    outer loop
      vertex -27.1199 33.9608 2.4
      vertex -26.65 33.93 7.4
      vertex -27.1199 33.9608 7.4
    endloop
  endfacet
  facet normal -0.0654055 -0.997859 -0
    outer loop
      vertex -26.65 33.93 7.4
      vertex -27.1199 33.9608 2.4
      vertex -26.65 33.93 2.4
    endloop
  endfacet
  facet normal -0.555582 -0.831462 0
    outer loop
      vertex -28.8415 34.6739 2.4
      vertex -28.45 34.4123 7.4
      vertex -28.8415 34.6739 7.4
    endloop
  endfacet
  facet normal -0.555582 -0.831462 -0
    outer loop
      vertex -28.45 34.4123 7.4
      vertex -28.8415 34.6739 2.4
      vertex -28.45 34.4123 2.4
    endloop
  endfacet
  facet normal -0.195177 -0.980768 0
    outer loop
      vertex -27.5817 34.0527 2.4
      vertex -27.1199 33.9608 7.4
      vertex -27.5817 34.0527 7.4
    endloop
  endfacet
  facet normal -0.195177 -0.980768 -0
    outer loop
      vertex -27.1199 33.9608 7.4
      vertex -27.5817 34.0527 2.4
      vertex -27.1199 33.9608 2.4
    endloop
  endfacet
  facet normal -0.659301 -0.751879 0
    outer loop
      vertex -29.1956 34.9844 2.4
      vertex -28.8415 34.6739 7.4
      vertex -29.1956 34.9844 7.4
    endloop
  endfacet
  facet normal -0.659301 -0.751879 -0
    outer loop
      vertex -28.8415 34.6739 7.4
      vertex -29.1956 34.9844 2.4
      vertex -28.8415 34.6739 2.4
    endloop
  endfacet
  facet normal -0.831462 -0.555582 0
    outer loop
      vertex -29.5061 35.3385 2.4
      vertex -29.7677 35.73 7.4
      vertex -29.7677 35.73 2.4
    endloop
  endfacet
  facet normal -0.831462 -0.555582 0
    outer loop
      vertex -29.7677 35.73 7.4
      vertex -29.5061 35.3385 2.4
      vertex -29.5061 35.3385 7.4
    endloop
  endfacet
  facet normal -0.896835 -0.442365 0
    outer loop
      vertex -29.7677 35.73 2.4
      vertex -29.976 36.1523 7.4
      vertex -29.976 36.1523 2.4
    endloop
  endfacet
  facet normal -0.896835 -0.442365 0
    outer loop
      vertex -29.976 36.1523 7.4
      vertex -29.7677 35.73 2.4
      vertex -29.7677 35.73 7.4
    endloop
  endfacet
  facet normal 0.751879 -0.659301 0
    outer loop
      vertex -24.1044 34.9844 7.4
      vertex -23.7939 35.3385 2.4
      vertex -23.7939 35.3385 7.4
    endloop
  endfacet
  facet normal 0.751879 -0.659301 0
    outer loop
      vertex -23.7939 35.3385 2.4
      vertex -24.1044 34.9844 7.4
      vertex -24.1044 34.9844 2.4
    endloop
  endfacet
  facet normal -0.442365 -0.896835 0
    outer loop
      vertex -28.45 34.4123 2.4
      vertex -28.0277 34.204 7.4
      vertex -28.45 34.4123 7.4
    endloop
  endfacet
  facet normal -0.442365 -0.896835 -0
    outer loop
      vertex -28.0277 34.204 7.4
      vertex -28.45 34.4123 2.4
      vertex -28.0277 34.204 2.4
    endloop
  endfacet
  facet normal -0.997844 -0.0656309 0
    outer loop
      vertex -25.45 37.53 2.4
      vertex -25.4603 37.6866 7.4
      vertex -25.4603 37.6866 2.4
    endloop
  endfacet
  facet normal -0.997844 -0.0656309 0
    outer loop
      vertex -25.4603 37.6866 7.4
      vertex -25.45 37.53 2.4
      vertex -25.45 37.53 7.4
    endloop
  endfacet
  facet normal 0.997844 -0.0656309 0
    outer loop
      vertex -27.85 37.53 7.4
      vertex -27.8397 37.6866 2.4
      vertex -27.8397 37.6866 7.4
    endloop
  endfacet
  facet normal 0.997844 -0.0656309 0
    outer loop
      vertex -27.8397 37.6866 2.4
      vertex -27.85 37.53 7.4
      vertex -27.85 37.53 2.4
    endloop
  endfacet
  facet normal -0.0656309 -0.997844 0
    outer loop
      vertex -26.65 38.73 2.4
      vertex -26.4934 38.7197 7.4
      vertex -26.65 38.73 7.4
    endloop
  endfacet
  facet normal -0.0656309 -0.997844 -0
    outer loop
      vertex -26.4934 38.7197 7.4
      vertex -26.65 38.73 2.4
      vertex -26.4934 38.7197 2.4
    endloop
  endfacet
  facet normal -0.751787 -0.659406 0
    outer loop
      vertex -25.698 38.2605 2.4
      vertex -25.8015 38.3785 7.4
      vertex -25.8015 38.3785 2.4
    endloop
  endfacet
  facet normal -0.751787 -0.659406 0
    outer loop
      vertex -25.8015 38.3785 7.4
      vertex -25.698 38.2605 2.4
      vertex -25.698 38.2605 7.4
    endloop
  endfacet
  facet normal 0.659406 -0.751787 0
    outer loop
      vertex -27.4985 38.3785 2.4
      vertex -27.3805 38.482 7.4
      vertex -27.4985 38.3785 7.4
    endloop
  endfacet
  facet normal 0.659406 -0.751787 0
    outer loop
      vertex -27.3805 38.482 7.4
      vertex -27.4985 38.3785 2.4
      vertex -27.3805 38.482 2.4
    endloop
  endfacet
  facet normal 0.321194 -0.947013 0
    outer loop
      vertex -27.1092 38.6387 2.4
      vertex -26.9606 38.6891 7.4
      vertex -27.1092 38.6387 7.4
    endloop
  endfacet
  facet normal 0.321194 -0.947013 0
    outer loop
      vertex -26.9606 38.6891 7.4
      vertex -27.1092 38.6387 2.4
      vertex -26.9606 38.6891 2.4
    endloop
  endfacet
  facet normal -0.896708 -0.442622 0
    outer loop
      vertex -25.5413 37.9892 2.4
      vertex -25.6108 38.13 7.4
      vertex -25.6108 38.13 2.4
    endloop
  endfacet
  facet normal -0.896708 -0.442622 0
    outer loop
      vertex -25.6108 38.13 7.4
      vertex -25.5413 37.9892 2.4
      vertex -25.5413 37.9892 7.4
    endloop
  endfacet
  facet normal -0.831462 -0.555582 0
    outer loop
      vertex -25.6108 38.13 2.4
      vertex -25.698 38.2605 7.4
      vertex -25.698 38.2605 2.4
    endloop
  endfacet
  facet normal -0.831462 -0.555582 0
    outer loop
      vertex -25.698 38.2605 7.4
      vertex -25.6108 38.13 2.4
      vertex -25.6108 38.13 7.4
    endloop
  endfacet
  facet normal -0.442622 -0.896708 0
    outer loop
      vertex -26.1908 38.6387 2.4
      vertex -26.05 38.5692 7.4
      vertex -26.1908 38.6387 7.4
    endloop
  endfacet
  facet normal -0.442622 -0.896708 -0
    outer loop
      vertex -26.05 38.5692 7.4
      vertex -26.1908 38.6387 2.4
      vertex -26.05 38.5692 2.4
    endloop
  endfacet
  facet normal -0.555582 -0.831462 0
    outer loop
      vertex -26.05 38.5692 2.4
      vertex -25.9195 38.482 7.4
      vertex -26.05 38.5692 7.4
    endloop
  endfacet
  facet normal -0.555582 -0.831462 -0
    outer loop
      vertex -25.9195 38.482 7.4
      vertex -26.05 38.5692 2.4
      vertex -25.9195 38.482 2.4
    endloop
  endfacet
  facet normal 0.896708 -0.442622 0
    outer loop
      vertex -27.7587 37.9892 7.4
      vertex -27.6892 38.13 2.4
      vertex -27.6892 38.13 7.4
    endloop
  endfacet
  facet normal 0.896708 -0.442622 0
    outer loop
      vertex -27.6892 38.13 2.4
      vertex -27.7587 37.9892 7.4
      vertex -27.7587 37.9892 2.4
    endloop
  endfacet
  facet normal 0.442622 -0.896708 0
    outer loop
      vertex -27.25 38.5692 2.4
      vertex -27.1092 38.6387 7.4
      vertex -27.25 38.5692 7.4
    endloop
  endfacet
  facet normal 0.442622 -0.896708 0
    outer loop
      vertex -27.1092 38.6387 7.4
      vertex -27.25 38.5692 2.4
      vertex -27.1092 38.6387 2.4
    endloop
  endfacet
  facet normal 0.0656309 -0.997844 0
    outer loop
      vertex -26.8066 38.7197 2.4
      vertex -26.65 38.73 7.4
      vertex -26.8066 38.7197 7.4
    endloop
  endfacet
  facet normal 0.0656309 -0.997844 0
    outer loop
      vertex -26.65 38.73 7.4
      vertex -26.8066 38.7197 2.4
      vertex -26.65 38.73 2.4
    endloop
  endfacet
  facet normal -0.321194 0.947013 0
    outer loop
      vertex -26.1908 36.4213 2.4
      vertex -26.3394 36.3709 7.4
      vertex -26.1908 36.4213 7.4
    endloop
  endfacet
  facet normal -0.321194 0.947013 0
    outer loop
      vertex -26.3394 36.3709 7.4
      vertex -26.1908 36.4213 2.4
      vertex -26.3394 36.3709 2.4
    endloop
  endfacet
  facet normal -0.0656309 0.997844 0
    outer loop
      vertex -26.4934 36.3403 2.4
      vertex -26.65 36.33 7.4
      vertex -26.4934 36.3403 7.4
    endloop
  endfacet
  facet normal -0.0656309 0.997844 0
    outer loop
      vertex -26.65 36.33 7.4
      vertex -26.4934 36.3403 2.4
      vertex -26.65 36.33 2.4
    endloop
  endfacet
  facet normal -0.442622 0.896708 0
    outer loop
      vertex -26.05 36.4908 2.4
      vertex -26.1908 36.4213 7.4
      vertex -26.05 36.4908 7.4
    endloop
  endfacet
  facet normal -0.442622 0.896708 0
    outer loop
      vertex -26.1908 36.4213 7.4
      vertex -26.05 36.4908 2.4
      vertex -26.1908 36.4213 2.4
    endloop
  endfacet
  facet normal 0.896708 0.442622 0
    outer loop
      vertex -27.6892 36.93 7.4
      vertex -27.7587 37.0708 2.4
      vertex -27.7587 37.0708 7.4
    endloop
  endfacet
  facet normal 0.896708 0.442622 0
    outer loop
      vertex -27.7587 37.0708 2.4
      vertex -27.6892 36.93 7.4
      vertex -27.6892 36.93 2.4
    endloop
  endfacet
  facet normal 0.997844 0.0656309 0
    outer loop
      vertex -27.8397 37.3734 7.4
      vertex -27.85 37.53 2.4
      vertex -27.85 37.53 7.4
    endloop
  endfacet
  facet normal 0.997844 0.0656309 0
    outer loop
      vertex -27.85 37.53 2.4
      vertex -27.8397 37.3734 7.4
      vertex -27.8397 37.3734 2.4
    endloop
  endfacet
  facet normal -0.947013 -0.321194 0
    outer loop
      vertex -25.4909 37.8406 2.4
      vertex -25.5413 37.9892 7.4
      vertex -25.5413 37.9892 2.4
    endloop
  endfacet
  facet normal -0.947013 -0.321194 0
    outer loop
      vertex -25.5413 37.9892 7.4
      vertex -25.4909 37.8406 2.4
      vertex -25.4909 37.8406 7.4
    endloop
  endfacet
  facet normal -0.980825 -0.194891 0
    outer loop
      vertex -25.4603 37.6866 2.4
      vertex -25.4909 37.8406 7.4
      vertex -25.4909 37.8406 2.4
    endloop
  endfacet
  facet normal -0.980825 -0.194891 0
    outer loop
      vertex -25.4909 37.8406 7.4
      vertex -25.4603 37.6866 2.4
      vertex -25.4603 37.6866 7.4
    endloop
  endfacet
  facet normal -0.321194 -0.947013 0
    outer loop
      vertex -26.3394 38.6891 2.4
      vertex -26.1908 38.6387 7.4
      vertex -26.3394 38.6891 7.4
    endloop
  endfacet
  facet normal -0.321194 -0.947013 -0
    outer loop
      vertex -26.1908 38.6387 7.4
      vertex -26.3394 38.6891 2.4
      vertex -26.1908 38.6387 2.4
    endloop
  endfacet
  facet normal -0.194891 -0.980825 0
    outer loop
      vertex -26.4934 38.7197 2.4
      vertex -26.3394 38.6891 7.4
      vertex -26.4934 38.7197 7.4
    endloop
  endfacet
  facet normal -0.194891 -0.980825 -0
    outer loop
      vertex -26.3394 38.6891 7.4
      vertex -26.4934 38.7197 2.4
      vertex -26.3394 38.6891 2.4
    endloop
  endfacet
  facet normal -0.659406 -0.751787 0
    outer loop
      vertex -25.9195 38.482 2.4
      vertex -25.8015 38.3785 7.4
      vertex -25.9195 38.482 7.4
    endloop
  endfacet
  facet normal -0.659406 -0.751787 -0
    outer loop
      vertex -25.8015 38.3785 7.4
      vertex -25.9195 38.482 2.4
      vertex -25.8015 38.3785 2.4
    endloop
  endfacet
  facet normal 0.831462 -0.555582 0
    outer loop
      vertex -27.6892 38.13 7.4
      vertex -27.602 38.2605 2.4
      vertex -27.602 38.2605 7.4
    endloop
  endfacet
  facet normal 0.831462 -0.555582 0
    outer loop
      vertex -27.602 38.2605 2.4
      vertex -27.6892 38.13 7.4
      vertex -27.6892 38.13 2.4
    endloop
  endfacet
  facet normal 0.751787 -0.659406 0
    outer loop
      vertex -27.602 38.2605 7.4
      vertex -27.4985 38.3785 2.4
      vertex -27.4985 38.3785 7.4
    endloop
  endfacet
  facet normal 0.751787 -0.659406 0
    outer loop
      vertex -27.4985 38.3785 2.4
      vertex -27.602 38.2605 7.4
      vertex -27.602 38.2605 2.4
    endloop
  endfacet
  facet normal 0.947013 -0.321194 0
    outer loop
      vertex -27.8091 37.8406 7.4
      vertex -27.7587 37.9892 2.4
      vertex -27.7587 37.9892 7.4
    endloop
  endfacet
  facet normal 0.947013 -0.321194 0
    outer loop
      vertex -27.7587 37.9892 2.4
      vertex -27.8091 37.8406 7.4
      vertex -27.8091 37.8406 2.4
    endloop
  endfacet
  facet normal 0.980825 -0.194891 0
    outer loop
      vertex -27.8397 37.6866 7.4
      vertex -27.8091 37.8406 2.4
      vertex -27.8091 37.8406 7.4
    endloop
  endfacet
  facet normal 0.980825 -0.194891 0
    outer loop
      vertex -27.8091 37.8406 2.4
      vertex -27.8397 37.6866 7.4
      vertex -27.8397 37.6866 2.4
    endloop
  endfacet
  facet normal 0.555582 -0.831462 0
    outer loop
      vertex -27.3805 38.482 2.4
      vertex -27.25 38.5692 7.4
      vertex -27.3805 38.482 7.4
    endloop
  endfacet
  facet normal 0.555582 -0.831462 0
    outer loop
      vertex -27.25 38.5692 7.4
      vertex -27.3805 38.482 2.4
      vertex -27.25 38.5692 2.4
    endloop
  endfacet
  facet normal 0.194891 -0.980825 0
    outer loop
      vertex -26.9606 38.6891 2.4
      vertex -26.8066 38.7197 7.4
      vertex -26.9606 38.6891 7.4
    endloop
  endfacet
  facet normal 0.194891 -0.980825 0
    outer loop
      vertex -26.8066 38.7197 7.4
      vertex -26.9606 38.6891 2.4
      vertex -26.8066 38.7197 2.4
    endloop
  endfacet
  facet normal -0.194891 0.980825 0
    outer loop
      vertex -26.3394 36.3709 2.4
      vertex -26.4934 36.3403 7.4
      vertex -26.3394 36.3709 7.4
    endloop
  endfacet
  facet normal -0.194891 0.980825 0
    outer loop
      vertex -26.4934 36.3403 7.4
      vertex -26.3394 36.3709 2.4
      vertex -26.4934 36.3403 2.4
    endloop
  endfacet
  facet normal -0.555582 0.831462 0
    outer loop
      vertex -25.9195 36.578 2.4
      vertex -26.05 36.4908 7.4
      vertex -25.9195 36.578 7.4
    endloop
  endfacet
  facet normal -0.555582 0.831462 0
    outer loop
      vertex -26.05 36.4908 7.4
      vertex -25.9195 36.578 2.4
      vertex -26.05 36.4908 2.4
    endloop
  endfacet
  facet normal -0.751787 0.659406 0
    outer loop
      vertex -25.8015 36.6815 2.4
      vertex -25.698 36.7995 7.4
      vertex -25.698 36.7995 2.4
    endloop
  endfacet
  facet normal -0.751787 0.659406 0
    outer loop
      vertex -25.698 36.7995 7.4
      vertex -25.8015 36.6815 2.4
      vertex -25.8015 36.6815 7.4
    endloop
  endfacet
  facet normal -0.896708 0.442622 0
    outer loop
      vertex -25.6108 36.93 2.4
      vertex -25.5413 37.0708 7.4
      vertex -25.5413 37.0708 2.4
    endloop
  endfacet
  facet normal -0.896708 0.442622 0
    outer loop
      vertex -25.5413 37.0708 7.4
      vertex -25.6108 36.93 2.4
      vertex -25.6108 36.93 7.4
    endloop
  endfacet
  facet normal 0.659406 0.751787 -0
    outer loop
      vertex -27.3805 36.578 2.4
      vertex -27.4985 36.6815 7.4
      vertex -27.3805 36.578 7.4
    endloop
  endfacet
  facet normal 0.659406 0.751787 0
    outer loop
      vertex -27.4985 36.6815 7.4
      vertex -27.3805 36.578 2.4
      vertex -27.4985 36.6815 2.4
    endloop
  endfacet
  facet normal 0.442622 0.896708 -0
    outer loop
      vertex -27.1092 36.4213 2.4
      vertex -27.25 36.4908 7.4
      vertex -27.1092 36.4213 7.4
    endloop
  endfacet
  facet normal 0.442622 0.896708 0
    outer loop
      vertex -27.25 36.4908 7.4
      vertex -27.1092 36.4213 2.4
      vertex -27.25 36.4908 2.4
    endloop
  endfacet
  facet normal 0.321194 0.947013 -0
    outer loop
      vertex -26.9606 36.3709 2.4
      vertex -27.1092 36.4213 7.4
      vertex -26.9606 36.3709 7.4
    endloop
  endfacet
  facet normal 0.321194 0.947013 0
    outer loop
      vertex -27.1092 36.4213 7.4
      vertex -26.9606 36.3709 2.4
      vertex -27.1092 36.4213 2.4
    endloop
  endfacet
  facet normal 0.0656309 0.997844 -0
    outer loop
      vertex -26.65 36.33 2.4
      vertex -26.8066 36.3403 7.4
      vertex -26.65 36.33 7.4
    endloop
  endfacet
  facet normal 0.0656309 0.997844 0
    outer loop
      vertex -26.8066 36.3403 7.4
      vertex -26.65 36.33 2.4
      vertex -26.8066 36.3403 2.4
    endloop
  endfacet
  facet normal 0.831462 0.555582 0
    outer loop
      vertex -27.602 36.7995 7.4
      vertex -27.6892 36.93 2.4
      vertex -27.6892 36.93 7.4
    endloop
  endfacet
  facet normal 0.831462 0.555582 0
    outer loop
      vertex -27.6892 36.93 2.4
      vertex -27.602 36.7995 7.4
      vertex -27.602 36.7995 2.4
    endloop
  endfacet
  facet normal 0.980825 0.194891 0
    outer loop
      vertex -27.8091 37.2194 7.4
      vertex -27.8397 37.3734 2.4
      vertex -27.8397 37.3734 7.4
    endloop
  endfacet
  facet normal 0.980825 0.194891 0
    outer loop
      vertex -27.8397 37.3734 2.4
      vertex -27.8091 37.2194 7.4
      vertex -27.8091 37.2194 2.4
    endloop
  endfacet
  facet normal -0.659406 0.751787 0
    outer loop
      vertex -25.8015 36.6815 2.4
      vertex -25.9195 36.578 7.4
      vertex -25.8015 36.6815 7.4
    endloop
  endfacet
  facet normal -0.659406 0.751787 0
    outer loop
      vertex -25.9195 36.578 7.4
      vertex -25.8015 36.6815 2.4
      vertex -25.9195 36.578 2.4
    endloop
  endfacet
  facet normal -0.831462 0.555582 0
    outer loop
      vertex -25.698 36.7995 2.4
      vertex -25.6108 36.93 7.4
      vertex -25.6108 36.93 2.4
    endloop
  endfacet
  facet normal -0.831462 0.555582 0
    outer loop
      vertex -25.6108 36.93 7.4
      vertex -25.698 36.7995 2.4
      vertex -25.698 36.7995 7.4
    endloop
  endfacet
  facet normal -0.980825 0.194891 0
    outer loop
      vertex -25.4909 37.2194 2.4
      vertex -25.4603 37.3734 7.4
      vertex -25.4603 37.3734 2.4
    endloop
  endfacet
  facet normal -0.980825 0.194891 0
    outer loop
      vertex -25.4603 37.3734 7.4
      vertex -25.4909 37.2194 2.4
      vertex -25.4909 37.2194 7.4
    endloop
  endfacet
  facet normal -0.947013 0.321194 0
    outer loop
      vertex -25.5413 37.0708 2.4
      vertex -25.4909 37.2194 7.4
      vertex -25.4909 37.2194 2.4
    endloop
  endfacet
  facet normal -0.947013 0.321194 0
    outer loop
      vertex -25.4909 37.2194 7.4
      vertex -25.5413 37.0708 2.4
      vertex -25.5413 37.0708 7.4
    endloop
  endfacet
  facet normal -0.997844 0.0656309 0
    outer loop
      vertex -25.4603 37.3734 2.4
      vertex -25.45 37.53 7.4
      vertex -25.45 37.53 2.4
    endloop
  endfacet
  facet normal -0.997844 0.0656309 0
    outer loop
      vertex -25.45 37.53 7.4
      vertex -25.4603 37.3734 2.4
      vertex -25.4603 37.3734 7.4
    endloop
  endfacet
  facet normal 0.555582 0.831462 -0
    outer loop
      vertex -27.25 36.4908 2.4
      vertex -27.3805 36.578 7.4
      vertex -27.25 36.4908 7.4
    endloop
  endfacet
  facet normal 0.555582 0.831462 0
    outer loop
      vertex -27.3805 36.578 7.4
      vertex -27.25 36.4908 2.4
      vertex -27.3805 36.578 2.4
    endloop
  endfacet
  facet normal 0.194891 0.980825 -0
    outer loop
      vertex -26.8066 36.3403 2.4
      vertex -26.9606 36.3709 7.4
      vertex -26.8066 36.3403 7.4
    endloop
  endfacet
  facet normal 0.194891 0.980825 0
    outer loop
      vertex -26.9606 36.3709 7.4
      vertex -26.8066 36.3403 2.4
      vertex -26.9606 36.3709 2.4
    endloop
  endfacet
  facet normal 0.751787 0.659406 0
    outer loop
      vertex -27.4985 36.6815 7.4
      vertex -27.602 36.7995 2.4
      vertex -27.602 36.7995 7.4
    endloop
  endfacet
  facet normal 0.751787 0.659406 0
    outer loop
      vertex -27.602 36.7995 2.4
      vertex -27.4985 36.6815 7.4
      vertex -27.4985 36.6815 2.4
    endloop
  endfacet
  facet normal 0.947013 0.321194 0
    outer loop
      vertex -27.7587 37.0708 7.4
      vertex -27.8091 37.2194 2.4
      vertex -27.8091 37.2194 7.4
    endloop
  endfacet
  facet normal 0.947013 0.321194 0
    outer loop
      vertex -27.8091 37.2194 2.4
      vertex -27.7587 37.0708 7.4
      vertex -27.7587 37.0708 2.4
    endloop
  endfacet
  facet normal 0.997859 0.0654055 0
    outer loop
      vertex 30.25 37.53 7.4
      vertex 30.2192 37.9999 2.4
      vertex 30.2192 37.9999 7.4
    endloop
  endfacet
  facet normal 0.997859 0.0654055 0
    outer loop
      vertex 30.2192 37.9999 2.4
      vertex 30.25 37.53 7.4
      vertex 30.25 37.53 2.4
    endloop
  endfacet
  facet normal -0.997859 0.0654055 0
    outer loop
      vertex 23.05 37.53 2.4
      vertex 23.0808 37.9999 7.4
      vertex 23.0808 37.9999 2.4
    endloop
  endfacet
  facet normal -0.997859 0.0654055 0
    outer loop
      vertex 23.0808 37.9999 7.4
      vertex 23.05 37.53 2.4
      vertex 23.05 37.53 7.4
    endloop
  endfacet
  facet normal -0.0654055 0.997859 0
    outer loop
      vertex 26.65 41.13 2.4
      vertex 26.1801 41.0992 7.4
      vertex 26.65 41.13 7.4
    endloop
  endfacet
  facet normal -0.0654055 0.997859 0
    outer loop
      vertex 26.1801 41.0992 7.4
      vertex 26.65 41.13 2.4
      vertex 26.1801 41.0992 2.4
    endloop
  endfacet
  facet normal 0.0654055 -0.997859 0
    outer loop
      vertex 26.65 33.93 2.4
      vertex 27.1199 33.9608 7.4
      vertex 26.65 33.93 7.4
    endloop
  endfacet
  facet normal 0.0654055 -0.997859 0
    outer loop
      vertex 27.1199 33.9608 7.4
      vertex 26.65 33.93 2.4
      vertex 27.1199 33.9608 2.4
    endloop
  endfacet
  facet normal 0.659301 0.751879 -0
    outer loop
      vertex 29.1956 40.0756 2.4
      vertex 28.8415 40.3861 7.4
      vertex 29.1956 40.0756 7.4
    endloop
  endfacet
  facet normal 0.659301 0.751879 0
    outer loop
      vertex 28.8415 40.3861 7.4
      vertex 29.1956 40.0756 2.4
      vertex 28.8415 40.3861 2.4
    endloop
  endfacet
  facet normal -0.751879 0.659301 0
    outer loop
      vertex 23.7939 39.7215 2.4
      vertex 24.1044 40.0756 7.4
      vertex 24.1044 40.0756 2.4
    endloop
  endfacet
  facet normal -0.751879 0.659301 0
    outer loop
      vertex 24.1044 40.0756 7.4
      vertex 23.7939 39.7215 2.4
      vertex 23.7939 39.7215 7.4
    endloop
  endfacet
  facet normal -0.442365 0.896835 0
    outer loop
      vertex 25.2723 40.856 2.4
      vertex 24.85 40.6477 7.4
      vertex 25.2723 40.856 7.4
    endloop
  endfacet
  facet normal -0.442365 0.896835 0
    outer loop
      vertex 24.85 40.6477 7.4
      vertex 25.2723 40.856 2.4
      vertex 24.85 40.6477 2.4
    endloop
  endfacet
  facet normal 0.896835 0.442365 0
    outer loop
      vertex 29.976 38.9077 7.4
      vertex 29.7677 39.33 2.4
      vertex 29.7677 39.33 7.4
    endloop
  endfacet
  facet normal 0.896835 0.442365 0
    outer loop
      vertex 29.7677 39.33 2.4
      vertex 29.976 38.9077 7.4
      vertex 29.976 38.9077 2.4
    endloop
  endfacet
  facet normal 0.831462 0.555582 0
    outer loop
      vertex 29.7677 39.33 7.4
      vertex 29.5061 39.7215 2.4
      vertex 29.5061 39.7215 7.4
    endloop
  endfacet
  facet normal 0.831462 0.555582 0
    outer loop
      vertex 29.5061 39.7215 2.4
      vertex 29.7677 39.33 7.4
      vertex 29.7677 39.33 2.4
    endloop
  endfacet
  facet normal 0.321256 0.946993 -0
    outer loop
      vertex 28.0277 40.856 2.4
      vertex 27.5817 41.0073 7.4
      vertex 28.0277 40.856 7.4
    endloop
  endfacet
  facet normal 0.321256 0.946993 0
    outer loop
      vertex 27.5817 41.0073 7.4
      vertex 28.0277 40.856 2.4
      vertex 27.5817 41.0073 2.4
    endloop
  endfacet
  facet normal 0.195177 0.980768 -0
    outer loop
      vertex 27.5817 41.0073 2.4
      vertex 27.1199 41.0992 7.4
      vertex 27.5817 41.0073 7.4
    endloop
  endfacet
  facet normal 0.195177 0.980768 0
    outer loop
      vertex 27.1199 41.0992 7.4
      vertex 27.5817 41.0073 2.4
      vertex 27.1199 41.0992 2.4
    endloop
  endfacet
  facet normal 0.442365 0.896835 -0
    outer loop
      vertex 28.45 40.6477 2.4
      vertex 28.0277 40.856 7.4
      vertex 28.45 40.6477 7.4
    endloop
  endfacet
  facet normal 0.442365 0.896835 0
    outer loop
      vertex 28.0277 40.856 7.4
      vertex 28.45 40.6477 2.4
      vertex 28.0277 40.856 2.4
    endloop
  endfacet
  facet normal -0.896835 0.442365 0
    outer loop
      vertex 23.324 38.9077 2.4
      vertex 23.5323 39.33 7.4
      vertex 23.5323 39.33 2.4
    endloop
  endfacet
  facet normal -0.896835 0.442365 0
    outer loop
      vertex 23.5323 39.33 7.4
      vertex 23.324 38.9077 2.4
      vertex 23.324 38.9077 7.4
    endloop
  endfacet
  facet normal -0.831462 0.555582 0
    outer loop
      vertex 23.5323 39.33 2.4
      vertex 23.7939 39.7215 7.4
      vertex 23.7939 39.7215 2.4
    endloop
  endfacet
  facet normal -0.831462 0.555582 0
    outer loop
      vertex 23.7939 39.7215 7.4
      vertex 23.5323 39.33 2.4
      vertex 23.5323 39.33 7.4
    endloop
  endfacet
  facet normal 0 0 1
    outer loop
      vertex 27.85 37.53 7.4
      vertex 30.25 37.53 7.4
      vertex 30.2192 37.9999 7.4
    endloop
  endfacet
  facet normal 0 0 1
    outer loop
      vertex 27.8397 37.6866 7.4
      vertex 30.2192 37.9999 7.4
      vertex 30.1273 38.4618 7.4
    endloop
  endfacet
  facet normal 0 0 1
    outer loop
      vertex 30.25 37.53 7.4
      vertex 27.85 37.53 7.4
      vertex 30.2192 37.0601 7.4
    endloop
  endfacet
  facet normal 0 0 1
    outer loop
      vertex 27.8091 37.8406 7.4
      vertex 30.1273 38.4618 7.4
      vertex 29.976 38.9077 7.4
    endloop
  endfacet
  facet normal -0 0 1
    outer loop
      vertex 27.8397 37.3734 7.4
      vertex 30.2192 37.0601 7.4
      vertex 27.85 37.53 7.4
    endloop
  endfacet
  facet normal 0 0 1
    outer loop
      vertex 27.7587 37.9892 7.4
      vertex 29.976 38.9077 7.4
      vertex 29.7677 39.33 7.4
    endloop
  endfacet
  facet normal 0 0 1
    outer loop
      vertex 30.2192 37.0601 7.4
      vertex 27.8397 37.3734 7.4
      vertex 30.1273 36.5983 7.4
    endloop
  endfacet
  facet normal 0 0 1
    outer loop
      vertex 27.6892 38.13 7.4
      vertex 29.7677 39.33 7.4
      vertex 29.5061 39.7215 7.4
    endloop
  endfacet
  facet normal -0 0 1
    outer loop
      vertex 27.8091 37.2194 7.4
      vertex 30.1273 36.5983 7.4
      vertex 27.8397 37.3734 7.4
    endloop
  endfacet
  facet normal 0 0 1
    outer loop
      vertex 27.602 38.2605 7.4
      vertex 29.5061 39.7215 7.4
      vertex 29.1956 40.0756 7.4
    endloop
  endfacet
  facet normal 0 0 1
    outer loop
      vertex 30.1273 36.5983 7.4
      vertex 27.8091 37.2194 7.4
      vertex 29.976 36.1523 7.4
    endloop
  endfacet
  facet normal 0 0 1
    outer loop
      vertex 27.4985 38.3785 7.4
      vertex 29.1956 40.0756 7.4
      vertex 28.8415 40.3861 7.4
    endloop
  endfacet
  facet normal -0 0 1
    outer loop
      vertex 27.7587 37.0708 7.4
      vertex 29.976 36.1523 7.4
      vertex 27.8091 37.2194 7.4
    endloop
  endfacet
  facet normal 0 0 1
    outer loop
      vertex 27.3805 38.482 7.4
      vertex 28.8415 40.3861 7.4
      vertex 28.45 40.6477 7.4
    endloop
  endfacet
  facet normal 0 0 1
    outer loop
      vertex 29.976 36.1523 7.4
      vertex 27.7587 37.0708 7.4
      vertex 29.7677 35.73 7.4
    endloop
  endfacet
  facet normal 0 0 1
    outer loop
      vertex 27.25 38.5692 7.4
      vertex 28.45 40.6477 7.4
      vertex 28.0277 40.856 7.4
    endloop
  endfacet
  facet normal -0 0 1
    outer loop
      vertex 27.6892 36.93 7.4
      vertex 29.7677 35.73 7.4
      vertex 27.7587 37.0708 7.4
    endloop
  endfacet
  facet normal 0 0 1
    outer loop
      vertex 29.7677 35.73 7.4
      vertex 27.6892 36.93 7.4
      vertex 29.5061 35.3385 7.4
    endloop
  endfacet
  facet normal 0 0 1
    outer loop
      vertex 30.2192 37.9999 7.4
      vertex 27.8397 37.6866 7.4
      vertex 27.85 37.53 7.4
    endloop
  endfacet
  facet normal 0 0 1
    outer loop
      vertex 30.1273 38.4618 7.4
      vertex 27.8091 37.8406 7.4
      vertex 27.8397 37.6866 7.4
    endloop
  endfacet
  facet normal 0 0 1
    outer loop
      vertex 29.976 38.9077 7.4
      vertex 27.7587 37.9892 7.4
      vertex 27.8091 37.8406 7.4
    endloop
  endfacet
  facet normal 0 0 1
    outer loop
      vertex 29.7677 39.33 7.4
      vertex 27.6892 38.13 7.4
      vertex 27.7587 37.9892 7.4
    endloop
  endfacet
  facet normal 0 0 1
    outer loop
      vertex 29.5061 39.7215 7.4
      vertex 27.602 38.2605 7.4
      vertex 27.6892 38.13 7.4
    endloop
  endfacet
  facet normal 0 0 1
    outer loop
      vertex 27.1092 38.6387 7.4
      vertex 28.0277 40.856 7.4
      vertex 27.5817 41.0073 7.4
    endloop
  endfacet
  facet normal 0 0 1
    outer loop
      vertex 29.1956 40.0756 7.4
      vertex 27.4985 38.3785 7.4
      vertex 27.602 38.2605 7.4
    endloop
  endfacet
  facet normal 0 0 1
    outer loop
      vertex 28.8415 40.3861 7.4
      vertex 27.3805 38.482 7.4
      vertex 27.4985 38.3785 7.4
    endloop
  endfacet
  facet normal 0 0 1
    outer loop
      vertex 28.45 40.6477 7.4
      vertex 27.25 38.5692 7.4
      vertex 27.3805 38.482 7.4
    endloop
  endfacet
  facet normal 0 0 1
    outer loop
      vertex 26.9606 38.6891 7.4
      vertex 27.5817 41.0073 7.4
      vertex 27.1199 41.0992 7.4
    endloop
  endfacet
  facet normal 0 0 1
    outer loop
      vertex 28.0277 40.856 7.4
      vertex 27.1092 38.6387 7.4
      vertex 27.25 38.5692 7.4
    endloop
  endfacet
  facet normal 0 0 1
    outer loop
      vertex 27.5817 41.0073 7.4
      vertex 26.9606 38.6891 7.4
      vertex 27.1092 38.6387 7.4
    endloop
  endfacet
  facet normal 0 0 1
    outer loop
      vertex 27.1199 41.0992 7.4
      vertex 26.8066 38.7197 7.4
      vertex 26.9606 38.6891 7.4
    endloop
  endfacet
  facet normal 0 0 1
    outer loop
      vertex 26.65 41.13 7.4
      vertex 26.8066 38.7197 7.4
      vertex 27.1199 41.0992 7.4
    endloop
  endfacet
  facet normal 0 0 1
    outer loop
      vertex 26.65 41.13 7.4
      vertex 26.65 38.73 7.4
      vertex 26.8066 38.7197 7.4
    endloop
  endfacet
  facet normal 0 0 1
    outer loop
      vertex 26.65 41.13 7.4
      vertex 26.4934 38.7197 7.4
      vertex 26.65 38.73 7.4
    endloop
  endfacet
  facet normal -0 0 1
    outer loop
      vertex 26.1801 41.0992 7.4
      vertex 26.4934 38.7197 7.4
      vertex 26.65 41.13 7.4
    endloop
  endfacet
  facet normal 0 0 1
    outer loop
      vertex 26.4934 38.7197 7.4
      vertex 26.1801 41.0992 7.4
      vertex 26.3394 38.6891 7.4
    endloop
  endfacet
  facet normal -0 0 1
    outer loop
      vertex 25.7183 41.0073 7.4
      vertex 26.3394 38.6891 7.4
      vertex 26.1801 41.0992 7.4
    endloop
  endfacet
  facet normal 0 0 1
    outer loop
      vertex 26.3394 38.6891 7.4
      vertex 25.7183 41.0073 7.4
      vertex 26.1908 38.6387 7.4
    endloop
  endfacet
  facet normal -0 0 1
    outer loop
      vertex 25.2723 40.856 7.4
      vertex 26.1908 38.6387 7.4
      vertex 25.7183 41.0073 7.4
    endloop
  endfacet
  facet normal 0 0 1
    outer loop
      vertex 26.1908 38.6387 7.4
      vertex 25.2723 40.856 7.4
      vertex 26.05 38.5692 7.4
    endloop
  endfacet
  facet normal -0 0 1
    outer loop
      vertex 24.85 40.6477 7.4
      vertex 26.05 38.5692 7.4
      vertex 25.2723 40.856 7.4
    endloop
  endfacet
  facet normal 0 0 1
    outer loop
      vertex 26.05 38.5692 7.4
      vertex 24.85 40.6477 7.4
      vertex 25.9195 38.482 7.4
    endloop
  endfacet
  facet normal -0 0 1
    outer loop
      vertex 24.4585 40.3861 7.4
      vertex 25.9195 38.482 7.4
      vertex 24.85 40.6477 7.4
    endloop
  endfacet
  facet normal 0 0 1
    outer loop
      vertex 25.9195 38.482 7.4
      vertex 24.4585 40.3861 7.4
      vertex 25.8015 38.3785 7.4
    endloop
  endfacet
  facet normal -0 0 1
    outer loop
      vertex 24.1044 40.0756 7.4
      vertex 25.8015 38.3785 7.4
      vertex 24.4585 40.3861 7.4
    endloop
  endfacet
  facet normal 0 0 1
    outer loop
      vertex 25.8015 38.3785 7.4
      vertex 24.1044 40.0756 7.4
      vertex 25.698 38.2605 7.4
    endloop
  endfacet
  facet normal 0 0 1
    outer loop
      vertex 25.698 38.2605 7.4
      vertex 23.7939 39.7215 7.4
      vertex 25.6108 38.13 7.4
    endloop
  endfacet
  facet normal -0 0 1
    outer loop
      vertex 23.7939 39.7215 7.4
      vertex 25.698 38.2605 7.4
      vertex 24.1044 40.0756 7.4
    endloop
  endfacet
  facet normal -0 0 1
    outer loop
      vertex 27.602 36.7995 7.4
      vertex 29.5061 35.3385 7.4
      vertex 27.6892 36.93 7.4
    endloop
  endfacet
  facet normal 0 0 1
    outer loop
      vertex 29.5061 35.3385 7.4
      vertex 27.602 36.7995 7.4
      vertex 29.1956 34.9844 7.4
    endloop
  endfacet
  facet normal -0 0 1
    outer loop
      vertex 27.4985 36.6815 7.4
      vertex 29.1956 34.9844 7.4
      vertex 27.602 36.7995 7.4
    endloop
  endfacet
  facet normal 0 0 1
    outer loop
      vertex 29.1956 34.9844 7.4
      vertex 27.4985 36.6815 7.4
      vertex 28.8415 34.6739 7.4
    endloop
  endfacet
  facet normal -0 0 1
    outer loop
      vertex 27.3805 36.578 7.4
      vertex 28.8415 34.6739 7.4
      vertex 27.4985 36.6815 7.4
    endloop
  endfacet
  facet normal 0 0 1
    outer loop
      vertex 28.8415 34.6739 7.4
      vertex 27.3805 36.578 7.4
      vertex 28.45 34.4123 7.4
    endloop
  endfacet
  facet normal -0 0 1
    outer loop
      vertex 27.25 36.4908 7.4
      vertex 28.45 34.4123 7.4
      vertex 27.3805 36.578 7.4
    endloop
  endfacet
  facet normal 0 0 1
    outer loop
      vertex 28.45 34.4123 7.4
      vertex 27.25 36.4908 7.4
      vertex 28.0277 34.204 7.4
    endloop
  endfacet
  facet normal -0 0 1
    outer loop
      vertex 27.1092 36.4213 7.4
      vertex 28.0277 34.204 7.4
      vertex 27.25 36.4908 7.4
    endloop
  endfacet
  facet normal 0 0 1
    outer loop
      vertex 28.0277 34.204 7.4
      vertex 27.1092 36.4213 7.4
      vertex 27.5817 34.0527 7.4
    endloop
  endfacet
  facet normal -0 0 1
    outer loop
      vertex 26.9606 36.3709 7.4
      vertex 27.5817 34.0527 7.4
      vertex 27.1092 36.4213 7.4
    endloop
  endfacet
  facet normal 0 0 1
    outer loop
      vertex 27.5817 34.0527 7.4
      vertex 26.9606 36.3709 7.4
      vertex 27.1199 33.9608 7.4
    endloop
  endfacet
  facet normal -0 0 1
    outer loop
      vertex 26.8066 36.3403 7.4
      vertex 27.1199 33.9608 7.4
      vertex 26.9606 36.3709 7.4
    endloop
  endfacet
  facet normal -0 0 1
    outer loop
      vertex 26.65 36.33 7.4
      vertex 27.1199 33.9608 7.4
      vertex 26.8066 36.3403 7.4
    endloop
  endfacet
  facet normal 0 0 1
    outer loop
      vertex 26.65 36.33 7.4
      vertex 26.65 33.93 7.4
      vertex 27.1199 33.9608 7.4
    endloop
  endfacet
  facet normal 0 0 1
    outer loop
      vertex 26.4934 36.3403 7.4
      vertex 26.65 33.93 7.4
      vertex 26.65 36.33 7.4
    endloop
  endfacet
  facet normal 0 0 1
    outer loop
      vertex 26.1801 33.9608 7.4
      vertex 26.4934 36.3403 7.4
      vertex 26.3394 36.3709 7.4
    endloop
  endfacet
  facet normal 0 0 1
    outer loop
      vertex 25.7183 34.0527 7.4
      vertex 26.3394 36.3709 7.4
      vertex 26.1908 36.4213 7.4
    endloop
  endfacet
  facet normal 0 0 1
    outer loop
      vertex 26.4934 36.3403 7.4
      vertex 26.1801 33.9608 7.4
      vertex 26.65 33.93 7.4
    endloop
  endfacet
  facet normal 0 0 1
    outer loop
      vertex 25.2723 34.204 7.4
      vertex 26.1908 36.4213 7.4
      vertex 26.05 36.4908 7.4
    endloop
  endfacet
  facet normal 0 0 1
    outer loop
      vertex 24.85 34.4123 7.4
      vertex 26.05 36.4908 7.4
      vertex 25.9195 36.578 7.4
    endloop
  endfacet
  facet normal 0 0 1
    outer loop
      vertex 24.4585 34.6739 7.4
      vertex 25.9195 36.578 7.4
      vertex 25.8015 36.6815 7.4
    endloop
  endfacet
  facet normal 0 0 1
    outer loop
      vertex 26.3394 36.3709 7.4
      vertex 25.7183 34.0527 7.4
      vertex 26.1801 33.9608 7.4
    endloop
  endfacet
  facet normal 0 0 1
    outer loop
      vertex 24.1044 34.9844 7.4
      vertex 25.8015 36.6815 7.4
      vertex 25.698 36.7995 7.4
    endloop
  endfacet
  facet normal 0 0 1
    outer loop
      vertex 23.7939 35.3385 7.4
      vertex 25.698 36.7995 7.4
      vertex 25.6108 36.93 7.4
    endloop
  endfacet
  facet normal 0 0 1
    outer loop
      vertex 23.5323 35.73 7.4
      vertex 25.6108 36.93 7.4
      vertex 25.5413 37.0708 7.4
    endloop
  endfacet
  facet normal 0 0 1
    outer loop
      vertex 23.324 36.1523 7.4
      vertex 25.5413 37.0708 7.4
      vertex 25.4909 37.2194 7.4
    endloop
  endfacet
  facet normal 0 0 1
    outer loop
      vertex 23.1727 36.5983 7.4
      vertex 25.4909 37.2194 7.4
      vertex 25.4603 37.3734 7.4
    endloop
  endfacet
  facet normal 0 0 1
    outer loop
      vertex 26.1908 36.4213 7.4
      vertex 25.2723 34.204 7.4
      vertex 25.7183 34.0527 7.4
    endloop
  endfacet
  facet normal 0 0 1
    outer loop
      vertex 23.0808 37.0601 7.4
      vertex 25.4603 37.3734 7.4
      vertex 25.45 37.53 7.4
    endloop
  endfacet
  facet normal -0 0 1
    outer loop
      vertex 23.5323 39.33 7.4
      vertex 25.6108 38.13 7.4
      vertex 23.7939 39.7215 7.4
    endloop
  endfacet
  facet normal 0 0 1
    outer loop
      vertex 25.6108 38.13 7.4
      vertex 23.5323 39.33 7.4
      vertex 25.5413 37.9892 7.4
    endloop
  endfacet
  facet normal 0 0 1
    outer loop
      vertex 26.05 36.4908 7.4
      vertex 24.85 34.4123 7.4
      vertex 25.2723 34.204 7.4
    endloop
  endfacet
  facet normal -0 0 1
    outer loop
      vertex 23.324 38.9077 7.4
      vertex 25.5413 37.9892 7.4
      vertex 23.5323 39.33 7.4
    endloop
  endfacet
  facet normal 0 0 1
    outer loop
      vertex 25.9195 36.578 7.4
      vertex 24.4585 34.6739 7.4
      vertex 24.85 34.4123 7.4
    endloop
  endfacet
  facet normal 0 0 1
    outer loop
      vertex 25.5413 37.9892 7.4
      vertex 23.324 38.9077 7.4
      vertex 25.4909 37.8406 7.4
    endloop
  endfacet
  facet normal 0 0 1
    outer loop
      vertex 25.8015 36.6815 7.4
      vertex 24.1044 34.9844 7.4
      vertex 24.4585 34.6739 7.4
    endloop
  endfacet
  facet normal -0 0 1
    outer loop
      vertex 23.1727 38.4618 7.4
      vertex 25.4909 37.8406 7.4
      vertex 23.324 38.9077 7.4
    endloop
  endfacet
  facet normal 0 0 1
    outer loop
      vertex 25.698 36.7995 7.4
      vertex 23.7939 35.3385 7.4
      vertex 24.1044 34.9844 7.4
    endloop
  endfacet
  facet normal 0 0 1
    outer loop
      vertex 25.4909 37.8406 7.4
      vertex 23.1727 38.4618 7.4
      vertex 25.4603 37.6866 7.4
    endloop
  endfacet
  facet normal 0 0 1
    outer loop
      vertex 25.6108 36.93 7.4
      vertex 23.5323 35.73 7.4
      vertex 23.7939 35.3385 7.4
    endloop
  endfacet
  facet normal -0 0 1
    outer loop
      vertex 23.0808 37.9999 7.4
      vertex 25.4603 37.6866 7.4
      vertex 23.1727 38.4618 7.4
    endloop
  endfacet
  facet normal 0 0 1
    outer loop
      vertex 25.5413 37.0708 7.4
      vertex 23.324 36.1523 7.4
      vertex 23.5323 35.73 7.4
    endloop
  endfacet
  facet normal 0 0 1
    outer loop
      vertex 25.4603 37.6866 7.4
      vertex 23.0808 37.9999 7.4
      vertex 25.45 37.53 7.4
    endloop
  endfacet
  facet normal 0 0 1
    outer loop
      vertex 25.4909 37.2194 7.4
      vertex 23.1727 36.5983 7.4
      vertex 23.324 36.1523 7.4
    endloop
  endfacet
  facet normal 0 0 1
    outer loop
      vertex 23.05 37.53 7.4
      vertex 25.45 37.53 7.4
      vertex 23.0808 37.9999 7.4
    endloop
  endfacet
  facet normal 0 0 1
    outer loop
      vertex 25.4603 37.3734 7.4
      vertex 23.0808 37.0601 7.4
      vertex 23.1727 36.5983 7.4
    endloop
  endfacet
  facet normal 0 0 1
    outer loop
      vertex 25.45 37.53 7.4
      vertex 23.05 37.53 7.4
      vertex 23.0808 37.0601 7.4
    endloop
  endfacet
  facet normal -0.555582 0.831462 0
    outer loop
      vertex 24.85 40.6477 2.4
      vertex 24.4585 40.3861 7.4
      vertex 24.85 40.6477 7.4
    endloop
  endfacet
  facet normal -0.555582 0.831462 0
    outer loop
      vertex 24.4585 40.3861 7.4
      vertex 24.85 40.6477 2.4
      vertex 24.4585 40.3861 2.4
    endloop
  endfacet
  facet normal -0.321256 0.946993 0
    outer loop
      vertex 25.7183 41.0073 2.4
      vertex 25.2723 40.856 7.4
      vertex 25.7183 41.0073 7.4
    endloop
  endfacet
  facet normal -0.321256 0.946993 0
    outer loop
      vertex 25.2723 40.856 7.4
      vertex 25.7183 41.0073 2.4
      vertex 25.2723 40.856 2.4
    endloop
  endfacet
  facet normal 0 0 -1
    outer loop
      vertex 27.85 37.53 2.4
      vertex 30.25 37.53 2.4
      vertex 30.2192 37.0601 2.4
    endloop
  endfacet
  facet normal 0 0 -1
    outer loop
      vertex 27.8397 37.3734 2.4
      vertex 30.2192 37.0601 2.4
      vertex 30.1273 36.5983 2.4
    endloop
  endfacet
  facet normal 0 0 -1
    outer loop
      vertex 30.25 37.53 2.4
      vertex 27.85 37.53 2.4
      vertex 30.2192 37.9999 2.4
    endloop
  endfacet
  facet normal 0 0 -1
    outer loop
      vertex 27.8091 37.2194 2.4
      vertex 30.1273 36.5983 2.4
      vertex 29.976 36.1523 2.4
    endloop
  endfacet
  facet normal 0 0 -1
    outer loop
      vertex 27.8397 37.6866 2.4
      vertex 30.2192 37.9999 2.4
      vertex 27.85 37.53 2.4
    endloop
  endfacet
  facet normal 0 0 -1
    outer loop
      vertex 27.7587 37.0708 2.4
      vertex 29.976 36.1523 2.4
      vertex 29.7677 35.73 2.4
    endloop
  endfacet
  facet normal -0 0 -1
    outer loop
      vertex 30.2192 37.9999 2.4
      vertex 27.8397 37.6866 2.4
      vertex 30.1273 38.4618 2.4
    endloop
  endfacet
  facet normal 0 0 -1
    outer loop
      vertex 27.6892 36.93 2.4
      vertex 29.7677 35.73 2.4
      vertex 29.5061 35.3385 2.4
    endloop
  endfacet
  facet normal 0 0 -1
    outer loop
      vertex 27.8091 37.8406 2.4
      vertex 30.1273 38.4618 2.4
      vertex 27.8397 37.6866 2.4
    endloop
  endfacet
  facet normal 0 0 -1
    outer loop
      vertex 27.602 36.7995 2.4
      vertex 29.5061 35.3385 2.4
      vertex 29.1956 34.9844 2.4
    endloop
  endfacet
  facet normal -0 0 -1
    outer loop
      vertex 30.1273 38.4618 2.4
      vertex 27.8091 37.8406 2.4
      vertex 29.976 38.9077 2.4
    endloop
  endfacet
  facet normal 0 0 -1
    outer loop
      vertex 27.4985 36.6815 2.4
      vertex 29.1956 34.9844 2.4
      vertex 28.8415 34.6739 2.4
    endloop
  endfacet
  facet normal 0 0 -1
    outer loop
      vertex 27.7587 37.9892 2.4
      vertex 29.976 38.9077 2.4
      vertex 27.8091 37.8406 2.4
    endloop
  endfacet
  facet normal 0 0 -1
    outer loop
      vertex 27.3805 36.578 2.4
      vertex 28.8415 34.6739 2.4
      vertex 28.45 34.4123 2.4
    endloop
  endfacet
  facet normal -0 0 -1
    outer loop
      vertex 29.976 38.9077 2.4
      vertex 27.7587 37.9892 2.4
      vertex 29.7677 39.33 2.4
    endloop
  endfacet
  facet normal 0 0 -1
    outer loop
      vertex 27.25 36.4908 2.4
      vertex 28.45 34.4123 2.4
      vertex 28.0277 34.204 2.4
    endloop
  endfacet
  facet normal 0 0 -1
    outer loop
      vertex 27.6892 38.13 2.4
      vertex 29.7677 39.33 2.4
      vertex 27.7587 37.9892 2.4
    endloop
  endfacet
  facet normal -0 0 -1
    outer loop
      vertex 29.7677 39.33 2.4
      vertex 27.6892 38.13 2.4
      vertex 29.5061 39.7215 2.4
    endloop
  endfacet
  facet normal 0 0 -1
    outer loop
      vertex 30.2192 37.0601 2.4
      vertex 27.8397 37.3734 2.4
      vertex 27.85 37.53 2.4
    endloop
  endfacet
  facet normal 0 0 -1
    outer loop
      vertex 30.1273 36.5983 2.4
      vertex 27.8091 37.2194 2.4
      vertex 27.8397 37.3734 2.4
    endloop
  endfacet
  facet normal 0 0 -1
    outer loop
      vertex 29.976 36.1523 2.4
      vertex 27.7587 37.0708 2.4
      vertex 27.8091 37.2194 2.4
    endloop
  endfacet
  facet normal 0 0 -1
    outer loop
      vertex 29.7677 35.73 2.4
      vertex 27.6892 36.93 2.4
      vertex 27.7587 37.0708 2.4
    endloop
  endfacet
  facet normal 0 0 -1
    outer loop
      vertex 29.5061 35.3385 2.4
      vertex 27.602 36.7995 2.4
      vertex 27.6892 36.93 2.4
    endloop
  endfacet
  facet normal 0 0 -1
    outer loop
      vertex 27.1092 36.4213 2.4
      vertex 28.0277 34.204 2.4
      vertex 27.5817 34.0527 2.4
    endloop
  endfacet
  facet normal 0 0 -1
    outer loop
      vertex 29.1956 34.9844 2.4
      vertex 27.4985 36.6815 2.4
      vertex 27.602 36.7995 2.4
    endloop
  endfacet
  facet normal 0 0 -1
    outer loop
      vertex 28.8415 34.6739 2.4
      vertex 27.3805 36.578 2.4
      vertex 27.4985 36.6815 2.4
    endloop
  endfacet
  facet normal 0 0 -1
    outer loop
      vertex 28.45 34.4123 2.4
      vertex 27.25 36.4908 2.4
      vertex 27.3805 36.578 2.4
    endloop
  endfacet
  facet normal 0 0 -1
    outer loop
      vertex 26.9606 36.3709 2.4
      vertex 27.5817 34.0527 2.4
      vertex 27.1199 33.9608 2.4
    endloop
  endfacet
  facet normal 0 0 -1
    outer loop
      vertex 28.0277 34.204 2.4
      vertex 27.1092 36.4213 2.4
      vertex 27.25 36.4908 2.4
    endloop
  endfacet
  facet normal 0 0 -1
    outer loop
      vertex 27.5817 34.0527 2.4
      vertex 26.9606 36.3709 2.4
      vertex 27.1092 36.4213 2.4
    endloop
  endfacet
  facet normal 0 0 -1
    outer loop
      vertex 27.1199 33.9608 2.4
      vertex 26.8066 36.3403 2.4
      vertex 26.9606 36.3709 2.4
    endloop
  endfacet
  facet normal 0 0 -1
    outer loop
      vertex 26.65 33.93 2.4
      vertex 26.8066 36.3403 2.4
      vertex 27.1199 33.9608 2.4
    endloop
  endfacet
  facet normal 0 0 -1
    outer loop
      vertex 26.65 33.93 2.4
      vertex 26.65 36.33 2.4
      vertex 26.8066 36.3403 2.4
    endloop
  endfacet
  facet normal 0 0 -1
    outer loop
      vertex 26.65 33.93 2.4
      vertex 26.4934 36.3403 2.4
      vertex 26.65 36.33 2.4
    endloop
  endfacet
  facet normal 0 0 -1
    outer loop
      vertex 26.1801 33.9608 2.4
      vertex 26.4934 36.3403 2.4
      vertex 26.65 33.93 2.4
    endloop
  endfacet
  facet normal -0 0 -1
    outer loop
      vertex 26.4934 36.3403 2.4
      vertex 26.1801 33.9608 2.4
      vertex 26.3394 36.3709 2.4
    endloop
  endfacet
  facet normal 0 0 -1
    outer loop
      vertex 25.7183 34.0527 2.4
      vertex 26.3394 36.3709 2.4
      vertex 26.1801 33.9608 2.4
    endloop
  endfacet
  facet normal -0 0 -1
    outer loop
      vertex 26.3394 36.3709 2.4
      vertex 25.7183 34.0527 2.4
      vertex 26.1908 36.4213 2.4
    endloop
  endfacet
  facet normal 0 0 -1
    outer loop
      vertex 25.2723 34.204 2.4
      vertex 26.1908 36.4213 2.4
      vertex 25.7183 34.0527 2.4
    endloop
  endfacet
  facet normal -0 0 -1
    outer loop
      vertex 26.1908 36.4213 2.4
      vertex 25.2723 34.204 2.4
      vertex 26.05 36.4908 2.4
    endloop
  endfacet
  facet normal 0 0 -1
    outer loop
      vertex 24.85 34.4123 2.4
      vertex 26.05 36.4908 2.4
      vertex 25.2723 34.204 2.4
    endloop
  endfacet
  facet normal -0 0 -1
    outer loop
      vertex 26.05 36.4908 2.4
      vertex 24.85 34.4123 2.4
      vertex 25.9195 36.578 2.4
    endloop
  endfacet
  facet normal 0 0 -1
    outer loop
      vertex 24.4585 34.6739 2.4
      vertex 25.9195 36.578 2.4
      vertex 24.85 34.4123 2.4
    endloop
  endfacet
  facet normal -0 0 -1
    outer loop
      vertex 25.9195 36.578 2.4
      vertex 24.4585 34.6739 2.4
      vertex 25.8015 36.6815 2.4
    endloop
  endfacet
  facet normal 0 0 -1
    outer loop
      vertex 24.1044 34.9844 2.4
      vertex 25.8015 36.6815 2.4
      vertex 24.4585 34.6739 2.4
    endloop
  endfacet
  facet normal -0 0 -1
    outer loop
      vertex 25.8015 36.6815 2.4
      vertex 24.1044 34.9844 2.4
      vertex 25.698 36.7995 2.4
    endloop
  endfacet
  facet normal -0 0 -1
    outer loop
      vertex 25.698 36.7995 2.4
      vertex 23.7939 35.3385 2.4
      vertex 25.6108 36.93 2.4
    endloop
  endfacet
  facet normal 0 0 -1
    outer loop
      vertex 23.7939 35.3385 2.4
      vertex 25.698 36.7995 2.4
      vertex 24.1044 34.9844 2.4
    endloop
  endfacet
  facet normal 0 0 -1
    outer loop
      vertex 27.602 38.2605 2.4
      vertex 29.5061 39.7215 2.4
      vertex 27.6892 38.13 2.4
    endloop
  endfacet
  facet normal -0 0 -1
    outer loop
      vertex 29.5061 39.7215 2.4
      vertex 27.602 38.2605 2.4
      vertex 29.1956 40.0756 2.4
    endloop
  endfacet
  facet normal 0 0 -1
    outer loop
      vertex 27.4985 38.3785 2.4
      vertex 29.1956 40.0756 2.4
      vertex 27.602 38.2605 2.4
    endloop
  endfacet
  facet normal -0 0 -1
    outer loop
      vertex 29.1956 40.0756 2.4
      vertex 27.4985 38.3785 2.4
      vertex 28.8415 40.3861 2.4
    endloop
  endfacet
  facet normal 0 0 -1
    outer loop
      vertex 27.3805 38.482 2.4
      vertex 28.8415 40.3861 2.4
      vertex 27.4985 38.3785 2.4
    endloop
  endfacet
  facet normal -0 0 -1
    outer loop
      vertex 28.8415 40.3861 2.4
      vertex 27.3805 38.482 2.4
      vertex 28.45 40.6477 2.4
    endloop
  endfacet
  facet normal 0 0 -1
    outer loop
      vertex 27.25 38.5692 2.4
      vertex 28.45 40.6477 2.4
      vertex 27.3805 38.482 2.4
    endloop
  endfacet
  facet normal -0 0 -1
    outer loop
      vertex 28.45 40.6477 2.4
      vertex 27.25 38.5692 2.4
      vertex 28.0277 40.856 2.4
    endloop
  endfacet
  facet normal 0 0 -1
    outer loop
      vertex 27.1092 38.6387 2.4
      vertex 28.0277 40.856 2.4
      vertex 27.25 38.5692 2.4
    endloop
  endfacet
  facet normal -0 0 -1
    outer loop
      vertex 28.0277 40.856 2.4
      vertex 27.1092 38.6387 2.4
      vertex 27.5817 41.0073 2.4
    endloop
  endfacet
  facet normal 0 0 -1
    outer loop
      vertex 26.9606 38.6891 2.4
      vertex 27.5817 41.0073 2.4
      vertex 27.1092 38.6387 2.4
    endloop
  endfacet
  facet normal -0 0 -1
    outer loop
      vertex 27.5817 41.0073 2.4
      vertex 26.9606 38.6891 2.4
      vertex 27.1199 41.0992 2.4
    endloop
  endfacet
  facet normal 0 0 -1
    outer loop
      vertex 26.8066 38.7197 2.4
      vertex 27.1199 41.0992 2.4
      vertex 26.9606 38.6891 2.4
    endloop
  endfacet
  facet normal 0 0 -1
    outer loop
      vertex 26.65 38.73 2.4
      vertex 27.1199 41.0992 2.4
      vertex 26.8066 38.7197 2.4
    endloop
  endfacet
  facet normal 0 0 -1
    outer loop
      vertex 26.65 38.73 2.4
      vertex 26.65 41.13 2.4
      vertex 27.1199 41.0992 2.4
    endloop
  endfacet
  facet normal 0 0 -1
    outer loop
      vertex 26.4934 38.7197 2.4
      vertex 26.65 41.13 2.4
      vertex 26.65 38.73 2.4
    endloop
  endfacet
  facet normal 0 0 -1
    outer loop
      vertex 26.1801 41.0992 2.4
      vertex 26.4934 38.7197 2.4
      vertex 26.3394 38.6891 2.4
    endloop
  endfacet
  facet normal 0 0 -1
    outer loop
      vertex 25.7183 41.0073 2.4
      vertex 26.3394 38.6891 2.4
      vertex 26.1908 38.6387 2.4
    endloop
  endfacet
  facet normal 0 0 -1
    outer loop
      vertex 26.4934 38.7197 2.4
      vertex 26.1801 41.0992 2.4
      vertex 26.65 41.13 2.4
    endloop
  endfacet
  facet normal 0 0 -1
    outer loop
      vertex 25.2723 40.856 2.4
      vertex 26.1908 38.6387 2.4
      vertex 26.05 38.5692 2.4
    endloop
  endfacet
  facet normal 0 0 -1
    outer loop
      vertex 24.85 40.6477 2.4
      vertex 26.05 38.5692 2.4
      vertex 25.9195 38.482 2.4
    endloop
  endfacet
  facet normal 0 0 -1
    outer loop
      vertex 24.4585 40.3861 2.4
      vertex 25.9195 38.482 2.4
      vertex 25.8015 38.3785 2.4
    endloop
  endfacet
  facet normal 0 0 -1
    outer loop
      vertex 26.3394 38.6891 2.4
      vertex 25.7183 41.0073 2.4
      vertex 26.1801 41.0992 2.4
    endloop
  endfacet
  facet normal 0 0 -1
    outer loop
      vertex 24.1044 40.0756 2.4
      vertex 25.8015 38.3785 2.4
      vertex 25.698 38.2605 2.4
    endloop
  endfacet
  facet normal 0 0 -1
    outer loop
      vertex 23.7939 39.7215 2.4
      vertex 25.698 38.2605 2.4
      vertex 25.6108 38.13 2.4
    endloop
  endfacet
  facet normal 0 0 -1
    outer loop
      vertex 23.5323 39.33 2.4
      vertex 25.6108 38.13 2.4
      vertex 25.5413 37.9892 2.4
    endloop
  endfacet
  facet normal 0 0 -1
    outer loop
      vertex 23.324 38.9077 2.4
      vertex 25.5413 37.9892 2.4
      vertex 25.4909 37.8406 2.4
    endloop
  endfacet
  facet normal 0 0 -1
    outer loop
      vertex 23.1727 38.4618 2.4
      vertex 25.4909 37.8406 2.4
      vertex 25.4603 37.6866 2.4
    endloop
  endfacet
  facet normal 0 0 -1
    outer loop
      vertex 26.1908 38.6387 2.4
      vertex 25.2723 40.856 2.4
      vertex 25.7183 41.0073 2.4
    endloop
  endfacet
  facet normal 0 0 -1
    outer loop
      vertex 23.0808 37.9999 2.4
      vertex 25.4603 37.6866 2.4
      vertex 25.45 37.53 2.4
    endloop
  endfacet
  facet normal 0 0 -1
    outer loop
      vertex 23.5323 35.73 2.4
      vertex 25.6108 36.93 2.4
      vertex 23.7939 35.3385 2.4
    endloop
  endfacet
  facet normal -0 0 -1
    outer loop
      vertex 25.6108 36.93 2.4
      vertex 23.5323 35.73 2.4
      vertex 25.5413 37.0708 2.4
    endloop
  endfacet
  facet normal 0 0 -1
    outer loop
      vertex 26.05 38.5692 2.4
      vertex 24.85 40.6477 2.4
      vertex 25.2723 40.856 2.4
    endloop
  endfacet
  facet normal 0 0 -1
    outer loop
      vertex 23.324 36.1523 2.4
      vertex 25.5413 37.0708 2.4
      vertex 23.5323 35.73 2.4
    endloop
  endfacet
  facet normal 0 0 -1
    outer loop
      vertex 25.9195 38.482 2.4
      vertex 24.4585 40.3861 2.4
      vertex 24.85 40.6477 2.4
    endloop
  endfacet
  facet normal -0 0 -1
    outer loop
      vertex 25.5413 37.0708 2.4
      vertex 23.324 36.1523 2.4
      vertex 25.4909 37.2194 2.4
    endloop
  endfacet
  facet normal 0 0 -1
    outer loop
      vertex 25.8015 38.3785 2.4
      vertex 24.1044 40.0756 2.4
      vertex 24.4585 40.3861 2.4
    endloop
  endfacet
  facet normal 0 0 -1
    outer loop
      vertex 23.1727 36.5983 2.4
      vertex 25.4909 37.2194 2.4
      vertex 23.324 36.1523 2.4
    endloop
  endfacet
  facet normal 0 0 -1
    outer loop
      vertex 25.698 38.2605 2.4
      vertex 23.7939 39.7215 2.4
      vertex 24.1044 40.0756 2.4
    endloop
  endfacet
  facet normal -0 0 -1
    outer loop
      vertex 25.4909 37.2194 2.4
      vertex 23.1727 36.5983 2.4
      vertex 25.4603 37.3734 2.4
    endloop
  endfacet
  facet normal 0 0 -1
    outer loop
      vertex 25.6108 38.13 2.4
      vertex 23.5323 39.33 2.4
      vertex 23.7939 39.7215 2.4
    endloop
  endfacet
  facet normal 0 0 -1
    outer loop
      vertex 23.0808 37.0601 2.4
      vertex 25.4603 37.3734 2.4
      vertex 23.1727 36.5983 2.4
    endloop
  endfacet
  facet normal 0 0 -1
    outer loop
      vertex 25.5413 37.9892 2.4
      vertex 23.324 38.9077 2.4
      vertex 23.5323 39.33 2.4
    endloop
  endfacet
  facet normal -0 0 -1
    outer loop
      vertex 25.4603 37.3734 2.4
      vertex 23.0808 37.0601 2.4
      vertex 25.45 37.53 2.4
    endloop
  endfacet
  facet normal 0 0 -1
    outer loop
      vertex 25.4909 37.8406 2.4
      vertex 23.1727 38.4618 2.4
      vertex 23.324 38.9077 2.4
    endloop
  endfacet
  facet normal 0 0 -1
    outer loop
      vertex 23.05 37.53 2.4
      vertex 25.45 37.53 2.4
      vertex 23.0808 37.0601 2.4
    endloop
  endfacet
  facet normal 0 0 -1
    outer loop
      vertex 25.4603 37.6866 2.4
      vertex 23.0808 37.9999 2.4
      vertex 23.1727 38.4618 2.4
    endloop
  endfacet
  facet normal 0 0 -1
    outer loop
      vertex 25.45 37.53 2.4
      vertex 23.05 37.53 2.4
      vertex 23.0808 37.9999 2.4
    endloop
  endfacet
  facet normal 0.195177 -0.980768 0
    outer loop
      vertex 27.1199 33.9608 2.4
      vertex 27.5817 34.0527 7.4
      vertex 27.1199 33.9608 7.4
    endloop
  endfacet
  facet normal 0.195177 -0.980768 0
    outer loop
      vertex 27.5817 34.0527 7.4
      vertex 27.1199 33.9608 2.4
      vertex 27.5817 34.0527 2.4
    endloop
  endfacet
  facet normal 0.946971 0.32132 0
    outer loop
      vertex 30.1273 38.4618 7.4
      vertex 29.976 38.9077 2.4
      vertex 29.976 38.9077 7.4
    endloop
  endfacet
  facet normal 0.946971 0.32132 0
    outer loop
      vertex 29.976 38.9077 2.4
      vertex 30.1273 38.4618 7.4
      vertex 30.1273 38.4618 2.4
    endloop
  endfacet
  facet normal 0.980776 0.195136 0
    outer loop
      vertex 30.2192 37.9999 7.4
      vertex 30.1273 38.4618 2.4
      vertex 30.1273 38.4618 7.4
    endloop
  endfacet
  facet normal 0.980776 0.195136 0
    outer loop
      vertex 30.1273 38.4618 2.4
      vertex 30.2192 37.9999 7.4
      vertex 30.2192 37.9999 2.4
    endloop
  endfacet
  facet normal 0.751879 0.659301 0
    outer loop
      vertex 29.5061 39.7215 7.4
      vertex 29.1956 40.0756 2.4
      vertex 29.1956 40.0756 7.4
    endloop
  endfacet
  facet normal 0.751879 0.659301 0
    outer loop
      vertex 29.1956 40.0756 2.4
      vertex 29.5061 39.7215 7.4
      vertex 29.5061 39.7215 2.4
    endloop
  endfacet
  facet normal 0.0654055 0.997859 -0
    outer loop
      vertex 27.1199 41.0992 2.4
      vertex 26.65 41.13 7.4
      vertex 27.1199 41.0992 7.4
    endloop
  endfacet
  facet normal 0.0654055 0.997859 0
    outer loop
      vertex 26.65 41.13 7.4
      vertex 27.1199 41.0992 2.4
      vertex 26.65 41.13 2.4
    endloop
  endfacet
  facet normal 0.555582 0.831462 -0
    outer loop
      vertex 28.8415 40.3861 2.4
      vertex 28.45 40.6477 7.4
      vertex 28.8415 40.3861 7.4
    endloop
  endfacet
  facet normal 0.555582 0.831462 0
    outer loop
      vertex 28.45 40.6477 7.4
      vertex 28.8415 40.3861 2.4
      vertex 28.45 40.6477 2.4
    endloop
  endfacet
  facet normal -0.946971 0.32132 0
    outer loop
      vertex 23.1727 38.4618 2.4
      vertex 23.324 38.9077 7.4
      vertex 23.324 38.9077 2.4
    endloop
  endfacet
  facet normal -0.946971 0.32132 0
    outer loop
      vertex 23.324 38.9077 7.4
      vertex 23.1727 38.4618 2.4
      vertex 23.1727 38.4618 7.4
    endloop
  endfacet
  facet normal -0.980776 0.195136 0
    outer loop
      vertex 23.0808 37.9999 2.4
      vertex 23.1727 38.4618 7.4
      vertex 23.1727 38.4618 2.4
    endloop
  endfacet
  facet normal -0.980776 0.195136 0
    outer loop
      vertex 23.1727 38.4618 7.4
      vertex 23.0808 37.9999 2.4
      vertex 23.0808 37.9999 7.4
    endloop
  endfacet
  facet normal -0.659301 0.751879 0
    outer loop
      vertex 24.4585 40.3861 2.4
      vertex 24.1044 40.0756 7.4
      vertex 24.4585 40.3861 7.4
    endloop
  endfacet
  facet normal -0.659301 0.751879 0
    outer loop
      vertex 24.1044 40.0756 7.4
      vertex 24.4585 40.3861 2.4
      vertex 24.1044 40.0756 2.4
    endloop
  endfacet
  facet normal -0.195177 0.980768 0
    outer loop
      vertex 26.1801 41.0992 2.4
      vertex 25.7183 41.0073 7.4
      vertex 26.1801 41.0992 7.4
    endloop
  endfacet
  facet normal -0.195177 0.980768 0
    outer loop
      vertex 25.7183 41.0073 7.4
      vertex 26.1801 41.0992 2.4
      vertex 25.7183 41.0073 2.4
    endloop
  endfacet
  facet normal 0.946993 -0.321256 0
    outer loop
      vertex 29.976 36.1523 7.4
      vertex 30.1273 36.5983 2.4
      vertex 30.1273 36.5983 7.4
    endloop
  endfacet
  facet normal 0.946993 -0.321256 0
    outer loop
      vertex 30.1273 36.5983 2.4
      vertex 29.976 36.1523 7.4
      vertex 29.976 36.1523 2.4
    endloop
  endfacet
  facet normal 0.980768 -0.195177 0
    outer loop
      vertex 30.1273 36.5983 7.4
      vertex 30.2192 37.0601 2.4
      vertex 30.2192 37.0601 7.4
    endloop
  endfacet
  facet normal 0.980768 -0.195177 0
    outer loop
      vertex 30.2192 37.0601 2.4
      vertex 30.1273 36.5983 7.4
      vertex 30.1273 36.5983 2.4
    endloop
  endfacet
  facet normal 0.555582 -0.831462 0
    outer loop
      vertex 28.45 34.4123 2.4
      vertex 28.8415 34.6739 7.4
      vertex 28.45 34.4123 7.4
    endloop
  endfacet
  facet normal 0.555582 -0.831462 0
    outer loop
      vertex 28.8415 34.6739 7.4
      vertex 28.45 34.4123 2.4
      vertex 28.8415 34.6739 2.4
    endloop
  endfacet
  facet normal 0.442365 -0.896835 0
    outer loop
      vertex 28.0277 34.204 2.4
      vertex 28.45 34.4123 7.4
      vertex 28.0277 34.204 7.4
    endloop
  endfacet
  facet normal 0.442365 -0.896835 0
    outer loop
      vertex 28.45 34.4123 7.4
      vertex 28.0277 34.204 2.4
      vertex 28.45 34.4123 2.4
    endloop
  endfacet
  facet normal 0.997859 -0.0654055 0
    outer loop
      vertex 30.2192 37.0601 7.4
      vertex 30.25 37.53 2.4
      vertex 30.25 37.53 7.4
    endloop
  endfacet
  facet normal 0.997859 -0.0654055 0
    outer loop
      vertex 30.25 37.53 2.4
      vertex 30.2192 37.0601 7.4
      vertex 30.2192 37.0601 2.4
    endloop
  endfacet
  facet normal -0.321256 -0.946993 0
    outer loop
      vertex 25.2723 34.204 2.4
      vertex 25.7183 34.0527 7.4
      vertex 25.2723 34.204 7.4
    endloop
  endfacet
  facet normal -0.321256 -0.946993 -0
    outer loop
      vertex 25.7183 34.0527 7.4
      vertex 25.2723 34.204 2.4
      vertex 25.7183 34.0527 2.4
    endloop
  endfacet
  facet normal -0.751879 -0.659301 0
    outer loop
      vertex 24.1044 34.9844 2.4
      vertex 23.7939 35.3385 7.4
      vertex 23.7939 35.3385 2.4
    endloop
  endfacet
  facet normal -0.751879 -0.659301 0
    outer loop
      vertex 23.7939 35.3385 7.4
      vertex 24.1044 34.9844 2.4
      vertex 24.1044 34.9844 7.4
    endloop
  endfacet
  facet normal -0.997859 -0.0654055 0
    outer loop
      vertex 23.0808 37.0601 2.4
      vertex 23.05 37.53 7.4
      vertex 23.05 37.53 2.4
    endloop
  endfacet
  facet normal -0.997859 -0.0654055 0
    outer loop
      vertex 23.05 37.53 7.4
      vertex 23.0808 37.0601 2.4
      vertex 23.0808 37.0601 7.4
    endloop
  endfacet
  facet normal -0.980768 -0.195177 0
    outer loop
      vertex 23.1727 36.5983 2.4
      vertex 23.0808 37.0601 7.4
      vertex 23.0808 37.0601 2.4
    endloop
  endfacet
  facet normal -0.980768 -0.195177 0
    outer loop
      vertex 23.0808 37.0601 7.4
      vertex 23.1727 36.5983 2.4
      vertex 23.1727 36.5983 7.4
    endloop
  endfacet
  facet normal -0.946993 -0.321256 0
    outer loop
      vertex 23.324 36.1523 2.4
      vertex 23.1727 36.5983 7.4
      vertex 23.1727 36.5983 2.4
    endloop
  endfacet
  facet normal -0.946993 -0.321256 0
    outer loop
      vertex 23.1727 36.5983 7.4
      vertex 23.324 36.1523 2.4
      vertex 23.324 36.1523 7.4
    endloop
  endfacet
  facet normal 0.659301 -0.751879 0
    outer loop
      vertex 28.8415 34.6739 2.4
      vertex 29.1956 34.9844 7.4
      vertex 28.8415 34.6739 7.4
    endloop
  endfacet
  facet normal 0.659301 -0.751879 0
    outer loop
      vertex 29.1956 34.9844 7.4
      vertex 28.8415 34.6739 2.4
      vertex 29.1956 34.9844 2.4
    endloop
  endfacet
  facet normal 0.321256 -0.946993 0
    outer loop
      vertex 27.5817 34.0527 2.4
      vertex 28.0277 34.204 7.4
      vertex 27.5817 34.0527 7.4
    endloop
  endfacet
  facet normal 0.321256 -0.946993 0
    outer loop
      vertex 28.0277 34.204 7.4
      vertex 27.5817 34.0527 2.4
      vertex 28.0277 34.204 2.4
    endloop
  endfacet
  facet normal 0.896835 -0.442365 0
    outer loop
      vertex 29.7677 35.73 7.4
      vertex 29.976 36.1523 2.4
      vertex 29.976 36.1523 7.4
    endloop
  endfacet
  facet normal 0.896835 -0.442365 0
    outer loop
      vertex 29.976 36.1523 2.4
      vertex 29.7677 35.73 7.4
      vertex 29.7677 35.73 2.4
    endloop
  endfacet
  facet normal 0.831462 -0.555582 0
    outer loop
      vertex 29.5061 35.3385 7.4
      vertex 29.7677 35.73 2.4
      vertex 29.7677 35.73 7.4
    endloop
  endfacet
  facet normal 0.831462 -0.555582 0
    outer loop
      vertex 29.7677 35.73 2.4
      vertex 29.5061 35.3385 7.4
      vertex 29.5061 35.3385 2.4
    endloop
  endfacet
  facet normal -0.0654055 -0.997859 0
    outer loop
      vertex 26.1801 33.9608 2.4
      vertex 26.65 33.93 7.4
      vertex 26.1801 33.9608 7.4
    endloop
  endfacet
  facet normal -0.0654055 -0.997859 -0
    outer loop
      vertex 26.65 33.93 7.4
      vertex 26.1801 33.9608 2.4
      vertex 26.65 33.93 2.4
    endloop
  endfacet
  facet normal -0.555582 -0.831462 0
    outer loop
      vertex 24.4585 34.6739 2.4
      vertex 24.85 34.4123 7.4
      vertex 24.4585 34.6739 7.4
    endloop
  endfacet
  facet normal -0.555582 -0.831462 -0
    outer loop
      vertex 24.85 34.4123 7.4
      vertex 24.4585 34.6739 2.4
      vertex 24.85 34.4123 2.4
    endloop
  endfacet
  facet normal -0.195177 -0.980768 0
    outer loop
      vertex 25.7183 34.0527 2.4
      vertex 26.1801 33.9608 7.4
      vertex 25.7183 34.0527 7.4
    endloop
  endfacet
  facet normal -0.195177 -0.980768 -0
    outer loop
      vertex 26.1801 33.9608 7.4
      vertex 25.7183 34.0527 2.4
      vertex 26.1801 33.9608 2.4
    endloop
  endfacet
  facet normal -0.659301 -0.751879 0
    outer loop
      vertex 24.1044 34.9844 2.4
      vertex 24.4585 34.6739 7.4
      vertex 24.1044 34.9844 7.4
    endloop
  endfacet
  facet normal -0.659301 -0.751879 -0
    outer loop
      vertex 24.4585 34.6739 7.4
      vertex 24.1044 34.9844 2.4
      vertex 24.4585 34.6739 2.4
    endloop
  endfacet
  facet normal -0.831462 -0.555582 0
    outer loop
      vertex 23.7939 35.3385 2.4
      vertex 23.5323 35.73 7.4
      vertex 23.5323 35.73 2.4
    endloop
  endfacet
  facet normal -0.831462 -0.555582 0
    outer loop
      vertex 23.5323 35.73 7.4
      vertex 23.7939 35.3385 2.4
      vertex 23.7939 35.3385 7.4
    endloop
  endfacet
  facet normal -0.896835 -0.442365 0
    outer loop
      vertex 23.5323 35.73 2.4
      vertex 23.324 36.1523 7.4
      vertex 23.324 36.1523 2.4
    endloop
  endfacet
  facet normal -0.896835 -0.442365 0
    outer loop
      vertex 23.324 36.1523 7.4
      vertex 23.5323 35.73 2.4
      vertex 23.5323 35.73 7.4
    endloop
  endfacet
  facet normal 0.751879 -0.659301 0
    outer loop
      vertex 29.1956 34.9844 7.4
      vertex 29.5061 35.3385 2.4
      vertex 29.5061 35.3385 7.4
    endloop
  endfacet
  facet normal 0.751879 -0.659301 0
    outer loop
      vertex 29.5061 35.3385 2.4
      vertex 29.1956 34.9844 7.4
      vertex 29.1956 34.9844 2.4
    endloop
  endfacet
  facet normal -0.442365 -0.896835 0
    outer loop
      vertex 24.85 34.4123 2.4
      vertex 25.2723 34.204 7.4
      vertex 24.85 34.4123 7.4
    endloop
  endfacet
  facet normal -0.442365 -0.896835 -0
    outer loop
      vertex 25.2723 34.204 7.4
      vertex 24.85 34.4123 2.4
      vertex 25.2723 34.204 2.4
    endloop
  endfacet
  facet normal -0.997844 -0.0656309 0
    outer loop
      vertex 27.85 37.53 2.4
      vertex 27.8397 37.6866 7.4
      vertex 27.8397 37.6866 2.4
    endloop
  endfacet
  facet normal -0.997844 -0.0656309 0
    outer loop
      vertex 27.8397 37.6866 7.4
      vertex 27.85 37.53 2.4
      vertex 27.85 37.53 7.4
    endloop
  endfacet
  facet normal 0.997844 -0.0656309 0
    outer loop
      vertex 25.45 37.53 7.4
      vertex 25.4603 37.6866 2.4
      vertex 25.4603 37.6866 7.4
    endloop
  endfacet
  facet normal 0.997844 -0.0656309 0
    outer loop
      vertex 25.4603 37.6866 2.4
      vertex 25.45 37.53 7.4
      vertex 25.45 37.53 2.4
    endloop
  endfacet
  facet normal -0.0656309 -0.997844 0
    outer loop
      vertex 26.65 38.73 2.4
      vertex 26.8066 38.7197 7.4
      vertex 26.65 38.73 7.4
    endloop
  endfacet
  facet normal -0.0656309 -0.997844 -0
    outer loop
      vertex 26.8066 38.7197 7.4
      vertex 26.65 38.73 2.4
      vertex 26.8066 38.7197 2.4
    endloop
  endfacet
  facet normal -0.751787 -0.659406 0
    outer loop
      vertex 27.602 38.2605 2.4
      vertex 27.4985 38.3785 7.4
      vertex 27.4985 38.3785 2.4
    endloop
  endfacet
  facet normal -0.751787 -0.659406 0
    outer loop
      vertex 27.4985 38.3785 7.4
      vertex 27.602 38.2605 2.4
      vertex 27.602 38.2605 7.4
    endloop
  endfacet
  facet normal 0.659406 -0.751787 0
    outer loop
      vertex 25.8015 38.3785 2.4
      vertex 25.9195 38.482 7.4
      vertex 25.8015 38.3785 7.4
    endloop
  endfacet
  facet normal 0.659406 -0.751787 0
    outer loop
      vertex 25.9195 38.482 7.4
      vertex 25.8015 38.3785 2.4
      vertex 25.9195 38.482 2.4
    endloop
  endfacet
  facet normal 0.321194 -0.947013 0
    outer loop
      vertex 26.1908 38.6387 2.4
      vertex 26.3394 38.6891 7.4
      vertex 26.1908 38.6387 7.4
    endloop
  endfacet
  facet normal 0.321194 -0.947013 0
    outer loop
      vertex 26.3394 38.6891 7.4
      vertex 26.1908 38.6387 2.4
      vertex 26.3394 38.6891 2.4
    endloop
  endfacet
  facet normal -0.896708 -0.442622 0
    outer loop
      vertex 27.7587 37.9892 2.4
      vertex 27.6892 38.13 7.4
      vertex 27.6892 38.13 2.4
    endloop
  endfacet
  facet normal -0.896708 -0.442622 0
    outer loop
      vertex 27.6892 38.13 7.4
      vertex 27.7587 37.9892 2.4
      vertex 27.7587 37.9892 7.4
    endloop
  endfacet
  facet normal -0.831462 -0.555582 0
    outer loop
      vertex 27.6892 38.13 2.4
      vertex 27.602 38.2605 7.4
      vertex 27.602 38.2605 2.4
    endloop
  endfacet
  facet normal -0.831462 -0.555582 0
    outer loop
      vertex 27.602 38.2605 7.4
      vertex 27.6892 38.13 2.4
      vertex 27.6892 38.13 7.4
    endloop
  endfacet
  facet normal -0.442622 -0.896708 0
    outer loop
      vertex 27.1092 38.6387 2.4
      vertex 27.25 38.5692 7.4
      vertex 27.1092 38.6387 7.4
    endloop
  endfacet
  facet normal -0.442622 -0.896708 -0
    outer loop
      vertex 27.25 38.5692 7.4
      vertex 27.1092 38.6387 2.4
      vertex 27.25 38.5692 2.4
    endloop
  endfacet
  facet normal -0.555582 -0.831462 0
    outer loop
      vertex 27.25 38.5692 2.4
      vertex 27.3805 38.482 7.4
      vertex 27.25 38.5692 7.4
    endloop
  endfacet
  facet normal -0.555582 -0.831462 -0
    outer loop
      vertex 27.3805 38.482 7.4
      vertex 27.25 38.5692 2.4
      vertex 27.3805 38.482 2.4
    endloop
  endfacet
  facet normal 0.896708 -0.442622 0
    outer loop
      vertex 25.5413 37.9892 7.4
      vertex 25.6108 38.13 2.4
      vertex 25.6108 38.13 7.4
    endloop
  endfacet
  facet normal 0.896708 -0.442622 0
    outer loop
      vertex 25.6108 38.13 2.4
      vertex 25.5413 37.9892 7.4
      vertex 25.5413 37.9892 2.4
    endloop
  endfacet
  facet normal 0.442622 -0.896708 0
    outer loop
      vertex 26.05 38.5692 2.4
      vertex 26.1908 38.6387 7.4
      vertex 26.05 38.5692 7.4
    endloop
  endfacet
  facet normal 0.442622 -0.896708 0
    outer loop
      vertex 26.1908 38.6387 7.4
      vertex 26.05 38.5692 2.4
      vertex 26.1908 38.6387 2.4
    endloop
  endfacet
  facet normal 0.0656309 -0.997844 0
    outer loop
      vertex 26.4934 38.7197 2.4
      vertex 26.65 38.73 7.4
      vertex 26.4934 38.7197 7.4
    endloop
  endfacet
  facet normal 0.0656309 -0.997844 0
    outer loop
      vertex 26.65 38.73 7.4
      vertex 26.4934 38.7197 2.4
      vertex 26.65 38.73 2.4
    endloop
  endfacet
  facet normal -0.321194 0.947013 0
    outer loop
      vertex 27.1092 36.4213 2.4
      vertex 26.9606 36.3709 7.4
      vertex 27.1092 36.4213 7.4
    endloop
  endfacet
  facet normal -0.321194 0.947013 0
    outer loop
      vertex 26.9606 36.3709 7.4
      vertex 27.1092 36.4213 2.4
      vertex 26.9606 36.3709 2.4
    endloop
  endfacet
  facet normal -0.0656309 0.997844 0
    outer loop
      vertex 26.8066 36.3403 2.4
      vertex 26.65 36.33 7.4
      vertex 26.8066 36.3403 7.4
    endloop
  endfacet
  facet normal -0.0656309 0.997844 0
    outer loop
      vertex 26.65 36.33 7.4
      vertex 26.8066 36.3403 2.4
      vertex 26.65 36.33 2.4
    endloop
  endfacet
  facet normal -0.442622 0.896708 0
    outer loop
      vertex 27.25 36.4908 2.4
      vertex 27.1092 36.4213 7.4
      vertex 27.25 36.4908 7.4
    endloop
  endfacet
  facet normal -0.442622 0.896708 0
    outer loop
      vertex 27.1092 36.4213 7.4
      vertex 27.25 36.4908 2.4
      vertex 27.1092 36.4213 2.4
    endloop
  endfacet
  facet normal 0.896708 0.442622 0
    outer loop
      vertex 25.6108 36.93 7.4
      vertex 25.5413 37.0708 2.4
      vertex 25.5413 37.0708 7.4
    endloop
  endfacet
  facet normal 0.896708 0.442622 0
    outer loop
      vertex 25.5413 37.0708 2.4
      vertex 25.6108 36.93 7.4
      vertex 25.6108 36.93 2.4
    endloop
  endfacet
  facet normal 0.997844 0.0656309 0
    outer loop
      vertex 25.4603 37.3734 7.4
      vertex 25.45 37.53 2.4
      vertex 25.45 37.53 7.4
    endloop
  endfacet
  facet normal 0.997844 0.0656309 0
    outer loop
      vertex 25.45 37.53 2.4
      vertex 25.4603 37.3734 7.4
      vertex 25.4603 37.3734 2.4
    endloop
  endfacet
  facet normal -0.947013 -0.321194 0
    outer loop
      vertex 27.8091 37.8406 2.4
      vertex 27.7587 37.9892 7.4
      vertex 27.7587 37.9892 2.4
    endloop
  endfacet
  facet normal -0.947013 -0.321194 0
    outer loop
      vertex 27.7587 37.9892 7.4
      vertex 27.8091 37.8406 2.4
      vertex 27.8091 37.8406 7.4
    endloop
  endfacet
  facet normal -0.980825 -0.194891 0
    outer loop
      vertex 27.8397 37.6866 2.4
      vertex 27.8091 37.8406 7.4
      vertex 27.8091 37.8406 2.4
    endloop
  endfacet
  facet normal -0.980825 -0.194891 0
    outer loop
      vertex 27.8091 37.8406 7.4
      vertex 27.8397 37.6866 2.4
      vertex 27.8397 37.6866 7.4
    endloop
  endfacet
  facet normal -0.321194 -0.947013 0
    outer loop
      vertex 26.9606 38.6891 2.4
      vertex 27.1092 38.6387 7.4
      vertex 26.9606 38.6891 7.4
    endloop
  endfacet
  facet normal -0.321194 -0.947013 -0
    outer loop
      vertex 27.1092 38.6387 7.4
      vertex 26.9606 38.6891 2.4
      vertex 27.1092 38.6387 2.4
    endloop
  endfacet
  facet normal -0.194891 -0.980825 0
    outer loop
      vertex 26.8066 38.7197 2.4
      vertex 26.9606 38.6891 7.4
      vertex 26.8066 38.7197 7.4
    endloop
  endfacet
  facet normal -0.194891 -0.980825 -0
    outer loop
      vertex 26.9606 38.6891 7.4
      vertex 26.8066 38.7197 2.4
      vertex 26.9606 38.6891 2.4
    endloop
  endfacet
  facet normal -0.659406 -0.751787 0
    outer loop
      vertex 27.3805 38.482 2.4
      vertex 27.4985 38.3785 7.4
      vertex 27.3805 38.482 7.4
    endloop
  endfacet
  facet normal -0.659406 -0.751787 -0
    outer loop
      vertex 27.4985 38.3785 7.4
      vertex 27.3805 38.482 2.4
      vertex 27.4985 38.3785 2.4
    endloop
  endfacet
  facet normal 0.831462 -0.555582 0
    outer loop
      vertex 25.6108 38.13 7.4
      vertex 25.698 38.2605 2.4
      vertex 25.698 38.2605 7.4
    endloop
  endfacet
  facet normal 0.831462 -0.555582 0
    outer loop
      vertex 25.698 38.2605 2.4
      vertex 25.6108 38.13 7.4
      vertex 25.6108 38.13 2.4
    endloop
  endfacet
  facet normal 0.751787 -0.659406 0
    outer loop
      vertex 25.698 38.2605 7.4
      vertex 25.8015 38.3785 2.4
      vertex 25.8015 38.3785 7.4
    endloop
  endfacet
  facet normal 0.751787 -0.659406 0
    outer loop
      vertex 25.8015 38.3785 2.4
      vertex 25.698 38.2605 7.4
      vertex 25.698 38.2605 2.4
    endloop
  endfacet
  facet normal 0.947013 -0.321194 0
    outer loop
      vertex 25.4909 37.8406 7.4
      vertex 25.5413 37.9892 2.4
      vertex 25.5413 37.9892 7.4
    endloop
  endfacet
  facet normal 0.947013 -0.321194 0
    outer loop
      vertex 25.5413 37.9892 2.4
      vertex 25.4909 37.8406 7.4
      vertex 25.4909 37.8406 2.4
    endloop
  endfacet
  facet normal 0.980825 -0.194891 0
    outer loop
      vertex 25.4603 37.6866 7.4
      vertex 25.4909 37.8406 2.4
      vertex 25.4909 37.8406 7.4
    endloop
  endfacet
  facet normal 0.980825 -0.194891 0
    outer loop
      vertex 25.4909 37.8406 2.4
      vertex 25.4603 37.6866 7.4
      vertex 25.4603 37.6866 2.4
    endloop
  endfacet
  facet normal 0.555582 -0.831462 0
    outer loop
      vertex 25.9195 38.482 2.4
      vertex 26.05 38.5692 7.4
      vertex 25.9195 38.482 7.4
    endloop
  endfacet
  facet normal 0.555582 -0.831462 0
    outer loop
      vertex 26.05 38.5692 7.4
      vertex 25.9195 38.482 2.4
      vertex 26.05 38.5692 2.4
    endloop
  endfacet
  facet normal 0.194891 -0.980825 0
    outer loop
      vertex 26.3394 38.6891 2.4
      vertex 26.4934 38.7197 7.4
      vertex 26.3394 38.6891 7.4
    endloop
  endfacet
  facet normal 0.194891 -0.980825 0
    outer loop
      vertex 26.4934 38.7197 7.4
      vertex 26.3394 38.6891 2.4
      vertex 26.4934 38.7197 2.4
    endloop
  endfacet
  facet normal -0.194891 0.980825 0
    outer loop
      vertex 26.9606 36.3709 2.4
      vertex 26.8066 36.3403 7.4
      vertex 26.9606 36.3709 7.4
    endloop
  endfacet
  facet normal -0.194891 0.980825 0
    outer loop
      vertex 26.8066 36.3403 7.4
      vertex 26.9606 36.3709 2.4
      vertex 26.8066 36.3403 2.4
    endloop
  endfacet
  facet normal -0.555582 0.831462 0
    outer loop
      vertex 27.3805 36.578 2.4
      vertex 27.25 36.4908 7.4
      vertex 27.3805 36.578 7.4
    endloop
  endfacet
  facet normal -0.555582 0.831462 0
    outer loop
      vertex 27.25 36.4908 7.4
      vertex 27.3805 36.578 2.4
      vertex 27.25 36.4908 2.4
    endloop
  endfacet
  facet normal -0.751787 0.659406 0
    outer loop
      vertex 27.4985 36.6815 2.4
      vertex 27.602 36.7995 7.4
      vertex 27.602 36.7995 2.4
    endloop
  endfacet
  facet normal -0.751787 0.659406 0
    outer loop
      vertex 27.602 36.7995 7.4
      vertex 27.4985 36.6815 2.4
      vertex 27.4985 36.6815 7.4
    endloop
  endfacet
  facet normal -0.896708 0.442622 0
    outer loop
      vertex 27.6892 36.93 2.4
      vertex 27.7587 37.0708 7.4
      vertex 27.7587 37.0708 2.4
    endloop
  endfacet
  facet normal -0.896708 0.442622 0
    outer loop
      vertex 27.7587 37.0708 7.4
      vertex 27.6892 36.93 2.4
      vertex 27.6892 36.93 7.4
    endloop
  endfacet
  facet normal 0.659406 0.751787 -0
    outer loop
      vertex 25.9195 36.578 2.4
      vertex 25.8015 36.6815 7.4
      vertex 25.9195 36.578 7.4
    endloop
  endfacet
  facet normal 0.659406 0.751787 0
    outer loop
      vertex 25.8015 36.6815 7.4
      vertex 25.9195 36.578 2.4
      vertex 25.8015 36.6815 2.4
    endloop
  endfacet
  facet normal 0.442622 0.896708 -0
    outer loop
      vertex 26.1908 36.4213 2.4
      vertex 26.05 36.4908 7.4
      vertex 26.1908 36.4213 7.4
    endloop
  endfacet
  facet normal 0.442622 0.896708 0
    outer loop
      vertex 26.05 36.4908 7.4
      vertex 26.1908 36.4213 2.4
      vertex 26.05 36.4908 2.4
    endloop
  endfacet
  facet normal 0.321194 0.947013 -0
    outer loop
      vertex 26.3394 36.3709 2.4
      vertex 26.1908 36.4213 7.4
      vertex 26.3394 36.3709 7.4
    endloop
  endfacet
  facet normal 0.321194 0.947013 0
    outer loop
      vertex 26.1908 36.4213 7.4
      vertex 26.3394 36.3709 2.4
      vertex 26.1908 36.4213 2.4
    endloop
  endfacet
  facet normal 0.0656309 0.997844 -0
    outer loop
      vertex 26.65 36.33 2.4
      vertex 26.4934 36.3403 7.4
      vertex 26.65 36.33 7.4
    endloop
  endfacet
  facet normal 0.0656309 0.997844 0
    outer loop
      vertex 26.4934 36.3403 7.4
      vertex 26.65 36.33 2.4
      vertex 26.4934 36.3403 2.4
    endloop
  endfacet
  facet normal 0.831462 0.555582 0
    outer loop
      vertex 25.698 36.7995 7.4
      vertex 25.6108 36.93 2.4
      vertex 25.6108 36.93 7.4
    endloop
  endfacet
  facet normal 0.831462 0.555582 0
    outer loop
      vertex 25.6108 36.93 2.4
      vertex 25.698 36.7995 7.4
      vertex 25.698 36.7995 2.4
    endloop
  endfacet
  facet normal 0.980825 0.194891 0
    outer loop
      vertex 25.4909 37.2194 7.4
      vertex 25.4603 37.3734 2.4
      vertex 25.4603 37.3734 7.4
    endloop
  endfacet
  facet normal 0.980825 0.194891 0
    outer loop
      vertex 25.4603 37.3734 2.4
      vertex 25.4909 37.2194 7.4
      vertex 25.4909 37.2194 2.4
    endloop
  endfacet
  facet normal -0.659406 0.751787 0
    outer loop
      vertex 27.4985 36.6815 2.4
      vertex 27.3805 36.578 7.4
      vertex 27.4985 36.6815 7.4
    endloop
  endfacet
  facet normal -0.659406 0.751787 0
    outer loop
      vertex 27.3805 36.578 7.4
      vertex 27.4985 36.6815 2.4
      vertex 27.3805 36.578 2.4
    endloop
  endfacet
  facet normal -0.831462 0.555582 0
    outer loop
      vertex 27.602 36.7995 2.4
      vertex 27.6892 36.93 7.4
      vertex 27.6892 36.93 2.4
    endloop
  endfacet
  facet normal -0.831462 0.555582 0
    outer loop
      vertex 27.6892 36.93 7.4
      vertex 27.602 36.7995 2.4
      vertex 27.602 36.7995 7.4
    endloop
  endfacet
  facet normal -0.980825 0.194891 0
    outer loop
      vertex 27.8091 37.2194 2.4
      vertex 27.8397 37.3734 7.4
      vertex 27.8397 37.3734 2.4
    endloop
  endfacet
  facet normal -0.980825 0.194891 0
    outer loop
      vertex 27.8397 37.3734 7.4
      vertex 27.8091 37.2194 2.4
      vertex 27.8091 37.2194 7.4
    endloop
  endfacet
  facet normal -0.947013 0.321194 0
    outer loop
      vertex 27.7587 37.0708 2.4
      vertex 27.8091 37.2194 7.4
      vertex 27.8091 37.2194 2.4
    endloop
  endfacet
  facet normal -0.947013 0.321194 0
    outer loop
      vertex 27.8091 37.2194 7.4
      vertex 27.7587 37.0708 2.4
      vertex 27.7587 37.0708 7.4
    endloop
  endfacet
  facet normal -0.997844 0.0656309 0
    outer loop
      vertex 27.8397 37.3734 2.4
      vertex 27.85 37.53 7.4
      vertex 27.85 37.53 2.4
    endloop
  endfacet
  facet normal -0.997844 0.0656309 0
    outer loop
      vertex 27.85 37.53 7.4
      vertex 27.8397 37.3734 2.4
      vertex 27.8397 37.3734 7.4
    endloop
  endfacet
  facet normal 0.555582 0.831462 -0
    outer loop
      vertex 26.05 36.4908 2.4
      vertex 25.9195 36.578 7.4
      vertex 26.05 36.4908 7.4
    endloop
  endfacet
  facet normal 0.555582 0.831462 0
    outer loop
      vertex 25.9195 36.578 7.4
      vertex 26.05 36.4908 2.4
      vertex 25.9195 36.578 2.4
    endloop
  endfacet
  facet normal 0.194891 0.980825 -0
    outer loop
      vertex 26.4934 36.3403 2.4
      vertex 26.3394 36.3709 7.4
      vertex 26.4934 36.3403 7.4
    endloop
  endfacet
  facet normal 0.194891 0.980825 0
    outer loop
      vertex 26.3394 36.3709 7.4
      vertex 26.4934 36.3403 2.4
      vertex 26.3394 36.3709 2.4
    endloop
  endfacet
  facet normal 0.751787 0.659406 0
    outer loop
      vertex 25.8015 36.6815 7.4
      vertex 25.698 36.7995 2.4
      vertex 25.698 36.7995 7.4
    endloop
  endfacet
  facet normal 0.751787 0.659406 0
    outer loop
      vertex 25.698 36.7995 2.4
      vertex 25.8015 36.6815 7.4
      vertex 25.8015 36.6815 2.4
    endloop
  endfacet
  facet normal 0.947013 0.321194 0
    outer loop
      vertex 25.5413 37.0708 7.4
      vertex 25.4909 37.2194 2.4
      vertex 25.4909 37.2194 7.4
    endloop
  endfacet
  facet normal 0.947013 0.321194 0
    outer loop
      vertex 25.4909 37.2194 2.4
      vertex 25.5413 37.0708 7.4
      vertex 25.5413 37.0708 2.4
    endloop
  endfacet
  facet normal 1 0 0
    outer loop
      vertex -5.3 42.625 2.4
      vertex -5.3 45.625 7.5
      vertex -5.3 42.625 7.5
    endloop
  endfacet
  facet normal 1 0 0
    outer loop
      vertex -5.3 45.625 7.5
      vertex -5.3 42.625 2.4
      vertex -5.3 45.625 2.04
    endloop
  endfacet
  facet normal 1 0 0
    outer loop
      vertex -5.3 41.625 2.04
      vertex -5.3 42.625 2.4
      vertex -5.3 41.625 2.4
    endloop
  endfacet
  facet normal 1 0 0
    outer loop
      vertex -5.3 42.625 2.4
      vertex -5.3 41.625 2.04
      vertex -5.3 45.625 2.04
    endloop
  endfacet
  facet normal 0 0 -1
    outer loop
      vertex -5.3 42.625 7.5
      vertex 5.3 45.625 7.5
      vertex 5.3 42.625 7.5
    endloop
  endfacet
  facet normal -0 0 -1
    outer loop
      vertex 5.3 45.625 7.5
      vertex -5.3 42.625 7.5
      vertex -5.3 45.625 7.5
    endloop
  endfacet
  facet normal -1 0 0
    outer loop
      vertex 5.3 45.625 2.04
      vertex 5.3 42.625 2.4
      vertex 5.3 45.625 7.5
    endloop
  endfacet
  facet normal -1 0 0
    outer loop
      vertex 5.3 41.625 2.04
      vertex 5.3 42.625 2.4
      vertex 5.3 45.625 2.04
    endloop
  endfacet
  facet normal -1 -0 0
    outer loop
      vertex 5.3 42.625 2.4
      vertex 5.3 41.625 2.04
      vertex 5.3 41.625 2.4
    endloop
  endfacet
  facet normal -1 -0 0
    outer loop
      vertex 5.3 45.625 7.5
      vertex 5.3 42.625 2.4
      vertex 5.3 42.625 7.5
    endloop
  endfacet
  facet normal -0 0 1
    outer loop
      vertex -5.3 45.625 2.04
      vertex 5.3 41.625 2.04
      vertex 5.3 45.625 2.04
    endloop
  endfacet
  facet normal 0 0 1
    outer loop
      vertex 5.3 41.625 2.04
      vertex -5.3 45.625 2.04
      vertex -5.3 41.625 2.04
    endloop
  endfacet
  facet normal 0 1 -0
    outer loop
      vertex 5.3 41.625 2.04
      vertex -5.3 41.625 2.4
      vertex 5.3 41.625 2.4
    endloop
  endfacet
  facet normal 0 1 0
    outer loop
      vertex -5.3 41.625 2.4
      vertex 5.3 41.625 2.04
      vertex -5.3 41.625 2.04
    endloop
  endfacet
  facet normal 0.997861 0.0653646 0
    outer loop
      vertex 84.5 41.625 1.5
      vertex 84.4658 42.1471 0
      vertex 84.4658 42.1471 1.5
    endloop
  endfacet
  facet normal 0.997861 0.0653646 0
    outer loop
      vertex 84.4658 42.1471 0
      vertex 84.5 41.625 1.5
      vertex 84.5 41.625 0
    endloop
  endfacet
  facet normal -0 0 1
    outer loop
      vertex 34.75 -17.87 1.5
      vertex 37.7 -22.92 1.5
      vertex 37.7 -17.87 1.5
    endloop
  endfacet
  facet normal 0 0 1
    outer loop
      vertex 37.7 -22.92 1.5
      vertex 34.75 -17.87 1.5
      vertex 34.75 -22.92 1.5
    endloop
  endfacet
  facet normal -0 0 1
    outer loop
      vertex 34.75 1.18 1.5
      vertex 37.7 -3.87 1.5
      vertex 37.7 1.18 1.5
    endloop
  endfacet
  facet normal 0 0 1
    outer loop
      vertex 37.7 -3.87 1.5
      vertex 34.75 1.18 1.5
      vertex 34.75 -3.87 1.5
    endloop
  endfacet
  facet normal -0 0 1
    outer loop
      vertex 42.75 -17.87 1.5
      vertex 56.75 -22.92 1.5
      vertex 56.75 -17.87 1.5
    endloop
  endfacet
  facet normal 0 0 1
    outer loop
      vertex 56.75 -22.92 1.5
      vertex 42.75 -17.87 1.5
      vertex 42.75 -22.92 1.5
    endloop
  endfacet
  facet normal -0 0 1
    outer loop
      vertex 42.75 1.18 1.5
      vertex 56.75 -3.87 1.5
      vertex 56.75 1.18 1.5
    endloop
  endfacet
  facet normal 0 0 1
    outer loop
      vertex 56.75 -3.87 1.5
      vertex 42.75 1.18 1.5
      vertex 42.75 -3.87 1.5
    endloop
  endfacet
  facet normal 0 0 1
    outer loop
      vertex 37.7 15.18 1.5
      vertex 34.75 41.625 1.5
      vertex 34.75 15.18 1.5
    endloop
  endfacet
  facet normal -0 0 1
    outer loop
      vertex 61.8 1.18 1.5
      vertex 75.8 -3.87 1.5
      vertex 75.8 1.18 1.5
    endloop
  endfacet
  facet normal 0 0 1
    outer loop
      vertex 75.8 -3.87 1.5
      vertex 61.8 1.18 1.5
      vertex 61.8 -3.87 1.5
    endloop
  endfacet
  facet normal 0 0 1
    outer loop
      vertex 61.8 15.18 1.5
      vertex 75.8 36.4908 1.5
      vertex 75.6695 36.578 1.5
    endloop
  endfacet
  facet normal 0 0 1
    outer loop
      vertex 61.8 15.18 1.5
      vertex 75.6695 36.578 1.5
      vertex 75.5515 36.6815 1.5
    endloop
  endfacet
  facet normal 0 0 1
    outer loop
      vertex 61.8 15.18 1.5
      vertex 75.5515 36.6815 1.5
      vertex 75.448 36.7995 1.5
    endloop
  endfacet
  facet normal 0 0 1
    outer loop
      vertex 61.8 15.18 1.5
      vertex 75.448 36.7995 1.5
      vertex 75.3608 36.93 1.5
    endloop
  endfacet
  facet normal 0 0 1
    outer loop
      vertex 61.8 15.18 1.5
      vertex 75.3608 36.93 1.5
      vertex 75.2913 37.0708 1.5
    endloop
  endfacet
  facet normal 0 0 1
    outer loop
      vertex 61.8 15.18 1.5
      vertex 75.2913 37.0708 1.5
      vertex 75.2409 37.2194 1.5
    endloop
  endfacet
  facet normal 0 0 1
    outer loop
      vertex 56.75 15.18 1.5
      vertex 75.2409 37.2194 1.5
      vertex 75.2103 37.3734 1.5
    endloop
  endfacet
  facet normal 0 0 1
    outer loop
      vertex 34.75 41.625 1.5
      vertex 75.2103 37.3734 1.5
      vertex 75.2 37.53 1.5
    endloop
  endfacet
  facet normal 0 0 1
    outer loop
      vertex 75.8 36.4908 1.5
      vertex 61.8 15.18 1.5
      vertex 75.8 15.18 1.5
    endloop
  endfacet
  facet normal 0 0 1
    outer loop
      vertex 75.8 1.18 1.5
      vertex 84.5 41.625 1.5
      vertex 75.8 15.18 1.5
    endloop
  endfacet
  facet normal 0 0 1
    outer loop
      vertex 84.5 -41.625 1.5
      vertex 77.5897 -37.3634 1.5
      vertex 77.6 -37.52 1.5
    endloop
  endfacet
  facet normal 0 0 1
    outer loop
      vertex 75.8 15.18 1.5
      vertex 77.5897 37.3734 1.5
      vertex 77.5591 37.2194 1.5
    endloop
  endfacet
  facet normal -0 0 1
    outer loop
      vertex 75.8 -3.87 1.5
      vertex 84.5 -41.625 1.5
      vertex 75.8 1.18 1.5
    endloop
  endfacet
  facet normal 0 0 1
    outer loop
      vertex 75.8 15.18 1.5
      vertex 77.5591 37.2194 1.5
      vertex 77.5087 37.0708 1.5
    endloop
  endfacet
  facet normal -0 0 1
    outer loop
      vertex 75.8 -17.87 1.5
      vertex 84.5 -41.625 1.5
      vertex 75.8 -3.87 1.5
    endloop
  endfacet
  facet normal 0 0 1
    outer loop
      vertex 75.8 15.18 1.5
      vertex 77.5087 37.0708 1.5
      vertex 77.4392 36.93 1.5
    endloop
  endfacet
  facet normal -0 -0 1
    outer loop
      vertex 77.352 -36.7895 1.5
      vertex 84.5 -41.625 1.5
      vertex 75.8 -17.87 1.5
    endloop
  endfacet
  facet normal 0 0 1
    outer loop
      vertex 75.8 15.18 1.5
      vertex 77.4392 36.93 1.5
      vertex 77.352 36.7995 1.5
    endloop
  endfacet
  facet normal 0 0 1
    outer loop
      vertex 84.5 -41.625 1.5
      vertex 77.5591 -37.2094 1.5
      vertex 77.5897 -37.3634 1.5
    endloop
  endfacet
  facet normal 0 0 1
    outer loop
      vertex 75.8 15.18 1.5
      vertex 77.352 36.7995 1.5
      vertex 77.2485 36.6815 1.5
    endloop
  endfacet
  facet normal 0 0 1
    outer loop
      vertex 84.5 -41.625 1.5
      vertex 77.5087 -37.0608 1.5
      vertex 77.5591 -37.2094 1.5
    endloop
  endfacet
  facet normal 0 0 1
    outer loop
      vertex 75.8 15.18 1.5
      vertex 77.2485 36.6815 1.5
      vertex 77.1305 36.578 1.5
    endloop
  endfacet
  facet normal 0 0 1
    outer loop
      vertex 84.5 -41.625 1.5
      vertex 77.4392 -36.92 1.5
      vertex 77.5087 -37.0608 1.5
    endloop
  endfacet
  facet normal 0 0 1
    outer loop
      vertex 75.8 15.18 1.5
      vertex 77.1305 36.578 1.5
      vertex 77 36.4908 1.5
    endloop
  endfacet
  facet normal 0 0 1
    outer loop
      vertex 84.5 -41.625 1.5
      vertex 77.352 -36.7895 1.5
      vertex 77.4392 -36.92 1.5
    endloop
  endfacet
  facet normal 0 0 1
    outer loop
      vertex 75.8 15.18 1.5
      vertex 77 36.4908 1.5
      vertex 76.8592 36.4213 1.5
    endloop
  endfacet
  facet normal -0 0 1
    outer loop
      vertex 73.7572 -29.2674 1.5
      vertex 77.352 -36.7895 1.5
      vertex 75.8 -17.87 1.5
    endloop
  endfacet
  facet normal 0 0 1
    outer loop
      vertex 75.8 15.18 1.5
      vertex 76.8592 36.4213 1.5
      vertex 76.7106 36.3709 1.5
    endloop
  endfacet
  facet normal 0 0 1
    outer loop
      vertex 77.352 -36.7895 1.5
      vertex 73.7572 -29.2674 1.5
      vertex 77.2485 -36.6715 1.5
    endloop
  endfacet
  facet normal 0 0 1
    outer loop
      vertex 75.8 15.18 1.5
      vertex 76.7106 36.3709 1.5
      vertex 76.5566 36.3403 1.5
    endloop
  endfacet
  facet normal -0 -0 1
    outer loop
      vertex 73.8 -29.92 1.5
      vertex 77.2485 -36.6715 1.5
      vertex 73.7572 -29.2674 1.5
    endloop
  endfacet
  facet normal 0 0 1
    outer loop
      vertex 75.8 15.18 1.5
      vertex 76.5566 36.3403 1.5
      vertex 76.4 36.33 1.5
    endloop
  endfacet
  facet normal 0 0 1
    outer loop
      vertex 77.2485 -36.6715 1.5
      vertex 73.8 -29.92 1.5
      vertex 77.1305 -36.568 1.5
    endloop
  endfacet
  facet normal 0 0 1
    outer loop
      vertex 75.8 15.18 1.5
      vertex 76.4 36.33 1.5
      vertex 76.2434 36.3403 1.5
    endloop
  endfacet
  facet normal 0 0 1
    outer loop
      vertex 84.5 41.625 1.5
      vertex 75.8 1.18 1.5
      vertex 84.5 -41.625 1.5
    endloop
  endfacet
  facet normal 0 0 1
    outer loop
      vertex 75.8 15.18 1.5
      vertex 76.2434 36.3403 1.5
      vertex 76.0894 36.3709 1.5
    endloop
  endfacet
  facet normal 0 0 1
    outer loop
      vertex 77.1305 -36.568 1.5
      vertex 73.8 -29.92 1.5
      vertex 77 -36.4808 1.5
    endloop
  endfacet
  facet normal 0 0 1
    outer loop
      vertex 75.8 15.18 1.5
      vertex 76.0894 36.3709 1.5
      vertex 75.9408 36.4213 1.5
    endloop
  endfacet
  facet normal -0 0 1
    outer loop
      vertex 73.7572 -30.5726 1.5
      vertex 77 -36.4808 1.5
      vertex 73.8 -29.92 1.5
    endloop
  endfacet
  facet normal 0 0 1
    outer loop
      vertex 75.8 15.18 1.5
      vertex 75.9408 36.4213 1.5
      vertex 75.8 36.4908 1.5
    endloop
  endfacet
  facet normal 0 0 1
    outer loop
      vertex 77 -36.4808 1.5
      vertex 73.7572 -30.5726 1.5
      vertex 76.8592 -36.4113 1.5
    endloop
  endfacet
  facet normal -0 0 1
    outer loop
      vertex 73.6296 -31.2141 1.5
      vertex 76.8592 -36.4113 1.5
      vertex 73.7572 -30.5726 1.5
    endloop
  endfacet
  facet normal 0 0 1
    outer loop
      vertex 76.8592 -36.4113 1.5
      vertex 73.6296 -31.2141 1.5
      vertex 76.7106 -36.3609 1.5
    endloop
  endfacet
  facet normal 0 0 1
    outer loop
      vertex 76.7106 -36.3609 1.5
      vertex 73.6296 -31.2141 1.5
      vertex 76.5566 -36.3303 1.5
    endloop
  endfacet
  facet normal -0 0 1
    outer loop
      vertex 73.4194 -31.8334 1.5
      vertex 76.5566 -36.3303 1.5
      vertex 73.6296 -31.2141 1.5
    endloop
  endfacet
  facet normal 0 0 1
    outer loop
      vertex 76.5566 -36.3303 1.5
      vertex 73.4194 -31.8334 1.5
      vertex 76.4 -36.32 1.5
    endloop
  endfacet
  facet normal 0 0 1
    outer loop
      vertex 76.4 -36.32 1.5
      vertex 73.4194 -31.8334 1.5
      vertex 76.2434 -36.3303 1.5
    endloop
  endfacet
  facet normal -0 0 1
    outer loop
      vertex 73.1301 -32.42 1.5
      vertex 76.2434 -36.3303 1.5
      vertex 73.4194 -31.8334 1.5
    endloop
  endfacet
  facet normal 0 0 1
    outer loop
      vertex 76.2434 -36.3303 1.5
      vertex 73.1301 -32.42 1.5
      vertex 76.0894 -36.3609 1.5
    endloop
  endfacet
  facet normal -0 0 1
    outer loop
      vertex 72.7668 -32.9638 1.5
      vertex 75.9408 -36.4113 1.5
      vertex 73.1301 -32.42 1.5
    endloop
  endfacet
  facet normal 0 0 1
    outer loop
      vertex 75.9408 -36.4113 1.5
      vertex 72.7668 -32.9638 1.5
      vertex 75.8 -36.4808 1.5
    endloop
  endfacet
  facet normal 0 0 1
    outer loop
      vertex 75.8 -36.4808 1.5
      vertex 72.7668 -32.9638 1.5
      vertex 75.6695 -36.568 1.5
    endloop
  endfacet
  facet normal -0 0 1
    outer loop
      vertex 72.3355 -33.4555 1.5
      vertex 75.6695 -36.568 1.5
      vertex 72.7668 -32.9638 1.5
    endloop
  endfacet
  facet normal 0 0 1
    outer loop
      vertex 75.6695 -36.568 1.5
      vertex 72.3355 -33.4555 1.5
      vertex 75.5515 -36.6715 1.5
    endloop
  endfacet
  facet normal 0 0 1
    outer loop
      vertex 76.0894 -36.3609 1.5
      vertex 73.1301 -32.42 1.5
      vertex 75.9408 -36.4113 1.5
    endloop
  endfacet
  facet normal 0 0 1
    outer loop
      vertex 75.8 -17.87 1.5
      vertex 73.6296 -28.6259 1.5
      vertex 73.7572 -29.2674 1.5
    endloop
  endfacet
  facet normal 0 0 1
    outer loop
      vertex 75.8 -17.87 1.5
      vertex 73.4194 -28.0066 1.5
      vertex 73.6296 -28.6259 1.5
    endloop
  endfacet
  facet normal 0 0 1
    outer loop
      vertex 75.8 -17.87 1.5
      vertex 73.1301 -27.42 1.5
      vertex 73.4194 -28.0066 1.5
    endloop
  endfacet
  facet normal 0 0 1
    outer loop
      vertex 75.8 -17.87 1.5
      vertex 72.7668 -26.8762 1.5
      vertex 73.1301 -27.42 1.5
    endloop
  endfacet
  facet normal 0 0 1
    outer loop
      vertex 75.8 -17.87 1.5
      vertex 72.3355 -26.3845 1.5
      vertex 72.7668 -26.8762 1.5
    endloop
  endfacet
  facet normal 0 0 1
    outer loop
      vertex 75.8 -17.87 1.5
      vertex 71.8438 -25.9532 1.5
      vertex 72.3355 -26.3845 1.5
    endloop
  endfacet
  facet normal 0 0 1
    outer loop
      vertex 75.8 -17.87 1.5
      vertex 71.3 -25.5899 1.5
      vertex 71.8438 -25.9532 1.5
    endloop
  endfacet
  facet normal 0 0 1
    outer loop
      vertex 75.8 -17.87 1.5
      vertex 70.7134 -25.3006 1.5
      vertex 71.3 -25.5899 1.5
    endloop
  endfacet
  facet normal 0 0 1
    outer loop
      vertex 75.8 -17.87 1.5
      vertex 70.0941 -25.0904 1.5
      vertex 70.7134 -25.3006 1.5
    endloop
  endfacet
  facet normal 0 0 1
    outer loop
      vertex 75.8 -17.87 1.5
      vertex 69.4526 -24.9628 1.5
      vertex 70.0941 -25.0904 1.5
    endloop
  endfacet
  facet normal 0 0 1
    outer loop
      vertex 75.8 -17.87 1.5
      vertex 68.8 -24.92 1.5
      vertex 69.4526 -24.9628 1.5
    endloop
  endfacet
  facet normal -0 0 1
    outer loop
      vertex 61.8 -17.87 1.5
      vertex 68.8 -24.92 1.5
      vertex 75.8 -17.87 1.5
    endloop
  endfacet
  facet normal 0 0 1
    outer loop
      vertex 68.8 -24.92 1.5
      vertex 61.8 -17.87 1.5
      vertex 68.1474 -24.9628 1.5
    endloop
  endfacet
  facet normal 0 0 1
    outer loop
      vertex 68.1474 -24.9628 1.5
      vertex 61.8 -17.87 1.5
      vertex 67.5059 -25.0904 1.5
    endloop
  endfacet
  facet normal 0 0 1
    outer loop
      vertex 67.5059 -25.0904 1.5
      vertex 61.8 -17.87 1.5
      vertex 66.8866 -25.3006 1.5
    endloop
  endfacet
  facet normal 0 0 1
    outer loop
      vertex 66.8866 -25.3006 1.5
      vertex 61.8 -17.87 1.5
      vertex 66.3 -25.5899 1.5
    endloop
  endfacet
  facet normal 0 0 1
    outer loop
      vertex 63.9704 -28.6259 1.5
      vertex 56.75 -22.92 1.5
      vertex 63.8428 -29.2674 1.5
    endloop
  endfacet
  facet normal 0 0 1
    outer loop
      vertex 64.1806 -28.0066 1.5
      vertex 56.75 -22.92 1.5
      vertex 63.9704 -28.6259 1.5
    endloop
  endfacet
  facet normal 0 0 1
    outer loop
      vertex 64.4699 -27.42 1.5
      vertex 56.75 -22.92 1.5
      vertex 64.1806 -28.0066 1.5
    endloop
  endfacet
  facet normal 0 0 1
    outer loop
      vertex 64.8332 -26.8762 1.5
      vertex 56.75 -22.92 1.5
      vertex 64.4699 -27.42 1.5
    endloop
  endfacet
  facet normal 0 0 1
    outer loop
      vertex 65.2645 -26.3845 1.5
      vertex 56.75 -22.92 1.5
      vertex 64.8332 -26.8762 1.5
    endloop
  endfacet
  facet normal -0 0 1
    outer loop
      vertex 56.75 -22.92 1.5
      vertex 65.2645 -26.3845 1.5
      vertex 61.8 -17.87 1.5
    endloop
  endfacet
  facet normal 0 0 1
    outer loop
      vertex 65.7562 -25.9532 1.5
      vertex 61.8 -17.87 1.5
      vertex 65.2645 -26.3845 1.5
    endloop
  endfacet
  facet normal 0 0 1
    outer loop
      vertex 66.3 -25.5899 1.5
      vertex 61.8 -17.87 1.5
      vertex 65.7562 -25.9532 1.5
    endloop
  endfacet
  facet normal 0 0 1
    outer loop
      vertex 80.5 45.625 1.5
      vertex 84.5 41.625 1.5
      vertex 84.4658 42.1471 1.5
    endloop
  endfacet
  facet normal 0 0 1
    outer loop
      vertex 77.5897 37.3734 1.5
      vertex 84.5 41.625 1.5
      vertex 77.6 37.53 1.5
    endloop
  endfacet
  facet normal 0 0 1
    outer loop
      vertex 80.5 45.625 1.5
      vertex 84.4658 42.1471 1.5
      vertex 84.3637 42.6603 1.5
    endloop
  endfacet
  facet normal 0 0 1
    outer loop
      vertex 75.8 15.18 1.5
      vertex 84.5 41.625 1.5
      vertex 77.5897 37.3734 1.5
    endloop
  endfacet
  facet normal 0 0 1
    outer loop
      vertex 80.5 45.625 1.5
      vertex 84.3637 42.6603 1.5
      vertex 84.1955 43.1557 1.5
    endloop
  endfacet
  facet normal -0 0 1
    outer loop
      vertex 77.5897 -37.6766 1.5
      vertex 84.5 -41.625 1.5
      vertex 77.6 -37.52 1.5
    endloop
  endfacet
  facet normal 0 0 1
    outer loop
      vertex 80.5 45.625 1.5
      vertex 84.1955 43.1557 1.5
      vertex 83.9641 43.625 1.5
    endloop
  endfacet
  facet normal -0 0 1
    outer loop
      vertex 77.5591 -37.8306 1.5
      vertex 84.5 -41.625 1.5
      vertex 77.5897 -37.6766 1.5
    endloop
  endfacet
  facet normal 0 0 1
    outer loop
      vertex 80.5 45.625 1.5
      vertex 83.9641 43.625 1.5
      vertex 83.6734 44.06 1.5
    endloop
  endfacet
  facet normal -0 0 1
    outer loop
      vertex 77.5087 -37.9792 1.5
      vertex 84.5 -41.625 1.5
      vertex 77.5591 -37.8306 1.5
    endloop
  endfacet
  facet normal 0 0 1
    outer loop
      vertex 80.5 45.625 1.5
      vertex 83.6734 44.06 1.5
      vertex 83.3284 44.4534 1.5
    endloop
  endfacet
  facet normal -0 0 1
    outer loop
      vertex 77.4392 -38.12 1.5
      vertex 84.5 -41.625 1.5
      vertex 77.5087 -37.9792 1.5
    endloop
  endfacet
  facet normal 0 0 1
    outer loop
      vertex 80.5 45.625 1.5
      vertex 83.3284 44.4534 1.5
      vertex 82.935 44.7984 1.5
    endloop
  endfacet
  facet normal -0 0 1
    outer loop
      vertex 77.352 -38.2505 1.5
      vertex 84.5 -41.625 1.5
      vertex 77.4392 -38.12 1.5
    endloop
  endfacet
  facet normal 0 0 1
    outer loop
      vertex 80.5 45.625 1.5
      vertex 82.935 44.7984 1.5
      vertex 82.5 45.0891 1.5
    endloop
  endfacet
  facet normal -0 0 1
    outer loop
      vertex 77.2485 -38.3685 1.5
      vertex 84.5 -41.625 1.5
      vertex 77.352 -38.2505 1.5
    endloop
  endfacet
  facet normal 0 0 1
    outer loop
      vertex 80.5 45.625 1.5
      vertex 82.5 45.0891 1.5
      vertex 82.0307 45.3205 1.5
    endloop
  endfacet
  facet normal 0 -0 1
    outer loop
      vertex 80.5 -45.625 1.5
      vertex 84.5 -41.625 1.5
      vertex 77.2485 -38.3685 1.5
    endloop
  endfacet
  facet normal 0 0 1
    outer loop
      vertex 80.5 45.625 1.5
      vertex 82.0307 45.3205 1.5
      vertex 81.5353 45.4887 1.5
    endloop
  endfacet
  facet normal 0 0 1
    outer loop
      vertex 84.5 -41.625 1.5
      vertex 80.5 -45.625 1.5
      vertex 84.4658 -42.1471 1.5
    endloop
  endfacet
  facet normal 0 0 1
    outer loop
      vertex 80.5 45.625 1.5
      vertex 81.5353 45.4887 1.5
      vertex 81.0221 45.5908 1.5
    endloop
  endfacet
  facet normal 0 0 1
    outer loop
      vertex 84.4658 -42.1471 1.5
      vertex 80.5 -45.625 1.5
      vertex 84.3637 -42.6603 1.5
    endloop
  endfacet
  facet normal 0 0 1
    outer loop
      vertex 84.5 41.625 1.5
      vertex 80.5 45.625 1.5
      vertex 77.2485 38.3785 1.5
    endloop
  endfacet
  facet normal 0 0 1
    outer loop
      vertex 84.3637 -42.6603 1.5
      vertex 80.5 -45.625 1.5
      vertex 84.1955 -43.1557 1.5
    endloop
  endfacet
  facet normal 0 0 1
    outer loop
      vertex 84.1955 -43.1557 1.5
      vertex 80.5 -45.625 1.5
      vertex 83.9641 -43.625 1.5
    endloop
  endfacet
  facet normal 0 0 1
    outer loop
      vertex 84.5 41.625 1.5
      vertex 77.5897 37.6866 1.5
      vertex 77.6 37.53 1.5
    endloop
  endfacet
  facet normal 0 0 1
    outer loop
      vertex 84.5 41.625 1.5
      vertex 77.5591 37.8406 1.5
      vertex 77.5897 37.6866 1.5
    endloop
  endfacet
  facet normal 0 0 1
    outer loop
      vertex 84.5 41.625 1.5
      vertex 77.5087 37.9892 1.5
      vertex 77.5591 37.8406 1.5
    endloop
  endfacet
  facet normal 0 0 1
    outer loop
      vertex 84.5 41.625 1.5
      vertex 77.4392 38.13 1.5
      vertex 77.5087 37.9892 1.5
    endloop
  endfacet
  facet normal 0 0 1
    outer loop
      vertex 84.5 41.625 1.5
      vertex 77.352 38.2605 1.5
      vertex 77.4392 38.13 1.5
    endloop
  endfacet
  facet normal 0 0 1
    outer loop
      vertex 84.5 41.625 1.5
      vertex 77.2485 38.3785 1.5
      vertex 77.352 38.2605 1.5
    endloop
  endfacet
  facet normal 0 0 1
    outer loop
      vertex 80.5 45.625 1.5
      vertex 77.1305 38.482 1.5
      vertex 77.2485 38.3785 1.5
    endloop
  endfacet
  facet normal 0 0 1
    outer loop
      vertex 80.5 45.625 1.5
      vertex 77 38.5692 1.5
      vertex 77.1305 38.482 1.5
    endloop
  endfacet
  facet normal 0 0 1
    outer loop
      vertex 80.5 45.625 1.5
      vertex 76.8592 38.6387 1.5
      vertex 77 38.5692 1.5
    endloop
  endfacet
  facet normal 0 0 1
    outer loop
      vertex 80.5 45.625 1.5
      vertex 76.7106 38.6891 1.5
      vertex 76.8592 38.6387 1.5
    endloop
  endfacet
  facet normal 0 0 1
    outer loop
      vertex 80.5 45.625 1.5
      vertex 76.5566 38.7197 1.5
      vertex 76.7106 38.6891 1.5
    endloop
  endfacet
  facet normal 0 0 1
    outer loop
      vertex 80.5 45.625 1.5
      vertex 76.4 38.73 1.5
      vertex 76.5566 38.7197 1.5
    endloop
  endfacet
  facet normal 0 0 1
    outer loop
      vertex 80.5 45.625 1.5
      vertex 76.2434 38.7197 1.5
      vertex 76.4 38.73 1.5
    endloop
  endfacet
  facet normal 0 0 1
    outer loop
      vertex 80.5 45.625 1.5
      vertex 76.0894 38.6891 1.5
      vertex 76.2434 38.7197 1.5
    endloop
  endfacet
  facet normal 0 0 1
    outer loop
      vertex 80.5 45.625 1.5
      vertex 75.9408 38.6387 1.5
      vertex 76.0894 38.6891 1.5
    endloop
  endfacet
  facet normal 0 0 1
    outer loop
      vertex 80.5 45.625 1.5
      vertex 75.8 38.5692 1.5
      vertex 75.9408 38.6387 1.5
    endloop
  endfacet
  facet normal 0 0 1
    outer loop
      vertex 80.5 45.625 1.5
      vertex 75.6695 38.482 1.5
      vertex 75.8 38.5692 1.5
    endloop
  endfacet
  facet normal 0 0 1
    outer loop
      vertex 80.5 45.625 1.5
      vertex 75.5515 38.3785 1.5
      vertex 75.6695 38.482 1.5
    endloop
  endfacet
  facet normal -0 0 1
    outer loop
      vertex 34.2141 43.625 1.5
      vertex 75.5515 38.3785 1.5
      vertex 80.5 45.625 1.5
    endloop
  endfacet
  facet normal 0 0 1
    outer loop
      vertex 34.75 41.625 1.5
      vertex 75.2 37.53 1.5
      vertex 75.2103 37.6866 1.5
    endloop
  endfacet
  facet normal 0 0 1
    outer loop
      vertex 34.75 41.625 1.5
      vertex 75.2103 37.6866 1.5
      vertex 75.2409 37.8406 1.5
    endloop
  endfacet
  facet normal 0 0 1
    outer loop
      vertex 34.7158 42.1471 1.5
      vertex 75.2409 37.8406 1.5
      vertex 75.2913 37.9892 1.5
    endloop
  endfacet
  facet normal 0 0 1
    outer loop
      vertex 34.6137 42.6603 1.5
      vertex 75.2913 37.9892 1.5
      vertex 75.3608 38.13 1.5
    endloop
  endfacet
  facet normal 0 0 1
    outer loop
      vertex 56.75 1.18 1.5
      vertex 61.8 1.18 1.5
      vertex 61.8 15.18 1.5
    endloop
  endfacet
  facet normal 0 0 1
    outer loop
      vertex 61.8 1.18 1.5
      vertex 56.75 1.18 1.5
      vertex 61.8 -3.87 1.5
    endloop
  endfacet
  facet normal 0 0 1
    outer loop
      vertex 56.75 1.18 1.5
      vertex 61.8 15.18 1.5
      vertex 56.75 15.18 1.5
    endloop
  endfacet
  facet normal 0 0 1
    outer loop
      vertex 75.2409 37.2194 1.5
      vertex 56.75 15.18 1.5
      vertex 61.8 15.18 1.5
    endloop
  endfacet
  facet normal 0 0 1
    outer loop
      vertex 34.4455 43.1557 1.5
      vertex 75.3608 38.13 1.5
      vertex 75.448 38.2605 1.5
    endloop
  endfacet
  facet normal 0 0 1
    outer loop
      vertex 75.5515 38.3785 1.5
      vertex 34.2141 43.625 1.5
      vertex 75.448 38.2605 1.5
    endloop
  endfacet
  facet normal 0 0 1
    outer loop
      vertex 75.2103 37.3734 1.5
      vertex 34.75 41.625 1.5
      vertex 56.75 15.18 1.5
    endloop
  endfacet
  facet normal 0 0 1
    outer loop
      vertex 37.7 1.18 1.5
      vertex 42.75 1.18 1.5
      vertex 42.75 15.18 1.5
    endloop
  endfacet
  facet normal 0 0 1
    outer loop
      vertex 42.75 1.18 1.5
      vertex 37.7 1.18 1.5
      vertex 42.75 -3.87 1.5
    endloop
  endfacet
  facet normal 0 0 1
    outer loop
      vertex 42.75 -3.87 1.5
      vertex 37.7 -3.87 1.5
      vertex 42.75 -17.87 1.5
    endloop
  endfacet
  facet normal 0 0 1
    outer loop
      vertex 37.7 -17.87 1.5
      vertex 42.75 -17.87 1.5
      vertex 37.7 -3.87 1.5
    endloop
  endfacet
  facet normal 0 0 1
    outer loop
      vertex 37.7 1.18 1.5
      vertex 42.75 15.18 1.5
      vertex 37.7 15.18 1.5
    endloop
  endfacet
  facet normal 0 0 1
    outer loop
      vertex 56.75 15.18 1.5
      vertex 34.75 41.625 1.5
      vertex 42.75 15.18 1.5
    endloop
  endfacet
  facet normal 0 0 1
    outer loop
      vertex 42.75 15.18 1.5
      vertex 34.75 41.625 1.5
      vertex 37.7 15.18 1.5
    endloop
  endfacet
  facet normal 0 0 1
    outer loop
      vertex 75.2409 37.8406 1.5
      vertex 34.7158 42.1471 1.5
      vertex 34.75 41.625 1.5
    endloop
  endfacet
  facet normal 0 0 1
    outer loop
      vertex 75.2913 37.9892 1.5
      vertex 34.6137 42.6603 1.5
      vertex 34.7158 42.1471 1.5
    endloop
  endfacet
  facet normal 0 0 1
    outer loop
      vertex 75.3608 38.13 1.5
      vertex 34.4455 43.1557 1.5
      vertex 34.6137 42.6603 1.5
    endloop
  endfacet
  facet normal 0 0 1
    outer loop
      vertex 75.448 38.2605 1.5
      vertex 34.2141 43.625 1.5
      vertex 34.4455 43.1557 1.5
    endloop
  endfacet
  facet normal 0 0 1
    outer loop
      vertex 80.5 45.625 1.5
      vertex 33.9234 44.06 1.5
      vertex 34.2141 43.625 1.5
    endloop
  endfacet
  facet normal 0 0 1
    outer loop
      vertex 80.5 45.625 1.5
      vertex 33.5784 44.4534 1.5
      vertex 33.9234 44.06 1.5
    endloop
  endfacet
  facet normal 0 0 1
    outer loop
      vertex 80.5 45.625 1.5
      vertex 33.185 44.7984 1.5
      vertex 33.5784 44.4534 1.5
    endloop
  endfacet
  facet normal 0 0 1
    outer loop
      vertex 80.5 45.625 1.5
      vertex 32.75 45.0891 1.5
      vertex 33.185 44.7984 1.5
    endloop
  endfacet
  facet normal 0 0 1
    outer loop
      vertex 80.5 45.625 1.5
      vertex 32.2807 45.3205 1.5
      vertex 32.75 45.0891 1.5
    endloop
  endfacet
  facet normal 0 0 1
    outer loop
      vertex 80.5 45.625 1.5
      vertex 31.7853 45.4887 1.5
      vertex 32.2807 45.3205 1.5
    endloop
  endfacet
  facet normal 0 0 1
    outer loop
      vertex 80.5 45.625 1.5
      vertex 31.2721 45.5908 1.5
      vertex 31.7853 45.4887 1.5
    endloop
  endfacet
  facet normal 0 -0 1
    outer loop
      vertex 31.2721 45.5908 1.5
      vertex 80.5 45.625 1.5
      vertex 30.75 45.625 1.5
    endloop
  endfacet
  facet normal 0 0 1
    outer loop
      vertex 83.9641 -43.625 1.5
      vertex 80.5 -45.625 1.5
      vertex 83.6734 -44.06 1.5
    endloop
  endfacet
  facet normal 0 0 1
    outer loop
      vertex 83.6734 -44.06 1.5
      vertex 80.5 -45.625 1.5
      vertex 83.3284 -44.4534 1.5
    endloop
  endfacet
  facet normal 0 0 1
    outer loop
      vertex 83.3284 -44.4534 1.5
      vertex 80.5 -45.625 1.5
      vertex 82.935 -44.7984 1.5
    endloop
  endfacet
  facet normal 0 0 1
    outer loop
      vertex 82.935 -44.7984 1.5
      vertex 80.5 -45.625 1.5
      vertex 82.5 -45.0891 1.5
    endloop
  endfacet
  facet normal 0 0 1
    outer loop
      vertex 82.5 -45.0891 1.5
      vertex 80.5 -45.625 1.5
      vertex 82.0307 -45.3205 1.5
    endloop
  endfacet
  facet normal 0 0 1
    outer loop
      vertex 82.0307 -45.3205 1.5
      vertex 80.5 -45.625 1.5
      vertex 81.5353 -45.4887 1.5
    endloop
  endfacet
  facet normal 0 0 1
    outer loop
      vertex 81.5353 -45.4887 1.5
      vertex 80.5 -45.625 1.5
      vertex 81.0221 -45.5908 1.5
    endloop
  endfacet
  facet normal -0 0 1
    outer loop
      vertex 77.1305 -38.472 1.5
      vertex 80.5 -45.625 1.5
      vertex 77.2485 -38.3685 1.5
    endloop
  endfacet
  facet normal -0 0 1
    outer loop
      vertex 77 -38.5592 1.5
      vertex 80.5 -45.625 1.5
      vertex 77.1305 -38.472 1.5
    endloop
  endfacet
  facet normal -0 0 1
    outer loop
      vertex 76.8592 -38.6287 1.5
      vertex 80.5 -45.625 1.5
      vertex 77 -38.5592 1.5
    endloop
  endfacet
  facet normal -0 0 1
    outer loop
      vertex 76.7106 -38.6791 1.5
      vertex 80.5 -45.625 1.5
      vertex 76.8592 -38.6287 1.5
    endloop
  endfacet
  facet normal -0 0 1
    outer loop
      vertex 76.5566 -38.7097 1.5
      vertex 80.5 -45.625 1.5
      vertex 76.7106 -38.6791 1.5
    endloop
  endfacet
  facet normal -0 0 1
    outer loop
      vertex 76.4 -38.72 1.5
      vertex 80.5 -45.625 1.5
      vertex 76.5566 -38.7097 1.5
    endloop
  endfacet
  facet normal 0 0 1
    outer loop
      vertex 76.2434 -38.7097 1.5
      vertex 80.5 -45.625 1.5
      vertex 76.4 -38.72 1.5
    endloop
  endfacet
  facet normal 0 0 1
    outer loop
      vertex 76.0894 -38.6791 1.5
      vertex 80.5 -45.625 1.5
      vertex 76.2434 -38.7097 1.5
    endloop
  endfacet
  facet normal 0 0 1
    outer loop
      vertex 75.9408 -38.6287 1.5
      vertex 80.5 -45.625 1.5
      vertex 76.0894 -38.6791 1.5
    endloop
  endfacet
  facet normal 0 0 1
    outer loop
      vertex 75.8 -38.5592 1.5
      vertex 80.5 -45.625 1.5
      vertex 75.9408 -38.6287 1.5
    endloop
  endfacet
  facet normal 0 0 1
    outer loop
      vertex 75.6695 -38.472 1.5
      vertex 80.5 -45.625 1.5
      vertex 75.8 -38.5592 1.5
    endloop
  endfacet
  facet normal 0 0 1
    outer loop
      vertex 68.1474 -34.8772 1.5
      vertex 75.6695 -38.472 1.5
      vertex 75.5515 -38.3685 1.5
    endloop
  endfacet
  facet normal 0 0 1
    outer loop
      vertex 68.8 -34.92 1.5
      vertex 75.5515 -38.3685 1.5
      vertex 75.448 -38.2505 1.5
    endloop
  endfacet
  facet normal 0 0 1
    outer loop
      vertex 75.5515 -36.6715 1.5
      vertex 72.3355 -33.4555 1.5
      vertex 75.448 -36.7895 1.5
    endloop
  endfacet
  facet normal -0 0 1
    outer loop
      vertex 71.8438 -33.8868 1.5
      vertex 75.448 -36.7895 1.5
      vertex 72.3355 -33.4555 1.5
    endloop
  endfacet
  facet normal 0 0 1
    outer loop
      vertex 75.448 -36.7895 1.5
      vertex 71.8438 -33.8868 1.5
      vertex 75.3608 -36.92 1.5
    endloop
  endfacet
  facet normal 0 0 1
    outer loop
      vertex 75.3608 -36.92 1.5
      vertex 71.8438 -33.8868 1.5
      vertex 75.2913 -37.0608 1.5
    endloop
  endfacet
  facet normal -0 0 1
    outer loop
      vertex 71.3 -34.2501 1.5
      vertex 75.2913 -37.0608 1.5
      vertex 71.8438 -33.8868 1.5
    endloop
  endfacet
  facet normal 0 0 1
    outer loop
      vertex 75.2913 -37.0608 1.5
      vertex 71.3 -34.2501 1.5
      vertex 75.2409 -37.2094 1.5
    endloop
  endfacet
  facet normal 0 0 1
    outer loop
      vertex 75.2409 -37.2094 1.5
      vertex 71.3 -34.2501 1.5
      vertex 75.2103 -37.3634 1.5
    endloop
  endfacet
  facet normal -0 0 1
    outer loop
      vertex 70.7134 -34.5394 1.5
      vertex 75.2103 -37.3634 1.5
      vertex 71.3 -34.2501 1.5
    endloop
  endfacet
  facet normal 0 0 1
    outer loop
      vertex 75.2103 -37.3634 1.5
      vertex 70.7134 -34.5394 1.5
      vertex 75.2 -37.52 1.5
    endloop
  endfacet
  facet normal 0 0 1
    outer loop
      vertex 75.2 -37.52 1.5
      vertex 70.7134 -34.5394 1.5
      vertex 75.2103 -37.6766 1.5
    endloop
  endfacet
  facet normal -0 0 1
    outer loop
      vertex 70.0941 -34.7496 1.5
      vertex 75.2103 -37.6766 1.5
      vertex 70.7134 -34.5394 1.5
    endloop
  endfacet
  facet normal 0 0 1
    outer loop
      vertex 75.2103 -37.6766 1.5
      vertex 70.0941 -34.7496 1.5
      vertex 75.2409 -37.8306 1.5
    endloop
  endfacet
  facet normal 0 0 1
    outer loop
      vertex 75.2409 -37.8306 1.5
      vertex 70.0941 -34.7496 1.5
      vertex 75.2913 -37.9792 1.5
    endloop
  endfacet
  facet normal -0 0 1
    outer loop
      vertex 69.4526 -34.8772 1.5
      vertex 75.2913 -37.9792 1.5
      vertex 70.0941 -34.7496 1.5
    endloop
  endfacet
  facet normal 0 0 1
    outer loop
      vertex 75.2913 -37.9792 1.5
      vertex 69.4526 -34.8772 1.5
      vertex 75.3608 -38.12 1.5
    endloop
  endfacet
  facet normal -0 0 1
    outer loop
      vertex 68.8 -34.92 1.5
      vertex 75.3608 -38.12 1.5
      vertex 69.4526 -34.8772 1.5
    endloop
  endfacet
  facet normal 0 0 1
    outer loop
      vertex 75.3608 -38.12 1.5
      vertex 68.8 -34.92 1.5
      vertex 75.448 -38.2505 1.5
    endloop
  endfacet
  facet normal 0 0 1
    outer loop
      vertex 75.5515 -38.3685 1.5
      vertex 68.8 -34.92 1.5
      vertex 68.1474 -34.8772 1.5
    endloop
  endfacet
  facet normal 0 0 1
    outer loop
      vertex 75.6695 -38.472 1.5
      vertex 68.1474 -34.8772 1.5
      vertex 80.5 -45.625 1.5
    endloop
  endfacet
  facet normal 0 0 1
    outer loop
      vertex 56.75 -36.92 1.5
      vertex 68.1474 -34.8772 1.5
      vertex 67.5059 -34.7496 1.5
    endloop
  endfacet
  facet normal 0 0 1
    outer loop
      vertex 56.75 -36.92 1.5
      vertex 67.5059 -34.7496 1.5
      vertex 66.8866 -34.5394 1.5
    endloop
  endfacet
  facet normal 0 0 1
    outer loop
      vertex 56.75 -36.92 1.5
      vertex 66.8866 -34.5394 1.5
      vertex 66.3 -34.2501 1.5
    endloop
  endfacet
  facet normal 0 0 1
    outer loop
      vertex 56.75 -36.92 1.5
      vertex 66.3 -34.2501 1.5
      vertex 65.7562 -33.8868 1.5
    endloop
  endfacet
  facet normal 0 0 1
    outer loop
      vertex 63.8428 -29.2674 1.5
      vertex 56.75 -22.92 1.5
      vertex 63.8 -29.92 1.5
    endloop
  endfacet
  facet normal 0 0 1
    outer loop
      vertex 56.75 -3.87 1.5
      vertex 61.8 -3.87 1.5
      vertex 56.75 1.18 1.5
    endloop
  endfacet
  facet normal 0 0 1
    outer loop
      vertex 61.8 -3.87 1.5
      vertex 56.75 -3.87 1.5
      vertex 61.8 -17.87 1.5
    endloop
  endfacet
  facet normal 0 0 1
    outer loop
      vertex 56.75 -17.87 1.5
      vertex 61.8 -17.87 1.5
      vertex 56.75 -3.87 1.5
    endloop
  endfacet
  facet normal 0 0 1
    outer loop
      vertex 56.75 -22.92 1.5
      vertex 61.8 -17.87 1.5
      vertex 56.75 -17.87 1.5
    endloop
  endfacet
  facet normal 0 0 1
    outer loop
      vertex 56.75 -36.92 1.5
      vertex 63.8 -29.92 1.5
      vertex 56.75 -22.92 1.5
    endloop
  endfacet
  facet normal 0 0 1
    outer loop
      vertex 63.8 -29.92 1.5
      vertex 56.75 -36.92 1.5
      vertex 63.8428 -30.5726 1.5
    endloop
  endfacet
  facet normal 0 0 1
    outer loop
      vertex 63.8428 -30.5726 1.5
      vertex 56.75 -36.92 1.5
      vertex 63.9704 -31.2141 1.5
    endloop
  endfacet
  facet normal 0 0 1
    outer loop
      vertex 63.9704 -31.2141 1.5
      vertex 56.75 -36.92 1.5
      vertex 64.1806 -31.8334 1.5
    endloop
  endfacet
  facet normal 0 0 1
    outer loop
      vertex 64.1806 -31.8334 1.5
      vertex 56.75 -36.92 1.5
      vertex 64.4699 -32.42 1.5
    endloop
  endfacet
  facet normal 0 0 1
    outer loop
      vertex 64.4699 -32.42 1.5
      vertex 56.75 -36.92 1.5
      vertex 64.8332 -32.9638 1.5
    endloop
  endfacet
  facet normal 0 0 1
    outer loop
      vertex 56.75 -36.92 1.5
      vertex 65.2645 -33.4555 1.5
      vertex 64.8332 -32.9638 1.5
    endloop
  endfacet
  facet normal 0 0 1
    outer loop
      vertex 56.75 -36.92 1.5
      vertex 65.7562 -33.8868 1.5
      vertex 65.2645 -33.4555 1.5
    endloop
  endfacet
  facet normal 0 0 1
    outer loop
      vertex 68.1474 -34.8772 1.5
      vertex 56.75 -36.92 1.5
      vertex 80.5 -45.625 1.5
    endloop
  endfacet
  facet normal 0 0 1
    outer loop
      vertex 33.9234 -44.06 1.5
      vertex 56.75 -36.92 1.5
      vertex 42.75 -36.92 1.5
    endloop
  endfacet
  facet normal 0 0 1
    outer loop
      vertex 42.75 -3.87 1.5
      vertex 37.7 1.18 1.5
      vertex 37.7 -3.87 1.5
    endloop
  endfacet
  facet normal 0 0 1
    outer loop
      vertex 42.75 -17.87 1.5
      vertex 37.7 -17.87 1.5
      vertex 42.75 -22.92 1.5
    endloop
  endfacet
  facet normal 0 0 1
    outer loop
      vertex 37.7 -22.92 1.5
      vertex 42.75 -22.92 1.5
      vertex 37.7 -17.87 1.5
    endloop
  endfacet
  facet normal 0 0 1
    outer loop
      vertex 42.75 -22.92 1.5
      vertex 37.7 -22.92 1.5
      vertex 42.75 -36.92 1.5
    endloop
  endfacet
  facet normal 0 0 1
    outer loop
      vertex 37.7 -36.92 1.5
      vertex 42.75 -36.92 1.5
      vertex 37.7 -22.92 1.5
    endloop
  endfacet
  facet normal 0 0 1
    outer loop
      vertex 34.75 -41.625 1.5
      vertex 42.75 -36.92 1.5
      vertex 37.7 -36.92 1.5
    endloop
  endfacet
  facet normal 0 0 1
    outer loop
      vertex 34.75 -41.625 1.5
      vertex 37.7 -36.92 1.5
      vertex 34.75 -36.92 1.5
    endloop
  endfacet
  facet normal 0 0 1
    outer loop
      vertex 42.75 -36.92 1.5
      vertex 34.75 -41.625 1.5
      vertex 34.7158 -42.1471 1.5
    endloop
  endfacet
  facet normal 0 0 1
    outer loop
      vertex 42.75 -36.92 1.5
      vertex 34.7158 -42.1471 1.5
      vertex 34.6137 -42.6603 1.5
    endloop
  endfacet
  facet normal 0 0 1
    outer loop
      vertex 42.75 -36.92 1.5
      vertex 34.6137 -42.6603 1.5
      vertex 34.4455 -43.1557 1.5
    endloop
  endfacet
  facet normal 0 0 1
    outer loop
      vertex 34.2141 -43.625 1.5
      vertex 42.75 -36.92 1.5
      vertex 34.4455 -43.1557 1.5
    endloop
  endfacet
  facet normal 0 0 1
    outer loop
      vertex 33.9234 -44.06 1.5
      vertex 42.75 -36.92 1.5
      vertex 34.2141 -43.625 1.5
    endloop
  endfacet
  facet normal 0 0 1
    outer loop
      vertex 33.5784 -44.4534 1.5
      vertex 56.75 -36.92 1.5
      vertex 33.9234 -44.06 1.5
    endloop
  endfacet
  facet normal 0 0 1
    outer loop
      vertex 33.185 -44.7984 1.5
      vertex 56.75 -36.92 1.5
      vertex 33.5784 -44.4534 1.5
    endloop
  endfacet
  facet normal 0 0 1
    outer loop
      vertex 56.75 -36.92 1.5
      vertex 33.185 -44.7984 1.5
      vertex 80.5 -45.625 1.5
    endloop
  endfacet
  facet normal -0 0 1
    outer loop
      vertex 32.75 -45.0891 1.5
      vertex 80.5 -45.625 1.5
      vertex 33.185 -44.7984 1.5
    endloop
  endfacet
  facet normal -0 0 1
    outer loop
      vertex 32.2807 -45.3205 1.5
      vertex 80.5 -45.625 1.5
      vertex 32.75 -45.0891 1.5
    endloop
  endfacet
  facet normal -0 0 1
    outer loop
      vertex 31.7853 -45.4887 1.5
      vertex 80.5 -45.625 1.5
      vertex 32.2807 -45.3205 1.5
    endloop
  endfacet
  facet normal -0 0 1
    outer loop
      vertex 31.2721 -45.5908 1.5
      vertex 80.5 -45.625 1.5
      vertex 31.7853 -45.4887 1.5
    endloop
  endfacet
  facet normal 0 0 1
    outer loop
      vertex 80.5 -45.625 1.5
      vertex 31.2721 -45.5908 1.5
      vertex 30.75 -45.625 1.5
    endloop
  endfacet
  facet normal 0.0653646 0.997861 -0
    outer loop
      vertex 81.0221 45.5908 0
      vertex 80.5 45.625 1.5
      vertex 81.0221 45.5908 1.5
    endloop
  endfacet
  facet normal 0.0653646 0.997861 0
    outer loop
      vertex 80.5 45.625 1.5
      vertex 81.0221 45.5908 0
      vertex 80.5 45.625 0
    endloop
  endfacet
  facet normal 0.997861 -0.0653646 0
    outer loop
      vertex 84.4658 -42.1471 1.5
      vertex 84.5 -41.625 0
      vertex 84.5 -41.625 1.5
    endloop
  endfacet
  facet normal 0.997861 -0.0653646 0
    outer loop
      vertex 84.5 -41.625 0
      vertex 84.4658 -42.1471 1.5
      vertex 84.4658 -42.1471 0
    endloop
  endfacet
  facet normal 1 -0 0
    outer loop
      vertex 84.5 -41.625 1.5
      vertex 84.5 41.625 0
      vertex 84.5 41.625 1.5
    endloop
  endfacet
  facet normal 1 0 0
    outer loop
      vertex 84.5 41.625 0
      vertex 84.5 -41.625 1.5
      vertex 84.5 -41.625 0
    endloop
  endfacet
  facet normal 0.659343 0.751842 -0
    outer loop
      vertex 83.3284 44.4534 0
      vertex 82.935 44.7984 1.5
      vertex 83.3284 44.4534 1.5
    endloop
  endfacet
  facet normal 0.659343 0.751842 0
    outer loop
      vertex 82.935 44.7984 1.5
      vertex 83.3284 44.4534 0
      vertex 82.935 44.7984 0
    endloop
  endfacet
  facet normal 0.831432 -0.555626 0
    outer loop
      vertex 83.6734 -44.06 1.5
      vertex 83.9641 -43.625 0
      vertex 83.9641 -43.625 1.5
    endloop
  endfacet
  facet normal 0.831432 -0.555626 0
    outer loop
      vertex 83.9641 -43.625 0
      vertex 83.6734 -44.06 1.5
      vertex 83.6734 -44.06 0
    endloop
  endfacet
  facet normal 0.896898 0.442238 0
    outer loop
      vertex 84.1955 43.1557 1.5
      vertex 83.9641 43.625 0
      vertex 83.9641 43.625 1.5
    endloop
  endfacet
  facet normal 0.896898 0.442238 0
    outer loop
      vertex 83.9641 43.625 0
      vertex 84.1955 43.1557 1.5
      vertex 84.1955 43.1557 0
    endloop
  endfacet
  facet normal 0.831432 0.555626 0
    outer loop
      vertex 83.9641 43.625 1.5
      vertex 83.6734 44.06 0
      vertex 83.6734 44.06 1.5
    endloop
  endfacet
  facet normal 0.831432 0.555626 0
    outer loop
      vertex 83.6734 44.06 0
      vertex 83.9641 43.625 1.5
      vertex 83.9641 43.625 0
    endloop
  endfacet
  facet normal 0.442238 0.896898 -0
    outer loop
      vertex 82.5 45.0891 0
      vertex 82.0307 45.3205 1.5
      vertex 82.5 45.0891 1.5
    endloop
  endfacet
  facet normal 0.442238 0.896898 0
    outer loop
      vertex 82.0307 45.3205 1.5
      vertex 82.5 45.0891 0
      vertex 82.0307 45.3205 0
    endloop
  endfacet
  facet normal 0.555626 0.831432 -0
    outer loop
      vertex 82.935 44.7984 0
      vertex 82.5 45.0891 1.5
      vertex 82.935 44.7984 1.5
    endloop
  endfacet
  facet normal 0.555626 0.831432 0
    outer loop
      vertex 82.5 45.0891 1.5
      vertex 82.935 44.7984 0
      vertex 82.5 45.0891 0
    endloop
  endfacet
  facet normal 0.896898 -0.442238 0
    outer loop
      vertex 83.9641 -43.625 1.5
      vertex 84.1955 -43.1557 0
      vertex 84.1955 -43.1557 1.5
    endloop
  endfacet
  facet normal 0.896898 -0.442238 0
    outer loop
      vertex 84.1955 -43.1557 0
      vertex 83.9641 -43.625 1.5
      vertex 83.9641 -43.625 0
    endloop
  endfacet
  facet normal 0.94691 -0.321498 0
    outer loop
      vertex 84.1955 -43.1557 1.5
      vertex 84.3637 -42.6603 0
      vertex 84.3637 -42.6603 1.5
    endloop
  endfacet
  facet normal 0.94691 -0.321498 0
    outer loop
      vertex 84.3637 -42.6603 0
      vertex 84.1955 -43.1557 1.5
      vertex 84.1955 -43.1557 0
    endloop
  endfacet
  facet normal 0.442238 -0.896898 0
    outer loop
      vertex 82.0307 -45.3205 0
      vertex 82.5 -45.0891 1.5
      vertex 82.0307 -45.3205 1.5
    endloop
  endfacet
  facet normal 0.442238 -0.896898 0
    outer loop
      vertex 82.5 -45.0891 1.5
      vertex 82.0307 -45.3205 0
      vertex 82.5 -45.0891 0
    endloop
  endfacet
  facet normal 0.555626 -0.831432 0
    outer loop
      vertex 82.5 -45.0891 0
      vertex 82.935 -44.7984 1.5
      vertex 82.5 -45.0891 1.5
    endloop
  endfacet
  facet normal 0.555626 -0.831432 0
    outer loop
      vertex 82.935 -44.7984 1.5
      vertex 82.5 -45.0891 0
      vertex 82.935 -44.7984 0
    endloop
  endfacet
  facet normal 0.94691 0.321498 0
    outer loop
      vertex 84.3637 42.6603 1.5
      vertex 84.1955 43.1557 0
      vertex 84.1955 43.1557 1.5
    endloop
  endfacet
  facet normal 0.94691 0.321498 0
    outer loop
      vertex 84.1955 43.1557 0
      vertex 84.3637 42.6603 1.5
      vertex 84.3637 42.6603 0
    endloop
  endfacet
  facet normal 0.980779 0.195124 0
    outer loop
      vertex 84.4658 42.1471 1.5
      vertex 84.3637 42.6603 0
      vertex 84.3637 42.6603 1.5
    endloop
  endfacet
  facet normal 0.980779 0.195124 0
    outer loop
      vertex 84.3637 42.6603 0
      vertex 84.4658 42.1471 1.5
      vertex 84.4658 42.1471 0
    endloop
  endfacet
  facet normal 0.751842 0.659343 0
    outer loop
      vertex 83.6734 44.06 1.5
      vertex 83.3284 44.4534 0
      vertex 83.3284 44.4534 1.5
    endloop
  endfacet
  facet normal 0.751842 0.659343 0
    outer loop
      vertex 83.3284 44.4534 0
      vertex 83.6734 44.06 1.5
      vertex 83.6734 44.06 0
    endloop
  endfacet
  facet normal 0.321498 0.94691 -0
    outer loop
      vertex 82.0307 45.3205 0
      vertex 81.5353 45.4887 1.5
      vertex 82.0307 45.3205 1.5
    endloop
  endfacet
  facet normal 0.321498 0.94691 0
    outer loop
      vertex 81.5353 45.4887 1.5
      vertex 82.0307 45.3205 0
      vertex 81.5353 45.4887 0
    endloop
  endfacet
  facet normal 0.195124 0.980779 -0
    outer loop
      vertex 81.5353 45.4887 0
      vertex 81.0221 45.5908 1.5
      vertex 81.5353 45.4887 1.5
    endloop
  endfacet
  facet normal 0.195124 0.980779 0
    outer loop
      vertex 81.0221 45.5908 1.5
      vertex 81.5353 45.4887 0
      vertex 81.0221 45.5908 0
    endloop
  endfacet
  facet normal 0.980779 -0.195124 0
    outer loop
      vertex 84.3637 -42.6603 1.5
      vertex 84.4658 -42.1471 0
      vertex 84.4658 -42.1471 1.5
    endloop
  endfacet
  facet normal 0.980779 -0.195124 0
    outer loop
      vertex 84.4658 -42.1471 0
      vertex 84.3637 -42.6603 1.5
      vertex 84.3637 -42.6603 0
    endloop
  endfacet
  facet normal 0.0653646 -0.997861 0
    outer loop
      vertex 80.5 -45.625 0
      vertex 81.0221 -45.5908 1.5
      vertex 80.5 -45.625 1.5
    endloop
  endfacet
  facet normal 0.0653646 -0.997861 0
    outer loop
      vertex 81.0221 -45.5908 1.5
      vertex 80.5 -45.625 0
      vertex 81.0221 -45.5908 0
    endloop
  endfacet
  facet normal 0.321498 -0.94691 0
    outer loop
      vertex 81.5353 -45.4887 0
      vertex 82.0307 -45.3205 1.5
      vertex 81.5353 -45.4887 1.5
    endloop
  endfacet
  facet normal 0.321498 -0.94691 0
    outer loop
      vertex 82.0307 -45.3205 1.5
      vertex 81.5353 -45.4887 0
      vertex 82.0307 -45.3205 0
    endloop
  endfacet
  facet normal 0.659343 -0.751842 0
    outer loop
      vertex 82.935 -44.7984 0
      vertex 83.3284 -44.4534 1.5
      vertex 82.935 -44.7984 1.5
    endloop
  endfacet
  facet normal 0.659343 -0.751842 0
    outer loop
      vertex 83.3284 -44.4534 1.5
      vertex 82.935 -44.7984 0
      vertex 83.3284 -44.4534 0
    endloop
  endfacet
  facet normal 0.195124 -0.980779 0
    outer loop
      vertex 81.0221 -45.5908 0
      vertex 81.5353 -45.4887 1.5
      vertex 81.0221 -45.5908 1.5
    endloop
  endfacet
  facet normal 0.195124 -0.980779 0
    outer loop
      vertex 81.5353 -45.4887 1.5
      vertex 81.0221 -45.5908 0
      vertex 81.5353 -45.4887 0
    endloop
  endfacet
  facet normal 0.751842 -0.659343 0
    outer loop
      vertex 83.3284 -44.4534 1.5
      vertex 83.6734 -44.06 0
      vertex 83.6734 -44.06 1.5
    endloop
  endfacet
  facet normal 0.751842 -0.659343 0
    outer loop
      vertex 83.6734 -44.06 0
      vertex 83.3284 -44.4534 1.5
      vertex 83.3284 -44.4534 0
    endloop
  endfacet
  facet normal -1 0 0
    outer loop
      vertex 37.7 -36.92 0
      vertex 37.7 -22.92 1.5
      vertex 37.7 -22.92 0
    endloop
  endfacet
  facet normal -1 -0 0
    outer loop
      vertex 37.7 -22.92 1.5
      vertex 37.7 -36.92 0
      vertex 37.7 -36.92 1.5
    endloop
  endfacet
  facet normal 0 -1 0
    outer loop
      vertex 34.75 -22.92 0
      vertex 37.7 -22.92 1.5
      vertex 34.75 -22.92 1.5
    endloop
  endfacet
  facet normal 0 -1 -0
    outer loop
      vertex 37.7 -22.92 1.5
      vertex 34.75 -22.92 0
      vertex 37.7 -22.92 0
    endloop
  endfacet
  facet normal 0 1 -0
    outer loop
      vertex 37.7 -36.92 0
      vertex 34.75 -36.92 1.5
      vertex 37.7 -36.92 1.5
    endloop
  endfacet
  facet normal 0 1 0
    outer loop
      vertex 34.75 -36.92 1.5
      vertex 37.7 -36.92 0
      vertex 34.75 -36.92 0
    endloop
  endfacet
  facet normal 1 -0 0
    outer loop
      vertex 42.75 -36.92 1.5
      vertex 42.75 -22.92 0
      vertex 42.75 -22.92 1.5
    endloop
  endfacet
  facet normal 1 0 0
    outer loop
      vertex 42.75 -22.92 0
      vertex 42.75 -36.92 1.5
      vertex 42.75 -36.92 0
    endloop
  endfacet
  facet normal -1 0 0
    outer loop
      vertex 56.75 -36.92 0
      vertex 56.75 -22.92 1.5
      vertex 56.75 -22.92 0
    endloop
  endfacet
  facet normal -1 -0 0
    outer loop
      vertex 56.75 -22.92 1.5
      vertex 56.75 -36.92 0
      vertex 56.75 -36.92 1.5
    endloop
  endfacet
  facet normal 0 1 -0
    outer loop
      vertex 56.75 -36.92 0
      vertex 42.75 -36.92 1.5
      vertex 56.75 -36.92 1.5
    endloop
  endfacet
  facet normal 0 1 0
    outer loop
      vertex 42.75 -36.92 1.5
      vertex 56.75 -36.92 0
      vertex 42.75 -36.92 0
    endloop
  endfacet
  facet normal 0 -1 0
    outer loop
      vertex 42.75 -22.92 0
      vertex 56.75 -22.92 1.5
      vertex 42.75 -22.92 1.5
    endloop
  endfacet
  facet normal 0 -1 -0
    outer loop
      vertex 56.75 -22.92 1.5
      vertex 42.75 -22.92 0
      vertex 56.75 -22.92 0
    endloop
  endfacet
  facet normal -1 0 0
    outer loop
      vertex 37.7 -17.87 0
      vertex 37.7 -3.87 1.5
      vertex 37.7 -3.87 0
    endloop
  endfacet
  facet normal -1 -0 0
    outer loop
      vertex 37.7 -3.87 1.5
      vertex 37.7 -17.87 0
      vertex 37.7 -17.87 1.5
    endloop
  endfacet
  facet normal 0 1 -0
    outer loop
      vertex 37.7 -17.87 0
      vertex 34.75 -17.87 1.5
      vertex 37.7 -17.87 1.5
    endloop
  endfacet
  facet normal 0 1 0
    outer loop
      vertex 34.75 -17.87 1.5
      vertex 37.7 -17.87 0
      vertex 34.75 -17.87 0
    endloop
  endfacet
  facet normal 0 -1 0
    outer loop
      vertex 34.75 -3.87 0
      vertex 37.7 -3.87 1.5
      vertex 34.75 -3.87 1.5
    endloop
  endfacet
  facet normal 0 -1 -0
    outer loop
      vertex 37.7 -3.87 1.5
      vertex 34.75 -3.87 0
      vertex 37.7 -3.87 0
    endloop
  endfacet
  facet normal 1 -0 0
    outer loop
      vertex 42.75 -17.87 1.5
      vertex 42.75 -3.87 0
      vertex 42.75 -3.87 1.5
    endloop
  endfacet
  facet normal 1 0 0
    outer loop
      vertex 42.75 -3.87 0
      vertex 42.75 -17.87 1.5
      vertex 42.75 -17.87 0
    endloop
  endfacet
  facet normal -1 0 0
    outer loop
      vertex 56.75 -17.87 0
      vertex 56.75 -3.87 1.5
      vertex 56.75 -3.87 0
    endloop
  endfacet
  facet normal -1 -0 0
    outer loop
      vertex 56.75 -3.87 1.5
      vertex 56.75 -17.87 0
      vertex 56.75 -17.87 1.5
    endloop
  endfacet
  facet normal 0 1 -0
    outer loop
      vertex 56.75 -17.87 0
      vertex 42.75 -17.87 1.5
      vertex 56.75 -17.87 1.5
    endloop
  endfacet
  facet normal 0 1 0
    outer loop
      vertex 42.75 -17.87 1.5
      vertex 56.75 -17.87 0
      vertex 42.75 -17.87 0
    endloop
  endfacet
  facet normal 0 -1 0
    outer loop
      vertex 42.75 -3.87 0
      vertex 56.75 -3.87 1.5
      vertex 42.75 -3.87 1.5
    endloop
  endfacet
  facet normal 0 -1 -0
    outer loop
      vertex 56.75 -3.87 1.5
      vertex 42.75 -3.87 0
      vertex 56.75 -3.87 0
    endloop
  endfacet
  facet normal 1 -0 0
    outer loop
      vertex 61.8 -17.87 1.5
      vertex 61.8 -3.87 0
      vertex 61.8 -3.87 1.5
    endloop
  endfacet
  facet normal 1 0 0
    outer loop
      vertex 61.8 -3.87 0
      vertex 61.8 -17.87 1.5
      vertex 61.8 -17.87 0
    endloop
  endfacet
  facet normal -1 0 0
    outer loop
      vertex 75.8 -17.87 0
      vertex 75.8 -3.87 1.5
      vertex 75.8 -3.87 0
    endloop
  endfacet
  facet normal -1 -0 0
    outer loop
      vertex 75.8 -3.87 1.5
      vertex 75.8 -17.87 0
      vertex 75.8 -17.87 1.5
    endloop
  endfacet
  facet normal 0 -1 0
    outer loop
      vertex 61.8 -3.87 0
      vertex 75.8 -3.87 1.5
      vertex 61.8 -3.87 1.5
    endloop
  endfacet
  facet normal 0 -1 -0
    outer loop
      vertex 75.8 -3.87 1.5
      vertex 61.8 -3.87 0
      vertex 75.8 -3.87 0
    endloop
  endfacet
  facet normal 0 1 -0
    outer loop
      vertex 75.8 -17.87 0
      vertex 61.8 -17.87 1.5
      vertex 75.8 -17.87 1.5
    endloop
  endfacet
  facet normal 0 1 0
    outer loop
      vertex 61.8 -17.87 1.5
      vertex 75.8 -17.87 0
      vertex 61.8 -17.87 0
    endloop
  endfacet
  facet normal -1 0 0
    outer loop
      vertex 37.7 1.18 0
      vertex 37.7 15.18 1.5
      vertex 37.7 15.18 0
    endloop
  endfacet
  facet normal -1 -0 0
    outer loop
      vertex 37.7 15.18 1.5
      vertex 37.7 1.18 0
      vertex 37.7 1.18 1.5
    endloop
  endfacet
  facet normal 0 1 -0
    outer loop
      vertex 37.7 1.18 0
      vertex 34.75 1.18 1.5
      vertex 37.7 1.18 1.5
    endloop
  endfacet
  facet normal 0 1 0
    outer loop
      vertex 34.75 1.18 1.5
      vertex 37.7 1.18 0
      vertex 34.75 1.18 0
    endloop
  endfacet
  facet normal 0 -1 0
    outer loop
      vertex 34.75 15.18 0
      vertex 37.7 15.18 1.5
      vertex 34.75 15.18 1.5
    endloop
  endfacet
  facet normal 0 -1 -0
    outer loop
      vertex 37.7 15.18 1.5
      vertex 34.75 15.18 0
      vertex 37.7 15.18 0
    endloop
  endfacet
  facet normal 1 -0 0
    outer loop
      vertex 42.75 1.18 1.5
      vertex 42.75 15.18 0
      vertex 42.75 15.18 1.5
    endloop
  endfacet
  facet normal 1 0 0
    outer loop
      vertex 42.75 15.18 0
      vertex 42.75 1.18 1.5
      vertex 42.75 1.18 0
    endloop
  endfacet
  facet normal -1 0 0
    outer loop
      vertex 56.75 1.18 0
      vertex 56.75 15.18 1.5
      vertex 56.75 15.18 0
    endloop
  endfacet
  facet normal -1 -0 0
    outer loop
      vertex 56.75 15.18 1.5
      vertex 56.75 1.18 0
      vertex 56.75 1.18 1.5
    endloop
  endfacet
  facet normal 0 1 -0
    outer loop
      vertex 56.75 1.18 0
      vertex 42.75 1.18 1.5
      vertex 56.75 1.18 1.5
    endloop
  endfacet
  facet normal 0 1 0
    outer loop
      vertex 42.75 1.18 1.5
      vertex 56.75 1.18 0
      vertex 42.75 1.18 0
    endloop
  endfacet
  facet normal 0 -1 0
    outer loop
      vertex 42.75 15.18 0
      vertex 56.75 15.18 1.5
      vertex 42.75 15.18 1.5
    endloop
  endfacet
  facet normal 0 -1 -0
    outer loop
      vertex 56.75 15.18 1.5
      vertex 42.75 15.18 0
      vertex 56.75 15.18 0
    endloop
  endfacet
  facet normal 1 -0 0
    outer loop
      vertex 61.8 1.18 1.5
      vertex 61.8 15.18 0
      vertex 61.8 15.18 1.5
    endloop
  endfacet
  facet normal 1 0 0
    outer loop
      vertex 61.8 15.18 0
      vertex 61.8 1.18 1.5
      vertex 61.8 1.18 0
    endloop
  endfacet
  facet normal -1 0 0
    outer loop
      vertex 75.8 1.18 0
      vertex 75.8 15.18 1.5
      vertex 75.8 15.18 0
    endloop
  endfacet
  facet normal -1 -0 0
    outer loop
      vertex 75.8 15.18 1.5
      vertex 75.8 1.18 0
      vertex 75.8 1.18 1.5
    endloop
  endfacet
  facet normal 0 1 -0
    outer loop
      vertex 75.8 1.18 0
      vertex 61.8 1.18 1.5
      vertex 75.8 1.18 1.5
    endloop
  endfacet
  facet normal 0 1 0
    outer loop
      vertex 61.8 1.18 1.5
      vertex 75.8 1.18 0
      vertex 61.8 1.18 0
    endloop
  endfacet
  facet normal 0 -1 0
    outer loop
      vertex 61.8 15.18 0
      vertex 75.8 15.18 1.5
      vertex 61.8 15.18 1.5
    endloop
  endfacet
  facet normal 0 -1 -0
    outer loop
      vertex 75.8 15.18 1.5
      vertex 61.8 15.18 0
      vertex 75.8 15.18 0
    endloop
  endfacet
  facet normal -0.997856 -0.0654432 0
    outer loop
      vertex 73.8 -29.92 0
      vertex 73.7572 -29.2674 1.5
      vertex 73.7572 -29.2674 0
    endloop
  endfacet
  facet normal -0.997856 -0.0654432 0
    outer loop
      vertex 73.7572 -29.2674 1.5
      vertex 73.8 -29.92 0
      vertex 73.8 -29.92 1.5
    endloop
  endfacet
  facet normal 0.997856 -0.0654432 0
    outer loop
      vertex 63.8 -29.92 1.5
      vertex 63.8428 -29.2674 0
      vertex 63.8428 -29.2674 1.5
    endloop
  endfacet
  facet normal 0.997856 -0.0654432 0
    outer loop
      vertex 63.8428 -29.2674 0
      vertex 63.8 -29.92 1.5
      vertex 63.8 -29.92 0
    endloop
  endfacet
  facet normal -0.0654432 -0.997856 0
    outer loop
      vertex 68.8 -24.92 0
      vertex 69.4526 -24.9628 1.5
      vertex 68.8 -24.92 1.5
    endloop
  endfacet
  facet normal -0.0654432 -0.997856 -0
    outer loop
      vertex 69.4526 -24.9628 1.5
      vertex 68.8 -24.92 0
      vertex 69.4526 -24.9628 0
    endloop
  endfacet
  facet normal -0.0654432 0.997856 0
    outer loop
      vertex 69.4526 -34.8772 0
      vertex 68.8 -34.92 1.5
      vertex 69.4526 -34.8772 1.5
    endloop
  endfacet
  facet normal -0.0654432 0.997856 0
    outer loop
      vertex 68.8 -34.92 1.5
      vertex 69.4526 -34.8772 0
      vertex 68.8 -34.92 0
    endloop
  endfacet
  facet normal -0.751771 -0.659424 0
    outer loop
      vertex 72.7668 -26.8762 0
      vertex 72.3355 -26.3845 1.5
      vertex 72.3355 -26.3845 0
    endloop
  endfacet
  facet normal -0.751771 -0.659424 0
    outer loop
      vertex 72.3355 -26.3845 1.5
      vertex 72.7668 -26.8762 0
      vertex 72.7668 -26.8762 1.5
    endloop
  endfacet
  facet normal 0.659424 -0.751771 0
    outer loop
      vertex 65.2645 -26.3845 0
      vertex 65.7562 -25.9532 1.5
      vertex 65.2645 -26.3845 1.5
    endloop
  endfacet
  facet normal 0.659424 -0.751771 0
    outer loop
      vertex 65.7562 -25.9532 1.5
      vertex 65.2645 -26.3845 0
      vertex 65.7562 -25.9532 0
    endloop
  endfacet
  facet normal 0.321407 -0.946941 0
    outer loop
      vertex 66.8866 -25.3006 0
      vertex 67.5059 -25.0904 1.5
      vertex 66.8866 -25.3006 1.5
    endloop
  endfacet
  facet normal 0.321407 -0.946941 0
    outer loop
      vertex 67.5059 -25.0904 1.5
      vertex 66.8866 -25.3006 0
      vertex 67.5059 -25.0904 0
    endloop
  endfacet
  facet normal -0.89686 -0.442314 0
    outer loop
      vertex 73.4194 -28.0066 0
      vertex 73.1301 -27.42 1.5
      vertex 73.1301 -27.42 0
    endloop
  endfacet
  facet normal -0.89686 -0.442314 0
    outer loop
      vertex 73.1301 -27.42 1.5
      vertex 73.4194 -28.0066 0
      vertex 73.4194 -28.0066 1.5
    endloop
  endfacet
  facet normal -0.831509 -0.555512 0
    outer loop
      vertex 73.1301 -27.42 0
      vertex 72.7668 -26.8762 1.5
      vertex 72.7668 -26.8762 0
    endloop
  endfacet
  facet normal -0.831509 -0.555512 0
    outer loop
      vertex 72.7668 -26.8762 1.5
      vertex 73.1301 -27.42 0
      vertex 73.1301 -27.42 1.5
    endloop
  endfacet
  facet normal -0.442314 -0.89686 0
    outer loop
      vertex 70.7134 -25.3006 0
      vertex 71.3 -25.5899 1.5
      vertex 70.7134 -25.3006 1.5
    endloop
  endfacet
  facet normal -0.442314 -0.89686 -0
    outer loop
      vertex 71.3 -25.5899 1.5
      vertex 70.7134 -25.3006 0
      vertex 71.3 -25.5899 0
    endloop
  endfacet
  facet normal -0.321407 -0.946941 0
    outer loop
      vertex 70.0941 -25.0904 0
      vertex 70.7134 -25.3006 1.5
      vertex 70.0941 -25.0904 1.5
    endloop
  endfacet
  facet normal -0.321407 -0.946941 -0
    outer loop
      vertex 70.7134 -25.3006 1.5
      vertex 70.0941 -25.0904 0
      vertex 70.7134 -25.3006 0
    endloop
  endfacet
  facet normal -0.555512 -0.831509 0
    outer loop
      vertex 71.3 -25.5899 0
      vertex 71.8438 -25.9532 1.5
      vertex 71.3 -25.5899 1.5
    endloop
  endfacet
  facet normal -0.555512 -0.831509 -0
    outer loop
      vertex 71.8438 -25.9532 1.5
      vertex 71.3 -25.5899 0
      vertex 71.8438 -25.9532 0
    endloop
  endfacet
  facet normal 0.89686 -0.442314 0
    outer loop
      vertex 64.1806 -28.0066 1.5
      vertex 64.4699 -27.42 0
      vertex 64.4699 -27.42 1.5
    endloop
  endfacet
  facet normal 0.89686 -0.442314 0
    outer loop
      vertex 64.4699 -27.42 0
      vertex 64.1806 -28.0066 1.5
      vertex 64.1806 -28.0066 0
    endloop
  endfacet
  facet normal 0.831509 -0.555512 0
    outer loop
      vertex 64.4699 -27.42 1.5
      vertex 64.8332 -26.8762 0
      vertex 64.8332 -26.8762 1.5
    endloop
  endfacet
  facet normal 0.831509 -0.555512 0
    outer loop
      vertex 64.8332 -26.8762 0
      vertex 64.4699 -27.42 1.5
      vertex 64.4699 -27.42 0
    endloop
  endfacet
  facet normal 0.946941 -0.321407 0
    outer loop
      vertex 63.9704 -28.6259 1.5
      vertex 64.1806 -28.0066 0
      vertex 64.1806 -28.0066 1.5
    endloop
  endfacet
  facet normal 0.946941 -0.321407 0
    outer loop
      vertex 64.1806 -28.0066 0
      vertex 63.9704 -28.6259 1.5
      vertex 63.9704 -28.6259 0
    endloop
  endfacet
  facet normal 0.442314 -0.89686 0
    outer loop
      vertex 66.3 -25.5899 0
      vertex 66.8866 -25.3006 1.5
      vertex 66.3 -25.5899 1.5
    endloop
  endfacet
  facet normal 0.442314 -0.89686 0
    outer loop
      vertex 66.8866 -25.3006 1.5
      vertex 66.3 -25.5899 0
      vertex 66.8866 -25.3006 0
    endloop
  endfacet
  facet normal 0.195087 -0.980786 0
    outer loop
      vertex 67.5059 -25.0904 0
      vertex 68.1474 -24.9628 1.5
      vertex 67.5059 -25.0904 1.5
    endloop
  endfacet
  facet normal 0.195087 -0.980786 0
    outer loop
      vertex 68.1474 -24.9628 1.5
      vertex 67.5059 -25.0904 0
      vertex 68.1474 -24.9628 0
    endloop
  endfacet
  facet normal -0.195087 0.980786 0
    outer loop
      vertex 70.0941 -34.7496 0
      vertex 69.4526 -34.8772 1.5
      vertex 70.0941 -34.7496 1.5
    endloop
  endfacet
  facet normal -0.195087 0.980786 0
    outer loop
      vertex 69.4526 -34.8772 1.5
      vertex 70.0941 -34.7496 0
      vertex 69.4526 -34.8772 0
    endloop
  endfacet
  facet normal -0.946941 -0.321407 0
    outer loop
      vertex 73.6296 -28.6259 0
      vertex 73.4194 -28.0066 1.5
      vertex 73.4194 -28.0066 0
    endloop
  endfacet
  facet normal -0.946941 -0.321407 0
    outer loop
      vertex 73.4194 -28.0066 1.5
      vertex 73.6296 -28.6259 0
      vertex 73.6296 -28.6259 1.5
    endloop
  endfacet
  facet normal -0.980786 -0.195087 0
    outer loop
      vertex 73.7572 -29.2674 0
      vertex 73.6296 -28.6259 1.5
      vertex 73.6296 -28.6259 0
    endloop
  endfacet
  facet normal -0.980786 -0.195087 0
    outer loop
      vertex 73.6296 -28.6259 1.5
      vertex 73.7572 -29.2674 0
      vertex 73.7572 -29.2674 1.5
    endloop
  endfacet
  facet normal -0.195087 -0.980786 0
    outer loop
      vertex 69.4526 -24.9628 0
      vertex 70.0941 -25.0904 1.5
      vertex 69.4526 -24.9628 1.5
    endloop
  endfacet
  facet normal -0.195087 -0.980786 -0
    outer loop
      vertex 70.0941 -25.0904 1.5
      vertex 69.4526 -24.9628 0
      vertex 70.0941 -25.0904 0
    endloop
  endfacet
  facet normal -0.659424 -0.751771 0
    outer loop
      vertex 71.8438 -25.9532 0
      vertex 72.3355 -26.3845 1.5
      vertex 71.8438 -25.9532 1.5
    endloop
  endfacet
  facet normal -0.659424 -0.751771 -0
    outer loop
      vertex 72.3355 -26.3845 1.5
      vertex 71.8438 -25.9532 0
      vertex 72.3355 -26.3845 0
    endloop
  endfacet
  facet normal 0.980786 -0.195087 0
    outer loop
      vertex 63.8428 -29.2674 1.5
      vertex 63.9704 -28.6259 0
      vertex 63.9704 -28.6259 1.5
    endloop
  endfacet
  facet normal 0.980786 -0.195087 0
    outer loop
      vertex 63.9704 -28.6259 0
      vertex 63.8428 -29.2674 1.5
      vertex 63.8428 -29.2674 0
    endloop
  endfacet
  facet normal 0.0654432 -0.997856 0
    outer loop
      vertex 68.1474 -24.9628 0
      vertex 68.8 -24.92 1.5
      vertex 68.1474 -24.9628 1.5
    endloop
  endfacet
  facet normal 0.0654432 -0.997856 0
    outer loop
      vertex 68.8 -24.92 1.5
      vertex 68.1474 -24.9628 0
      vertex 68.8 -24.92 0
    endloop
  endfacet
  facet normal -0.997856 0.0654432 0
    outer loop
      vertex 73.7572 -30.5726 0
      vertex 73.8 -29.92 1.5
      vertex 73.8 -29.92 0
    endloop
  endfacet
  facet normal -0.997856 0.0654432 0
    outer loop
      vertex 73.8 -29.92 1.5
      vertex 73.7572 -30.5726 0
      vertex 73.7572 -30.5726 1.5
    endloop
  endfacet
  facet normal -0.946941 0.321407 0
    outer loop
      vertex 73.4194 -31.8334 0
      vertex 73.6296 -31.2141 1.5
      vertex 73.6296 -31.2141 0
    endloop
  endfacet
  facet normal -0.946941 0.321407 0
    outer loop
      vertex 73.6296 -31.2141 1.5
      vertex 73.4194 -31.8334 0
      vertex 73.4194 -31.8334 1.5
    endloop
  endfacet
  facet normal -0.980786 0.195087 0
    outer loop
      vertex 73.6296 -31.2141 0
      vertex 73.7572 -30.5726 1.5
      vertex 73.7572 -30.5726 0
    endloop
  endfacet
  facet normal -0.980786 0.195087 0
    outer loop
      vertex 73.7572 -30.5726 1.5
      vertex 73.6296 -31.2141 0
      vertex 73.6296 -31.2141 1.5
    endloop
  endfacet
  facet normal -0.555512 0.831509 0
    outer loop
      vertex 71.8438 -33.8868 0
      vertex 71.3 -34.2501 1.5
      vertex 71.8438 -33.8868 1.5
    endloop
  endfacet
  facet normal -0.555512 0.831509 0
    outer loop
      vertex 71.3 -34.2501 1.5
      vertex 71.8438 -33.8868 0
      vertex 71.3 -34.2501 0
    endloop
  endfacet
  facet normal -0.442314 0.89686 0
    outer loop
      vertex 71.3 -34.2501 0
      vertex 70.7134 -34.5394 1.5
      vertex 71.3 -34.2501 1.5
    endloop
  endfacet
  facet normal -0.442314 0.89686 0
    outer loop
      vertex 70.7134 -34.5394 1.5
      vertex 71.3 -34.2501 0
      vertex 70.7134 -34.5394 0
    endloop
  endfacet
  facet normal 0.751771 -0.659424 0
    outer loop
      vertex 64.8332 -26.8762 1.5
      vertex 65.2645 -26.3845 0
      vertex 65.2645 -26.3845 1.5
    endloop
  endfacet
  facet normal 0.751771 -0.659424 0
    outer loop
      vertex 65.2645 -26.3845 0
      vertex 64.8332 -26.8762 1.5
      vertex 64.8332 -26.8762 0
    endloop
  endfacet
  facet normal 0.555512 -0.831509 0
    outer loop
      vertex 65.7562 -25.9532 0
      vertex 66.3 -25.5899 1.5
      vertex 65.7562 -25.9532 1.5
    endloop
  endfacet
  facet normal 0.555512 -0.831509 0
    outer loop
      vertex 66.3 -25.5899 1.5
      vertex 65.7562 -25.9532 0
      vertex 66.3 -25.5899 0
    endloop
  endfacet
  facet normal -0.831509 0.555512 0
    outer loop
      vertex 72.7668 -32.9638 0
      vertex 73.1301 -32.42 1.5
      vertex 73.1301 -32.42 0
    endloop
  endfacet
  facet normal -0.831509 0.555512 0
    outer loop
      vertex 73.1301 -32.42 1.5
      vertex 72.7668 -32.9638 0
      vertex 72.7668 -32.9638 1.5
    endloop
  endfacet
  facet normal 0.195087 0.980786 -0
    outer loop
      vertex 68.1474 -34.8772 0
      vertex 67.5059 -34.7496 1.5
      vertex 68.1474 -34.8772 1.5
    endloop
  endfacet
  facet normal 0.195087 0.980786 0
    outer loop
      vertex 67.5059 -34.7496 1.5
      vertex 68.1474 -34.8772 0
      vertex 67.5059 -34.7496 0
    endloop
  endfacet
  facet normal 0.751771 0.659424 0
    outer loop
      vertex 65.2645 -33.4555 1.5
      vertex 64.8332 -32.9638 0
      vertex 64.8332 -32.9638 1.5
    endloop
  endfacet
  facet normal 0.751771 0.659424 0
    outer loop
      vertex 64.8332 -32.9638 0
      vertex 65.2645 -33.4555 1.5
      vertex 65.2645 -33.4555 0
    endloop
  endfacet
  facet normal 0.946941 0.321407 0
    outer loop
      vertex 64.1806 -31.8334 1.5
      vertex 63.9704 -31.2141 0
      vertex 63.9704 -31.2141 1.5
    endloop
  endfacet
  facet normal 0.946941 0.321407 0
    outer loop
      vertex 63.9704 -31.2141 0
      vertex 64.1806 -31.8334 1.5
      vertex 64.1806 -31.8334 0
    endloop
  endfacet
  facet normal 0.997856 0.0654432 0
    outer loop
      vertex 63.8428 -30.5726 1.5
      vertex 63.8 -29.92 0
      vertex 63.8 -29.92 1.5
    endloop
  endfacet
  facet normal 0.997856 0.0654432 0
    outer loop
      vertex 63.8 -29.92 0
      vertex 63.8428 -30.5726 1.5
      vertex 63.8428 -30.5726 0
    endloop
  endfacet
  facet normal -0.659424 0.751771 0
    outer loop
      vertex 72.3355 -33.4555 0
      vertex 71.8438 -33.8868 1.5
      vertex 72.3355 -33.4555 1.5
    endloop
  endfacet
  facet normal -0.659424 0.751771 0
    outer loop
      vertex 71.8438 -33.8868 1.5
      vertex 72.3355 -33.4555 0
      vertex 71.8438 -33.8868 0
    endloop
  endfacet
  facet normal -0.321407 0.946941 0
    outer loop
      vertex 70.7134 -34.5394 0
      vertex 70.0941 -34.7496 1.5
      vertex 70.7134 -34.5394 1.5
    endloop
  endfacet
  facet normal -0.321407 0.946941 0
    outer loop
      vertex 70.0941 -34.7496 1.5
      vertex 70.7134 -34.5394 0
      vertex 70.0941 -34.7496 0
    endloop
  endfacet
  facet normal -0.89686 0.442314 0
    outer loop
      vertex 73.1301 -32.42 0
      vertex 73.4194 -31.8334 1.5
      vertex 73.4194 -31.8334 0
    endloop
  endfacet
  facet normal -0.89686 0.442314 0
    outer loop
      vertex 73.4194 -31.8334 1.5
      vertex 73.1301 -32.42 0
      vertex 73.1301 -32.42 1.5
    endloop
  endfacet
  facet normal 0.0654432 0.997856 -0
    outer loop
      vertex 68.8 -34.92 0
      vertex 68.1474 -34.8772 1.5
      vertex 68.8 -34.92 1.5
    endloop
  endfacet
  facet normal 0.0654432 0.997856 0
    outer loop
      vertex 68.1474 -34.8772 1.5
      vertex 68.8 -34.92 0
      vertex 68.1474 -34.8772 0
    endloop
  endfacet
  facet normal 0.659424 0.751771 -0
    outer loop
      vertex 65.7562 -33.8868 0
      vertex 65.2645 -33.4555 1.5
      vertex 65.7562 -33.8868 1.5
    endloop
  endfacet
  facet normal 0.659424 0.751771 0
    outer loop
      vertex 65.2645 -33.4555 1.5
      vertex 65.7562 -33.8868 0
      vertex 65.2645 -33.4555 0
    endloop
  endfacet
  facet normal 0.89686 0.442314 0
    outer loop
      vertex 64.4699 -32.42 1.5
      vertex 64.1806 -31.8334 0
      vertex 64.1806 -31.8334 1.5
    endloop
  endfacet
  facet normal 0.89686 0.442314 0
    outer loop
      vertex 64.1806 -31.8334 0
      vertex 64.4699 -32.42 1.5
      vertex 64.4699 -32.42 0
    endloop
  endfacet
  facet normal 0.980786 0.195087 0
    outer loop
      vertex 63.9704 -31.2141 1.5
      vertex 63.8428 -30.5726 0
      vertex 63.8428 -30.5726 1.5
    endloop
  endfacet
  facet normal 0.980786 0.195087 0
    outer loop
      vertex 63.8428 -30.5726 0
      vertex 63.9704 -31.2141 1.5
      vertex 63.9704 -31.2141 0
    endloop
  endfacet
  facet normal -0.751771 0.659424 0
    outer loop
      vertex 72.3355 -33.4555 0
      vertex 72.7668 -32.9638 1.5
      vertex 72.7668 -32.9638 0
    endloop
  endfacet
  facet normal -0.751771 0.659424 0
    outer loop
      vertex 72.7668 -32.9638 1.5
      vertex 72.3355 -33.4555 0
      vertex 72.3355 -33.4555 1.5
    endloop
  endfacet
  facet normal 0.555512 0.831509 -0
    outer loop
      vertex 66.3 -34.2501 0
      vertex 65.7562 -33.8868 1.5
      vertex 66.3 -34.2501 1.5
    endloop
  endfacet
  facet normal 0.555512 0.831509 0
    outer loop
      vertex 65.7562 -33.8868 1.5
      vertex 66.3 -34.2501 0
      vertex 65.7562 -33.8868 0
    endloop
  endfacet
  facet normal 0.831509 0.555512 0
    outer loop
      vertex 64.8332 -32.9638 1.5
      vertex 64.4699 -32.42 0
      vertex 64.4699 -32.42 1.5
    endloop
  endfacet
  facet normal 0.831509 0.555512 0
    outer loop
      vertex 64.4699 -32.42 0
      vertex 64.8332 -32.9638 1.5
      vertex 64.8332 -32.9638 0
    endloop
  endfacet
  facet normal 0.321407 0.946941 -0
    outer loop
      vertex 67.5059 -34.7496 0
      vertex 66.8866 -34.5394 1.5
      vertex 67.5059 -34.7496 1.5
    endloop
  endfacet
  facet normal 0.321407 0.946941 0
    outer loop
      vertex 66.8866 -34.5394 1.5
      vertex 67.5059 -34.7496 0
      vertex 66.8866 -34.5394 0
    endloop
  endfacet
  facet normal 0.442314 0.89686 -0
    outer loop
      vertex 66.8866 -34.5394 0
      vertex 66.3 -34.2501 1.5
      vertex 66.8866 -34.5394 1.5
    endloop
  endfacet
  facet normal 0.442314 0.89686 0
    outer loop
      vertex 66.3 -34.2501 1.5
      vertex 66.8866 -34.5394 0
      vertex 66.3 -34.2501 0
    endloop
  endfacet
  facet normal -0.555582 -0.831462 0
    outer loop
      vertex 77 -36.4808 0
      vertex 77.1305 -36.568 1.5
      vertex 77 -36.4808 1.5
    endloop
  endfacet
  facet normal -0.555582 -0.831462 -0
    outer loop
      vertex 77.1305 -36.568 1.5
      vertex 77 -36.4808 0
      vertex 77.1305 -36.568 0
    endloop
  endfacet
  facet normal -0.980825 0.194891 0
    outer loop
      vertex 77.5591 -37.8306 0
      vertex 77.5897 -37.6766 1.5
      vertex 77.5897 -37.6766 0
    endloop
  endfacet
  facet normal -0.980825 0.194891 0
    outer loop
      vertex 77.5897 -37.6766 1.5
      vertex 77.5591 -37.8306 0
      vertex 77.5591 -37.8306 1.5
    endloop
  endfacet
  facet normal 0.321194 0.947013 -0
    outer loop
      vertex 76.0894 -38.6791 0
      vertex 75.9408 -38.6287 1.5
      vertex 76.0894 -38.6791 1.5
    endloop
  endfacet
  facet normal 0.321194 0.947013 0
    outer loop
      vertex 75.9408 -38.6287 1.5
      vertex 76.0894 -38.6791 0
      vertex 75.9408 -38.6287 0
    endloop
  endfacet
  facet normal 0.321194 -0.947013 0
    outer loop
      vertex 75.9408 -36.4113 0
      vertex 76.0894 -36.3609 1.5
      vertex 75.9408 -36.4113 1.5
    endloop
  endfacet
  facet normal 0.321194 -0.947013 0
    outer loop
      vertex 76.0894 -36.3609 1.5
      vertex 75.9408 -36.4113 0
      vertex 76.0894 -36.3609 0
    endloop
  endfacet
  facet normal 0.896708 -0.442622 0
    outer loop
      vertex 75.2913 -37.0608 1.5
      vertex 75.3608 -36.92 0
      vertex 75.3608 -36.92 1.5
    endloop
  endfacet
  facet normal 0.896708 -0.442622 0
    outer loop
      vertex 75.3608 -36.92 0
      vertex 75.2913 -37.0608 1.5
      vertex 75.2913 -37.0608 0
    endloop
  endfacet
  facet normal -0.896708 -0.442622 0
    outer loop
      vertex 77.5087 -37.0608 0
      vertex 77.4392 -36.92 1.5
      vertex 77.4392 -36.92 0
    endloop
  endfacet
  facet normal -0.896708 -0.442622 0
    outer loop
      vertex 77.4392 -36.92 1.5
      vertex 77.5087 -37.0608 0
      vertex 77.5087 -37.0608 1.5
    endloop
  endfacet
  facet normal -0.980825 -0.194891 0
    outer loop
      vertex 77.5897 -37.3634 0
      vertex 77.5591 -37.2094 1.5
      vertex 77.5591 -37.2094 0
    endloop
  endfacet
  facet normal -0.980825 -0.194891 0
    outer loop
      vertex 77.5591 -37.2094 1.5
      vertex 77.5897 -37.3634 0
      vertex 77.5897 -37.3634 1.5
    endloop
  endfacet
  facet normal -0.831462 -0.555582 0
    outer loop
      vertex 77.4392 -36.92 0
      vertex 77.352 -36.7895 1.5
      vertex 77.352 -36.7895 0
    endloop
  endfacet
  facet normal -0.831462 -0.555582 0
    outer loop
      vertex 77.352 -36.7895 1.5
      vertex 77.4392 -36.92 0
      vertex 77.4392 -36.92 1.5
    endloop
  endfacet
  facet normal -0.659406 -0.751787 0
    outer loop
      vertex 77.1305 -36.568 0
      vertex 77.2485 -36.6715 1.5
      vertex 77.1305 -36.568 1.5
    endloop
  endfacet
  facet normal -0.659406 -0.751787 -0
    outer loop
      vertex 77.2485 -36.6715 1.5
      vertex 77.1305 -36.568 0
      vertex 77.2485 -36.6715 0
    endloop
  endfacet
  facet normal -0.321194 -0.947013 0
    outer loop
      vertex 76.7106 -36.3609 0
      vertex 76.8592 -36.4113 1.5
      vertex 76.7106 -36.3609 1.5
    endloop
  endfacet
  facet normal -0.321194 -0.947013 -0
    outer loop
      vertex 76.8592 -36.4113 1.5
      vertex 76.7106 -36.3609 0
      vertex 76.8592 -36.4113 0
    endloop
  endfacet
  facet normal -0.0656309 -0.997844 0
    outer loop
      vertex 76.4 -36.32 0
      vertex 76.5566 -36.3303 1.5
      vertex 76.4 -36.32 1.5
    endloop
  endfacet
  facet normal -0.0656309 -0.997844 -0
    outer loop
      vertex 76.5566 -36.3303 1.5
      vertex 76.4 -36.32 0
      vertex 76.5566 -36.3303 0
    endloop
  endfacet
  facet normal -0.194891 -0.980825 0
    outer loop
      vertex 76.5566 -36.3303 0
      vertex 76.7106 -36.3609 1.5
      vertex 76.5566 -36.3303 1.5
    endloop
  endfacet
  facet normal -0.194891 -0.980825 -0
    outer loop
      vertex 76.7106 -36.3609 1.5
      vertex 76.5566 -36.3303 0
      vertex 76.7106 -36.3609 0
    endloop
  endfacet
  facet normal 0.980825 -0.194891 0
    outer loop
      vertex 75.2103 -37.3634 1.5
      vertex 75.2409 -37.2094 0
      vertex 75.2409 -37.2094 1.5
    endloop
  endfacet
  facet normal 0.980825 -0.194891 0
    outer loop
      vertex 75.2409 -37.2094 0
      vertex 75.2103 -37.3634 1.5
      vertex 75.2103 -37.3634 0
    endloop
  endfacet
  facet normal 0.751787 -0.659406 0
    outer loop
      vertex 75.448 -36.7895 1.5
      vertex 75.5515 -36.6715 0
      vertex 75.5515 -36.6715 1.5
    endloop
  endfacet
  facet normal 0.751787 -0.659406 0
    outer loop
      vertex 75.5515 -36.6715 0
      vertex 75.448 -36.7895 1.5
      vertex 75.448 -36.7895 0
    endloop
  endfacet
  facet normal 0.194891 -0.980825 0
    outer loop
      vertex 76.0894 -36.3609 0
      vertex 76.2434 -36.3303 1.5
      vertex 76.0894 -36.3609 1.5
    endloop
  endfacet
  facet normal 0.194891 -0.980825 0
    outer loop
      vertex 76.2434 -36.3303 1.5
      vertex 76.0894 -36.3609 0
      vertex 76.2434 -36.3303 0
    endloop
  endfacet
  facet normal 0.659406 -0.751787 0
    outer loop
      vertex 75.5515 -36.6715 0
      vertex 75.6695 -36.568 1.5
      vertex 75.5515 -36.6715 1.5
    endloop
  endfacet
  facet normal 0.659406 -0.751787 0
    outer loop
      vertex 75.6695 -36.568 1.5
      vertex 75.5515 -36.6715 0
      vertex 75.6695 -36.568 0
    endloop
  endfacet
  facet normal -0.997844 -0.0656309 0
    outer loop
      vertex 77.6 -37.52 0
      vertex 77.5897 -37.3634 1.5
      vertex 77.5897 -37.3634 0
    endloop
  endfacet
  facet normal -0.997844 -0.0656309 0
    outer loop
      vertex 77.5897 -37.3634 1.5
      vertex 77.6 -37.52 0
      vertex 77.6 -37.52 1.5
    endloop
  endfacet
  facet normal -0.947013 0.321194 0
    outer loop
      vertex 77.5087 -37.9792 0
      vertex 77.5591 -37.8306 1.5
      vertex 77.5591 -37.8306 0
    endloop
  endfacet
  facet normal -0.947013 0.321194 0
    outer loop
      vertex 77.5591 -37.8306 1.5
      vertex 77.5087 -37.9792 0
      vertex 77.5087 -37.9792 1.5
    endloop
  endfacet
  facet normal -0.321194 0.947013 0
    outer loop
      vertex 76.8592 -38.6287 0
      vertex 76.7106 -38.6791 1.5
      vertex 76.8592 -38.6287 1.5
    endloop
  endfacet
  facet normal -0.321194 0.947013 0
    outer loop
      vertex 76.7106 -38.6791 1.5
      vertex 76.8592 -38.6287 0
      vertex 76.7106 -38.6791 0
    endloop
  endfacet
  facet normal 0.194891 0.980825 -0
    outer loop
      vertex 76.2434 -38.7097 0
      vertex 76.0894 -38.6791 1.5
      vertex 76.2434 -38.7097 1.5
    endloop
  endfacet
  facet normal 0.194891 0.980825 0
    outer loop
      vertex 76.0894 -38.6791 1.5
      vertex 76.2434 -38.7097 0
      vertex 76.0894 -38.6791 0
    endloop
  endfacet
  facet normal 0.659406 0.751787 -0
    outer loop
      vertex 75.6695 -38.472 0
      vertex 75.5515 -38.3685 1.5
      vertex 75.6695 -38.472 1.5
    endloop
  endfacet
  facet normal 0.659406 0.751787 0
    outer loop
      vertex 75.5515 -38.3685 1.5
      vertex 75.6695 -38.472 0
      vertex 75.5515 -38.3685 0
    endloop
  endfacet
  facet normal 0.751787 0.659406 0
    outer loop
      vertex 75.5515 -38.3685 1.5
      vertex 75.448 -38.2505 0
      vertex 75.448 -38.2505 1.5
    endloop
  endfacet
  facet normal 0.751787 0.659406 0
    outer loop
      vertex 75.448 -38.2505 0
      vertex 75.5515 -38.3685 1.5
      vertex 75.5515 -38.3685 0
    endloop
  endfacet
  facet normal -0.947013 -0.321194 0
    outer loop
      vertex 77.5591 -37.2094 0
      vertex 77.5087 -37.0608 1.5
      vertex 77.5087 -37.0608 0
    endloop
  endfacet
  facet normal -0.947013 -0.321194 0
    outer loop
      vertex 77.5087 -37.0608 1.5
      vertex 77.5591 -37.2094 0
      vertex 77.5591 -37.2094 1.5
    endloop
  endfacet
  facet normal -0.751787 -0.659406 0
    outer loop
      vertex 77.352 -36.7895 0
      vertex 77.2485 -36.6715 1.5
      vertex 77.2485 -36.6715 0
    endloop
  endfacet
  facet normal -0.751787 -0.659406 0
    outer loop
      vertex 77.2485 -36.6715 1.5
      vertex 77.352 -36.7895 0
      vertex 77.352 -36.7895 1.5
    endloop
  endfacet
  facet normal -0.442622 -0.896708 0
    outer loop
      vertex 76.8592 -36.4113 0
      vertex 77 -36.4808 1.5
      vertex 76.8592 -36.4113 1.5
    endloop
  endfacet
  facet normal -0.442622 -0.896708 -0
    outer loop
      vertex 77 -36.4808 1.5
      vertex 76.8592 -36.4113 0
      vertex 77 -36.4808 0
    endloop
  endfacet
  facet normal 0.997844 -0.0656309 0
    outer loop
      vertex 75.2 -37.52 1.5
      vertex 75.2103 -37.3634 0
      vertex 75.2103 -37.3634 1.5
    endloop
  endfacet
  facet normal 0.997844 -0.0656309 0
    outer loop
      vertex 75.2103 -37.3634 0
      vertex 75.2 -37.52 1.5
      vertex 75.2 -37.52 0
    endloop
  endfacet
  facet normal 0.947013 -0.321194 0
    outer loop
      vertex 75.2409 -37.2094 1.5
      vertex 75.2913 -37.0608 0
      vertex 75.2913 -37.0608 1.5
    endloop
  endfacet
  facet normal 0.947013 -0.321194 0
    outer loop
      vertex 75.2913 -37.0608 0
      vertex 75.2409 -37.2094 1.5
      vertex 75.2409 -37.2094 0
    endloop
  endfacet
  facet normal 0.831462 -0.555582 0
    outer loop
      vertex 75.3608 -36.92 1.5
      vertex 75.448 -36.7895 0
      vertex 75.448 -36.7895 1.5
    endloop
  endfacet
  facet normal 0.831462 -0.555582 0
    outer loop
      vertex 75.448 -36.7895 0
      vertex 75.3608 -36.92 1.5
      vertex 75.3608 -36.92 0
    endloop
  endfacet
  facet normal 0.0656309 -0.997844 0
    outer loop
      vertex 76.2434 -36.3303 0
      vertex 76.4 -36.32 1.5
      vertex 76.2434 -36.3303 1.5
    endloop
  endfacet
  facet normal 0.0656309 -0.997844 0
    outer loop
      vertex 76.4 -36.32 1.5
      vertex 76.2434 -36.3303 0
      vertex 76.4 -36.32 0
    endloop
  endfacet
  facet normal 0.555582 -0.831462 0
    outer loop
      vertex 75.6695 -36.568 0
      vertex 75.8 -36.4808 1.5
      vertex 75.6695 -36.568 1.5
    endloop
  endfacet
  facet normal 0.555582 -0.831462 0
    outer loop
      vertex 75.8 -36.4808 1.5
      vertex 75.6695 -36.568 0
      vertex 75.8 -36.4808 0
    endloop
  endfacet
  facet normal 0.442622 -0.896708 0
    outer loop
      vertex 75.8 -36.4808 0
      vertex 75.9408 -36.4113 1.5
      vertex 75.8 -36.4808 1.5
    endloop
  endfacet
  facet normal 0.442622 -0.896708 0
    outer loop
      vertex 75.9408 -36.4113 1.5
      vertex 75.8 -36.4808 0
      vertex 75.9408 -36.4113 0
    endloop
  endfacet
  facet normal -0.997844 0.0656309 0
    outer loop
      vertex 77.5897 -37.6766 0
      vertex 77.6 -37.52 1.5
      vertex 77.6 -37.52 0
    endloop
  endfacet
  facet normal -0.997844 0.0656309 0
    outer loop
      vertex 77.6 -37.52 1.5
      vertex 77.5897 -37.6766 0
      vertex 77.5897 -37.6766 1.5
    endloop
  endfacet
  facet normal -0.0656309 0.997844 0
    outer loop
      vertex 76.5566 -38.7097 0
      vertex 76.4 -38.72 1.5
      vertex 76.5566 -38.7097 1.5
    endloop
  endfacet
  facet normal -0.0656309 0.997844 0
    outer loop
      vertex 76.4 -38.72 1.5
      vertex 76.5566 -38.7097 0
      vertex 76.4 -38.72 0
    endloop
  endfacet
  facet normal -0.896708 0.442622 0
    outer loop
      vertex 77.4392 -38.12 0
      vertex 77.5087 -37.9792 1.5
      vertex 77.5087 -37.9792 0
    endloop
  endfacet
  facet normal -0.896708 0.442622 0
    outer loop
      vertex 77.5087 -37.9792 1.5
      vertex 77.4392 -38.12 0
      vertex 77.4392 -38.12 1.5
    endloop
  endfacet
  facet normal -0.659406 0.751787 0
    outer loop
      vertex 77.2485 -38.3685 0
      vertex 77.1305 -38.472 1.5
      vertex 77.2485 -38.3685 1.5
    endloop
  endfacet
  facet normal -0.659406 0.751787 0
    outer loop
      vertex 77.1305 -38.472 1.5
      vertex 77.2485 -38.3685 0
      vertex 77.1305 -38.472 0
    endloop
  endfacet
  facet normal -0.442622 0.896708 0
    outer loop
      vertex 77 -38.5592 0
      vertex 76.8592 -38.6287 1.5
      vertex 77 -38.5592 1.5
    endloop
  endfacet
  facet normal -0.442622 0.896708 0
    outer loop
      vertex 76.8592 -38.6287 1.5
      vertex 77 -38.5592 0
      vertex 76.8592 -38.6287 0
    endloop
  endfacet
  facet normal 0.555582 0.831462 -0
    outer loop
      vertex 75.8 -38.5592 0
      vertex 75.6695 -38.472 1.5
      vertex 75.8 -38.5592 1.5
    endloop
  endfacet
  facet normal 0.555582 0.831462 0
    outer loop
      vertex 75.6695 -38.472 1.5
      vertex 75.8 -38.5592 0
      vertex 75.6695 -38.472 0
    endloop
  endfacet
  facet normal 0.947013 0.321194 0
    outer loop
      vertex 75.2913 -37.9792 1.5
      vertex 75.2409 -37.8306 0
      vertex 75.2409 -37.8306 1.5
    endloop
  endfacet
  facet normal 0.947013 0.321194 0
    outer loop
      vertex 75.2409 -37.8306 0
      vertex 75.2913 -37.9792 1.5
      vertex 75.2913 -37.9792 0
    endloop
  endfacet
  facet normal 0.997844 0.0656309 0
    outer loop
      vertex 75.2103 -37.6766 1.5
      vertex 75.2 -37.52 0
      vertex 75.2 -37.52 1.5
    endloop
  endfacet
  facet normal 0.997844 0.0656309 0
    outer loop
      vertex 75.2 -37.52 0
      vertex 75.2103 -37.6766 1.5
      vertex 75.2103 -37.6766 0
    endloop
  endfacet
  facet normal 0.896708 0.442622 0
    outer loop
      vertex 75.3608 -38.12 1.5
      vertex 75.2913 -37.9792 0
      vertex 75.2913 -37.9792 1.5
    endloop
  endfacet
  facet normal 0.896708 0.442622 0
    outer loop
      vertex 75.2913 -37.9792 0
      vertex 75.3608 -38.12 1.5
      vertex 75.3608 -38.12 0
    endloop
  endfacet
  facet normal -0.194891 0.980825 0
    outer loop
      vertex 76.7106 -38.6791 0
      vertex 76.5566 -38.7097 1.5
      vertex 76.7106 -38.6791 1.5
    endloop
  endfacet
  facet normal -0.194891 0.980825 0
    outer loop
      vertex 76.5566 -38.7097 1.5
      vertex 76.7106 -38.6791 0
      vertex 76.5566 -38.7097 0
    endloop
  endfacet
  facet normal -0.555582 0.831462 0
    outer loop
      vertex 77.1305 -38.472 0
      vertex 77 -38.5592 1.5
      vertex 77.1305 -38.472 1.5
    endloop
  endfacet
  facet normal -0.555582 0.831462 0
    outer loop
      vertex 77 -38.5592 1.5
      vertex 77.1305 -38.472 0
      vertex 77 -38.5592 0
    endloop
  endfacet
  facet normal 0.0656309 0.997844 -0
    outer loop
      vertex 76.4 -38.72 0
      vertex 76.2434 -38.7097 1.5
      vertex 76.4 -38.72 1.5
    endloop
  endfacet
  facet normal 0.0656309 0.997844 0
    outer loop
      vertex 76.2434 -38.7097 1.5
      vertex 76.4 -38.72 0
      vertex 76.2434 -38.7097 0
    endloop
  endfacet
  facet normal 0.442622 0.896708 -0
    outer loop
      vertex 75.9408 -38.6287 0
      vertex 75.8 -38.5592 1.5
      vertex 75.9408 -38.6287 1.5
    endloop
  endfacet
  facet normal 0.442622 0.896708 0
    outer loop
      vertex 75.8 -38.5592 1.5
      vertex 75.9408 -38.6287 0
      vertex 75.8 -38.5592 0
    endloop
  endfacet
  facet normal 0.980825 0.194891 0
    outer loop
      vertex 75.2409 -37.8306 1.5
      vertex 75.2103 -37.6766 0
      vertex 75.2103 -37.6766 1.5
    endloop
  endfacet
  facet normal 0.980825 0.194891 0
    outer loop
      vertex 75.2103 -37.6766 0
      vertex 75.2409 -37.8306 1.5
      vertex 75.2409 -37.8306 0
    endloop
  endfacet
  facet normal 0.831462 0.555582 0
    outer loop
      vertex 75.448 -38.2505 1.5
      vertex 75.3608 -38.12 0
      vertex 75.3608 -38.12 1.5
    endloop
  endfacet
  facet normal 0.831462 0.555582 0
    outer loop
      vertex 75.3608 -38.12 0
      vertex 75.448 -38.2505 1.5
      vertex 75.448 -38.2505 0
    endloop
  endfacet
  facet normal -0.831462 0.555582 0
    outer loop
      vertex 77.352 -38.2505 0
      vertex 77.4392 -38.12 1.5
      vertex 77.4392 -38.12 0
    endloop
  endfacet
  facet normal -0.831462 0.555582 0
    outer loop
      vertex 77.4392 -38.12 1.5
      vertex 77.352 -38.2505 0
      vertex 77.352 -38.2505 1.5
    endloop
  endfacet
  facet normal -0.751787 0.659406 0
    outer loop
      vertex 77.2485 -38.3685 0
      vertex 77.352 -38.2505 1.5
      vertex 77.352 -38.2505 0
    endloop
  endfacet
  facet normal -0.751787 0.659406 0
    outer loop
      vertex 77.352 -38.2505 1.5
      vertex 77.2485 -38.3685 0
      vertex 77.2485 -38.3685 1.5
    endloop
  endfacet
  facet normal -0.997844 -0.0656309 0
    outer loop
      vertex 77.6 37.53 0
      vertex 77.5897 37.6866 1.5
      vertex 77.5897 37.6866 0
    endloop
  endfacet
  facet normal -0.997844 -0.0656309 0
    outer loop
      vertex 77.5897 37.6866 1.5
      vertex 77.6 37.53 0
      vertex 77.6 37.53 1.5
    endloop
  endfacet
  facet normal 0.997844 -0.0656309 0
    outer loop
      vertex 75.2 37.53 1.5
      vertex 75.2103 37.6866 0
      vertex 75.2103 37.6866 1.5
    endloop
  endfacet
  facet normal 0.997844 -0.0656309 0
    outer loop
      vertex 75.2103 37.6866 0
      vertex 75.2 37.53 1.5
      vertex 75.2 37.53 0
    endloop
  endfacet
  facet normal -0.0656309 -0.997844 0
    outer loop
      vertex 76.4 38.73 0
      vertex 76.5566 38.7197 1.5
      vertex 76.4 38.73 1.5
    endloop
  endfacet
  facet normal -0.0656309 -0.997844 -0
    outer loop
      vertex 76.5566 38.7197 1.5
      vertex 76.4 38.73 0
      vertex 76.5566 38.7197 0
    endloop
  endfacet
  facet normal -0.0656309 0.997844 0
    outer loop
      vertex 76.5566 36.3403 0
      vertex 76.4 36.33 1.5
      vertex 76.5566 36.3403 1.5
    endloop
  endfacet
  facet normal -0.0656309 0.997844 0
    outer loop
      vertex 76.4 36.33 1.5
      vertex 76.5566 36.3403 0
      vertex 76.4 36.33 0
    endloop
  endfacet
  facet normal -0.751787 -0.659406 0
    outer loop
      vertex 77.352 38.2605 0
      vertex 77.2485 38.3785 1.5
      vertex 77.2485 38.3785 0
    endloop
  endfacet
  facet normal -0.751787 -0.659406 0
    outer loop
      vertex 77.2485 38.3785 1.5
      vertex 77.352 38.2605 0
      vertex 77.352 38.2605 1.5
    endloop
  endfacet
  facet normal 0.659406 -0.751787 0
    outer loop
      vertex 75.5515 38.3785 0
      vertex 75.6695 38.482 1.5
      vertex 75.5515 38.3785 1.5
    endloop
  endfacet
  facet normal 0.659406 -0.751787 0
    outer loop
      vertex 75.6695 38.482 1.5
      vertex 75.5515 38.3785 0
      vertex 75.6695 38.482 0
    endloop
  endfacet
  facet normal 0.321194 -0.947013 0
    outer loop
      vertex 75.9408 38.6387 0
      vertex 76.0894 38.6891 1.5
      vertex 75.9408 38.6387 1.5
    endloop
  endfacet
  facet normal 0.321194 -0.947013 0
    outer loop
      vertex 76.0894 38.6891 1.5
      vertex 75.9408 38.6387 0
      vertex 76.0894 38.6891 0
    endloop
  endfacet
  facet normal -0.831462 0.555582 0
    outer loop
      vertex 77.352 36.7995 0
      vertex 77.4392 36.93 1.5
      vertex 77.4392 36.93 0
    endloop
  endfacet
  facet normal -0.831462 0.555582 0
    outer loop
      vertex 77.4392 36.93 1.5
      vertex 77.352 36.7995 0
      vertex 77.352 36.7995 1.5
    endloop
  endfacet
  facet normal -0.896708 -0.442622 0
    outer loop
      vertex 77.5087 37.9892 0
      vertex 77.4392 38.13 1.5
      vertex 77.4392 38.13 0
    endloop
  endfacet
  facet normal -0.896708 -0.442622 0
    outer loop
      vertex 77.4392 38.13 1.5
      vertex 77.5087 37.9892 0
      vertex 77.5087 37.9892 1.5
    endloop
  endfacet
  facet normal -0.980825 -0.194891 0
    outer loop
      vertex 77.5897 37.6866 0
      vertex 77.5591 37.8406 1.5
      vertex 77.5591 37.8406 0
    endloop
  endfacet
  facet normal -0.980825 -0.194891 0
    outer loop
      vertex 77.5591 37.8406 1.5
      vertex 77.5897 37.6866 0
      vertex 77.5897 37.6866 1.5
    endloop
  endfacet
  facet normal -0.831462 -0.555582 0
    outer loop
      vertex 77.4392 38.13 0
      vertex 77.352 38.2605 1.5
      vertex 77.352 38.2605 0
    endloop
  endfacet
  facet normal -0.831462 -0.555582 0
    outer loop
      vertex 77.352 38.2605 1.5
      vertex 77.4392 38.13 0
      vertex 77.4392 38.13 1.5
    endloop
  endfacet
  facet normal -0.442622 -0.896708 0
    outer loop
      vertex 76.8592 38.6387 0
      vertex 77 38.5692 1.5
      vertex 76.8592 38.6387 1.5
    endloop
  endfacet
  facet normal -0.442622 -0.896708 -0
    outer loop
      vertex 77 38.5692 1.5
      vertex 76.8592 38.6387 0
      vertex 77 38.5692 0
    endloop
  endfacet
  facet normal -0.321194 -0.947013 0
    outer loop
      vertex 76.7106 38.6891 0
      vertex 76.8592 38.6387 1.5
      vertex 76.7106 38.6891 1.5
    endloop
  endfacet
  facet normal -0.321194 -0.947013 -0
    outer loop
      vertex 76.8592 38.6387 1.5
      vertex 76.7106 38.6891 0
      vertex 76.8592 38.6387 0
    endloop
  endfacet
  facet normal -0.555582 -0.831462 0
    outer loop
      vertex 77 38.5692 0
      vertex 77.1305 38.482 1.5
      vertex 77 38.5692 1.5
    endloop
  endfacet
  facet normal -0.555582 -0.831462 -0
    outer loop
      vertex 77.1305 38.482 1.5
      vertex 77 38.5692 0
      vertex 77.1305 38.482 0
    endloop
  endfacet
  facet normal 0.896708 -0.442622 0
    outer loop
      vertex 75.2913 37.9892 1.5
      vertex 75.3608 38.13 0
      vertex 75.3608 38.13 1.5
    endloop
  endfacet
  facet normal 0.896708 -0.442622 0
    outer loop
      vertex 75.3608 38.13 0
      vertex 75.2913 37.9892 1.5
      vertex 75.2913 37.9892 0
    endloop
  endfacet
  facet normal 0.751787 -0.659406 0
    outer loop
      vertex 75.448 38.2605 1.5
      vertex 75.5515 38.3785 0
      vertex 75.5515 38.3785 1.5
    endloop
  endfacet
  facet normal 0.751787 -0.659406 0
    outer loop
      vertex 75.5515 38.3785 0
      vertex 75.448 38.2605 1.5
      vertex 75.448 38.2605 0
    endloop
  endfacet
  facet normal 0.947013 -0.321194 0
    outer loop
      vertex 75.2409 37.8406 1.5
      vertex 75.2913 37.9892 0
      vertex 75.2913 37.9892 1.5
    endloop
  endfacet
  facet normal 0.947013 -0.321194 0
    outer loop
      vertex 75.2913 37.9892 0
      vertex 75.2409 37.8406 1.5
      vertex 75.2409 37.8406 0
    endloop
  endfacet
  facet normal 0.442622 -0.896708 0
    outer loop
      vertex 75.8 38.5692 0
      vertex 75.9408 38.6387 1.5
      vertex 75.8 38.5692 1.5
    endloop
  endfacet
  facet normal 0.442622 -0.896708 0
    outer loop
      vertex 75.9408 38.6387 1.5
      vertex 75.8 38.5692 0
      vertex 75.9408 38.6387 0
    endloop
  endfacet
  facet normal 0.194891 -0.980825 0
    outer loop
      vertex 76.0894 38.6891 0
      vertex 76.2434 38.7197 1.5
      vertex 76.0894 38.6891 1.5
    endloop
  endfacet
  facet normal 0.194891 -0.980825 0
    outer loop
      vertex 76.2434 38.7197 1.5
      vertex 76.0894 38.6891 0
      vertex 76.2434 38.7197 0
    endloop
  endfacet
  facet normal -0.194891 0.980825 0
    outer loop
      vertex 76.7106 36.3709 0
      vertex 76.5566 36.3403 1.5
      vertex 76.7106 36.3709 1.5
    endloop
  endfacet
  facet normal -0.194891 0.980825 0
    outer loop
      vertex 76.5566 36.3403 1.5
      vertex 76.7106 36.3709 0
      vertex 76.5566 36.3403 0
    endloop
  endfacet
  facet normal -0.947013 -0.321194 0
    outer loop
      vertex 77.5591 37.8406 0
      vertex 77.5087 37.9892 1.5
      vertex 77.5087 37.9892 0
    endloop
  endfacet
  facet normal -0.947013 -0.321194 0
    outer loop
      vertex 77.5087 37.9892 1.5
      vertex 77.5591 37.8406 0
      vertex 77.5591 37.8406 1.5
    endloop
  endfacet
  facet normal -0.194891 -0.980825 0
    outer loop
      vertex 76.5566 38.7197 0
      vertex 76.7106 38.6891 1.5
      vertex 76.5566 38.7197 1.5
    endloop
  endfacet
  facet normal -0.194891 -0.980825 -0
    outer loop
      vertex 76.7106 38.6891 1.5
      vertex 76.5566 38.7197 0
      vertex 76.7106 38.6891 0
    endloop
  endfacet
  facet normal -0.659406 -0.751787 0
    outer loop
      vertex 77.1305 38.482 0
      vertex 77.2485 38.3785 1.5
      vertex 77.1305 38.482 1.5
    endloop
  endfacet
  facet normal -0.659406 -0.751787 -0
    outer loop
      vertex 77.2485 38.3785 1.5
      vertex 77.1305 38.482 0
      vertex 77.2485 38.3785 0
    endloop
  endfacet
  facet normal 0.831462 -0.555582 0
    outer loop
      vertex 75.3608 38.13 1.5
      vertex 75.448 38.2605 0
      vertex 75.448 38.2605 1.5
    endloop
  endfacet
  facet normal 0.831462 -0.555582 0
    outer loop
      vertex 75.448 38.2605 0
      vertex 75.3608 38.13 1.5
      vertex 75.3608 38.13 0
    endloop
  endfacet
  facet normal 0.980825 -0.194891 0
    outer loop
      vertex 75.2103 37.6866 1.5
      vertex 75.2409 37.8406 0
      vertex 75.2409 37.8406 1.5
    endloop
  endfacet
  facet normal 0.980825 -0.194891 0
    outer loop
      vertex 75.2409 37.8406 0
      vertex 75.2103 37.6866 1.5
      vertex 75.2103 37.6866 0
    endloop
  endfacet
  facet normal 0.555582 -0.831462 0
    outer loop
      vertex 75.6695 38.482 0
      vertex 75.8 38.5692 1.5
      vertex 75.6695 38.482 1.5
    endloop
  endfacet
  facet normal 0.555582 -0.831462 0
    outer loop
      vertex 75.8 38.5692 1.5
      vertex 75.6695 38.482 0
      vertex 75.8 38.5692 0
    endloop
  endfacet
  facet normal 0.0656309 -0.997844 0
    outer loop
      vertex 76.2434 38.7197 0
      vertex 76.4 38.73 1.5
      vertex 76.2434 38.7197 1.5
    endloop
  endfacet
  facet normal 0.0656309 -0.997844 0
    outer loop
      vertex 76.4 38.73 1.5
      vertex 76.2434 38.7197 0
      vertex 76.4 38.73 0
    endloop
  endfacet
  facet normal -0.997844 0.0656309 0
    outer loop
      vertex 77.5897 37.3734 0
      vertex 77.6 37.53 1.5
      vertex 77.6 37.53 0
    endloop
  endfacet
  facet normal -0.997844 0.0656309 0
    outer loop
      vertex 77.6 37.53 1.5
      vertex 77.5897 37.3734 0
      vertex 77.5897 37.3734 1.5
    endloop
  endfacet
  facet normal -0.751787 0.659406 0
    outer loop
      vertex 77.2485 36.6815 0
      vertex 77.352 36.7995 1.5
      vertex 77.352 36.7995 0
    endloop
  endfacet
  facet normal -0.751787 0.659406 0
    outer loop
      vertex 77.352 36.7995 1.5
      vertex 77.2485 36.6815 0
      vertex 77.2485 36.6815 1.5
    endloop
  endfacet
  facet normal -0.980825 0.194891 0
    outer loop
      vertex 77.5591 37.2194 0
      vertex 77.5897 37.3734 1.5
      vertex 77.5897 37.3734 0
    endloop
  endfacet
  facet normal -0.980825 0.194891 0
    outer loop
      vertex 77.5897 37.3734 1.5
      vertex 77.5591 37.2194 0
      vertex 77.5591 37.2194 1.5
    endloop
  endfacet
  facet normal 0.896708 0.442622 0
    outer loop
      vertex 75.3608 36.93 1.5
      vertex 75.2913 37.0708 0
      vertex 75.2913 37.0708 1.5
    endloop
  endfacet
  facet normal 0.896708 0.442622 0
    outer loop
      vertex 75.2913 37.0708 0
      vertex 75.3608 36.93 1.5
      vertex 75.3608 36.93 0
    endloop
  endfacet
  facet normal -0.555582 0.831462 0
    outer loop
      vertex 77.1305 36.578 0
      vertex 77 36.4908 1.5
      vertex 77.1305 36.578 1.5
    endloop
  endfacet
  facet normal -0.555582 0.831462 0
    outer loop
      vertex 77 36.4908 1.5
      vertex 77.1305 36.578 0
      vertex 77 36.4908 0
    endloop
  endfacet
  facet normal -0.659406 0.751787 0
    outer loop
      vertex 77.2485 36.6815 0
      vertex 77.1305 36.578 1.5
      vertex 77.2485 36.6815 1.5
    endloop
  endfacet
  facet normal -0.659406 0.751787 0
    outer loop
      vertex 77.1305 36.578 1.5
      vertex 77.2485 36.6815 0
      vertex 77.1305 36.578 0
    endloop
  endfacet
  facet normal -0.896708 0.442622 0
    outer loop
      vertex 77.4392 36.93 0
      vertex 77.5087 37.0708 1.5
      vertex 77.5087 37.0708 0
    endloop
  endfacet
  facet normal -0.896708 0.442622 0
    outer loop
      vertex 77.5087 37.0708 1.5
      vertex 77.4392 36.93 0
      vertex 77.4392 36.93 1.5
    endloop
  endfacet
  facet normal 0.947013 0.321194 0
    outer loop
      vertex 75.2913 37.0708 1.5
      vertex 75.2409 37.2194 0
      vertex 75.2409 37.2194 1.5
    endloop
  endfacet
  facet normal 0.947013 0.321194 0
    outer loop
      vertex 75.2409 37.2194 0
      vertex 75.2913 37.0708 1.5
      vertex 75.2913 37.0708 0
    endloop
  endfacet
  facet normal -0.442622 0.896708 0
    outer loop
      vertex 77 36.4908 0
      vertex 76.8592 36.4213 1.5
      vertex 77 36.4908 1.5
    endloop
  endfacet
  facet normal -0.442622 0.896708 0
    outer loop
      vertex 76.8592 36.4213 1.5
      vertex 77 36.4908 0
      vertex 76.8592 36.4213 0
    endloop
  endfacet
  facet normal -0.321194 0.947013 0
    outer loop
      vertex 76.8592 36.4213 0
      vertex 76.7106 36.3709 1.5
      vertex 76.8592 36.4213 1.5
    endloop
  endfacet
  facet normal -0.321194 0.947013 0
    outer loop
      vertex 76.7106 36.3709 1.5
      vertex 76.8592 36.4213 0
      vertex 76.7106 36.3709 0
    endloop
  endfacet
  facet normal -0.947013 0.321194 0
    outer loop
      vertex 77.5087 37.0708 0
      vertex 77.5591 37.2194 1.5
      vertex 77.5591 37.2194 0
    endloop
  endfacet
  facet normal -0.947013 0.321194 0
    outer loop
      vertex 77.5591 37.2194 1.5
      vertex 77.5087 37.0708 0
      vertex 77.5087 37.0708 1.5
    endloop
  endfacet
  facet normal 0.0656309 0.997844 -0
    outer loop
      vertex 76.4 36.33 0
      vertex 76.2434 36.3403 1.5
      vertex 76.4 36.33 1.5
    endloop
  endfacet
  facet normal 0.0656309 0.997844 0
    outer loop
      vertex 76.2434 36.3403 1.5
      vertex 76.4 36.33 0
      vertex 76.2434 36.3403 0
    endloop
  endfacet
  facet normal 0.321194 0.947013 -0
    outer loop
      vertex 76.0894 36.3709 0
      vertex 75.9408 36.4213 1.5
      vertex 76.0894 36.3709 1.5
    endloop
  endfacet
  facet normal 0.321194 0.947013 0
    outer loop
      vertex 75.9408 36.4213 1.5
      vertex 76.0894 36.3709 0
      vertex 75.9408 36.4213 0
    endloop
  endfacet
  facet normal 0.194891 0.980825 -0
    outer loop
      vertex 76.2434 36.3403 0
      vertex 76.0894 36.3709 1.5
      vertex 76.2434 36.3403 1.5
    endloop
  endfacet
  facet normal 0.194891 0.980825 0
    outer loop
      vertex 76.0894 36.3709 1.5
      vertex 76.2434 36.3403 0
      vertex 76.0894 36.3709 0
    endloop
  endfacet
  facet normal 0.751787 0.659406 0
    outer loop
      vertex 75.5515 36.6815 1.5
      vertex 75.448 36.7995 0
      vertex 75.448 36.7995 1.5
    endloop
  endfacet
  facet normal 0.751787 0.659406 0
    outer loop
      vertex 75.448 36.7995 0
      vertex 75.5515 36.6815 1.5
      vertex 75.5515 36.6815 0
    endloop
  endfacet
  facet normal 0.659406 0.751787 -0
    outer loop
      vertex 75.6695 36.578 0
      vertex 75.5515 36.6815 1.5
      vertex 75.6695 36.578 1.5
    endloop
  endfacet
  facet normal 0.659406 0.751787 0
    outer loop
      vertex 75.5515 36.6815 1.5
      vertex 75.6695 36.578 0
      vertex 75.5515 36.6815 0
    endloop
  endfacet
  facet normal 0.980825 0.194891 0
    outer loop
      vertex 75.2409 37.2194 1.5
      vertex 75.2103 37.3734 0
      vertex 75.2103 37.3734 1.5
    endloop
  endfacet
  facet normal 0.980825 0.194891 0
    outer loop
      vertex 75.2103 37.3734 0
      vertex 75.2409 37.2194 1.5
      vertex 75.2409 37.2194 0
    endloop
  endfacet
  facet normal 0.997844 0.0656309 0
    outer loop
      vertex 75.2103 37.3734 1.5
      vertex 75.2 37.53 0
      vertex 75.2 37.53 1.5
    endloop
  endfacet
  facet normal 0.997844 0.0656309 0
    outer loop
      vertex 75.2 37.53 0
      vertex 75.2103 37.3734 1.5
      vertex 75.2103 37.3734 0
    endloop
  endfacet
  facet normal 0.555582 0.831462 -0
    outer loop
      vertex 75.8 36.4908 0
      vertex 75.6695 36.578 1.5
      vertex 75.8 36.4908 1.5
    endloop
  endfacet
  facet normal 0.555582 0.831462 0
    outer loop
      vertex 75.6695 36.578 1.5
      vertex 75.8 36.4908 0
      vertex 75.6695 36.578 0
    endloop
  endfacet
  facet normal 0.831462 0.555582 0
    outer loop
      vertex 75.448 36.7995 1.5
      vertex 75.3608 36.93 0
      vertex 75.3608 36.93 1.5
    endloop
  endfacet
  facet normal 0.831462 0.555582 0
    outer loop
      vertex 75.3608 36.93 0
      vertex 75.448 36.7995 1.5
      vertex 75.448 36.7995 0
    endloop
  endfacet
  facet normal 0.442622 0.896708 -0
    outer loop
      vertex 75.9408 36.4213 0
      vertex 75.8 36.4908 1.5
      vertex 75.9408 36.4213 1.5
    endloop
  endfacet
  facet normal 0.442622 0.896708 0
    outer loop
      vertex 75.8 36.4908 1.5
      vertex 75.9408 36.4213 0
      vertex 75.8 36.4908 0
    endloop
  endfacet
endsolid OpenSCAD_Model
