solid OpenSCAD_Model
  facet normal -0.94691 -0.321498 0
    outer loop
      vertex -49.1705 -48.3557 0
      vertex -49.3387 -47.8603 10
      vertex -49.3387 -47.8603 0
    endloop
  endfacet
  facet normal -0.94691 -0.321498 0
    outer loop
      vertex -49.3387 -47.8603 10
      vertex -49.1705 -48.3557 0
      vertex -49.1705 -48.3557 10
    endloop
  endfacet
  facet normal -0.896898 -0.442238 0
    outer loop
      vertex -48.9391 -48.825 0
      vertex -49.1705 -48.3557 10
      vertex -49.1705 -48.3557 0
    endloop
  endfacet
  facet normal -0.896898 -0.442238 0
    outer loop
      vertex -49.1705 -48.3557 10
      vertex -48.9391 -48.825 0
      vertex -48.9391 -48.825 10
    endloop
  endfacet
  facet normal 0.751842 -0.659343 0
    outer loop
      vertex 48.3034 -49.6534 10
      vertex 48.6484 -49.26 1.5
      vertex 48.6484 -49.26 10
    endloop
  endfacet
  facet normal 0.751842 -0.659343 0
    outer loop
      vertex 48.6484 -49.26 1.5
      vertex 48.3034 -49.6534 10
      vertex 48.3034 -49.6534 1.5
    endloop
  endfacet
  facet normal -0.980779 -0.195124 0
    outer loop
      vertex -49.3387 -47.8603 0
      vertex -49.4408 -47.3471 10
      vertex -49.4408 -47.3471 0
    endloop
  endfacet
  facet normal -0.980779 -0.195124 0
    outer loop
      vertex -49.4408 -47.3471 10
      vertex -49.3387 -47.8603 0
      vertex -49.3387 -47.8603 10
    endloop
  endfacet
  facet normal 0 0 -1
    outer loop
      vertex 49.475 1.33 0
      vertex 56.755 6.38 0
      vertex 56.755 1.33 0
    endloop
  endfacet
  facet normal -0 0 -1
    outer loop
      vertex 56.755 6.38 0
      vertex 49.475 1.33 0
      vertex 49.475 6.38 0
    endloop
  endfacet
  facet normal 0 0 -1
    outer loop
      vertex 49.475 -17.72 0
      vertex 56.755 -12.67 0
      vertex 56.755 -17.72 0
    endloop
  endfacet
  facet normal -0 0 -1
    outer loop
      vertex 56.755 -12.67 0
      vertex 49.475 -17.72 0
      vertex 49.475 -12.67 0
    endloop
  endfacet
  facet normal 0 0 -1
    outer loop
      vertex 61.795 1.33 0
      vertex 75.795 6.38 0
      vertex 75.795 1.33 0
    endloop
  endfacet
  facet normal -0 0 -1
    outer loop
      vertex 75.795 6.38 0
      vertex 61.795 1.33 0
      vertex 61.795 6.38 0
    endloop
  endfacet
  facet normal 0 0 -1
    outer loop
      vertex 80.855 1.33 0
      vertex 94.855 6.38 0
      vertex 94.855 1.33 0
    endloop
  endfacet
  facet normal -0 0 -1
    outer loop
      vertex 94.855 6.38 0
      vertex 80.855 1.33 0
      vertex 80.855 6.38 0
    endloop
  endfacet
  facet normal 0 0 -1
    outer loop
      vertex 100.855 -20.72 0
      vertex 80.855 -12.67 0
      vertex 94.855 -12.67 0
    endloop
  endfacet
  facet normal 0 0 -1
    outer loop
      vertex 75.795 1.33 0
      vertex 80.855 1.33 0
      vertex 80.855 -12.67 0
    endloop
  endfacet
  facet normal 0 0 -1
    outer loop
      vertex 80.855 1.33 0
      vertex 75.795 1.33 0
      vertex 80.855 6.38 0
    endloop
  endfacet
  facet normal 0 0 -1
    outer loop
      vertex 75.795 1.33 0
      vertex 80.855 -12.67 0
      vertex 75.795 -12.67 0
    endloop
  endfacet
  facet normal 0 0 -1
    outer loop
      vertex 74.855 -20.72 0
      vertex 80.855 -12.67 0
      vertex 100.855 -20.72 0
    endloop
  endfacet
  facet normal -0 0 -1
    outer loop
      vertex 80.855 -12.67 0
      vertex 74.855 -20.72 0
      vertex 75.795 -12.67 0
    endloop
  endfacet
  facet normal 0 0 -1
    outer loop
      vertex 73.7522 -24.0674 0
      vertex 74.855 -20.72 0
      vertex 73.795 -24.72 0
    endloop
  endfacet
  facet normal 0 0 -1
    outer loop
      vertex 73.6246 -23.4259 0
      vertex 74.855 -20.72 0
      vertex 73.7522 -24.0674 0
    endloop
  endfacet
  facet normal 0 0 -1
    outer loop
      vertex 73.4144 -22.8066 0
      vertex 74.855 -20.72 0
      vertex 73.6246 -23.4259 0
    endloop
  endfacet
  facet normal 0 0 -1
    outer loop
      vertex 73.1251 -22.22 0
      vertex 74.855 -20.72 0
      vertex 73.4144 -22.8066 0
    endloop
  endfacet
  facet normal 0 0 -1
    outer loop
      vertex 72.7618 -21.6762 0
      vertex 74.855 -20.72 0
      vertex 73.1251 -22.22 0
    endloop
  endfacet
  facet normal 0 0 -1
    outer loop
      vertex 72.3305 -21.1845 0
      vertex 74.855 -20.72 0
      vertex 72.7618 -21.6762 0
    endloop
  endfacet
  facet normal 0 0 -1
    outer loop
      vertex 71.8388 -20.7532 0
      vertex 74.855 -20.72 0
      vertex 72.3305 -21.1845 0
    endloop
  endfacet
  facet normal 0 0 -1
    outer loop
      vertex 71.295 -20.3899 0
      vertex 74.855 -20.72 0
      vertex 71.8388 -20.7532 0
    endloop
  endfacet
  facet normal 0 0 -1
    outer loop
      vertex 74.855 -20.72 0
      vertex 71.295 -20.3899 0
      vertex 75.795 -12.67 0
    endloop
  endfacet
  facet normal 0 0 -1
    outer loop
      vertex 70.7084 -20.1006 0
      vertex 75.795 -12.67 0
      vertex 71.295 -20.3899 0
    endloop
  endfacet
  facet normal 0 0 -1
    outer loop
      vertex 70.0891 -19.8904 0
      vertex 75.795 -12.67 0
      vertex 70.7084 -20.1006 0
    endloop
  endfacet
  facet normal 0 0 -1
    outer loop
      vertex 69.4476 -19.7628 0
      vertex 75.795 -12.67 0
      vertex 70.0891 -19.8904 0
    endloop
  endfacet
  facet normal 0 0 -1
    outer loop
      vertex 68.795 -19.72 0
      vertex 75.795 -12.67 0
      vertex 69.4476 -19.7628 0
    endloop
  endfacet
  facet normal 0 0 -1
    outer loop
      vertex 61.795 -12.67 0
      vertex 68.795 -19.72 0
      vertex 68.1424 -19.7628 0
    endloop
  endfacet
  facet normal 0 0 -1
    outer loop
      vertex 61.795 -12.67 0
      vertex 68.1424 -19.7628 0
      vertex 67.5009 -19.8904 0
    endloop
  endfacet
  facet normal 0 0 -1
    outer loop
      vertex 61.795 -12.67 0
      vertex 67.5009 -19.8904 0
      vertex 66.8816 -20.1006 0
    endloop
  endfacet
  facet normal 0 0 -1
    outer loop
      vertex 61.795 -12.67 0
      vertex 66.8816 -20.1006 0
      vertex 66.295 -20.3899 0
    endloop
  endfacet
  facet normal 0 0 -1
    outer loop
      vertex 61.795 -12.67 0
      vertex 66.295 -20.3899 0
      vertex 65.7512 -20.7532 0
    endloop
  endfacet
  facet normal 0 0 -1
    outer loop
      vertex 68.795 -19.72 0
      vertex 61.795 -12.67 0
      vertex 75.795 -12.67 0
    endloop
  endfacet
  facet normal 0 0 -1
    outer loop
      vertex 65.2595 -21.1845 0
      vertex 61.795 -12.67 0
      vertex 65.7512 -20.7532 0
    endloop
  endfacet
  facet normal 0 0 -1
    outer loop
      vertex 56.755 -17.72 0
      vertex 65.2595 -21.1845 0
      vertex 64.8282 -21.6762 0
    endloop
  endfacet
  facet normal 0 0 -1
    outer loop
      vertex 56.755 -17.72 0
      vertex 64.8282 -21.6762 0
      vertex 64.4649 -22.22 0
    endloop
  endfacet
  facet normal 0 0 -1
    outer loop
      vertex 56.755 -17.72 0
      vertex 64.4649 -22.22 0
      vertex 64.1756 -22.8066 0
    endloop
  endfacet
  facet normal 0 0 -1
    outer loop
      vertex 56.755 -17.72 0
      vertex 64.1756 -22.8066 0
      vertex 63.9654 -23.4259 0
    endloop
  endfacet
  facet normal 0 0 -1
    outer loop
      vertex 56.755 -17.72 0
      vertex 63.9654 -23.4259 0
      vertex 63.8378 -24.0674 0
    endloop
  endfacet
  facet normal 0 0 -1
    outer loop
      vertex 56.755 -17.72 0
      vertex 63.8378 -24.0674 0
      vertex 63.795 -24.72 0
    endloop
  endfacet
  facet normal 0 0 -1
    outer loop
      vertex 106.964 -42.2608 0
      vertex 113.95 -46.825 0
      vertex 107.014 -42.4094 0
    endloop
  endfacet
  facet normal 0 0 -1
    outer loop
      vertex 113.95 46.825 0
      vertex 107.045 42.5734 0
      vertex 107.055 42.73 0
    endloop
  endfacet
  facet normal 0 0 -1
    outer loop
      vertex 106.894 -42.12 0
      vertex 113.95 -46.825 0
      vertex 106.964 -42.2608 0
    endloop
  endfacet
  facet normal 0 0 -1
    outer loop
      vertex 113.95 46.825 0
      vertex 107.014 42.4194 0
      vertex 107.045 42.5734 0
    endloop
  endfacet
  facet normal 0 0 -1
    outer loop
      vertex 113.95 -46.825 0
      vertex 100.855 -20.72 0
      vertex 113.95 46.825 0
    endloop
  endfacet
  facet normal 0 0 -1
    outer loop
      vertex 113.95 46.825 0
      vertex 106.964 42.2708 0
      vertex 107.014 42.4194 0
    endloop
  endfacet
  facet normal 0 0 -1
    outer loop
      vertex 106.807 -41.9895 0
      vertex 113.95 -46.825 0
      vertex 106.894 -42.12 0
    endloop
  endfacet
  facet normal 0 0 -1
    outer loop
      vertex 94.855 6.38 0
      vertex 113.95 46.825 0
      vertex 100.855 -20.72 0
    endloop
  endfacet
  facet normal 0 0 -1
    outer loop
      vertex 106.704 -41.8715 0
      vertex 113.95 -46.825 0
      vertex 106.807 -41.9895 0
    endloop
  endfacet
  facet normal 0 0 -1
    outer loop
      vertex 113.95 46.825 0
      vertex 106.894 42.13 0
      vertex 106.964 42.2708 0
    endloop
  endfacet
  facet normal 0 0 -1
    outer loop
      vertex 113.95 -46.825 0
      vertex 106.704 -41.8715 0
      vertex 100.855 -28.72 0
    endloop
  endfacet
  facet normal 0 0 -1
    outer loop
      vertex 113.95 46.825 0
      vertex 106.807 41.9995 0
      vertex 106.894 42.13 0
    endloop
  endfacet
  facet normal 0 0 -1
    outer loop
      vertex 100.855 -28.72 0
      vertex 106.704 -41.8715 0
      vertex 106.586 -41.768 0
    endloop
  endfacet
  facet normal 0 0 -1
    outer loop
      vertex 94.855 20.38 0
      vertex 113.95 46.825 0
      vertex 94.855 6.38 0
    endloop
  endfacet
  facet normal 0 0 -1
    outer loop
      vertex 100.855 -28.72 0
      vertex 106.586 -41.768 0
      vertex 106.455 -41.6808 0
    endloop
  endfacet
  facet normal 0 0 -1
    outer loop
      vertex 113.95 46.825 0
      vertex 106.704 41.8815 0
      vertex 106.807 41.9995 0
    endloop
  endfacet
  facet normal 0 0 -1
    outer loop
      vertex 100.855 -28.72 0
      vertex 106.455 -41.6808 0
      vertex 106.314 -41.6113 0
    endloop
  endfacet
  facet normal 0 0 -1
    outer loop
      vertex 113.95 46.825 0
      vertex 94.855 20.38 0
      vertex 106.704 41.8815 0
    endloop
  endfacet
  facet normal 0 0 -1
    outer loop
      vertex 100.855 -28.72 0
      vertex 106.314 -41.6113 0
      vertex 106.166 -41.5609 0
    endloop
  endfacet
  facet normal 0 0 -1
    outer loop
      vertex 106.704 41.8815 0
      vertex 94.855 20.38 0
      vertex 106.586 41.778 0
    endloop
  endfacet
  facet normal 0 0 -1
    outer loop
      vertex 100.855 -28.72 0
      vertex 106.166 -41.5609 0
      vertex 106.012 -41.5303 0
    endloop
  endfacet
  facet normal 0 0 -1
    outer loop
      vertex 106.586 41.778 0
      vertex 94.855 20.38 0
      vertex 106.455 41.6908 0
    endloop
  endfacet
  facet normal 0 0 -1
    outer loop
      vertex 100.855 -28.72 0
      vertex 106.012 -41.5303 0
      vertex 105.855 -41.52 0
    endloop
  endfacet
  facet normal 0 0 -1
    outer loop
      vertex 106.455 41.6908 0
      vertex 94.855 20.38 0
      vertex 106.314 41.6213 0
    endloop
  endfacet
  facet normal 0 0 -1
    outer loop
      vertex 100.855 -28.72 0
      vertex 105.855 -41.52 0
      vertex 105.698 -41.5303 0
    endloop
  endfacet
  facet normal 0 0 -1
    outer loop
      vertex 106.314 41.6213 0
      vertex 94.855 20.38 0
      vertex 106.166 41.5709 0
    endloop
  endfacet
  facet normal 0 0 -1
    outer loop
      vertex 100.855 -28.72 0
      vertex 105.698 -41.5303 0
      vertex 105.544 -41.5609 0
    endloop
  endfacet
  facet normal 0 0 -1
    outer loop
      vertex 106.166 41.5709 0
      vertex 94.855 20.38 0
      vertex 106.012 41.5403 0
    endloop
  endfacet
  facet normal 0 0 -1
    outer loop
      vertex 100.855 -28.72 0
      vertex 105.544 -41.5609 0
      vertex 105.396 -41.6113 0
    endloop
  endfacet
  facet normal 0 0 -1
    outer loop
      vertex 106.012 41.5403 0
      vertex 94.855 20.38 0
      vertex 105.855 41.53 0
    endloop
  endfacet
  facet normal 0 0 -1
    outer loop
      vertex 100.855 -28.72 0
      vertex 105.396 -41.6113 0
      vertex 105.255 -41.6808 0
    endloop
  endfacet
  facet normal -0 0 -1
    outer loop
      vertex 105.855 41.53 0
      vertex 94.855 20.38 0
      vertex 105.698 41.5403 0
    endloop
  endfacet
  facet normal 0 0 -1
    outer loop
      vertex 100.855 -28.72 0
      vertex 105.255 -41.6808 0
      vertex 105.124 -41.768 0
    endloop
  endfacet
  facet normal -0 0 -1
    outer loop
      vertex 105.698 41.5403 0
      vertex 94.855 20.38 0
      vertex 105.544 41.5709 0
    endloop
  endfacet
  facet normal 0 0 -1
    outer loop
      vertex 100.855 -28.72 0
      vertex 105.124 -41.768 0
      vertex 105.006 -41.8715 0
    endloop
  endfacet
  facet normal -0 0 -1
    outer loop
      vertex 105.544 41.5709 0
      vertex 94.855 20.38 0
      vertex 105.396 41.6213 0
    endloop
  endfacet
  facet normal 0 0 -1
    outer loop
      vertex 100.855 -28.72 0
      vertex 105.006 -41.8715 0
      vertex 104.903 -41.9895 0
    endloop
  endfacet
  facet normal -0 0 -1
    outer loop
      vertex 105.396 41.6213 0
      vertex 94.855 20.38 0
      vertex 105.255 41.6908 0
    endloop
  endfacet
  facet normal 0 0 -1
    outer loop
      vertex 100.855 -28.72 0
      vertex 104.903 -41.9895 0
      vertex 104.816 -42.12 0
    endloop
  endfacet
  facet normal -0 0 -1
    outer loop
      vertex 105.255 41.6908 0
      vertex 94.855 20.38 0
      vertex 105.124 41.778 0
    endloop
  endfacet
  facet normal 0 0 -1
    outer loop
      vertex 100.855 -28.72 0
      vertex 104.816 -42.12 0
      vertex 104.746 -42.2608 0
    endloop
  endfacet
  facet normal -0 0 -1
    outer loop
      vertex 105.124 41.778 0
      vertex 94.855 20.38 0
      vertex 105.006 41.8815 0
    endloop
  endfacet
  facet normal 0 0 -1
    outer loop
      vertex 100.855 -28.72 0
      vertex 104.746 -42.2608 0
      vertex 104.696 -42.4094 0
    endloop
  endfacet
  facet normal -0 0 -1
    outer loop
      vertex 105.006 41.8815 0
      vertex 94.855 20.38 0
      vertex 104.903 41.9995 0
    endloop
  endfacet
  facet normal 0 0 -1
    outer loop
      vertex 100.855 -28.72 0
      vertex 104.696 -42.4094 0
      vertex 104.665 -42.5634 0
    endloop
  endfacet
  facet normal -0 0 -1
    outer loop
      vertex 104.903 41.9995 0
      vertex 94.855 20.38 0
      vertex 104.816 42.13 0
    endloop
  endfacet
  facet normal 0 0 -1
    outer loop
      vertex 74.855 -28.72 0
      vertex 104.665 -42.5634 0
      vertex 104.655 -42.72 0
    endloop
  endfacet
  facet normal -0 0 -1
    outer loop
      vertex 104.816 42.13 0
      vertex 94.855 20.38 0
      vertex 104.746 42.2708 0
    endloop
  endfacet
  facet normal 0 0 -1
    outer loop
      vertex 109.95 -50.825 0
      vertex 113.95 -46.825 0
      vertex 113.916 -47.3471 0
    endloop
  endfacet
  facet normal 0 0 -1
    outer loop
      vertex 107.045 -42.5634 0
      vertex 113.95 -46.825 0
      vertex 107.055 -42.72 0
    endloop
  endfacet
  facet normal 0 0 -1
    outer loop
      vertex 109.95 -50.825 0
      vertex 113.916 -47.3471 0
      vertex 113.814 -47.8603 0
    endloop
  endfacet
  facet normal 0 0 -1
    outer loop
      vertex 107.014 -42.4094 0
      vertex 113.95 -46.825 0
      vertex 107.045 -42.5634 0
    endloop
  endfacet
  facet normal 0 0 -1
    outer loop
      vertex 109.95 -50.825 0
      vertex 113.814 -47.8603 0
      vertex 113.646 -48.3557 0
    endloop
  endfacet
  facet normal 0 0 -1
    outer loop
      vertex 107.045 42.8866 0
      vertex 113.95 46.825 0
      vertex 107.055 42.73 0
    endloop
  endfacet
  facet normal 0 0 -1
    outer loop
      vertex 109.95 -50.825 0
      vertex 113.646 -48.3557 0
      vertex 113.414 -48.825 0
    endloop
  endfacet
  facet normal 0 0 -1
    outer loop
      vertex 107.014 43.0406 0
      vertex 113.95 46.825 0
      vertex 107.045 42.8866 0
    endloop
  endfacet
  facet normal 0 0 -1
    outer loop
      vertex 109.95 -50.825 0
      vertex 113.414 -48.825 0
      vertex 113.123 -49.26 0
    endloop
  endfacet
  facet normal 0 0 -1
    outer loop
      vertex 106.964 43.1892 0
      vertex 113.95 46.825 0
      vertex 107.014 43.0406 0
    endloop
  endfacet
  facet normal 0 0 -1
    outer loop
      vertex 109.95 -50.825 0
      vertex 113.123 -49.26 0
      vertex 112.778 -49.6534 0
    endloop
  endfacet
  facet normal 0 0 -1
    outer loop
      vertex 106.894 43.33 0
      vertex 113.95 46.825 0
      vertex 106.964 43.1892 0
    endloop
  endfacet
  facet normal 0 0 -1
    outer loop
      vertex 109.95 -50.825 0
      vertex 112.778 -49.6534 0
      vertex 112.385 -49.9984 0
    endloop
  endfacet
  facet normal 0 0 -1
    outer loop
      vertex 106.807 43.4605 0
      vertex 113.95 46.825 0
      vertex 106.894 43.33 0
    endloop
  endfacet
  facet normal 0 0 -1
    outer loop
      vertex 109.95 -50.825 0
      vertex 112.385 -49.9984 0
      vertex 111.95 -50.2891 0
    endloop
  endfacet
  facet normal 0 0 -1
    outer loop
      vertex 106.704 43.5785 0
      vertex 113.95 46.825 0
      vertex 106.807 43.4605 0
    endloop
  endfacet
  facet normal 0 0 -1
    outer loop
      vertex 109.95 -50.825 0
      vertex 111.95 -50.2891 0
      vertex 111.481 -50.5205 0
    endloop
  endfacet
  facet normal 0 -0 -1
    outer loop
      vertex 109.95 50.825 0
      vertex 113.95 46.825 0
      vertex 106.704 43.5785 0
    endloop
  endfacet
  facet normal 0 0 -1
    outer loop
      vertex 109.95 -50.825 0
      vertex 111.481 -50.5205 0
      vertex 110.985 -50.6887 0
    endloop
  endfacet
  facet normal 0 0 -1
    outer loop
      vertex 113.95 46.825 0
      vertex 109.95 50.825 0
      vertex 113.916 47.3471 0
    endloop
  endfacet
  facet normal 0 0 -1
    outer loop
      vertex 109.95 -50.825 0
      vertex 110.985 -50.6887 0
      vertex 110.472 -50.7908 0
    endloop
  endfacet
  facet normal 0 0 -1
    outer loop
      vertex 113.916 47.3471 0
      vertex 109.95 50.825 0
      vertex 113.814 47.8603 0
    endloop
  endfacet
  facet normal -0 0 -1
    outer loop
      vertex 113.95 -46.825 0
      vertex 109.95 -50.825 0
      vertex 106.704 -43.5685 0
    endloop
  endfacet
  facet normal 0 0 -1
    outer loop
      vertex 113.814 47.8603 0
      vertex 109.95 50.825 0
      vertex 113.646 48.3557 0
    endloop
  endfacet
  facet normal 0 0 -1
    outer loop
      vertex 113.646 48.3557 0
      vertex 109.95 50.825 0
      vertex 113.414 48.825 0
    endloop
  endfacet
  facet normal 0 0 -1
    outer loop
      vertex 113.95 -46.825 0
      vertex 107.045 -42.8766 0
      vertex 107.055 -42.72 0
    endloop
  endfacet
  facet normal 0 0 -1
    outer loop
      vertex 113.95 -46.825 0
      vertex 107.014 -43.0306 0
      vertex 107.045 -42.8766 0
    endloop
  endfacet
  facet normal 0 0 -1
    outer loop
      vertex 113.95 -46.825 0
      vertex 106.964 -43.1792 0
      vertex 107.014 -43.0306 0
    endloop
  endfacet
  facet normal 0 0 -1
    outer loop
      vertex 113.95 -46.825 0
      vertex 106.894 -43.32 0
      vertex 106.964 -43.1792 0
    endloop
  endfacet
  facet normal 0 0 -1
    outer loop
      vertex 113.95 -46.825 0
      vertex 106.807 -43.4505 0
      vertex 106.894 -43.32 0
    endloop
  endfacet
  facet normal 0 0 -1
    outer loop
      vertex 113.95 -46.825 0
      vertex 106.704 -43.5685 0
      vertex 106.807 -43.4505 0
    endloop
  endfacet
  facet normal 0 0 -1
    outer loop
      vertex 109.95 -50.825 0
      vertex 106.586 -43.672 0
      vertex 106.704 -43.5685 0
    endloop
  endfacet
  facet normal 0 0 -1
    outer loop
      vertex 109.95 -50.825 0
      vertex 106.455 -43.7592 0
      vertex 106.586 -43.672 0
    endloop
  endfacet
  facet normal 0 0 -1
    outer loop
      vertex 109.95 -50.825 0
      vertex 106.314 -43.8287 0
      vertex 106.455 -43.7592 0
    endloop
  endfacet
  facet normal 0 0 -1
    outer loop
      vertex 109.95 -50.825 0
      vertex 106.166 -43.8791 0
      vertex 106.314 -43.8287 0
    endloop
  endfacet
  facet normal 0 0 -1
    outer loop
      vertex 109.95 -50.825 0
      vertex 106.012 -43.9097 0
      vertex 106.166 -43.8791 0
    endloop
  endfacet
  facet normal 0 0 -1
    outer loop
      vertex 109.95 -50.825 0
      vertex 105.855 -43.92 0
      vertex 106.012 -43.9097 0
    endloop
  endfacet
  facet normal 0 0 -1
    outer loop
      vertex 109.95 -50.825 0
      vertex 105.698 -43.9097 0
      vertex 105.855 -43.92 0
    endloop
  endfacet
  facet normal 0 0 -1
    outer loop
      vertex 109.95 -50.825 0
      vertex 105.544 -43.8791 0
      vertex 105.698 -43.9097 0
    endloop
  endfacet
  facet normal 0 0 -1
    outer loop
      vertex 109.95 -50.825 0
      vertex 105.396 -43.8287 0
      vertex 105.544 -43.8791 0
    endloop
  endfacet
  facet normal 0 0 -1
    outer loop
      vertex 109.95 -50.825 0
      vertex 105.255 -43.7592 0
      vertex 105.396 -43.8287 0
    endloop
  endfacet
  facet normal 0 0 -1
    outer loop
      vertex 109.95 -50.825 0
      vertex 105.124 -43.672 0
      vertex 105.255 -43.7592 0
    endloop
  endfacet
  facet normal 0 0 -1
    outer loop
      vertex 109.95 -50.825 0
      vertex 105.006 -43.5685 0
      vertex 105.124 -43.672 0
    endloop
  endfacet
  facet normal 0 0 -1
    outer loop
      vertex 109.95 -50.825 0
      vertex 104.903 -43.4505 0
      vertex 105.006 -43.5685 0
    endloop
  endfacet
  facet normal 0 0 -1
    outer loop
      vertex 113.95 -46.825 0
      vertex 100.855 -28.72 0
      vertex 100.855 -20.72 0
    endloop
  endfacet
  facet normal 0 0 -1
    outer loop
      vertex 74.855 -28.72 0
      vertex 104.655 -42.72 0
      vertex 104.665 -42.8766 0
    endloop
  endfacet
  facet normal 0 0 -1
    outer loop
      vertex 74.855 -28.72 0
      vertex 104.665 -42.8766 0
      vertex 104.696 -43.0306 0
    endloop
  endfacet
  facet normal 0 0 -1
    outer loop
      vertex 104.665 -42.5634 0
      vertex 74.855 -28.72 0
      vertex 100.855 -28.72 0
    endloop
  endfacet
  facet normal 0 0 -1
    outer loop
      vertex 104.746 -43.1792 0
      vertex 74.855 -28.72 0
      vertex 104.696 -43.0306 0
    endloop
  endfacet
  facet normal 0 0 -1
    outer loop
      vertex 104.816 -43.32 0
      vertex 74.855 -28.72 0
      vertex 104.746 -43.1792 0
    endloop
  endfacet
  facet normal 0 0 -1
    outer loop
      vertex 70.0891 -29.5496 0
      vertex 104.816 -43.32 0
      vertex 104.903 -43.4505 0
    endloop
  endfacet
  facet normal 0 0 -1
    outer loop
      vertex 69.4476 -29.6772 0
      vertex 104.903 -43.4505 0
      vertex 109.95 -50.825 0
    endloop
  endfacet
  facet normal 0 0 -1
    outer loop
      vertex 74.855 -28.72 0
      vertex 73.795 -24.72 0
      vertex 74.855 -20.72 0
    endloop
  endfacet
  facet normal 0 0 -1
    outer loop
      vertex 74.855 -28.72 0
      vertex 73.7522 -25.3726 0
      vertex 73.795 -24.72 0
    endloop
  endfacet
  facet normal 0 0 -1
    outer loop
      vertex 74.855 -28.72 0
      vertex 73.6246 -26.0141 0
      vertex 73.7522 -25.3726 0
    endloop
  endfacet
  facet normal 0 0 -1
    outer loop
      vertex 74.855 -28.72 0
      vertex 73.4144 -26.6334 0
      vertex 73.6246 -26.0141 0
    endloop
  endfacet
  facet normal 0 0 -1
    outer loop
      vertex 74.855 -28.72 0
      vertex 73.1251 -27.22 0
      vertex 73.4144 -26.6334 0
    endloop
  endfacet
  facet normal 0 0 -1
    outer loop
      vertex 74.855 -28.72 0
      vertex 72.7618 -27.7638 0
      vertex 73.1251 -27.22 0
    endloop
  endfacet
  facet normal 0 0 -1
    outer loop
      vertex 104.816 -43.32 0
      vertex 70.0891 -29.5496 0
      vertex 74.855 -28.72 0
    endloop
  endfacet
  facet normal 0 0 -1
    outer loop
      vertex 74.855 -28.72 0
      vertex 72.3305 -28.2555 0
      vertex 72.7618 -27.7638 0
    endloop
  endfacet
  facet normal 0 0 -1
    outer loop
      vertex 74.855 -28.72 0
      vertex 71.8388 -28.6868 0
      vertex 72.3305 -28.2555 0
    endloop
  endfacet
  facet normal -0 0 -1
    outer loop
      vertex 74.855 -28.72 0
      vertex 71.295 -29.0501 0
      vertex 71.8388 -28.6868 0
    endloop
  endfacet
  facet normal 0 0 -1
    outer loop
      vertex 74.855 -28.72 0
      vertex 70.7084 -29.3394 0
      vertex 71.295 -29.0501 0
    endloop
  endfacet
  facet normal 0 0 -1
    outer loop
      vertex 74.855 -28.72 0
      vertex 70.0891 -29.5496 0
      vertex 70.7084 -29.3394 0
    endloop
  endfacet
  facet normal 0 0 -1
    outer loop
      vertex 104.903 -43.4505 0
      vertex 69.4476 -29.6772 0
      vertex 70.0891 -29.5496 0
    endloop
  endfacet
  facet normal 0 0 -1
    outer loop
      vertex 109.95 -50.825 0
      vertex 68.795 -29.72 0
      vertex 69.4476 -29.6772 0
    endloop
  endfacet
  facet normal 0 0 -1
    outer loop
      vertex 56.755 -31.72 0
      vertex 68.795 -29.72 0
      vertex 109.95 -50.825 0
    endloop
  endfacet
  facet normal -0 0 -1
    outer loop
      vertex 68.795 -29.72 0
      vertex 56.755 -31.72 0
      vertex 68.1424 -29.6772 0
    endloop
  endfacet
  facet normal -0 0 -1
    outer loop
      vertex 68.1424 -29.6772 0
      vertex 56.755 -31.72 0
      vertex 67.5009 -29.5496 0
    endloop
  endfacet
  facet normal -0 0 -1
    outer loop
      vertex 67.5009 -29.5496 0
      vertex 56.755 -31.72 0
      vertex 66.8816 -29.3394 0
    endloop
  endfacet
  facet normal 0 0 -1
    outer loop
      vertex 56.755 -31.72 0
      vertex 63.795 -24.72 0
      vertex 63.8378 -25.3726 0
    endloop
  endfacet
  facet normal 0 0 -1
    outer loop
      vertex 56.755 1.33 0
      vertex 61.795 1.33 0
      vertex 61.795 -12.67 0
    endloop
  endfacet
  facet normal 0 0 -1
    outer loop
      vertex 61.795 1.33 0
      vertex 56.755 1.33 0
      vertex 61.795 6.38 0
    endloop
  endfacet
  facet normal 0 0 -1
    outer loop
      vertex 65.2595 -21.1845 0
      vertex 56.755 -17.72 0
      vertex 61.795 -12.67 0
    endloop
  endfacet
  facet normal -0 0 -1
    outer loop
      vertex 63.795 -24.72 0
      vertex 56.755 -31.72 0
      vertex 56.755 -17.72 0
    endloop
  endfacet
  facet normal -0 0 -1
    outer loop
      vertex 63.9654 -26.0141 0
      vertex 56.755 -31.72 0
      vertex 63.8378 -25.3726 0
    endloop
  endfacet
  facet normal -0 0 -1
    outer loop
      vertex 64.1756 -26.6334 0
      vertex 56.755 -31.72 0
      vertex 63.9654 -26.0141 0
    endloop
  endfacet
  facet normal -0 0 -1
    outer loop
      vertex 64.4649 -27.22 0
      vertex 56.755 -31.72 0
      vertex 64.1756 -26.6334 0
    endloop
  endfacet
  facet normal -0 0 -1
    outer loop
      vertex 64.8282 -27.7638 0
      vertex 56.755 -31.72 0
      vertex 64.4649 -27.22 0
    endloop
  endfacet
  facet normal -0 0 -1
    outer loop
      vertex 65.2595 -28.2555 0
      vertex 56.755 -31.72 0
      vertex 64.8282 -27.7638 0
    endloop
  endfacet
  facet normal -0 0 -1
    outer loop
      vertex 65.7512 -28.6868 0
      vertex 56.755 -31.72 0
      vertex 65.2595 -28.2555 0
    endloop
  endfacet
  facet normal -0 0 -1
    outer loop
      vertex 66.295 -29.0501 0
      vertex 56.755 -31.72 0
      vertex 65.7512 -28.6868 0
    endloop
  endfacet
  facet normal -0 0 -1
    outer loop
      vertex 66.8816 -29.3394 0
      vertex 56.755 -31.72 0
      vertex 66.295 -29.0501 0
    endloop
  endfacet
  facet normal 0 0 -1
    outer loop
      vertex 109.95 -50.825 0
      vertex 49.475 -31.72 0
      vertex 56.755 -31.72 0
    endloop
  endfacet
  facet normal 0 0 -1
    outer loop
      vertex -45.475 -50.825 0
      vertex 49.475 -17.72 0
      vertex 49.475 -31.72 0
    endloop
  endfacet
  facet normal -0 0 -1
    outer loop
      vertex 49.475 -17.72 0
      vertex -45.475 -50.825 0
      vertex 49.475 -12.67 0
    endloop
  endfacet
  facet normal 0 0 -1
    outer loop
      vertex -49.475 -46.825 0
      vertex 49.475 -12.67 0
      vertex -45.475 -50.825 0
    endloop
  endfacet
  facet normal -0 0 -1
    outer loop
      vertex 49.475 -12.67 0
      vertex -49.475 -46.825 0
      vertex 49.475 1.33 0
    endloop
  endfacet
  facet normal 0 0 -1
    outer loop
      vertex -49.475 46.825 0
      vertex 49.475 1.33 0
      vertex -49.475 -46.825 0
    endloop
  endfacet
  facet normal 0 0 -1
    outer loop
      vertex -45.475 -50.825 0
      vertex 49.475 -31.72 0
      vertex 109.95 -50.825 0
    endloop
  endfacet
  facet normal 0 0 -1
    outer loop
      vertex 113.414 48.825 0
      vertex 109.95 50.825 0
      vertex 113.123 49.26 0
    endloop
  endfacet
  facet normal 0 0 -1
    outer loop
      vertex 113.123 49.26 0
      vertex 109.95 50.825 0
      vertex 112.778 49.6534 0
    endloop
  endfacet
  facet normal 0 0 -1
    outer loop
      vertex 112.778 49.6534 0
      vertex 109.95 50.825 0
      vertex 112.385 49.9984 0
    endloop
  endfacet
  facet normal 0 0 -1
    outer loop
      vertex 112.385 49.9984 0
      vertex 109.95 50.825 0
      vertex 111.95 50.2891 0
    endloop
  endfacet
  facet normal 0 0 -1
    outer loop
      vertex 111.95 50.2891 0
      vertex 109.95 50.825 0
      vertex 111.481 50.5205 0
    endloop
  endfacet
  facet normal 0 0 -1
    outer loop
      vertex 111.481 50.5205 0
      vertex 109.95 50.825 0
      vertex 110.985 50.6887 0
    endloop
  endfacet
  facet normal 0 0 -1
    outer loop
      vertex 110.985 50.6887 0
      vertex 109.95 50.825 0
      vertex 110.472 50.7908 0
    endloop
  endfacet
  facet normal 0 0 -1
    outer loop
      vertex 106.586 43.682 0
      vertex 109.95 50.825 0
      vertex 106.704 43.5785 0
    endloop
  endfacet
  facet normal 0 0 -1
    outer loop
      vertex 106.455 43.7692 0
      vertex 109.95 50.825 0
      vertex 106.586 43.682 0
    endloop
  endfacet
  facet normal 0 0 -1
    outer loop
      vertex 106.314 43.8387 0
      vertex 109.95 50.825 0
      vertex 106.455 43.7692 0
    endloop
  endfacet
  facet normal 0 0 -1
    outer loop
      vertex 106.166 43.8891 0
      vertex 109.95 50.825 0
      vertex 106.314 43.8387 0
    endloop
  endfacet
  facet normal 0 0 -1
    outer loop
      vertex 106.012 43.9197 0
      vertex 109.95 50.825 0
      vertex 106.166 43.8891 0
    endloop
  endfacet
  facet normal 0 0 -1
    outer loop
      vertex 105.855 43.93 0
      vertex 109.95 50.825 0
      vertex 106.012 43.9197 0
    endloop
  endfacet
  facet normal 0 0 -1
    outer loop
      vertex 105.698 43.9197 0
      vertex 109.95 50.825 0
      vertex 105.855 43.93 0
    endloop
  endfacet
  facet normal 0 0 -1
    outer loop
      vertex 105.544 43.8891 0
      vertex 109.95 50.825 0
      vertex 105.698 43.9197 0
    endloop
  endfacet
  facet normal 0 0 -1
    outer loop
      vertex 105.396 43.8387 0
      vertex 109.95 50.825 0
      vertex 105.544 43.8891 0
    endloop
  endfacet
  facet normal 0 0 -1
    outer loop
      vertex 105.255 43.7692 0
      vertex 109.95 50.825 0
      vertex 105.396 43.8387 0
    endloop
  endfacet
  facet normal 0 0 -1
    outer loop
      vertex 105.124 43.682 0
      vertex 109.95 50.825 0
      vertex 105.255 43.7692 0
    endloop
  endfacet
  facet normal 0 0 -1
    outer loop
      vertex 105.006 43.5785 0
      vertex 109.95 50.825 0
      vertex 105.124 43.682 0
    endloop
  endfacet
  facet normal 0 0 -1
    outer loop
      vertex 104.903 43.4605 0
      vertex 109.95 50.825 0
      vertex 105.006 43.5785 0
    endloop
  endfacet
  facet normal -0 0 -1
    outer loop
      vertex 104.746 42.2708 0
      vertex 94.855 20.38 0
      vertex 104.696 42.4194 0
    endloop
  endfacet
  facet normal 0 0 -1
    outer loop
      vertex 94.855 1.33 0
      vertex 100.855 -20.72 0
      vertex 94.855 -12.67 0
    endloop
  endfacet
  facet normal 0 0 -1
    outer loop
      vertex 94.855 6.38 0
      vertex 100.855 -20.72 0
      vertex 94.855 1.33 0
    endloop
  endfacet
  facet normal 0 0 -1
    outer loop
      vertex 80.855 20.38 0
      vertex 104.696 42.4194 0
      vertex 94.855 20.38 0
    endloop
  endfacet
  facet normal -0 0 -1
    outer loop
      vertex 104.696 42.4194 0
      vertex 80.855 20.38 0
      vertex 104.665 42.5734 0
    endloop
  endfacet
  facet normal -0 0 -1
    outer loop
      vertex 104.665 42.5734 0
      vertex 80.855 20.38 0
      vertex 104.655 42.73 0
    endloop
  endfacet
  facet normal -0 0 -1
    outer loop
      vertex 104.655 42.73 0
      vertex 80.855 20.38 0
      vertex 104.665 42.8866 0
    endloop
  endfacet
  facet normal 0 0 -1
    outer loop
      vertex 75.795 20.38 0
      vertex 104.665 42.8866 0
      vertex 80.855 20.38 0
    endloop
  endfacet
  facet normal -0 0 -1
    outer loop
      vertex 104.665 42.8866 0
      vertex 75.795 20.38 0
      vertex 104.696 43.0406 0
    endloop
  endfacet
  facet normal -0 0 -1
    outer loop
      vertex 104.696 43.0406 0
      vertex 75.795 20.38 0
      vertex 104.746 43.1892 0
    endloop
  endfacet
  facet normal 0 0 -1
    outer loop
      vertex 61.795 20.38 0
      vertex 104.746 43.1892 0
      vertex 75.795 20.38 0
    endloop
  endfacet
  facet normal -0 0 -1
    outer loop
      vertex 104.746 43.1892 0
      vertex 61.795 20.38 0
      vertex 104.816 43.33 0
    endloop
  endfacet
  facet normal 0 0 -1
    outer loop
      vertex 75.795 6.38 0
      vertex 80.855 6.38 0
      vertex 75.795 1.33 0
    endloop
  endfacet
  facet normal 0 0 -1
    outer loop
      vertex 80.855 6.38 0
      vertex 75.795 6.38 0
      vertex 80.855 20.38 0
    endloop
  endfacet
  facet normal 0 0 -1
    outer loop
      vertex 75.795 20.38 0
      vertex 80.855 20.38 0
      vertex 75.795 6.38 0
    endloop
  endfacet
  facet normal -0 0 -1
    outer loop
      vertex 104.816 43.33 0
      vertex 61.795 20.38 0
      vertex 104.903 43.4605 0
    endloop
  endfacet
  facet normal 0 0 -1
    outer loop
      vertex 56.755 20.38 0
      vertex 104.903 43.4605 0
      vertex 61.795 20.38 0
    endloop
  endfacet
  facet normal 0 0 -1
    outer loop
      vertex 56.755 -12.67 0
      vertex 61.795 -12.67 0
      vertex 56.755 -17.72 0
    endloop
  endfacet
  facet normal 0 0 -1
    outer loop
      vertex 56.755 1.33 0
      vertex 61.795 -12.67 0
      vertex 56.755 -12.67 0
    endloop
  endfacet
  facet normal 0 0 -1
    outer loop
      vertex 56.755 6.38 0
      vertex 61.795 6.38 0
      vertex 56.755 1.33 0
    endloop
  endfacet
  facet normal 0 0 -1
    outer loop
      vertex 61.795 6.38 0
      vertex 56.755 6.38 0
      vertex 61.795 20.38 0
    endloop
  endfacet
  facet normal 0 0 -1
    outer loop
      vertex 56.755 20.38 0
      vertex 61.795 20.38 0
      vertex 56.755 6.38 0
    endloop
  endfacet
  facet normal -0 0 -1
    outer loop
      vertex 104.903 43.4605 0
      vertex 56.755 20.38 0
      vertex 109.95 50.825 0
    endloop
  endfacet
  facet normal 0 0 -1
    outer loop
      vertex 49.475 20.38 0
      vertex 109.95 50.825 0
      vertex 56.755 20.38 0
    endloop
  endfacet
  facet normal 0 0 -1
    outer loop
      vertex 49.475 20.38 0
      vertex -45.475 50.825 0
      vertex 109.95 50.825 0
    endloop
  endfacet
  facet normal 0 0 -1
    outer loop
      vertex 49.475 1.33 0
      vertex -49.475 46.825 0
      vertex 49.475 6.38 0
    endloop
  endfacet
  facet normal 0 0 -1
    outer loop
      vertex -49.475 -46.825 0
      vertex -45.475 -50.825 0
      vertex -45.9971 -50.7908 0
    endloop
  endfacet
  facet normal 0 -0 -1
    outer loop
      vertex -45.475 50.825 0
      vertex 49.475 6.38 0
      vertex -49.475 46.825 0
    endloop
  endfacet
  facet normal 0 0 -1
    outer loop
      vertex -49.475 -46.825 0
      vertex -45.9971 -50.7908 0
      vertex -46.5103 -50.6887 0
    endloop
  endfacet
  facet normal 0 0 -1
    outer loop
      vertex 49.475 6.38 0
      vertex -45.475 50.825 0
      vertex 49.475 20.38 0
    endloop
  endfacet
  facet normal 0 0 -1
    outer loop
      vertex -49.475 -46.825 0
      vertex -46.5103 -50.6887 0
      vertex -47.0057 -50.5205 0
    endloop
  endfacet
  facet normal 0 0 -1
    outer loop
      vertex -45.475 50.825 0
      vertex -49.475 46.825 0
      vertex -45.9971 50.7908 0
    endloop
  endfacet
  facet normal 0 0 -1
    outer loop
      vertex -49.475 -46.825 0
      vertex -47.0057 -50.5205 0
      vertex -47.475 -50.2891 0
    endloop
  endfacet
  facet normal 0 0 -1
    outer loop
      vertex -45.9971 50.7908 0
      vertex -49.475 46.825 0
      vertex -46.5103 50.6887 0
    endloop
  endfacet
  facet normal 0 0 -1
    outer loop
      vertex -49.475 -46.825 0
      vertex -47.475 -50.2891 0
      vertex -47.91 -49.9984 0
    endloop
  endfacet
  facet normal 0 0 -1
    outer loop
      vertex -46.5103 50.6887 0
      vertex -49.475 46.825 0
      vertex -47.0057 50.5205 0
    endloop
  endfacet
  facet normal 0 0 -1
    outer loop
      vertex -49.475 -46.825 0
      vertex -47.91 -49.9984 0
      vertex -48.3034 -49.6534 0
    endloop
  endfacet
  facet normal 0 0 -1
    outer loop
      vertex -47.0057 50.5205 0
      vertex -49.475 46.825 0
      vertex -47.475 50.2891 0
    endloop
  endfacet
  facet normal 0 0 -1
    outer loop
      vertex -49.475 -46.825 0
      vertex -48.3034 -49.6534 0
      vertex -48.6484 -49.26 0
    endloop
  endfacet
  facet normal 0 0 -1
    outer loop
      vertex -47.475 50.2891 0
      vertex -49.475 46.825 0
      vertex -47.91 49.9984 0
    endloop
  endfacet
  facet normal 0 0 -1
    outer loop
      vertex -49.475 -46.825 0
      vertex -48.6484 -49.26 0
      vertex -48.9391 -48.825 0
    endloop
  endfacet
  facet normal 0 0 -1
    outer loop
      vertex -47.91 49.9984 0
      vertex -49.475 46.825 0
      vertex -48.3034 49.6534 0
    endloop
  endfacet
  facet normal 0 0 -1
    outer loop
      vertex -49.475 -46.825 0
      vertex -48.9391 -48.825 0
      vertex -49.1705 -48.3557 0
    endloop
  endfacet
  facet normal 0 0 -1
    outer loop
      vertex -48.3034 49.6534 0
      vertex -49.475 46.825 0
      vertex -48.6484 49.26 0
    endloop
  endfacet
  facet normal 0 0 -1
    outer loop
      vertex -49.475 -46.825 0
      vertex -49.1705 -48.3557 0
      vertex -49.3387 -47.8603 0
    endloop
  endfacet
  facet normal 0 0 -1
    outer loop
      vertex -48.6484 49.26 0
      vertex -49.475 46.825 0
      vertex -48.9391 48.825 0
    endloop
  endfacet
  facet normal 0 0 -1
    outer loop
      vertex -49.475 -46.825 0
      vertex -49.3387 -47.8603 0
      vertex -49.4408 -47.3471 0
    endloop
  endfacet
  facet normal 0 0 -1
    outer loop
      vertex -48.9391 48.825 0
      vertex -49.475 46.825 0
      vertex -49.1705 48.3557 0
    endloop
  endfacet
  facet normal 0 0 -1
    outer loop
      vertex -49.1705 48.3557 0
      vertex -49.475 46.825 0
      vertex -49.3387 47.8603 0
    endloop
  endfacet
  facet normal 0 0 -1
    outer loop
      vertex -49.3387 47.8603 0
      vertex -49.475 46.825 0
      vertex -49.4408 47.3471 0
    endloop
  endfacet
  facet normal 0 0 1
    outer loop
      vertex 46.475 46.825 10
      vertex 49.475 46.825 10
      vertex 49.4408 47.3471 10
    endloop
  endfacet
  facet normal 0 0 1
    outer loop
      vertex 49.475 46.825 10
      vertex 46.475 46.825 10
      vertex 49.475 -46.825 10
    endloop
  endfacet
  facet normal 0 0 1
    outer loop
      vertex 46.4664 46.9555 10
      vertex 49.4408 47.3471 10
      vertex 49.3387 47.8603 10
    endloop
  endfacet
  facet normal 0 0 1
    outer loop
      vertex 46.475 -46.825 10
      vertex 49.475 -46.825 10
      vertex 46.475 46.825 10
    endloop
  endfacet
  facet normal 0 0 1
    outer loop
      vertex 46.4409 47.0838 10
      vertex 49.3387 47.8603 10
      vertex 49.1705 48.3557 10
    endloop
  endfacet
  facet normal 0 0 1
    outer loop
      vertex 49.475 -46.825 10
      vertex 46.475 -46.825 10
      vertex 49.4408 -47.3471 10
    endloop
  endfacet
  facet normal 0 0 1
    outer loop
      vertex 46.3989 47.2077 10
      vertex 49.1705 48.3557 10
      vertex 48.9391 48.825 10
    endloop
  endfacet
  facet normal -0 0 1
    outer loop
      vertex 46.4664 -46.9555 10
      vertex 49.4408 -47.3471 10
      vertex 46.475 -46.825 10
    endloop
  endfacet
  facet normal 0 0 1
    outer loop
      vertex 46.341 47.325 10
      vertex 48.9391 48.825 10
      vertex 48.6484 49.26 10
    endloop
  endfacet
  facet normal 0 0 1
    outer loop
      vertex 49.4408 -47.3471 10
      vertex 46.4664 -46.9555 10
      vertex 49.3387 -47.8603 10
    endloop
  endfacet
  facet normal 0 0 1
    outer loop
      vertex 46.2683 47.4337 10
      vertex 48.6484 49.26 10
      vertex 48.3034 49.6534 10
    endloop
  endfacet
  facet normal -0 0 1
    outer loop
      vertex 46.4409 -47.0838 10
      vertex 49.3387 -47.8603 10
      vertex 46.4664 -46.9555 10
    endloop
  endfacet
  facet normal 0 0 1
    outer loop
      vertex 46.1821 47.5321 10
      vertex 48.3034 49.6534 10
      vertex 47.91 49.9984 10
    endloop
  endfacet
  facet normal 0 0 1
    outer loop
      vertex 49.3387 -47.8603 10
      vertex 46.4409 -47.0838 10
      vertex 49.1705 -48.3557 10
    endloop
  endfacet
  facet normal 0 0 1
    outer loop
      vertex 46.0838 47.6183 10
      vertex 47.91 49.9984 10
      vertex 47.475 50.2891 10
    endloop
  endfacet
  facet normal -0 0 1
    outer loop
      vertex 46.3989 -47.2077 10
      vertex 49.1705 -48.3557 10
      vertex 46.4409 -47.0838 10
    endloop
  endfacet
  facet normal 0 0 1
    outer loop
      vertex 45.975 47.691 10
      vertex 47.475 50.2891 10
      vertex 47.0057 50.5205 10
    endloop
  endfacet
  facet normal 0 0 1
    outer loop
      vertex 49.1705 -48.3557 10
      vertex 46.3989 -47.2077 10
      vertex 48.9391 -48.825 10
    endloop
  endfacet
  facet normal 0 0 1
    outer loop
      vertex 45.8577 47.7489 10
      vertex 47.0057 50.5205 10
      vertex 46.5103 50.6887 10
    endloop
  endfacet
  facet normal -0 0 1
    outer loop
      vertex 46.341 -47.325 10
      vertex 48.9391 -48.825 10
      vertex 46.3989 -47.2077 10
    endloop
  endfacet
  facet normal 0 0 1
    outer loop
      vertex 48.9391 -48.825 10
      vertex 46.341 -47.325 10
      vertex 48.6484 -49.26 10
    endloop
  endfacet
  facet normal 0 0 1
    outer loop
      vertex 49.4408 47.3471 10
      vertex 46.4664 46.9555 10
      vertex 46.475 46.825 10
    endloop
  endfacet
  facet normal 0 0 1
    outer loop
      vertex 49.3387 47.8603 10
      vertex 46.4409 47.0838 10
      vertex 46.4664 46.9555 10
    endloop
  endfacet
  facet normal 0 0 1
    outer loop
      vertex 49.1705 48.3557 10
      vertex 46.3989 47.2077 10
      vertex 46.4409 47.0838 10
    endloop
  endfacet
  facet normal 0 0 1
    outer loop
      vertex 48.9391 48.825 10
      vertex 46.341 47.325 10
      vertex 46.3989 47.2077 10
    endloop
  endfacet
  facet normal 0 0 1
    outer loop
      vertex 48.6484 49.26 10
      vertex 46.2683 47.4337 10
      vertex 46.341 47.325 10
    endloop
  endfacet
  facet normal 0 0 1
    outer loop
      vertex 48.3034 49.6534 10
      vertex 46.1821 47.5321 10
      vertex 46.2683 47.4337 10
    endloop
  endfacet
  facet normal 0 0 1
    outer loop
      vertex 47.91 49.9984 10
      vertex 46.0838 47.6183 10
      vertex 46.1821 47.5321 10
    endloop
  endfacet
  facet normal 0 0 1
    outer loop
      vertex 45.7338 47.7909 10
      vertex 46.5103 50.6887 10
      vertex 45.9971 50.7908 10
    endloop
  endfacet
  facet normal 0 0 1
    outer loop
      vertex 47.475 50.2891 10
      vertex 45.975 47.691 10
      vertex 46.0838 47.6183 10
    endloop
  endfacet
  facet normal 0 0 1
    outer loop
      vertex 47.0057 50.5205 10
      vertex 45.8577 47.7489 10
      vertex 45.975 47.691 10
    endloop
  endfacet
  facet normal 0 0 1
    outer loop
      vertex 46.5103 50.6887 10
      vertex 45.7338 47.7909 10
      vertex 45.8577 47.7489 10
    endloop
  endfacet
  facet normal 0 0 1
    outer loop
      vertex 45.9971 50.7908 10
      vertex 45.6055 47.8164 10
      vertex 45.7338 47.7909 10
    endloop
  endfacet
  facet normal 0 0 1
    outer loop
      vertex 45.475 50.825 10
      vertex 45.6055 47.8164 10
      vertex 45.9971 50.7908 10
    endloop
  endfacet
  facet normal 0 0 1
    outer loop
      vertex 45.475 50.825 10
      vertex 45.475 47.825 10
      vertex 45.6055 47.8164 10
    endloop
  endfacet
  facet normal -0 0 1
    outer loop
      vertex -45.475 50.825 10
      vertex 45.475 47.825 10
      vertex 45.475 50.825 10
    endloop
  endfacet
  facet normal 0 0 1
    outer loop
      vertex -45.475 50.825 10
      vertex -45.475 47.825 10
      vertex 45.475 47.825 10
    endloop
  endfacet
  facet normal 0 0 1
    outer loop
      vertex -45.475 50.825 10
      vertex -45.6055 47.8164 10
      vertex -45.475 47.825 10
    endloop
  endfacet
  facet normal -0 0 1
    outer loop
      vertex -45.9971 50.7908 10
      vertex -45.6055 47.8164 10
      vertex -45.475 50.825 10
    endloop
  endfacet
  facet normal 0 0 1
    outer loop
      vertex -45.6055 47.8164 10
      vertex -45.9971 50.7908 10
      vertex -45.7338 47.7909 10
    endloop
  endfacet
  facet normal -0 0 1
    outer loop
      vertex -46.5103 50.6887 10
      vertex -45.7338 47.7909 10
      vertex -45.9971 50.7908 10
    endloop
  endfacet
  facet normal 0 0 1
    outer loop
      vertex -45.7338 47.7909 10
      vertex -46.5103 50.6887 10
      vertex -45.8577 47.7489 10
    endloop
  endfacet
  facet normal -0 0 1
    outer loop
      vertex -47.0057 50.5205 10
      vertex -45.8577 47.7489 10
      vertex -46.5103 50.6887 10
    endloop
  endfacet
  facet normal 0 0 1
    outer loop
      vertex -45.8577 47.7489 10
      vertex -47.0057 50.5205 10
      vertex -45.975 47.691 10
    endloop
  endfacet
  facet normal -0 0 1
    outer loop
      vertex -47.475 50.2891 10
      vertex -45.975 47.691 10
      vertex -47.0057 50.5205 10
    endloop
  endfacet
  facet normal 0 0 1
    outer loop
      vertex -45.975 47.691 10
      vertex -47.475 50.2891 10
      vertex -46.0838 47.6183 10
    endloop
  endfacet
  facet normal -0 0 1
    outer loop
      vertex -47.91 49.9984 10
      vertex -46.0838 47.6183 10
      vertex -47.475 50.2891 10
    endloop
  endfacet
  facet normal 0 0 1
    outer loop
      vertex -46.0838 47.6183 10
      vertex -47.91 49.9984 10
      vertex -46.1821 47.5321 10
    endloop
  endfacet
  facet normal -0 0 1
    outer loop
      vertex -48.3034 49.6534 10
      vertex -46.1821 47.5321 10
      vertex -47.91 49.9984 10
    endloop
  endfacet
  facet normal 0 0 1
    outer loop
      vertex -46.2683 47.4337 10
      vertex -48.6484 49.26 10
      vertex -46.341 47.325 10
    endloop
  endfacet
  facet normal -0 0 1
    outer loop
      vertex -48.6484 49.26 10
      vertex -46.2683 47.4337 10
      vertex -48.3034 49.6534 10
    endloop
  endfacet
  facet normal 0 0 1
    outer loop
      vertex -46.1821 47.5321 10
      vertex -48.3034 49.6534 10
      vertex -46.2683 47.4337 10
    endloop
  endfacet
  facet normal -0 0 1
    outer loop
      vertex 46.2683 -47.4337 10
      vertex 48.6484 -49.26 10
      vertex 46.341 -47.325 10
    endloop
  endfacet
  facet normal 0 0 1
    outer loop
      vertex 48.6484 -49.26 10
      vertex 46.2683 -47.4337 10
      vertex 48.3034 -49.6534 10
    endloop
  endfacet
  facet normal -0 0 1
    outer loop
      vertex 46.1821 -47.5321 10
      vertex 48.3034 -49.6534 10
      vertex 46.2683 -47.4337 10
    endloop
  endfacet
  facet normal 0 0 1
    outer loop
      vertex 48.3034 -49.6534 10
      vertex 46.1821 -47.5321 10
      vertex 47.91 -49.9984 10
    endloop
  endfacet
  facet normal -0 0 1
    outer loop
      vertex 46.0838 -47.6183 10
      vertex 47.91 -49.9984 10
      vertex 46.1821 -47.5321 10
    endloop
  endfacet
  facet normal 0 0 1
    outer loop
      vertex 47.91 -49.9984 10
      vertex 46.0838 -47.6183 10
      vertex 47.475 -50.2891 10
    endloop
  endfacet
  facet normal -0 0 1
    outer loop
      vertex 45.975 -47.691 10
      vertex 47.475 -50.2891 10
      vertex 46.0838 -47.6183 10
    endloop
  endfacet
  facet normal 0 0 1
    outer loop
      vertex 47.475 -50.2891 10
      vertex 45.975 -47.691 10
      vertex 47.0057 -50.5205 10
    endloop
  endfacet
  facet normal -0 0 1
    outer loop
      vertex 45.8577 -47.7489 10
      vertex 47.0057 -50.5205 10
      vertex 45.975 -47.691 10
    endloop
  endfacet
  facet normal 0 0 1
    outer loop
      vertex 47.0057 -50.5205 10
      vertex 45.8577 -47.7489 10
      vertex 46.5103 -50.6887 10
    endloop
  endfacet
  facet normal -0 0 1
    outer loop
      vertex 45.7338 -47.7909 10
      vertex 46.5103 -50.6887 10
      vertex 45.8577 -47.7489 10
    endloop
  endfacet
  facet normal 0 0 1
    outer loop
      vertex 46.5103 -50.6887 10
      vertex 45.7338 -47.7909 10
      vertex 45.9971 -50.7908 10
    endloop
  endfacet
  facet normal -0 0 1
    outer loop
      vertex 45.6055 -47.8164 10
      vertex 45.9971 -50.7908 10
      vertex 45.7338 -47.7909 10
    endloop
  endfacet
  facet normal -0 0 1
    outer loop
      vertex 45.475 -47.825 10
      vertex 45.9971 -50.7908 10
      vertex 45.6055 -47.8164 10
    endloop
  endfacet
  facet normal 0 0 1
    outer loop
      vertex 45.475 -47.825 10
      vertex 45.475 -50.825 10
      vertex 45.9971 -50.7908 10
    endloop
  endfacet
  facet normal -0 0 1
    outer loop
      vertex -45.475 -47.825 10
      vertex 45.475 -50.825 10
      vertex 45.475 -47.825 10
    endloop
  endfacet
  facet normal 0 0 1
    outer loop
      vertex -45.475 -47.825 10
      vertex -45.475 -50.825 10
      vertex 45.475 -50.825 10
    endloop
  endfacet
  facet normal 0 0 1
    outer loop
      vertex -45.6055 -47.8164 10
      vertex -45.475 -50.825 10
      vertex -45.475 -47.825 10
    endloop
  endfacet
  facet normal 0 0 1
    outer loop
      vertex -45.9971 -50.7908 10
      vertex -45.6055 -47.8164 10
      vertex -45.7338 -47.7909 10
    endloop
  endfacet
  facet normal 0 0 1
    outer loop
      vertex -46.5103 -50.6887 10
      vertex -45.7338 -47.7909 10
      vertex -45.8577 -47.7489 10
    endloop
  endfacet
  facet normal 0 0 1
    outer loop
      vertex -47.0057 -50.5205 10
      vertex -45.8577 -47.7489 10
      vertex -45.975 -47.691 10
    endloop
  endfacet
  facet normal 0 0 1
    outer loop
      vertex -45.6055 -47.8164 10
      vertex -45.9971 -50.7908 10
      vertex -45.475 -50.825 10
    endloop
  endfacet
  facet normal 0 0 1
    outer loop
      vertex -47.475 -50.2891 10
      vertex -45.975 -47.691 10
      vertex -46.0838 -47.6183 10
    endloop
  endfacet
  facet normal 0 0 1
    outer loop
      vertex -47.91 -49.9984 10
      vertex -46.0838 -47.6183 10
      vertex -46.1821 -47.5321 10
    endloop
  endfacet
  facet normal 0 0 1
    outer loop
      vertex -48.3034 -49.6534 10
      vertex -46.1821 -47.5321 10
      vertex -46.2683 -47.4337 10
    endloop
  endfacet
  facet normal 0 0 1
    outer loop
      vertex -48.6484 -49.26 10
      vertex -46.2683 -47.4337 10
      vertex -46.341 -47.325 10
    endloop
  endfacet
  facet normal 0 0 1
    outer loop
      vertex -48.9391 -48.825 10
      vertex -46.341 -47.325 10
      vertex -46.3989 -47.2077 10
    endloop
  endfacet
  facet normal 0 0 1
    outer loop
      vertex -49.1705 -48.3557 10
      vertex -46.3989 -47.2077 10
      vertex -46.4409 -47.0838 10
    endloop
  endfacet
  facet normal 0 0 1
    outer loop
      vertex -49.3387 -47.8603 10
      vertex -46.4409 -47.0838 10
      vertex -46.4664 -46.9555 10
    endloop
  endfacet
  facet normal 0 0 1
    outer loop
      vertex -45.7338 -47.7909 10
      vertex -46.5103 -50.6887 10
      vertex -45.9971 -50.7908 10
    endloop
  endfacet
  facet normal 0 0 1
    outer loop
      vertex -49.4408 -47.3471 10
      vertex -46.4664 -46.9555 10
      vertex -46.475 -46.825 10
    endloop
  endfacet
  facet normal 0 0 1
    outer loop
      vertex -46.475 46.825 10
      vertex -49.475 46.825 10
      vertex -46.475 -46.825 10
    endloop
  endfacet
  facet normal -0 0 1
    outer loop
      vertex -48.9391 48.825 10
      vertex -46.341 47.325 10
      vertex -48.6484 49.26 10
    endloop
  endfacet
  facet normal 0 0 1
    outer loop
      vertex -49.475 -46.825 10
      vertex -46.475 -46.825 10
      vertex -49.475 46.825 10
    endloop
  endfacet
  facet normal 0 0 1
    outer loop
      vertex -46.341 47.325 10
      vertex -48.9391 48.825 10
      vertex -46.3989 47.2077 10
    endloop
  endfacet
  facet normal 0 -0 1
    outer loop
      vertex -49.4408 -47.3471 10
      vertex -46.475 -46.825 10
      vertex -49.475 -46.825 10
    endloop
  endfacet
  facet normal -0 0 1
    outer loop
      vertex -49.1705 48.3557 10
      vertex -46.3989 47.2077 10
      vertex -48.9391 48.825 10
    endloop
  endfacet
  facet normal 0 0 1
    outer loop
      vertex -45.8577 -47.7489 10
      vertex -47.0057 -50.5205 10
      vertex -46.5103 -50.6887 10
    endloop
  endfacet
  facet normal 0 0 1
    outer loop
      vertex -46.3989 47.2077 10
      vertex -49.1705 48.3557 10
      vertex -46.4409 47.0838 10
    endloop
  endfacet
  facet normal 0 0 1
    outer loop
      vertex -45.975 -47.691 10
      vertex -47.475 -50.2891 10
      vertex -47.0057 -50.5205 10
    endloop
  endfacet
  facet normal -0 0 1
    outer loop
      vertex -49.3387 47.8603 10
      vertex -46.4409 47.0838 10
      vertex -49.1705 48.3557 10
    endloop
  endfacet
  facet normal 0 0 1
    outer loop
      vertex -46.0838 -47.6183 10
      vertex -47.91 -49.9984 10
      vertex -47.475 -50.2891 10
    endloop
  endfacet
  facet normal 0 0 1
    outer loop
      vertex -46.4409 47.0838 10
      vertex -49.3387 47.8603 10
      vertex -46.4664 46.9555 10
    endloop
  endfacet
  facet normal 0 0 1
    outer loop
      vertex -46.1821 -47.5321 10
      vertex -48.3034 -49.6534 10
      vertex -47.91 -49.9984 10
    endloop
  endfacet
  facet normal -0 0 1
    outer loop
      vertex -49.4408 47.3471 10
      vertex -46.4664 46.9555 10
      vertex -49.3387 47.8603 10
    endloop
  endfacet
  facet normal 0 0 1
    outer loop
      vertex -46.2683 -47.4337 10
      vertex -48.6484 -49.26 10
      vertex -48.3034 -49.6534 10
    endloop
  endfacet
  facet normal 0 0 1
    outer loop
      vertex -46.4664 46.9555 10
      vertex -49.4408 47.3471 10
      vertex -46.475 46.825 10
    endloop
  endfacet
  facet normal 0 0 1
    outer loop
      vertex -46.341 -47.325 10
      vertex -48.9391 -48.825 10
      vertex -48.6484 -49.26 10
    endloop
  endfacet
  facet normal 0 0 1
    outer loop
      vertex -46.475 46.825 10
      vertex -49.4408 47.3471 10
      vertex -49.475 46.825 10
    endloop
  endfacet
  facet normal 0 0 1
    outer loop
      vertex -46.3989 -47.2077 10
      vertex -49.1705 -48.3557 10
      vertex -48.9391 -48.825 10
    endloop
  endfacet
  facet normal 0 0 1
    outer loop
      vertex -46.4409 -47.0838 10
      vertex -49.3387 -47.8603 10
      vertex -49.1705 -48.3557 10
    endloop
  endfacet
  facet normal 0 0 1
    outer loop
      vertex -46.4664 -46.9555 10
      vertex -49.4408 -47.3471 10
      vertex -49.3387 -47.8603 10
    endloop
  endfacet
  facet normal -1 0 0
    outer loop
      vertex -49.475 -46.825 0
      vertex -49.475 46.825 10
      vertex -49.475 46.825 0
    endloop
  endfacet
  facet normal -1 -0 0
    outer loop
      vertex -49.475 46.825 10
      vertex -49.475 -46.825 0
      vertex -49.475 -46.825 10
    endloop
  endfacet
  facet normal -0.997861 -0.0653646 0
    outer loop
      vertex -49.4408 -47.3471 0
      vertex -49.475 -46.825 10
      vertex -49.475 -46.825 0
    endloop
  endfacet
  facet normal -0.997861 -0.0653646 0
    outer loop
      vertex -49.475 -46.825 10
      vertex -49.4408 -47.3471 0
      vertex -49.4408 -47.3471 10
    endloop
  endfacet
  facet normal -0.896898 0.442238 0
    outer loop
      vertex -49.1705 48.3557 0
      vertex -48.9391 48.825 10
      vertex -48.9391 48.825 0
    endloop
  endfacet
  facet normal -0.896898 0.442238 0
    outer loop
      vertex -48.9391 48.825 10
      vertex -49.1705 48.3557 0
      vertex -49.1705 48.3557 10
    endloop
  endfacet
  facet normal 0.980779 0.195124 0
    outer loop
      vertex 49.4408 47.3471 10
      vertex 49.3387 47.8603 1.5
      vertex 49.3387 47.8603 10
    endloop
  endfacet
  facet normal 0.980779 0.195124 0
    outer loop
      vertex 49.3387 47.8603 1.5
      vertex 49.4408 47.3471 10
      vertex 49.4408 47.3471 1.5
    endloop
  endfacet
  facet normal 0 1 0
    outer loop
      vertex 109.95 50.825 1.5
      vertex 109.95 50.825 0
      vertex 45.475 50.825 1.5
    endloop
  endfacet
  facet normal 0 1 0
    outer loop
      vertex 45.475 50.825 10
      vertex 0.0999994 50.825 7.5
      vertex -45.475 50.825 10
    endloop
  endfacet
  facet normal 0 1 -0
    outer loop
      vertex 45.475 50.825 1.5
      vertex 0.0999994 50.825 7.5
      vertex 45.475 50.825 10
    endloop
  endfacet
  facet normal 0 1 0
    outer loop
      vertex -45.475 50.825 0
      vertex 0.0999994 50.825 2.04
      vertex 45.475 50.825 1.5
    endloop
  endfacet
  facet normal 0 1 0
    outer loop
      vertex 0.0999994 50.825 7.5
      vertex 45.475 50.825 1.5
      vertex 0.0999994 50.825 2.04
    endloop
  endfacet
  facet normal 0 1 -0
    outer loop
      vertex -10.5 50.825 7.5
      vertex -45.475 50.825 10
      vertex 0.0999994 50.825 7.5
    endloop
  endfacet
  facet normal 0 1 0
    outer loop
      vertex -45.475 50.825 0
      vertex -10.5 50.825 7.5
      vertex -10.5 50.825 2.04
    endloop
  endfacet
  facet normal 0 1 0
    outer loop
      vertex -45.475 50.825 0
      vertex 45.475 50.825 1.5
      vertex 109.95 50.825 0
    endloop
  endfacet
  facet normal 0 1 0
    outer loop
      vertex -10.5 50.825 7.5
      vertex -45.475 50.825 0
      vertex -45.475 50.825 10
    endloop
  endfacet
  facet normal 0 1 0
    outer loop
      vertex 0.0999994 50.825 2.04
      vertex -45.475 50.825 0
      vertex -10.5 50.825 2.04
    endloop
  endfacet
  facet normal -0.94691 0.321498 0
    outer loop
      vertex -49.3387 47.8603 0
      vertex -49.1705 48.3557 10
      vertex -49.1705 48.3557 0
    endloop
  endfacet
  facet normal -0.94691 0.321498 0
    outer loop
      vertex -49.1705 48.3557 10
      vertex -49.3387 47.8603 0
      vertex -49.3387 47.8603 10
    endloop
  endfacet
  facet normal -0.751842 0.659343 0
    outer loop
      vertex -48.6484 49.26 0
      vertex -48.3034 49.6534 10
      vertex -48.3034 49.6534 0
    endloop
  endfacet
  facet normal -0.751842 0.659343 0
    outer loop
      vertex -48.3034 49.6534 10
      vertex -48.6484 49.26 0
      vertex -48.6484 49.26 10
    endloop
  endfacet
  facet normal 0.94691 0.321498 0
    outer loop
      vertex 49.3387 47.8603 10
      vertex 49.1705 48.3557 1.5
      vertex 49.1705 48.3557 10
    endloop
  endfacet
  facet normal 0.94691 0.321498 0
    outer loop
      vertex 49.1705 48.3557 1.5
      vertex 49.3387 47.8603 10
      vertex 49.3387 47.8603 1.5
    endloop
  endfacet
  facet normal 0 -1 0
    outer loop
      vertex -45.475 -50.825 10
      vertex 45.475 -50.825 1.5
      vertex 45.475 -50.825 10
    endloop
  endfacet
  facet normal 0 -1 0
    outer loop
      vertex -45.475 -50.825 0
      vertex 45.475 -50.825 1.5
      vertex -45.475 -50.825 10
    endloop
  endfacet
  facet normal 0 -1 0
    outer loop
      vertex 109.95 -50.825 0
      vertex 45.475 -50.825 1.5
      vertex -45.475 -50.825 0
    endloop
  endfacet
  facet normal 0 -1 0
    outer loop
      vertex 45.475 -50.825 1.5
      vertex 109.95 -50.825 0
      vertex 109.95 -50.825 1.5
    endloop
  endfacet
  facet normal 0.94691 -0.321498 0
    outer loop
      vertex 49.1705 -48.3557 10
      vertex 49.3387 -47.8603 1.5
      vertex 49.3387 -47.8603 10
    endloop
  endfacet
  facet normal 0.94691 -0.321498 0
    outer loop
      vertex 49.3387 -47.8603 1.5
      vertex 49.1705 -48.3557 10
      vertex 49.1705 -48.3557 1.5
    endloop
  endfacet
  facet normal 0.659343 0.751842 -0
    outer loop
      vertex 48.3034 49.6534 1.5
      vertex 47.91 49.9984 10
      vertex 48.3034 49.6534 10
    endloop
  endfacet
  facet normal 0.659343 0.751842 0
    outer loop
      vertex 47.91 49.9984 10
      vertex 48.3034 49.6534 1.5
      vertex 47.91 49.9984 1.5
    endloop
  endfacet
  facet normal 0.0653646 0.997861 -0
    outer loop
      vertex 45.9971 50.7908 1.5
      vertex 45.475 50.825 10
      vertex 45.9971 50.7908 10
    endloop
  endfacet
  facet normal 0.0653646 0.997861 0
    outer loop
      vertex 45.475 50.825 10
      vertex 45.9971 50.7908 1.5
      vertex 45.475 50.825 1.5
    endloop
  endfacet
  facet normal -0.997861 0.0653646 0
    outer loop
      vertex -49.475 46.825 0
      vertex -49.4408 47.3471 10
      vertex -49.4408 47.3471 0
    endloop
  endfacet
  facet normal -0.997861 0.0653646 0
    outer loop
      vertex -49.4408 47.3471 10
      vertex -49.475 46.825 0
      vertex -49.475 46.825 10
    endloop
  endfacet
  facet normal -0.980779 0.195124 0
    outer loop
      vertex -49.4408 47.3471 0
      vertex -49.3387 47.8603 10
      vertex -49.3387 47.8603 0
    endloop
  endfacet
  facet normal -0.980779 0.195124 0
    outer loop
      vertex -49.3387 47.8603 10
      vertex -49.4408 47.3471 0
      vertex -49.4408 47.3471 10
    endloop
  endfacet
  facet normal -0.831432 0.555626 0
    outer loop
      vertex -48.9391 48.825 0
      vertex -48.6484 49.26 10
      vertex -48.6484 49.26 0
    endloop
  endfacet
  facet normal -0.831432 0.555626 0
    outer loop
      vertex -48.6484 49.26 10
      vertex -48.9391 48.825 0
      vertex -48.9391 48.825 10
    endloop
  endfacet
  facet normal 0.997861 0.0653646 0
    outer loop
      vertex 49.475 46.825 10
      vertex 49.4408 47.3471 1.5
      vertex 49.4408 47.3471 10
    endloop
  endfacet
  facet normal 0.997861 0.0653646 0
    outer loop
      vertex 49.4408 47.3471 1.5
      vertex 49.475 46.825 10
      vertex 49.475 46.825 1.5
    endloop
  endfacet
  facet normal 1 0 0
    outer loop
      vertex 49.475 46.825 10
      vertex 49.475 20.38 1.5
      vertex 49.475 46.825 1.5
    endloop
  endfacet
  facet normal 1 0 0
    outer loop
      vertex 49.475 20.38 1.5
      vertex 49.475 6.38 1.5
      vertex 49.475 20.38 0
    endloop
  endfacet
  facet normal 1 0 0
    outer loop
      vertex 49.475 46.825 10
      vertex 49.475 6.38 1.5
      vertex 49.475 20.38 1.5
    endloop
  endfacet
  facet normal 1 0 0
    outer loop
      vertex 49.475 46.825 10
      vertex 49.475 1.33 1.5
      vertex 49.475 6.38 1.5
    endloop
  endfacet
  facet normal 1 0 0
    outer loop
      vertex 49.475 1.33 1.5
      vertex 49.475 -12.67 1.5
      vertex 49.475 1.33 0
    endloop
  endfacet
  facet normal 1 -0 0
    outer loop
      vertex 49.475 -46.825 10
      vertex 49.475 1.33 1.5
      vertex 49.475 46.825 10
    endloop
  endfacet
  facet normal 1 0 0
    outer loop
      vertex 49.475 1.33 1.5
      vertex 49.475 -46.825 10
      vertex 49.475 -12.67 1.5
    endloop
  endfacet
  facet normal 1 0 0
    outer loop
      vertex 49.475 -17.72 1.5
      vertex 49.475 -31.72 1.5
      vertex 49.475 -17.72 0
    endloop
  endfacet
  facet normal 1 0 0
    outer loop
      vertex 49.475 -12.67 1.5
      vertex 49.475 -46.825 10
      vertex 49.475 -17.72 1.5
    endloop
  endfacet
  facet normal 1 0 0
    outer loop
      vertex 49.475 -17.72 1.5
      vertex 49.475 -46.825 10
      vertex 49.475 -31.72 1.5
    endloop
  endfacet
  facet normal 1 0 0
    outer loop
      vertex 49.475 -31.72 1.5
      vertex 49.475 -46.825 10
      vertex 49.475 -46.825 1.5
    endloop
  endfacet
  facet normal 1 0 0
    outer loop
      vertex 49.475 20.38 0
      vertex 49.475 6.38 1.5
      vertex 49.475 6.38 0
    endloop
  endfacet
  facet normal 1 0 0
    outer loop
      vertex 49.475 1.33 0
      vertex 49.475 -12.67 1.5
      vertex 49.475 -12.67 0
    endloop
  endfacet
  facet normal 1 0 0
    outer loop
      vertex 49.475 -17.72 0
      vertex 49.475 -31.72 1.5
      vertex 49.475 -31.72 0
    endloop
  endfacet
  facet normal -0.831432 -0.555626 0
    outer loop
      vertex -48.6484 -49.26 0
      vertex -48.9391 -48.825 10
      vertex -48.9391 -48.825 0
    endloop
  endfacet
  facet normal -0.831432 -0.555626 0
    outer loop
      vertex -48.9391 -48.825 10
      vertex -48.6484 -49.26 0
      vertex -48.6484 -49.26 10
    endloop
  endfacet
  facet normal -0.0653646 -0.997861 0
    outer loop
      vertex -45.9971 -50.7908 0
      vertex -45.475 -50.825 10
      vertex -45.9971 -50.7908 10
    endloop
  endfacet
  facet normal -0.0653646 -0.997861 -0
    outer loop
      vertex -45.475 -50.825 10
      vertex -45.9971 -50.7908 0
      vertex -45.475 -50.825 0
    endloop
  endfacet
  facet normal -0.555626 -0.831432 0
    outer loop
      vertex -47.91 -49.9984 0
      vertex -47.475 -50.2891 10
      vertex -47.91 -49.9984 10
    endloop
  endfacet
  facet normal -0.555626 -0.831432 -0
    outer loop
      vertex -47.475 -50.2891 10
      vertex -47.91 -49.9984 0
      vertex -47.475 -50.2891 0
    endloop
  endfacet
  facet normal 0.0653646 -0.997861 0
    outer loop
      vertex 45.475 -50.825 1.5
      vertex 45.9971 -50.7908 10
      vertex 45.475 -50.825 10
    endloop
  endfacet
  facet normal 0.0653646 -0.997861 0
    outer loop
      vertex 45.9971 -50.7908 10
      vertex 45.475 -50.825 1.5
      vertex 45.9971 -50.7908 1.5
    endloop
  endfacet
  facet normal 0.442238 -0.896898 0
    outer loop
      vertex 47.0057 -50.5205 1.5
      vertex 47.475 -50.2891 10
      vertex 47.0057 -50.5205 10
    endloop
  endfacet
  facet normal 0.442238 -0.896898 0
    outer loop
      vertex 47.475 -50.2891 10
      vertex 47.0057 -50.5205 1.5
      vertex 47.475 -50.2891 1.5
    endloop
  endfacet
  facet normal 0.896898 -0.442238 0
    outer loop
      vertex 48.9391 -48.825 10
      vertex 49.1705 -48.3557 1.5
      vertex 49.1705 -48.3557 10
    endloop
  endfacet
  facet normal 0.896898 -0.442238 0
    outer loop
      vertex 49.1705 -48.3557 1.5
      vertex 48.9391 -48.825 10
      vertex 48.9391 -48.825 1.5
    endloop
  endfacet
  facet normal 0.831432 -0.555626 0
    outer loop
      vertex 48.6484 -49.26 10
      vertex 48.9391 -48.825 1.5
      vertex 48.9391 -48.825 10
    endloop
  endfacet
  facet normal 0.831432 -0.555626 0
    outer loop
      vertex 48.9391 -48.825 1.5
      vertex 48.6484 -49.26 10
      vertex 48.6484 -49.26 1.5
    endloop
  endfacet
  facet normal 0.751842 0.659343 0
    outer loop
      vertex 48.6484 49.26 10
      vertex 48.3034 49.6534 1.5
      vertex 48.3034 49.6534 10
    endloop
  endfacet
  facet normal 0.751842 0.659343 0
    outer loop
      vertex 48.3034 49.6534 1.5
      vertex 48.6484 49.26 10
      vertex 48.6484 49.26 1.5
    endloop
  endfacet
  facet normal 0.442238 0.896898 -0
    outer loop
      vertex 47.475 50.2891 1.5
      vertex 47.0057 50.5205 10
      vertex 47.475 50.2891 10
    endloop
  endfacet
  facet normal 0.442238 0.896898 0
    outer loop
      vertex 47.0057 50.5205 10
      vertex 47.475 50.2891 1.5
      vertex 47.0057 50.5205 1.5
    endloop
  endfacet
  facet normal 0.555626 0.831432 -0
    outer loop
      vertex 47.91 49.9984 1.5
      vertex 47.475 50.2891 10
      vertex 47.91 49.9984 10
    endloop
  endfacet
  facet normal 0.555626 0.831432 0
    outer loop
      vertex 47.475 50.2891 10
      vertex 47.91 49.9984 1.5
      vertex 47.475 50.2891 1.5
    endloop
  endfacet
  facet normal -0.659343 -0.751842 0
    outer loop
      vertex -48.3034 -49.6534 0
      vertex -47.91 -49.9984 10
      vertex -48.3034 -49.6534 10
    endloop
  endfacet
  facet normal -0.659343 -0.751842 -0
    outer loop
      vertex -47.91 -49.9984 10
      vertex -48.3034 -49.6534 0
      vertex -47.91 -49.9984 0
    endloop
  endfacet
  facet normal 0.195124 -0.980779 0
    outer loop
      vertex 45.9971 -50.7908 1.5
      vertex 46.5103 -50.6887 10
      vertex 45.9971 -50.7908 10
    endloop
  endfacet
  facet normal 0.195124 -0.980779 0
    outer loop
      vertex 46.5103 -50.6887 10
      vertex 45.9971 -50.7908 1.5
      vertex 46.5103 -50.6887 1.5
    endloop
  endfacet
  facet normal 0.980779 -0.195124 0
    outer loop
      vertex 49.3387 -47.8603 10
      vertex 49.4408 -47.3471 1.5
      vertex 49.4408 -47.3471 10
    endloop
  endfacet
  facet normal 0.980779 -0.195124 0
    outer loop
      vertex 49.4408 -47.3471 1.5
      vertex 49.3387 -47.8603 10
      vertex 49.3387 -47.8603 1.5
    endloop
  endfacet
  facet normal 0.831432 0.555626 0
    outer loop
      vertex 48.9391 48.825 10
      vertex 48.6484 49.26 1.5
      vertex 48.6484 49.26 10
    endloop
  endfacet
  facet normal 0.831432 0.555626 0
    outer loop
      vertex 48.6484 49.26 1.5
      vertex 48.9391 48.825 10
      vertex 48.9391 48.825 1.5
    endloop
  endfacet
  facet normal 0.896898 0.442238 0
    outer loop
      vertex 49.1705 48.3557 10
      vertex 48.9391 48.825 1.5
      vertex 48.9391 48.825 10
    endloop
  endfacet
  facet normal 0.896898 0.442238 0
    outer loop
      vertex 48.9391 48.825 1.5
      vertex 49.1705 48.3557 10
      vertex 49.1705 48.3557 1.5
    endloop
  endfacet
  facet normal 0.195124 0.980779 -0
    outer loop
      vertex 46.5103 50.6887 1.5
      vertex 45.9971 50.7908 10
      vertex 46.5103 50.6887 10
    endloop
  endfacet
  facet normal 0.195124 0.980779 0
    outer loop
      vertex 45.9971 50.7908 10
      vertex 46.5103 50.6887 1.5
      vertex 45.9971 50.7908 1.5
    endloop
  endfacet
  facet normal 0.321498 0.94691 -0
    outer loop
      vertex 47.0057 50.5205 1.5
      vertex 46.5103 50.6887 10
      vertex 47.0057 50.5205 10
    endloop
  endfacet
  facet normal 0.321498 0.94691 0
    outer loop
      vertex 46.5103 50.6887 10
      vertex 47.0057 50.5205 1.5
      vertex 46.5103 50.6887 1.5
    endloop
  endfacet
  facet normal -0.659343 0.751842 0
    outer loop
      vertex -47.91 49.9984 0
      vertex -48.3034 49.6534 10
      vertex -47.91 49.9984 10
    endloop
  endfacet
  facet normal -0.659343 0.751842 0
    outer loop
      vertex -48.3034 49.6534 10
      vertex -47.91 49.9984 0
      vertex -48.3034 49.6534 0
    endloop
  endfacet
  facet normal -0.321498 0.94691 0
    outer loop
      vertex -46.5103 50.6887 0
      vertex -47.0057 50.5205 10
      vertex -46.5103 50.6887 10
    endloop
  endfacet
  facet normal -0.321498 0.94691 0
    outer loop
      vertex -47.0057 50.5205 10
      vertex -46.5103 50.6887 0
      vertex -47.0057 50.5205 0
    endloop
  endfacet
  facet normal -0.0653646 0.997861 0
    outer loop
      vertex -45.475 50.825 0
      vertex -45.9971 50.7908 10
      vertex -45.475 50.825 10
    endloop
  endfacet
  facet normal -0.0653646 0.997861 0
    outer loop
      vertex -45.9971 50.7908 10
      vertex -45.475 50.825 0
      vertex -45.9971 50.7908 0
    endloop
  endfacet
  facet normal -0.321498 -0.94691 0
    outer loop
      vertex -47.0057 -50.5205 0
      vertex -46.5103 -50.6887 10
      vertex -47.0057 -50.5205 10
    endloop
  endfacet
  facet normal -0.321498 -0.94691 -0
    outer loop
      vertex -46.5103 -50.6887 10
      vertex -47.0057 -50.5205 0
      vertex -46.5103 -50.6887 0
    endloop
  endfacet
  facet normal -0.195124 -0.980779 0
    outer loop
      vertex -46.5103 -50.6887 0
      vertex -45.9971 -50.7908 10
      vertex -46.5103 -50.6887 10
    endloop
  endfacet
  facet normal -0.195124 -0.980779 -0
    outer loop
      vertex -45.9971 -50.7908 10
      vertex -46.5103 -50.6887 0
      vertex -45.9971 -50.7908 0
    endloop
  endfacet
  facet normal -0.442238 -0.896898 0
    outer loop
      vertex -47.475 -50.2891 0
      vertex -47.0057 -50.5205 10
      vertex -47.475 -50.2891 10
    endloop
  endfacet
  facet normal -0.442238 -0.896898 -0
    outer loop
      vertex -47.0057 -50.5205 10
      vertex -47.475 -50.2891 0
      vertex -47.0057 -50.5205 0
    endloop
  endfacet
  facet normal 0.659343 -0.751842 0
    outer loop
      vertex 47.91 -49.9984 1.5
      vertex 48.3034 -49.6534 10
      vertex 47.91 -49.9984 10
    endloop
  endfacet
  facet normal 0.659343 -0.751842 0
    outer loop
      vertex 48.3034 -49.6534 10
      vertex 47.91 -49.9984 1.5
      vertex 48.3034 -49.6534 1.5
    endloop
  endfacet
  facet normal 0.997861 -0.0653646 0
    outer loop
      vertex 49.4408 -47.3471 10
      vertex 49.475 -46.825 1.5
      vertex 49.475 -46.825 10
    endloop
  endfacet
  facet normal 0.997861 -0.0653646 0
    outer loop
      vertex 49.475 -46.825 1.5
      vertex 49.4408 -47.3471 10
      vertex 49.4408 -47.3471 1.5
    endloop
  endfacet
  facet normal -0.555626 0.831432 0
    outer loop
      vertex -47.475 50.2891 0
      vertex -47.91 49.9984 10
      vertex -47.475 50.2891 10
    endloop
  endfacet
  facet normal -0.555626 0.831432 0
    outer loop
      vertex -47.91 49.9984 10
      vertex -47.475 50.2891 0
      vertex -47.91 49.9984 0
    endloop
  endfacet
  facet normal -0.442238 0.896898 0
    outer loop
      vertex -47.0057 50.5205 0
      vertex -47.475 50.2891 10
      vertex -47.0057 50.5205 10
    endloop
  endfacet
  facet normal -0.442238 0.896898 0
    outer loop
      vertex -47.475 50.2891 10
      vertex -47.0057 50.5205 0
      vertex -47.475 50.2891 0
    endloop
  endfacet
  facet normal -0.195124 0.980779 0
    outer loop
      vertex -45.9971 50.7908 0
      vertex -46.5103 50.6887 10
      vertex -45.9971 50.7908 10
    endloop
  endfacet
  facet normal -0.195124 0.980779 0
    outer loop
      vertex -46.5103 50.6887 10
      vertex -45.9971 50.7908 0
      vertex -46.5103 50.6887 0
    endloop
  endfacet
  facet normal -0.751842 -0.659343 0
    outer loop
      vertex -48.3034 -49.6534 0
      vertex -48.6484 -49.26 10
      vertex -48.6484 -49.26 0
    endloop
  endfacet
  facet normal -0.751842 -0.659343 0
    outer loop
      vertex -48.6484 -49.26 10
      vertex -48.3034 -49.6534 0
      vertex -48.3034 -49.6534 10
    endloop
  endfacet
  facet normal 0.321498 -0.94691 0
    outer loop
      vertex 46.5103 -50.6887 1.5
      vertex 47.0057 -50.5205 10
      vertex 46.5103 -50.6887 10
    endloop
  endfacet
  facet normal 0.321498 -0.94691 0
    outer loop
      vertex 47.0057 -50.5205 10
      vertex 46.5103 -50.6887 1.5
      vertex 47.0057 -50.5205 1.5
    endloop
  endfacet
  facet normal 0.555626 -0.831432 0
    outer loop
      vertex 47.475 -50.2891 1.5
      vertex 47.91 -49.9984 10
      vertex 47.475 -50.2891 10
    endloop
  endfacet
  facet normal 0.555626 -0.831432 0
    outer loop
      vertex 47.91 -49.9984 10
      vertex 47.475 -50.2891 1.5
      vertex 47.91 -49.9984 1.5
    endloop
  endfacet
  facet normal 0.980815 0.19494 0
    outer loop
      vertex -46.4409 -47.0838 10
      vertex -46.4664 -46.9555 2.4
      vertex -46.4664 -46.9555 10
    endloop
  endfacet
  facet normal 0.980815 0.19494 0
    outer loop
      vertex -46.4664 -46.9555 2.4
      vertex -46.4409 -47.0838 10
      vertex -46.4409 -47.0838 2.4
    endloop
  endfacet
  facet normal 0.947066 0.321039 0
    outer loop
      vertex -46.3989 -47.2077 10
      vertex -46.4409 -47.0838 2.4
      vertex -46.4409 -47.0838 10
    endloop
  endfacet
  facet normal 0.947066 0.321039 0
    outer loop
      vertex -46.4409 -47.0838 2.4
      vertex -46.3989 -47.2077 10
      vertex -46.3989 -47.2077 2.4
    endloop
  endfacet
  facet normal 0.997836 0.0657577 0
    outer loop
      vertex -46.4664 -46.9555 10
      vertex -46.475 -46.825 2.4
      vertex -46.475 -46.825 10
    endloop
  endfacet
  facet normal 0.997836 0.0657577 0
    outer loop
      vertex -46.475 -46.825 2.4
      vertex -46.4664 -46.9555 10
      vertex -46.4664 -46.9555 2.4
    endloop
  endfacet
  facet normal 0 1 -0
    outer loop
      vertex 45.475 -47.825 2.4
      vertex -45.475 -47.825 10
      vertex 45.475 -47.825 10
    endloop
  endfacet
  facet normal 0 1 0
    outer loop
      vertex -45.475 -47.825 10
      vertex 45.475 -47.825 2.4
      vertex -45.475 -47.825 2.4
    endloop
  endfacet
  facet normal 0.321039 0.947066 -0
    outer loop
      vertex -45.7338 -47.7909 2.4
      vertex -45.8577 -47.7489 10
      vertex -45.7338 -47.7909 10
    endloop
  endfacet
  facet normal 0.321039 0.947066 0
    outer loop
      vertex -45.8577 -47.7489 10
      vertex -45.7338 -47.7909 2.4
      vertex -45.8577 -47.7489 2.4
    endloop
  endfacet
  facet normal -1 0 0
    outer loop
      vertex 46.475 -46.825 2.4
      vertex 46.475 46.825 10
      vertex 46.475 46.825 2.4
    endloop
  endfacet
  facet normal -1 -0 0
    outer loop
      vertex 46.475 46.825 10
      vertex 46.475 -46.825 2.4
      vertex 46.475 -46.825 10
    endloop
  endfacet
  facet normal 0.896709 0.442621 0
    outer loop
      vertex -46.341 -47.325 10
      vertex -46.3989 -47.2077 2.4
      vertex -46.3989 -47.2077 10
    endloop
  endfacet
  facet normal 0.896709 0.442621 0
    outer loop
      vertex -46.3989 -47.2077 2.4
      vertex -46.341 -47.325 10
      vertex -46.341 -47.325 2.4
    endloop
  endfacet
  facet normal 1 -0 0
    outer loop
      vertex -46.475 -46.825 10
      vertex -46.475 46.825 2.4
      vertex -46.475 46.825 10
    endloop
  endfacet
  facet normal 1 0 0
    outer loop
      vertex -46.475 46.825 2.4
      vertex -46.475 -46.825 10
      vertex -46.475 -46.825 2.4
    endloop
  endfacet
  facet normal 0 0 1
    outer loop
      vertex -10.5 47.825 2.4
      vertex -45.475 47.825 2.4
      vertex -10.5 46.825 2.4
    endloop
  endfacet
  facet normal 0 0 1
    outer loop
      vertex 45.475 47.825 2.4
      vertex 46.475 46.825 2.4
      vertex 46.4664 46.9555 2.4
    endloop
  endfacet
  facet normal 0 0 1
    outer loop
      vertex 46.475 46.825 2.4
      vertex 0.0999994 46.825 2.4
      vertex 46.475 -46.825 2.4
    endloop
  endfacet
  facet normal 0 0 1
    outer loop
      vertex 45.475 47.825 2.4
      vertex 46.4664 46.9555 2.4
      vertex 46.4409 47.0838 2.4
    endloop
  endfacet
  facet normal 0 -0 1
    outer loop
      vertex 45.475 -47.825 2.4
      vertex 46.475 -46.825 2.4
      vertex 0.0999994 46.825 2.4
    endloop
  endfacet
  facet normal 0 0 1
    outer loop
      vertex 45.475 47.825 2.4
      vertex 46.4409 47.0838 2.4
      vertex 46.3989 47.2077 2.4
    endloop
  endfacet
  facet normal 0 0 1
    outer loop
      vertex 46.475 -46.825 2.4
      vertex 45.475 -47.825 2.4
      vertex 46.4664 -46.9555 2.4
    endloop
  endfacet
  facet normal 0 0 1
    outer loop
      vertex 45.475 47.825 2.4
      vertex 46.3989 47.2077 2.4
      vertex 46.341 47.325 2.4
    endloop
  endfacet
  facet normal 0 0 1
    outer loop
      vertex 46.4664 -46.9555 2.4
      vertex 45.475 -47.825 2.4
      vertex 46.4409 -47.0838 2.4
    endloop
  endfacet
  facet normal 0 0 1
    outer loop
      vertex 45.475 47.825 2.4
      vertex 46.341 47.325 2.4
      vertex 46.2683 47.4337 2.4
    endloop
  endfacet
  facet normal 0 0 1
    outer loop
      vertex 46.4409 -47.0838 2.4
      vertex 45.475 -47.825 2.4
      vertex 46.3989 -47.2077 2.4
    endloop
  endfacet
  facet normal 0 0 1
    outer loop
      vertex 45.475 47.825 2.4
      vertex 46.2683 47.4337 2.4
      vertex 46.1821 47.5321 2.4
    endloop
  endfacet
  facet normal 0 0 1
    outer loop
      vertex 46.475 46.825 2.4
      vertex 45.475 47.825 2.4
      vertex 0.0999994 46.825 2.4
    endloop
  endfacet
  facet normal 0 0 1
    outer loop
      vertex 45.475 47.825 2.4
      vertex 46.1821 47.5321 2.4
      vertex 46.0838 47.6183 2.4
    endloop
  endfacet
  facet normal 0 0 1
    outer loop
      vertex 46.3989 -47.2077 2.4
      vertex 45.475 -47.825 2.4
      vertex 46.341 -47.325 2.4
    endloop
  endfacet
  facet normal 0 0 1
    outer loop
      vertex 45.475 47.825 2.4
      vertex 46.0838 47.6183 2.4
      vertex 45.975 47.691 2.4
    endloop
  endfacet
  facet normal 0 0 1
    outer loop
      vertex 46.2683 -47.4337 2.4
      vertex 45.475 -47.825 2.4
      vertex 46.1821 -47.5321 2.4
    endloop
  endfacet
  facet normal 0 0 1
    outer loop
      vertex 45.475 47.825 2.4
      vertex 45.975 47.691 2.4
      vertex 45.8577 47.7489 2.4
    endloop
  endfacet
  facet normal 0 0 1
    outer loop
      vertex 46.1821 -47.5321 2.4
      vertex 45.475 -47.825 2.4
      vertex 46.0838 -47.6183 2.4
    endloop
  endfacet
  facet normal 0 0 1
    outer loop
      vertex 45.475 47.825 2.4
      vertex 45.8577 47.7489 2.4
      vertex 45.7338 47.7909 2.4
    endloop
  endfacet
  facet normal 0 0 1
    outer loop
      vertex 46.0838 -47.6183 2.4
      vertex 45.475 -47.825 2.4
      vertex 45.975 -47.691 2.4
    endloop
  endfacet
  facet normal 0 0 1
    outer loop
      vertex 45.475 47.825 2.4
      vertex 45.7338 47.7909 2.4
      vertex 45.6055 47.8164 2.4
    endloop
  endfacet
  facet normal 0 0 1
    outer loop
      vertex 45.975 -47.691 2.4
      vertex 45.475 -47.825 2.4
      vertex 45.8577 -47.7489 2.4
    endloop
  endfacet
  facet normal 0 0 1
    outer loop
      vertex 45.8577 -47.7489 2.4
      vertex 45.475 -47.825 2.4
      vertex 45.7338 -47.7909 2.4
    endloop
  endfacet
  facet normal 0 0 1
    outer loop
      vertex 45.7338 -47.7909 2.4
      vertex 45.475 -47.825 2.4
      vertex 45.6055 -47.8164 2.4
    endloop
  endfacet
  facet normal 0 0 1
    outer loop
      vertex 0.0999994 46.825 2.4
      vertex 45.475 47.825 2.4
      vertex 0.0999994 47.825 2.4
    endloop
  endfacet
  facet normal 0 0 1
    outer loop
      vertex 46.341 -47.325 2.4
      vertex 45.475 -47.825 2.4
      vertex 46.2683 -47.4337 2.4
    endloop
  endfacet
  facet normal 0 0 1
    outer loop
      vertex -45.475 -47.825 2.4
      vertex 0.0999994 46.825 2.4
      vertex -10.5 46.825 2.4
    endloop
  endfacet
  facet normal 0 0 1
    outer loop
      vertex -46.475 46.825 2.4
      vertex -10.5 46.825 2.4
      vertex -45.475 47.825 2.4
    endloop
  endfacet
  facet normal 0 0 1
    outer loop
      vertex -46.475 -46.825 2.4
      vertex -10.5 46.825 2.4
      vertex -46.475 46.825 2.4
    endloop
  endfacet
  facet normal 0 0 1
    outer loop
      vertex -46.475 46.825 2.4
      vertex -45.475 47.825 2.4
      vertex -45.6055 47.8164 2.4
    endloop
  endfacet
  facet normal 0 -0 1
    outer loop
      vertex -45.475 -47.825 2.4
      vertex -10.5 46.825 2.4
      vertex -46.475 -46.825 2.4
    endloop
  endfacet
  facet normal 0 0 1
    outer loop
      vertex -46.475 46.825 2.4
      vertex -45.6055 47.8164 2.4
      vertex -45.7338 47.7909 2.4
    endloop
  endfacet
  facet normal 0 0 1
    outer loop
      vertex 0.0999994 46.825 2.4
      vertex -45.475 -47.825 2.4
      vertex 45.475 -47.825 2.4
    endloop
  endfacet
  facet normal 0 0 1
    outer loop
      vertex -46.475 46.825 2.4
      vertex -45.7338 47.7909 2.4
      vertex -45.8577 47.7489 2.4
    endloop
  endfacet
  facet normal 0 0 1
    outer loop
      vertex -45.475 -47.825 2.4
      vertex -46.475 -46.825 2.4
      vertex -45.6055 -47.8164 2.4
    endloop
  endfacet
  facet normal 0 0 1
    outer loop
      vertex -46.475 46.825 2.4
      vertex -45.8577 47.7489 2.4
      vertex -45.975 47.691 2.4
    endloop
  endfacet
  facet normal 0 0 1
    outer loop
      vertex -45.6055 -47.8164 2.4
      vertex -46.475 -46.825 2.4
      vertex -45.7338 -47.7909 2.4
    endloop
  endfacet
  facet normal 0 0 1
    outer loop
      vertex -46.475 46.825 2.4
      vertex -45.975 47.691 2.4
      vertex -46.0838 47.6183 2.4
    endloop
  endfacet
  facet normal 0 0 1
    outer loop
      vertex -45.7338 -47.7909 2.4
      vertex -46.475 -46.825 2.4
      vertex -45.8577 -47.7489 2.4
    endloop
  endfacet
  facet normal 0 0 1
    outer loop
      vertex -46.475 46.825 2.4
      vertex -46.0838 47.6183 2.4
      vertex -46.1821 47.5321 2.4
    endloop
  endfacet
  facet normal 0 0 1
    outer loop
      vertex -45.8577 -47.7489 2.4
      vertex -46.475 -46.825 2.4
      vertex -45.975 -47.691 2.4
    endloop
  endfacet
  facet normal 0 0 1
    outer loop
      vertex -46.475 46.825 2.4
      vertex -46.1821 47.5321 2.4
      vertex -46.2683 47.4337 2.4
    endloop
  endfacet
  facet normal 0 0 1
    outer loop
      vertex -45.975 -47.691 2.4
      vertex -46.475 -46.825 2.4
      vertex -46.0838 -47.6183 2.4
    endloop
  endfacet
  facet normal 0 0 1
    outer loop
      vertex -46.475 46.825 2.4
      vertex -46.2683 47.4337 2.4
      vertex -46.341 47.325 2.4
    endloop
  endfacet
  facet normal 0 0 1
    outer loop
      vertex -46.0838 -47.6183 2.4
      vertex -46.475 -46.825 2.4
      vertex -46.1821 -47.5321 2.4
    endloop
  endfacet
  facet normal 0 0 1
    outer loop
      vertex -46.475 46.825 2.4
      vertex -46.341 47.325 2.4
      vertex -46.3989 47.2077 2.4
    endloop
  endfacet
  facet normal 0 0 1
    outer loop
      vertex -46.1821 -47.5321 2.4
      vertex -46.475 -46.825 2.4
      vertex -46.2683 -47.4337 2.4
    endloop
  endfacet
  facet normal 0 0 1
    outer loop
      vertex -46.475 46.825 2.4
      vertex -46.3989 47.2077 2.4
      vertex -46.4409 47.0838 2.4
    endloop
  endfacet
  facet normal 0 0 1
    outer loop
      vertex -46.2683 -47.4337 2.4
      vertex -46.475 -46.825 2.4
      vertex -46.341 -47.325 2.4
    endloop
  endfacet
  facet normal 0 0 1
    outer loop
      vertex -46.475 46.825 2.4
      vertex -46.4409 47.0838 2.4
      vertex -46.4664 46.9555 2.4
    endloop
  endfacet
  facet normal 0 0 1
    outer loop
      vertex -46.341 -47.325 2.4
      vertex -46.475 -46.825 2.4
      vertex -46.3989 -47.2077 2.4
    endloop
  endfacet
  facet normal 0 0 1
    outer loop
      vertex -46.3989 -47.2077 2.4
      vertex -46.475 -46.825 2.4
      vertex -46.4409 -47.0838 2.4
    endloop
  endfacet
  facet normal 0 0 1
    outer loop
      vertex -46.4409 -47.0838 2.4
      vertex -46.475 -46.825 2.4
      vertex -46.4664 -46.9555 2.4
    endloop
  endfacet
  facet normal 0 -1 0
    outer loop
      vertex 0.0999994 47.825 7.5
      vertex -45.475 47.825 10
      vertex -10.5 47.825 7.5
    endloop
  endfacet
  facet normal 0 -1 0
    outer loop
      vertex -45.475 47.825 2.4
      vertex -10.5 47.825 7.5
      vertex -45.475 47.825 10
    endloop
  endfacet
  facet normal 0 -1 -0
    outer loop
      vertex -10.5 47.825 7.5
      vertex -45.475 47.825 2.4
      vertex -10.5 47.825 2.4
    endloop
  endfacet
  facet normal 0 -1 0
    outer loop
      vertex -45.475 47.825 10
      vertex 0.0999994 47.825 7.5
      vertex 45.475 47.825 10
    endloop
  endfacet
  facet normal 0 -1 0
    outer loop
      vertex 45.475 47.825 2.4
      vertex 0.0999994 47.825 7.5
      vertex 0.0999994 47.825 2.4
    endloop
  endfacet
  facet normal 0 -1 0
    outer loop
      vertex 0.0999994 47.825 7.5
      vertex 45.475 47.825 2.4
      vertex 45.475 47.825 10
    endloop
  endfacet
  facet normal -0.980815 -0.19494 0
    outer loop
      vertex 46.4664 46.9555 2.4
      vertex 46.4409 47.0838 10
      vertex 46.4409 47.0838 2.4
    endloop
  endfacet
  facet normal -0.980815 -0.19494 0
    outer loop
      vertex 46.4409 47.0838 10
      vertex 46.4664 46.9555 2.4
      vertex 46.4664 46.9555 10
    endloop
  endfacet
  facet normal -0.997836 -0.0657577 0
    outer loop
      vertex 46.475 46.825 2.4
      vertex 46.4664 46.9555 10
      vertex 46.4664 46.9555 2.4
    endloop
  endfacet
  facet normal -0.997836 -0.0657577 0
    outer loop
      vertex 46.4664 46.9555 10
      vertex 46.475 46.825 2.4
      vertex 46.475 46.825 10
    endloop
  endfacet
  facet normal -0.997836 0.0657577 0
    outer loop
      vertex 46.4664 -46.9555 2.4
      vertex 46.475 -46.825 10
      vertex 46.475 -46.825 2.4
    endloop
  endfacet
  facet normal -0.997836 0.0657577 0
    outer loop
      vertex 46.475 -46.825 10
      vertex 46.4664 -46.9555 2.4
      vertex 46.4664 -46.9555 10
    endloop
  endfacet
  facet normal -0.752198 0.658937 0
    outer loop
      vertex 46.1821 -47.5321 2.4
      vertex 46.2683 -47.4337 10
      vertex 46.2683 -47.4337 2.4
    endloop
  endfacet
  facet normal -0.752198 0.658937 0
    outer loop
      vertex 46.2683 -47.4337 10
      vertex 46.1821 -47.5321 2.4
      vertex 46.1821 -47.5321 10
    endloop
  endfacet
  facet normal 0.896709 -0.442621 0
    outer loop
      vertex -46.3989 47.2077 10
      vertex -46.341 47.325 2.4
      vertex -46.341 47.325 10
    endloop
  endfacet
  facet normal 0.896709 -0.442621 0
    outer loop
      vertex -46.341 47.325 2.4
      vertex -46.3989 47.2077 10
      vertex -46.3989 47.2077 2.4
    endloop
  endfacet
  facet normal 0.947066 -0.321039 0
    outer loop
      vertex -46.4409 47.0838 10
      vertex -46.3989 47.2077 2.4
      vertex -46.3989 47.2077 10
    endloop
  endfacet
  facet normal 0.947066 -0.321039 0
    outer loop
      vertex -46.3989 47.2077 2.4
      vertex -46.4409 47.0838 10
      vertex -46.4409 47.0838 2.4
    endloop
  endfacet
  facet normal -0.19494 -0.980815 0
    outer loop
      vertex 45.6055 47.8164 2.4
      vertex 45.7338 47.7909 10
      vertex 45.6055 47.8164 10
    endloop
  endfacet
  facet normal -0.19494 -0.980815 -0
    outer loop
      vertex 45.7338 47.7909 10
      vertex 45.6055 47.8164 2.4
      vertex 45.7338 47.7909 2.4
    endloop
  endfacet
  facet normal -0.321039 -0.947066 0
    outer loop
      vertex 45.7338 47.7909 2.4
      vertex 45.8577 47.7489 10
      vertex 45.7338 47.7909 10
    endloop
  endfacet
  facet normal -0.321039 -0.947066 -0
    outer loop
      vertex 45.8577 47.7489 10
      vertex 45.7338 47.7909 2.4
      vertex 45.8577 47.7489 2.4
    endloop
  endfacet
  facet normal 0.321039 -0.947066 0
    outer loop
      vertex -45.8577 47.7489 2.4
      vertex -45.7338 47.7909 10
      vertex -45.8577 47.7489 10
    endloop
  endfacet
  facet normal 0.321039 -0.947066 0
    outer loop
      vertex -45.7338 47.7909 10
      vertex -45.8577 47.7489 2.4
      vertex -45.7338 47.7909 2.4
    endloop
  endfacet
  facet normal -0.947066 0.321039 0
    outer loop
      vertex 46.3989 -47.2077 2.4
      vertex 46.4409 -47.0838 10
      vertex 46.4409 -47.0838 2.4
    endloop
  endfacet
  facet normal -0.947066 0.321039 0
    outer loop
      vertex 46.4409 -47.0838 10
      vertex 46.3989 -47.2077 2.4
      vertex 46.3989 -47.2077 10
    endloop
  endfacet
  facet normal -0.896709 0.442621 0
    outer loop
      vertex 46.341 -47.325 2.4
      vertex 46.3989 -47.2077 10
      vertex 46.3989 -47.2077 2.4
    endloop
  endfacet
  facet normal -0.896709 0.442621 0
    outer loop
      vertex 46.3989 -47.2077 10
      vertex 46.341 -47.325 2.4
      vertex 46.341 -47.325 10
    endloop
  endfacet
  facet normal 0.19494 0.980815 -0
    outer loop
      vertex -45.6055 -47.8164 2.4
      vertex -45.7338 -47.7909 10
      vertex -45.6055 -47.8164 10
    endloop
  endfacet
  facet normal 0.19494 0.980815 0
    outer loop
      vertex -45.7338 -47.7909 10
      vertex -45.6055 -47.8164 2.4
      vertex -45.7338 -47.7909 2.4
    endloop
  endfacet
  facet normal 0.831226 -0.555935 0
    outer loop
      vertex -46.341 47.325 10
      vertex -46.2683 47.4337 2.4
      vertex -46.2683 47.4337 10
    endloop
  endfacet
  facet normal 0.831226 -0.555935 0
    outer loop
      vertex -46.2683 47.4337 2.4
      vertex -46.341 47.325 10
      vertex -46.341 47.325 2.4
    endloop
  endfacet
  facet normal 0.752198 -0.658937 0
    outer loop
      vertex -46.2683 47.4337 10
      vertex -46.1821 47.5321 2.4
      vertex -46.1821 47.5321 10
    endloop
  endfacet
  facet normal 0.752198 -0.658937 0
    outer loop
      vertex -46.1821 47.5321 2.4
      vertex -46.2683 47.4337 10
      vertex -46.2683 47.4337 2.4
    endloop
  endfacet
  facet normal 0.997836 -0.0657577 0
    outer loop
      vertex -46.475 46.825 10
      vertex -46.4664 46.9555 2.4
      vertex -46.4664 46.9555 10
    endloop
  endfacet
  facet normal 0.997836 -0.0657577 0
    outer loop
      vertex -46.4664 46.9555 2.4
      vertex -46.475 46.825 10
      vertex -46.475 46.825 2.4
    endloop
  endfacet
  facet normal 0.980815 -0.19494 0
    outer loop
      vertex -46.4664 46.9555 10
      vertex -46.4409 47.0838 2.4
      vertex -46.4409 47.0838 10
    endloop
  endfacet
  facet normal 0.980815 -0.19494 0
    outer loop
      vertex -46.4409 47.0838 2.4
      vertex -46.4664 46.9555 10
      vertex -46.4664 46.9555 2.4
    endloop
  endfacet
  facet normal -0.0657577 -0.997836 0
    outer loop
      vertex 45.475 47.825 2.4
      vertex 45.6055 47.8164 10
      vertex 45.475 47.825 10
    endloop
  endfacet
  facet normal -0.0657577 -0.997836 -0
    outer loop
      vertex 45.6055 47.8164 10
      vertex 45.475 47.825 2.4
      vertex 45.6055 47.8164 2.4
    endloop
  endfacet
  facet normal -0.555582 -0.831462 0
    outer loop
      vertex 45.975 47.691 2.4
      vertex 46.0838 47.6183 10
      vertex 45.975 47.691 10
    endloop
  endfacet
  facet normal -0.555582 -0.831462 -0
    outer loop
      vertex 46.0838 47.6183 10
      vertex 45.975 47.691 2.4
      vertex 46.0838 47.6183 2.4
    endloop
  endfacet
  facet normal -0.659316 -0.751866 0
    outer loop
      vertex 46.0838 47.6183 2.4
      vertex 46.1821 47.5321 10
      vertex 46.0838 47.6183 10
    endloop
  endfacet
  facet normal -0.659316 -0.751866 -0
    outer loop
      vertex 46.1821 47.5321 10
      vertex 46.0838 47.6183 2.4
      vertex 46.1821 47.5321 2.4
    endloop
  endfacet
  facet normal -0.896709 -0.442621 0
    outer loop
      vertex 46.3989 47.2077 2.4
      vertex 46.341 47.325 10
      vertex 46.341 47.325 2.4
    endloop
  endfacet
  facet normal -0.896709 -0.442621 0
    outer loop
      vertex 46.341 47.325 10
      vertex 46.3989 47.2077 2.4
      vertex 46.3989 47.2077 10
    endloop
  endfacet
  facet normal -0.947066 -0.321039 0
    outer loop
      vertex 46.4409 47.0838 2.4
      vertex 46.3989 47.2077 10
      vertex 46.3989 47.2077 2.4
    endloop
  endfacet
  facet normal -0.947066 -0.321039 0
    outer loop
      vertex 46.3989 47.2077 10
      vertex 46.4409 47.0838 2.4
      vertex 46.4409 47.0838 10
    endloop
  endfacet
  facet normal 0.0657577 -0.997836 0
    outer loop
      vertex -45.6055 47.8164 2.4
      vertex -45.475 47.825 10
      vertex -45.6055 47.8164 10
    endloop
  endfacet
  facet normal 0.0657577 -0.997836 0
    outer loop
      vertex -45.475 47.825 10
      vertex -45.6055 47.8164 2.4
      vertex -45.475 47.825 2.4
    endloop
  endfacet
  facet normal 0.442621 -0.896709 0
    outer loop
      vertex -45.975 47.691 2.4
      vertex -45.8577 47.7489 10
      vertex -45.975 47.691 10
    endloop
  endfacet
  facet normal 0.442621 -0.896709 0
    outer loop
      vertex -45.8577 47.7489 10
      vertex -45.975 47.691 2.4
      vertex -45.8577 47.7489 2.4
    endloop
  endfacet
  facet normal 0.659316 -0.751866 0
    outer loop
      vertex -46.1821 47.5321 2.4
      vertex -46.0838 47.6183 10
      vertex -46.1821 47.5321 10
    endloop
  endfacet
  facet normal 0.659316 -0.751866 0
    outer loop
      vertex -46.0838 47.6183 10
      vertex -46.1821 47.5321 2.4
      vertex -46.0838 47.6183 2.4
    endloop
  endfacet
  facet normal -0.980815 0.19494 0
    outer loop
      vertex 46.4409 -47.0838 2.4
      vertex 46.4664 -46.9555 10
      vertex 46.4664 -46.9555 2.4
    endloop
  endfacet
  facet normal -0.980815 0.19494 0
    outer loop
      vertex 46.4664 -46.9555 10
      vertex 46.4409 -47.0838 2.4
      vertex 46.4409 -47.0838 10
    endloop
  endfacet
  facet normal -0.0657577 0.997836 0
    outer loop
      vertex 45.6055 -47.8164 2.4
      vertex 45.475 -47.825 10
      vertex 45.6055 -47.8164 10
    endloop
  endfacet
  facet normal -0.0657577 0.997836 0
    outer loop
      vertex 45.475 -47.825 10
      vertex 45.6055 -47.8164 2.4
      vertex 45.475 -47.825 2.4
    endloop
  endfacet
  facet normal -0.321039 0.947066 0
    outer loop
      vertex 45.8577 -47.7489 2.4
      vertex 45.7338 -47.7909 10
      vertex 45.8577 -47.7489 10
    endloop
  endfacet
  facet normal -0.321039 0.947066 0
    outer loop
      vertex 45.7338 -47.7909 10
      vertex 45.8577 -47.7489 2.4
      vertex 45.7338 -47.7909 2.4
    endloop
  endfacet
  facet normal -0.442621 0.896709 0
    outer loop
      vertex 45.975 -47.691 2.4
      vertex 45.8577 -47.7489 10
      vertex 45.975 -47.691 10
    endloop
  endfacet
  facet normal -0.442621 0.896709 0
    outer loop
      vertex 45.8577 -47.7489 10
      vertex 45.975 -47.691 2.4
      vertex 45.8577 -47.7489 2.4
    endloop
  endfacet
  facet normal 0.0657577 0.997836 -0
    outer loop
      vertex -45.475 -47.825 2.4
      vertex -45.6055 -47.8164 10
      vertex -45.475 -47.825 10
    endloop
  endfacet
  facet normal 0.0657577 0.997836 0
    outer loop
      vertex -45.6055 -47.8164 10
      vertex -45.475 -47.825 2.4
      vertex -45.6055 -47.8164 2.4
    endloop
  endfacet
  facet normal 0.555582 0.831462 -0
    outer loop
      vertex -45.975 -47.691 2.4
      vertex -46.0838 -47.6183 10
      vertex -45.975 -47.691 10
    endloop
  endfacet
  facet normal 0.555582 0.831462 0
    outer loop
      vertex -46.0838 -47.6183 10
      vertex -45.975 -47.691 2.4
      vertex -46.0838 -47.6183 2.4
    endloop
  endfacet
  facet normal -0.442621 -0.896709 0
    outer loop
      vertex 45.8577 47.7489 2.4
      vertex 45.975 47.691 10
      vertex 45.8577 47.7489 10
    endloop
  endfacet
  facet normal -0.442621 -0.896709 -0
    outer loop
      vertex 45.975 47.691 10
      vertex 45.8577 47.7489 2.4
      vertex 45.975 47.691 2.4
    endloop
  endfacet
  facet normal -0.752198 -0.658937 0
    outer loop
      vertex 46.2683 47.4337 2.4
      vertex 46.1821 47.5321 10
      vertex 46.1821 47.5321 2.4
    endloop
  endfacet
  facet normal -0.752198 -0.658937 0
    outer loop
      vertex 46.1821 47.5321 10
      vertex 46.2683 47.4337 2.4
      vertex 46.2683 47.4337 10
    endloop
  endfacet
  facet normal -0.831226 -0.555935 0
    outer loop
      vertex 46.341 47.325 2.4
      vertex 46.2683 47.4337 10
      vertex 46.2683 47.4337 2.4
    endloop
  endfacet
  facet normal -0.831226 -0.555935 0
    outer loop
      vertex 46.2683 47.4337 10
      vertex 46.341 47.325 2.4
      vertex 46.341 47.325 10
    endloop
  endfacet
  facet normal 0.19494 -0.980815 0
    outer loop
      vertex -45.7338 47.7909 2.4
      vertex -45.6055 47.8164 10
      vertex -45.7338 47.7909 10
    endloop
  endfacet
  facet normal 0.19494 -0.980815 0
    outer loop
      vertex -45.6055 47.8164 10
      vertex -45.7338 47.7909 2.4
      vertex -45.6055 47.8164 2.4
    endloop
  endfacet
  facet normal 0.555582 -0.831462 0
    outer loop
      vertex -46.0838 47.6183 2.4
      vertex -45.975 47.691 10
      vertex -46.0838 47.6183 10
    endloop
  endfacet
  facet normal 0.555582 -0.831462 0
    outer loop
      vertex -45.975 47.691 10
      vertex -46.0838 47.6183 2.4
      vertex -45.975 47.691 2.4
    endloop
  endfacet
  facet normal -0.831226 0.555935 0
    outer loop
      vertex 46.2683 -47.4337 2.4
      vertex 46.341 -47.325 10
      vertex 46.341 -47.325 2.4
    endloop
  endfacet
  facet normal -0.831226 0.555935 0
    outer loop
      vertex 46.341 -47.325 10
      vertex 46.2683 -47.4337 2.4
      vertex 46.2683 -47.4337 10
    endloop
  endfacet
  facet normal -0.19494 0.980815 0
    outer loop
      vertex 45.7338 -47.7909 2.4
      vertex 45.6055 -47.8164 10
      vertex 45.7338 -47.7909 10
    endloop
  endfacet
  facet normal -0.19494 0.980815 0
    outer loop
      vertex 45.6055 -47.8164 10
      vertex 45.7338 -47.7909 2.4
      vertex 45.6055 -47.8164 2.4
    endloop
  endfacet
  facet normal -0.659316 0.751866 0
    outer loop
      vertex 46.1821 -47.5321 2.4
      vertex 46.0838 -47.6183 10
      vertex 46.1821 -47.5321 10
    endloop
  endfacet
  facet normal -0.659316 0.751866 0
    outer loop
      vertex 46.0838 -47.6183 10
      vertex 46.1821 -47.5321 2.4
      vertex 46.0838 -47.6183 2.4
    endloop
  endfacet
  facet normal -0.555582 0.831462 0
    outer loop
      vertex 46.0838 -47.6183 2.4
      vertex 45.975 -47.691 10
      vertex 46.0838 -47.6183 10
    endloop
  endfacet
  facet normal -0.555582 0.831462 0
    outer loop
      vertex 45.975 -47.691 10
      vertex 46.0838 -47.6183 2.4
      vertex 45.975 -47.691 2.4
    endloop
  endfacet
  facet normal 0.659316 0.751866 -0
    outer loop
      vertex -46.0838 -47.6183 2.4
      vertex -46.1821 -47.5321 10
      vertex -46.0838 -47.6183 10
    endloop
  endfacet
  facet normal 0.659316 0.751866 0
    outer loop
      vertex -46.1821 -47.5321 10
      vertex -46.0838 -47.6183 2.4
      vertex -46.1821 -47.5321 2.4
    endloop
  endfacet
  facet normal 0.442621 0.896709 -0
    outer loop
      vertex -45.8577 -47.7489 2.4
      vertex -45.975 -47.691 10
      vertex -45.8577 -47.7489 10
    endloop
  endfacet
  facet normal 0.442621 0.896709 0
    outer loop
      vertex -45.975 -47.691 10
      vertex -45.8577 -47.7489 2.4
      vertex -45.975 -47.691 2.4
    endloop
  endfacet
  facet normal 0.752198 0.658937 0
    outer loop
      vertex -46.1821 -47.5321 10
      vertex -46.2683 -47.4337 2.4
      vertex -46.2683 -47.4337 10
    endloop
  endfacet
  facet normal 0.752198 0.658937 0
    outer loop
      vertex -46.2683 -47.4337 2.4
      vertex -46.1821 -47.5321 10
      vertex -46.1821 -47.5321 2.4
    endloop
  endfacet
  facet normal 0.831226 0.555935 0
    outer loop
      vertex -46.2683 -47.4337 10
      vertex -46.341 -47.325 2.4
      vertex -46.341 -47.325 10
    endloop
  endfacet
  facet normal 0.831226 0.555935 0
    outer loop
      vertex -46.341 -47.325 2.4
      vertex -46.2683 -47.4337 10
      vertex -46.2683 -47.4337 2.4
    endloop
  endfacet
  facet normal 0.997859 0.0654055 0
    outer loop
      vertex -37.77 -42.72 7.4
      vertex -37.8008 -42.2501 2.4
      vertex -37.8008 -42.2501 7.4
    endloop
  endfacet
  facet normal 0.997859 0.0654055 0
    outer loop
      vertex -37.8008 -42.2501 2.4
      vertex -37.77 -42.72 7.4
      vertex -37.77 -42.72 2.4
    endloop
  endfacet
  facet normal -0.997859 0.0654055 0
    outer loop
      vertex -44.97 -42.72 2.4
      vertex -44.9392 -42.2501 7.4
      vertex -44.9392 -42.2501 2.4
    endloop
  endfacet
  facet normal -0.997859 0.0654055 0
    outer loop
      vertex -44.9392 -42.2501 7.4
      vertex -44.97 -42.72 2.4
      vertex -44.97 -42.72 7.4
    endloop
  endfacet
  facet normal -0.0654055 0.997859 0
    outer loop
      vertex -41.37 -39.12 2.4
      vertex -41.8399 -39.1508 7.4
      vertex -41.37 -39.12 7.4
    endloop
  endfacet
  facet normal -0.0654055 0.997859 0
    outer loop
      vertex -41.8399 -39.1508 7.4
      vertex -41.37 -39.12 2.4
      vertex -41.8399 -39.1508 2.4
    endloop
  endfacet
  facet normal 0.0654055 -0.997859 0
    outer loop
      vertex -41.37 -46.32 2.4
      vertex -40.9001 -46.2892 7.4
      vertex -41.37 -46.32 7.4
    endloop
  endfacet
  facet normal 0.0654055 -0.997859 0
    outer loop
      vertex -40.9001 -46.2892 7.4
      vertex -41.37 -46.32 2.4
      vertex -40.9001 -46.2892 2.4
    endloop
  endfacet
  facet normal 0.751879 -0.659301 0
    outer loop
      vertex -38.8244 -45.2656 7.4
      vertex -38.5139 -44.9115 2.4
      vertex -38.5139 -44.9115 7.4
    endloop
  endfacet
  facet normal 0.751879 -0.659301 0
    outer loop
      vertex -38.5139 -44.9115 2.4
      vertex -38.8244 -45.2656 7.4
      vertex -38.8244 -45.2656 2.4
    endloop
  endfacet
  facet normal 0.659301 0.751879 -0
    outer loop
      vertex -38.8244 -40.1744 2.4
      vertex -39.1785 -39.8639 7.4
      vertex -38.8244 -40.1744 7.4
    endloop
  endfacet
  facet normal 0.659301 0.751879 0
    outer loop
      vertex -39.1785 -39.8639 7.4
      vertex -38.8244 -40.1744 2.4
      vertex -39.1785 -39.8639 2.4
    endloop
  endfacet
  facet normal -0.751879 0.659301 0
    outer loop
      vertex -44.2261 -40.5285 2.4
      vertex -43.9156 -40.1744 7.4
      vertex -43.9156 -40.1744 2.4
    endloop
  endfacet
  facet normal -0.751879 0.659301 0
    outer loop
      vertex -43.9156 -40.1744 7.4
      vertex -44.2261 -40.5285 2.4
      vertex -44.2261 -40.5285 7.4
    endloop
  endfacet
  facet normal -0.442365 0.896835 0
    outer loop
      vertex -42.7477 -39.394 2.4
      vertex -43.17 -39.6023 7.4
      vertex -42.7477 -39.394 7.4
    endloop
  endfacet
  facet normal -0.442365 0.896835 0
    outer loop
      vertex -43.17 -39.6023 7.4
      vertex -42.7477 -39.394 2.4
      vertex -43.17 -39.6023 2.4
    endloop
  endfacet
  facet normal 0.896835 0.442365 0
    outer loop
      vertex -38.044 -41.3423 7.4
      vertex -38.2523 -40.92 2.4
      vertex -38.2523 -40.92 7.4
    endloop
  endfacet
  facet normal 0.896835 0.442365 0
    outer loop
      vertex -38.2523 -40.92 2.4
      vertex -38.044 -41.3423 7.4
      vertex -38.044 -41.3423 2.4
    endloop
  endfacet
  facet normal 0.831462 0.555582 0
    outer loop
      vertex -38.2523 -40.92 7.4
      vertex -38.5139 -40.5285 2.4
      vertex -38.5139 -40.5285 7.4
    endloop
  endfacet
  facet normal 0.831462 0.555582 0
    outer loop
      vertex -38.5139 -40.5285 2.4
      vertex -38.2523 -40.92 7.4
      vertex -38.2523 -40.92 2.4
    endloop
  endfacet
  facet normal 0.321256 0.946993 -0
    outer loop
      vertex -39.9923 -39.394 2.4
      vertex -40.4383 -39.2427 7.4
      vertex -39.9923 -39.394 7.4
    endloop
  endfacet
  facet normal 0.321256 0.946993 0
    outer loop
      vertex -40.4383 -39.2427 7.4
      vertex -39.9923 -39.394 2.4
      vertex -40.4383 -39.2427 2.4
    endloop
  endfacet
  facet normal 0.195177 0.980768 -0
    outer loop
      vertex -40.4383 -39.2427 2.4
      vertex -40.9001 -39.1508 7.4
      vertex -40.4383 -39.2427 7.4
    endloop
  endfacet
  facet normal 0.195177 0.980768 0
    outer loop
      vertex -40.9001 -39.1508 7.4
      vertex -40.4383 -39.2427 2.4
      vertex -40.9001 -39.1508 2.4
    endloop
  endfacet
  facet normal 0.442365 0.896835 -0
    outer loop
      vertex -39.57 -39.6023 2.4
      vertex -39.9923 -39.394 7.4
      vertex -39.57 -39.6023 7.4
    endloop
  endfacet
  facet normal 0.442365 0.896835 0
    outer loop
      vertex -39.9923 -39.394 7.4
      vertex -39.57 -39.6023 2.4
      vertex -39.9923 -39.394 2.4
    endloop
  endfacet
  facet normal -0.896835 0.442365 0
    outer loop
      vertex -44.696 -41.3423 2.4
      vertex -44.4877 -40.92 7.4
      vertex -44.4877 -40.92 2.4
    endloop
  endfacet
  facet normal -0.896835 0.442365 0
    outer loop
      vertex -44.4877 -40.92 7.4
      vertex -44.696 -41.3423 2.4
      vertex -44.696 -41.3423 7.4
    endloop
  endfacet
  facet normal -0.831462 0.555582 0
    outer loop
      vertex -44.4877 -40.92 2.4
      vertex -44.2261 -40.5285 7.4
      vertex -44.2261 -40.5285 2.4
    endloop
  endfacet
  facet normal -0.831462 0.555582 0
    outer loop
      vertex -44.2261 -40.5285 7.4
      vertex -44.4877 -40.92 2.4
      vertex -44.4877 -40.92 7.4
    endloop
  endfacet
  facet normal 0 0 1
    outer loop
      vertex -40.17 -42.72 7.4
      vertex -37.77 -42.72 7.4
      vertex -37.8008 -42.2501 7.4
    endloop
  endfacet
  facet normal 0 0 1
    outer loop
      vertex -40.1803 -42.5634 7.4
      vertex -37.8008 -42.2501 7.4
      vertex -37.8927 -41.7882 7.4
    endloop
  endfacet
  facet normal 0 0 1
    outer loop
      vertex -37.77 -42.72 7.4
      vertex -40.17 -42.72 7.4
      vertex -37.8008 -43.1899 7.4
    endloop
  endfacet
  facet normal 0 0 1
    outer loop
      vertex -40.2109 -42.4094 7.4
      vertex -37.8927 -41.7882 7.4
      vertex -38.044 -41.3423 7.4
    endloop
  endfacet
  facet normal -0 0 1
    outer loop
      vertex -40.1803 -42.8766 7.4
      vertex -37.8008 -43.1899 7.4
      vertex -40.17 -42.72 7.4
    endloop
  endfacet
  facet normal 0 0 1
    outer loop
      vertex -40.2613 -42.2608 7.4
      vertex -38.044 -41.3423 7.4
      vertex -38.2523 -40.92 7.4
    endloop
  endfacet
  facet normal 0 0 1
    outer loop
      vertex -37.8008 -43.1899 7.4
      vertex -40.1803 -42.8766 7.4
      vertex -37.8927 -43.6517 7.4
    endloop
  endfacet
  facet normal 0 0 1
    outer loop
      vertex -40.3308 -42.12 7.4
      vertex -38.2523 -40.92 7.4
      vertex -38.5139 -40.5285 7.4
    endloop
  endfacet
  facet normal -0 0 1
    outer loop
      vertex -40.2109 -43.0306 7.4
      vertex -37.8927 -43.6517 7.4
      vertex -40.1803 -42.8766 7.4
    endloop
  endfacet
  facet normal 0 0 1
    outer loop
      vertex -40.418 -41.9895 7.4
      vertex -38.5139 -40.5285 7.4
      vertex -38.8244 -40.1744 7.4
    endloop
  endfacet
  facet normal 0 0 1
    outer loop
      vertex -37.8927 -43.6517 7.4
      vertex -40.2109 -43.0306 7.4
      vertex -38.044 -44.0977 7.4
    endloop
  endfacet
  facet normal 0 0 1
    outer loop
      vertex -40.5215 -41.8715 7.4
      vertex -38.8244 -40.1744 7.4
      vertex -39.1785 -39.8639 7.4
    endloop
  endfacet
  facet normal -0 0 1
    outer loop
      vertex -40.2613 -43.1792 7.4
      vertex -38.044 -44.0977 7.4
      vertex -40.2109 -43.0306 7.4
    endloop
  endfacet
  facet normal 0 0 1
    outer loop
      vertex -40.6395 -41.768 7.4
      vertex -39.1785 -39.8639 7.4
      vertex -39.57 -39.6023 7.4
    endloop
  endfacet
  facet normal 0 0 1
    outer loop
      vertex -38.044 -44.0977 7.4
      vertex -40.2613 -43.1792 7.4
      vertex -38.2523 -44.52 7.4
    endloop
  endfacet
  facet normal 0 0 1
    outer loop
      vertex -40.77 -41.6808 7.4
      vertex -39.57 -39.6023 7.4
      vertex -39.9923 -39.394 7.4
    endloop
  endfacet
  facet normal -0 0 1
    outer loop
      vertex -40.3308 -43.32 7.4
      vertex -38.2523 -44.52 7.4
      vertex -40.2613 -43.1792 7.4
    endloop
  endfacet
  facet normal 0 0 1
    outer loop
      vertex -38.2523 -44.52 7.4
      vertex -40.3308 -43.32 7.4
      vertex -38.5139 -44.9115 7.4
    endloop
  endfacet
  facet normal 0 0 1
    outer loop
      vertex -37.8008 -42.2501 7.4
      vertex -40.1803 -42.5634 7.4
      vertex -40.17 -42.72 7.4
    endloop
  endfacet
  facet normal 0 0 1
    outer loop
      vertex -37.8927 -41.7882 7.4
      vertex -40.2109 -42.4094 7.4
      vertex -40.1803 -42.5634 7.4
    endloop
  endfacet
  facet normal 0 0 1
    outer loop
      vertex -38.044 -41.3423 7.4
      vertex -40.2613 -42.2608 7.4
      vertex -40.2109 -42.4094 7.4
    endloop
  endfacet
  facet normal 0 0 1
    outer loop
      vertex -38.2523 -40.92 7.4
      vertex -40.3308 -42.12 7.4
      vertex -40.2613 -42.2608 7.4
    endloop
  endfacet
  facet normal 0 0 1
    outer loop
      vertex -38.5139 -40.5285 7.4
      vertex -40.418 -41.9895 7.4
      vertex -40.3308 -42.12 7.4
    endloop
  endfacet
  facet normal 0 0 1
    outer loop
      vertex -40.9108 -41.6113 7.4
      vertex -39.9923 -39.394 7.4
      vertex -40.4383 -39.2427 7.4
    endloop
  endfacet
  facet normal 0 0 1
    outer loop
      vertex -38.8244 -40.1744 7.4
      vertex -40.5215 -41.8715 7.4
      vertex -40.418 -41.9895 7.4
    endloop
  endfacet
  facet normal 0 0 1
    outer loop
      vertex -39.1785 -39.8639 7.4
      vertex -40.6395 -41.768 7.4
      vertex -40.5215 -41.8715 7.4
    endloop
  endfacet
  facet normal 0 0 1
    outer loop
      vertex -39.57 -39.6023 7.4
      vertex -40.77 -41.6808 7.4
      vertex -40.6395 -41.768 7.4
    endloop
  endfacet
  facet normal 0 0 1
    outer loop
      vertex -41.0594 -41.5609 7.4
      vertex -40.4383 -39.2427 7.4
      vertex -40.9001 -39.1508 7.4
    endloop
  endfacet
  facet normal 0 0 1
    outer loop
      vertex -39.9923 -39.394 7.4
      vertex -40.9108 -41.6113 7.4
      vertex -40.77 -41.6808 7.4
    endloop
  endfacet
  facet normal 0 0 1
    outer loop
      vertex -40.4383 -39.2427 7.4
      vertex -41.0594 -41.5609 7.4
      vertex -40.9108 -41.6113 7.4
    endloop
  endfacet
  facet normal 0 0 1
    outer loop
      vertex -40.9001 -39.1508 7.4
      vertex -41.2134 -41.5303 7.4
      vertex -41.0594 -41.5609 7.4
    endloop
  endfacet
  facet normal 0 0 1
    outer loop
      vertex -41.37 -39.12 7.4
      vertex -41.2134 -41.5303 7.4
      vertex -40.9001 -39.1508 7.4
    endloop
  endfacet
  facet normal 0 0 1
    outer loop
      vertex -41.37 -39.12 7.4
      vertex -41.37 -41.52 7.4
      vertex -41.2134 -41.5303 7.4
    endloop
  endfacet
  facet normal 0 0 1
    outer loop
      vertex -41.37 -39.12 7.4
      vertex -41.5266 -41.5303 7.4
      vertex -41.37 -41.52 7.4
    endloop
  endfacet
  facet normal -0 0 1
    outer loop
      vertex -41.8399 -39.1508 7.4
      vertex -41.5266 -41.5303 7.4
      vertex -41.37 -39.12 7.4
    endloop
  endfacet
  facet normal 0 0 1
    outer loop
      vertex -41.5266 -41.5303 7.4
      vertex -41.8399 -39.1508 7.4
      vertex -41.6806 -41.5609 7.4
    endloop
  endfacet
  facet normal -0 0 1
    outer loop
      vertex -42.3018 -39.2427 7.4
      vertex -41.6806 -41.5609 7.4
      vertex -41.8399 -39.1508 7.4
    endloop
  endfacet
  facet normal 0 0 1
    outer loop
      vertex -41.6806 -41.5609 7.4
      vertex -42.3018 -39.2427 7.4
      vertex -41.8292 -41.6113 7.4
    endloop
  endfacet
  facet normal -0 0 1
    outer loop
      vertex -42.7477 -39.394 7.4
      vertex -41.8292 -41.6113 7.4
      vertex -42.3018 -39.2427 7.4
    endloop
  endfacet
  facet normal 0 0 1
    outer loop
      vertex -41.8292 -41.6113 7.4
      vertex -42.7477 -39.394 7.4
      vertex -41.97 -41.6808 7.4
    endloop
  endfacet
  facet normal -0 0 1
    outer loop
      vertex -43.17 -39.6023 7.4
      vertex -41.97 -41.6808 7.4
      vertex -42.7477 -39.394 7.4
    endloop
  endfacet
  facet normal 0 0 1
    outer loop
      vertex -41.97 -41.6808 7.4
      vertex -43.17 -39.6023 7.4
      vertex -42.1005 -41.768 7.4
    endloop
  endfacet
  facet normal -0 0 1
    outer loop
      vertex -43.5615 -39.8639 7.4
      vertex -42.1005 -41.768 7.4
      vertex -43.17 -39.6023 7.4
    endloop
  endfacet
  facet normal 0 0 1
    outer loop
      vertex -42.1005 -41.768 7.4
      vertex -43.5615 -39.8639 7.4
      vertex -42.2185 -41.8715 7.4
    endloop
  endfacet
  facet normal -0 0 1
    outer loop
      vertex -43.9156 -40.1744 7.4
      vertex -42.2185 -41.8715 7.4
      vertex -43.5615 -39.8639 7.4
    endloop
  endfacet
  facet normal 0 0 1
    outer loop
      vertex -42.2185 -41.8715 7.4
      vertex -43.9156 -40.1744 7.4
      vertex -42.322 -41.9895 7.4
    endloop
  endfacet
  facet normal 0 0 1
    outer loop
      vertex -42.322 -41.9895 7.4
      vertex -44.2261 -40.5285 7.4
      vertex -42.4092 -42.12 7.4
    endloop
  endfacet
  facet normal -0 0 1
    outer loop
      vertex -44.2261 -40.5285 7.4
      vertex -42.322 -41.9895 7.4
      vertex -43.9156 -40.1744 7.4
    endloop
  endfacet
  facet normal -0 0 1
    outer loop
      vertex -40.418 -43.4505 7.4
      vertex -38.5139 -44.9115 7.4
      vertex -40.3308 -43.32 7.4
    endloop
  endfacet
  facet normal 0 0 1
    outer loop
      vertex -38.5139 -44.9115 7.4
      vertex -40.418 -43.4505 7.4
      vertex -38.8244 -45.2656 7.4
    endloop
  endfacet
  facet normal -0 0 1
    outer loop
      vertex -40.5215 -43.5685 7.4
      vertex -38.8244 -45.2656 7.4
      vertex -40.418 -43.4505 7.4
    endloop
  endfacet
  facet normal 0 0 1
    outer loop
      vertex -38.8244 -45.2656 7.4
      vertex -40.5215 -43.5685 7.4
      vertex -39.1785 -45.5761 7.4
    endloop
  endfacet
  facet normal -0 0 1
    outer loop
      vertex -40.6395 -43.672 7.4
      vertex -39.1785 -45.5761 7.4
      vertex -40.5215 -43.5685 7.4
    endloop
  endfacet
  facet normal 0 0 1
    outer loop
      vertex -39.1785 -45.5761 7.4
      vertex -40.6395 -43.672 7.4
      vertex -39.57 -45.8377 7.4
    endloop
  endfacet
  facet normal -0 0 1
    outer loop
      vertex -40.77 -43.7592 7.4
      vertex -39.57 -45.8377 7.4
      vertex -40.6395 -43.672 7.4
    endloop
  endfacet
  facet normal 0 0 1
    outer loop
      vertex -39.57 -45.8377 7.4
      vertex -40.77 -43.7592 7.4
      vertex -39.9923 -46.046 7.4
    endloop
  endfacet
  facet normal -0 0 1
    outer loop
      vertex -40.9108 -43.8287 7.4
      vertex -39.9923 -46.046 7.4
      vertex -40.77 -43.7592 7.4
    endloop
  endfacet
  facet normal 0 0 1
    outer loop
      vertex -39.9923 -46.046 7.4
      vertex -40.9108 -43.8287 7.4
      vertex -40.4383 -46.1973 7.4
    endloop
  endfacet
  facet normal -0 0 1
    outer loop
      vertex -41.0594 -43.8791 7.4
      vertex -40.4383 -46.1973 7.4
      vertex -40.9108 -43.8287 7.4
    endloop
  endfacet
  facet normal 0 0 1
    outer loop
      vertex -40.4383 -46.1973 7.4
      vertex -41.0594 -43.8791 7.4
      vertex -40.9001 -46.2892 7.4
    endloop
  endfacet
  facet normal -0 0 1
    outer loop
      vertex -41.2134 -43.9097 7.4
      vertex -40.9001 -46.2892 7.4
      vertex -41.0594 -43.8791 7.4
    endloop
  endfacet
  facet normal -0 0 1
    outer loop
      vertex -41.37 -43.92 7.4
      vertex -40.9001 -46.2892 7.4
      vertex -41.2134 -43.9097 7.4
    endloop
  endfacet
  facet normal 0 0 1
    outer loop
      vertex -41.37 -43.92 7.4
      vertex -41.37 -46.32 7.4
      vertex -40.9001 -46.2892 7.4
    endloop
  endfacet
  facet normal 0 0 1
    outer loop
      vertex -41.5266 -43.9097 7.4
      vertex -41.37 -46.32 7.4
      vertex -41.37 -43.92 7.4
    endloop
  endfacet
  facet normal 0 0 1
    outer loop
      vertex -41.8399 -46.2892 7.4
      vertex -41.5266 -43.9097 7.4
      vertex -41.6806 -43.8791 7.4
    endloop
  endfacet
  facet normal 0 0 1
    outer loop
      vertex -42.3018 -46.1973 7.4
      vertex -41.6806 -43.8791 7.4
      vertex -41.8292 -43.8287 7.4
    endloop
  endfacet
  facet normal 0 0 1
    outer loop
      vertex -41.5266 -43.9097 7.4
      vertex -41.8399 -46.2892 7.4
      vertex -41.37 -46.32 7.4
    endloop
  endfacet
  facet normal 0 0 1
    outer loop
      vertex -42.7477 -46.046 7.4
      vertex -41.8292 -43.8287 7.4
      vertex -41.97 -43.7592 7.4
    endloop
  endfacet
  facet normal 0 0 1
    outer loop
      vertex -43.17 -45.8377 7.4
      vertex -41.97 -43.7592 7.4
      vertex -42.1005 -43.672 7.4
    endloop
  endfacet
  facet normal 0 0 1
    outer loop
      vertex -43.5615 -45.5761 7.4
      vertex -42.1005 -43.672 7.4
      vertex -42.2185 -43.5685 7.4
    endloop
  endfacet
  facet normal 0 0 1
    outer loop
      vertex -41.6806 -43.8791 7.4
      vertex -42.3018 -46.1973 7.4
      vertex -41.8399 -46.2892 7.4
    endloop
  endfacet
  facet normal 0 0 1
    outer loop
      vertex -43.9156 -45.2656 7.4
      vertex -42.2185 -43.5685 7.4
      vertex -42.322 -43.4505 7.4
    endloop
  endfacet
  facet normal 0 0 1
    outer loop
      vertex -44.2261 -44.9115 7.4
      vertex -42.322 -43.4505 7.4
      vertex -42.4092 -43.32 7.4
    endloop
  endfacet
  facet normal 0 0 1
    outer loop
      vertex -44.4877 -44.52 7.4
      vertex -42.4092 -43.32 7.4
      vertex -42.4787 -43.1792 7.4
    endloop
  endfacet
  facet normal 0 0 1
    outer loop
      vertex -44.696 -44.0977 7.4
      vertex -42.4787 -43.1792 7.4
      vertex -42.5291 -43.0306 7.4
    endloop
  endfacet
  facet normal 0 0 1
    outer loop
      vertex -44.8473 -43.6517 7.4
      vertex -42.5291 -43.0306 7.4
      vertex -42.5597 -42.8766 7.4
    endloop
  endfacet
  facet normal 0 0 1
    outer loop
      vertex -41.8292 -43.8287 7.4
      vertex -42.7477 -46.046 7.4
      vertex -42.3018 -46.1973 7.4
    endloop
  endfacet
  facet normal 0 0 1
    outer loop
      vertex -44.9392 -43.1899 7.4
      vertex -42.5597 -42.8766 7.4
      vertex -42.57 -42.72 7.4
    endloop
  endfacet
  facet normal -0 0 1
    outer loop
      vertex -44.4877 -40.92 7.4
      vertex -42.4092 -42.12 7.4
      vertex -44.2261 -40.5285 7.4
    endloop
  endfacet
  facet normal 0 0 1
    outer loop
      vertex -42.4092 -42.12 7.4
      vertex -44.4877 -40.92 7.4
      vertex -42.4787 -42.2608 7.4
    endloop
  endfacet
  facet normal 0 0 1
    outer loop
      vertex -41.97 -43.7592 7.4
      vertex -43.17 -45.8377 7.4
      vertex -42.7477 -46.046 7.4
    endloop
  endfacet
  facet normal -0 0 1
    outer loop
      vertex -44.696 -41.3423 7.4
      vertex -42.4787 -42.2608 7.4
      vertex -44.4877 -40.92 7.4
    endloop
  endfacet
  facet normal 0 0 1
    outer loop
      vertex -42.1005 -43.672 7.4
      vertex -43.5615 -45.5761 7.4
      vertex -43.17 -45.8377 7.4
    endloop
  endfacet
  facet normal 0 0 1
    outer loop
      vertex -42.4787 -42.2608 7.4
      vertex -44.696 -41.3423 7.4
      vertex -42.5291 -42.4094 7.4
    endloop
  endfacet
  facet normal 0 0 1
    outer loop
      vertex -42.2185 -43.5685 7.4
      vertex -43.9156 -45.2656 7.4
      vertex -43.5615 -45.5761 7.4
    endloop
  endfacet
  facet normal -0 0 1
    outer loop
      vertex -44.8473 -41.7882 7.4
      vertex -42.5291 -42.4094 7.4
      vertex -44.696 -41.3423 7.4
    endloop
  endfacet
  facet normal 0 0 1
    outer loop
      vertex -42.322 -43.4505 7.4
      vertex -44.2261 -44.9115 7.4
      vertex -43.9156 -45.2656 7.4
    endloop
  endfacet
  facet normal 0 0 1
    outer loop
      vertex -42.5291 -42.4094 7.4
      vertex -44.8473 -41.7882 7.4
      vertex -42.5597 -42.5634 7.4
    endloop
  endfacet
  facet normal 0 0 1
    outer loop
      vertex -42.4092 -43.32 7.4
      vertex -44.4877 -44.52 7.4
      vertex -44.2261 -44.9115 7.4
    endloop
  endfacet
  facet normal -0 0 1
    outer loop
      vertex -44.9392 -42.2501 7.4
      vertex -42.5597 -42.5634 7.4
      vertex -44.8473 -41.7882 7.4
    endloop
  endfacet
  facet normal 0 0 1
    outer loop
      vertex -42.4787 -43.1792 7.4
      vertex -44.696 -44.0977 7.4
      vertex -44.4877 -44.52 7.4
    endloop
  endfacet
  facet normal 0 0 1
    outer loop
      vertex -42.5597 -42.5634 7.4
      vertex -44.9392 -42.2501 7.4
      vertex -42.57 -42.72 7.4
    endloop
  endfacet
  facet normal 0 0 1
    outer loop
      vertex -42.5291 -43.0306 7.4
      vertex -44.8473 -43.6517 7.4
      vertex -44.696 -44.0977 7.4
    endloop
  endfacet
  facet normal 0 0 1
    outer loop
      vertex -44.97 -42.72 7.4
      vertex -42.57 -42.72 7.4
      vertex -44.9392 -42.2501 7.4
    endloop
  endfacet
  facet normal 0 0 1
    outer loop
      vertex -42.5597 -42.8766 7.4
      vertex -44.9392 -43.1899 7.4
      vertex -44.8473 -43.6517 7.4
    endloop
  endfacet
  facet normal 0 0 1
    outer loop
      vertex -42.57 -42.72 7.4
      vertex -44.97 -42.72 7.4
      vertex -44.9392 -43.1899 7.4
    endloop
  endfacet
  facet normal -0.555582 0.831462 0
    outer loop
      vertex -43.17 -39.6023 2.4
      vertex -43.5615 -39.8639 7.4
      vertex -43.17 -39.6023 7.4
    endloop
  endfacet
  facet normal -0.555582 0.831462 0
    outer loop
      vertex -43.5615 -39.8639 7.4
      vertex -43.17 -39.6023 2.4
      vertex -43.5615 -39.8639 2.4
    endloop
  endfacet
  facet normal -0.32132 0.946971 0
    outer loop
      vertex -42.3018 -39.2427 2.4
      vertex -42.7477 -39.394 7.4
      vertex -42.3018 -39.2427 7.4
    endloop
  endfacet
  facet normal -0.32132 0.946971 0
    outer loop
      vertex -42.7477 -39.394 7.4
      vertex -42.3018 -39.2427 2.4
      vertex -42.7477 -39.394 2.4
    endloop
  endfacet
  facet normal 0 0 -1
    outer loop
      vertex -40.17 -42.72 2.4
      vertex -37.77 -42.72 2.4
      vertex -37.8008 -43.1899 2.4
    endloop
  endfacet
  facet normal 0 0 -1
    outer loop
      vertex -40.1803 -42.8766 2.4
      vertex -37.8008 -43.1899 2.4
      vertex -37.8927 -43.6517 2.4
    endloop
  endfacet
  facet normal 0 0 -1
    outer loop
      vertex -37.77 -42.72 2.4
      vertex -40.17 -42.72 2.4
      vertex -37.8008 -42.2501 2.4
    endloop
  endfacet
  facet normal 0 0 -1
    outer loop
      vertex -40.2109 -43.0306 2.4
      vertex -37.8927 -43.6517 2.4
      vertex -38.044 -44.0977 2.4
    endloop
  endfacet
  facet normal 0 0 -1
    outer loop
      vertex -40.1803 -42.5634 2.4
      vertex -37.8008 -42.2501 2.4
      vertex -40.17 -42.72 2.4
    endloop
  endfacet
  facet normal 0 0 -1
    outer loop
      vertex -40.2613 -43.1792 2.4
      vertex -38.044 -44.0977 2.4
      vertex -38.2523 -44.52 2.4
    endloop
  endfacet
  facet normal -0 0 -1
    outer loop
      vertex -37.8008 -42.2501 2.4
      vertex -40.1803 -42.5634 2.4
      vertex -37.8927 -41.7882 2.4
    endloop
  endfacet
  facet normal 0 0 -1
    outer loop
      vertex -40.3308 -43.32 2.4
      vertex -38.2523 -44.52 2.4
      vertex -38.5139 -44.9115 2.4
    endloop
  endfacet
  facet normal 0 0 -1
    outer loop
      vertex -40.2109 -42.4094 2.4
      vertex -37.8927 -41.7882 2.4
      vertex -40.1803 -42.5634 2.4
    endloop
  endfacet
  facet normal 0 0 -1
    outer loop
      vertex -40.418 -43.4505 2.4
      vertex -38.5139 -44.9115 2.4
      vertex -38.8244 -45.2656 2.4
    endloop
  endfacet
  facet normal -0 0 -1
    outer loop
      vertex -37.8927 -41.7882 2.4
      vertex -40.2109 -42.4094 2.4
      vertex -38.044 -41.3423 2.4
    endloop
  endfacet
  facet normal 0 0 -1
    outer loop
      vertex -40.5215 -43.5685 2.4
      vertex -38.8244 -45.2656 2.4
      vertex -39.1785 -45.5761 2.4
    endloop
  endfacet
  facet normal 0 0 -1
    outer loop
      vertex -40.2613 -42.2608 2.4
      vertex -38.044 -41.3423 2.4
      vertex -40.2109 -42.4094 2.4
    endloop
  endfacet
  facet normal 0 0 -1
    outer loop
      vertex -40.6395 -43.672 2.4
      vertex -39.1785 -45.5761 2.4
      vertex -39.57 -45.8377 2.4
    endloop
  endfacet
  facet normal -0 0 -1
    outer loop
      vertex -38.044 -41.3423 2.4
      vertex -40.2613 -42.2608 2.4
      vertex -38.2523 -40.92 2.4
    endloop
  endfacet
  facet normal 0 0 -1
    outer loop
      vertex -40.77 -43.7592 2.4
      vertex -39.57 -45.8377 2.4
      vertex -39.9923 -46.046 2.4
    endloop
  endfacet
  facet normal 0 0 -1
    outer loop
      vertex -40.3308 -42.12 2.4
      vertex -38.2523 -40.92 2.4
      vertex -40.2613 -42.2608 2.4
    endloop
  endfacet
  facet normal -0 0 -1
    outer loop
      vertex -38.2523 -40.92 2.4
      vertex -40.3308 -42.12 2.4
      vertex -38.5139 -40.5285 2.4
    endloop
  endfacet
  facet normal 0 0 -1
    outer loop
      vertex -37.8008 -43.1899 2.4
      vertex -40.1803 -42.8766 2.4
      vertex -40.17 -42.72 2.4
    endloop
  endfacet
  facet normal 0 0 -1
    outer loop
      vertex -37.8927 -43.6517 2.4
      vertex -40.2109 -43.0306 2.4
      vertex -40.1803 -42.8766 2.4
    endloop
  endfacet
  facet normal 0 0 -1
    outer loop
      vertex -38.044 -44.0977 2.4
      vertex -40.2613 -43.1792 2.4
      vertex -40.2109 -43.0306 2.4
    endloop
  endfacet
  facet normal 0 0 -1
    outer loop
      vertex -38.2523 -44.52 2.4
      vertex -40.3308 -43.32 2.4
      vertex -40.2613 -43.1792 2.4
    endloop
  endfacet
  facet normal 0 0 -1
    outer loop
      vertex -38.5139 -44.9115 2.4
      vertex -40.418 -43.4505 2.4
      vertex -40.3308 -43.32 2.4
    endloop
  endfacet
  facet normal 0 0 -1
    outer loop
      vertex -40.9108 -43.8287 2.4
      vertex -39.9923 -46.046 2.4
      vertex -40.4383 -46.1973 2.4
    endloop
  endfacet
  facet normal 0 0 -1
    outer loop
      vertex -38.8244 -45.2656 2.4
      vertex -40.5215 -43.5685 2.4
      vertex -40.418 -43.4505 2.4
    endloop
  endfacet
  facet normal 0 0 -1
    outer loop
      vertex -39.1785 -45.5761 2.4
      vertex -40.6395 -43.672 2.4
      vertex -40.5215 -43.5685 2.4
    endloop
  endfacet
  facet normal 0 0 -1
    outer loop
      vertex -39.57 -45.8377 2.4
      vertex -40.77 -43.7592 2.4
      vertex -40.6395 -43.672 2.4
    endloop
  endfacet
  facet normal 0 0 -1
    outer loop
      vertex -41.0594 -43.8791 2.4
      vertex -40.4383 -46.1973 2.4
      vertex -40.9001 -46.2892 2.4
    endloop
  endfacet
  facet normal 0 0 -1
    outer loop
      vertex -39.9923 -46.046 2.4
      vertex -40.9108 -43.8287 2.4
      vertex -40.77 -43.7592 2.4
    endloop
  endfacet
  facet normal 0 0 -1
    outer loop
      vertex -40.4383 -46.1973 2.4
      vertex -41.0594 -43.8791 2.4
      vertex -40.9108 -43.8287 2.4
    endloop
  endfacet
  facet normal 0 0 -1
    outer loop
      vertex -40.9001 -46.2892 2.4
      vertex -41.2134 -43.9097 2.4
      vertex -41.0594 -43.8791 2.4
    endloop
  endfacet
  facet normal 0 0 -1
    outer loop
      vertex -41.37 -46.32 2.4
      vertex -41.2134 -43.9097 2.4
      vertex -40.9001 -46.2892 2.4
    endloop
  endfacet
  facet normal 0 0 -1
    outer loop
      vertex -41.37 -46.32 2.4
      vertex -41.37 -43.92 2.4
      vertex -41.2134 -43.9097 2.4
    endloop
  endfacet
  facet normal 0 0 -1
    outer loop
      vertex -41.37 -46.32 2.4
      vertex -41.5266 -43.9097 2.4
      vertex -41.37 -43.92 2.4
    endloop
  endfacet
  facet normal 0 0 -1
    outer loop
      vertex -41.8399 -46.2892 2.4
      vertex -41.5266 -43.9097 2.4
      vertex -41.37 -46.32 2.4
    endloop
  endfacet
  facet normal -0 0 -1
    outer loop
      vertex -41.5266 -43.9097 2.4
      vertex -41.8399 -46.2892 2.4
      vertex -41.6806 -43.8791 2.4
    endloop
  endfacet
  facet normal 0 0 -1
    outer loop
      vertex -42.3018 -46.1973 2.4
      vertex -41.6806 -43.8791 2.4
      vertex -41.8399 -46.2892 2.4
    endloop
  endfacet
  facet normal -0 0 -1
    outer loop
      vertex -41.6806 -43.8791 2.4
      vertex -42.3018 -46.1973 2.4
      vertex -41.8292 -43.8287 2.4
    endloop
  endfacet
  facet normal 0 0 -1
    outer loop
      vertex -42.7477 -46.046 2.4
      vertex -41.8292 -43.8287 2.4
      vertex -42.3018 -46.1973 2.4
    endloop
  endfacet
  facet normal -0 0 -1
    outer loop
      vertex -41.8292 -43.8287 2.4
      vertex -42.7477 -46.046 2.4
      vertex -41.97 -43.7592 2.4
    endloop
  endfacet
  facet normal 0 0 -1
    outer loop
      vertex -43.17 -45.8377 2.4
      vertex -41.97 -43.7592 2.4
      vertex -42.7477 -46.046 2.4
    endloop
  endfacet
  facet normal -0 0 -1
    outer loop
      vertex -41.97 -43.7592 2.4
      vertex -43.17 -45.8377 2.4
      vertex -42.1005 -43.672 2.4
    endloop
  endfacet
  facet normal 0 0 -1
    outer loop
      vertex -43.5615 -45.5761 2.4
      vertex -42.1005 -43.672 2.4
      vertex -43.17 -45.8377 2.4
    endloop
  endfacet
  facet normal -0 0 -1
    outer loop
      vertex -42.1005 -43.672 2.4
      vertex -43.5615 -45.5761 2.4
      vertex -42.2185 -43.5685 2.4
    endloop
  endfacet
  facet normal 0 0 -1
    outer loop
      vertex -43.9156 -45.2656 2.4
      vertex -42.2185 -43.5685 2.4
      vertex -43.5615 -45.5761 2.4
    endloop
  endfacet
  facet normal -0 0 -1
    outer loop
      vertex -42.2185 -43.5685 2.4
      vertex -43.9156 -45.2656 2.4
      vertex -42.322 -43.4505 2.4
    endloop
  endfacet
  facet normal -0 0 -1
    outer loop
      vertex -42.322 -43.4505 2.4
      vertex -44.2261 -44.9115 2.4
      vertex -42.4092 -43.32 2.4
    endloop
  endfacet
  facet normal 0 0 -1
    outer loop
      vertex -44.2261 -44.9115 2.4
      vertex -42.322 -43.4505 2.4
      vertex -43.9156 -45.2656 2.4
    endloop
  endfacet
  facet normal 0 0 -1
    outer loop
      vertex -40.418 -41.9895 2.4
      vertex -38.5139 -40.5285 2.4
      vertex -40.3308 -42.12 2.4
    endloop
  endfacet
  facet normal -0 0 -1
    outer loop
      vertex -38.5139 -40.5285 2.4
      vertex -40.418 -41.9895 2.4
      vertex -38.8244 -40.1744 2.4
    endloop
  endfacet
  facet normal 0 0 -1
    outer loop
      vertex -40.5215 -41.8715 2.4
      vertex -38.8244 -40.1744 2.4
      vertex -40.418 -41.9895 2.4
    endloop
  endfacet
  facet normal -0 0 -1
    outer loop
      vertex -38.8244 -40.1744 2.4
      vertex -40.5215 -41.8715 2.4
      vertex -39.1785 -39.8639 2.4
    endloop
  endfacet
  facet normal 0 0 -1
    outer loop
      vertex -40.6395 -41.768 2.4
      vertex -39.1785 -39.8639 2.4
      vertex -40.5215 -41.8715 2.4
    endloop
  endfacet
  facet normal -0 0 -1
    outer loop
      vertex -39.1785 -39.8639 2.4
      vertex -40.6395 -41.768 2.4
      vertex -39.57 -39.6023 2.4
    endloop
  endfacet
  facet normal 0 0 -1
    outer loop
      vertex -40.77 -41.6808 2.4
      vertex -39.57 -39.6023 2.4
      vertex -40.6395 -41.768 2.4
    endloop
  endfacet
  facet normal -0 0 -1
    outer loop
      vertex -39.57 -39.6023 2.4
      vertex -40.77 -41.6808 2.4
      vertex -39.9923 -39.394 2.4
    endloop
  endfacet
  facet normal 0 0 -1
    outer loop
      vertex -40.9108 -41.6113 2.4
      vertex -39.9923 -39.394 2.4
      vertex -40.77 -41.6808 2.4
    endloop
  endfacet
  facet normal -0 0 -1
    outer loop
      vertex -39.9923 -39.394 2.4
      vertex -40.9108 -41.6113 2.4
      vertex -40.4383 -39.2427 2.4
    endloop
  endfacet
  facet normal 0 0 -1
    outer loop
      vertex -41.0594 -41.5609 2.4
      vertex -40.4383 -39.2427 2.4
      vertex -40.9108 -41.6113 2.4
    endloop
  endfacet
  facet normal -0 0 -1
    outer loop
      vertex -40.4383 -39.2427 2.4
      vertex -41.0594 -41.5609 2.4
      vertex -40.9001 -39.1508 2.4
    endloop
  endfacet
  facet normal 0 0 -1
    outer loop
      vertex -41.2134 -41.5303 2.4
      vertex -40.9001 -39.1508 2.4
      vertex -41.0594 -41.5609 2.4
    endloop
  endfacet
  facet normal 0 0 -1
    outer loop
      vertex -41.37 -41.52 2.4
      vertex -40.9001 -39.1508 2.4
      vertex -41.2134 -41.5303 2.4
    endloop
  endfacet
  facet normal 0 0 -1
    outer loop
      vertex -41.37 -41.52 2.4
      vertex -41.37 -39.12 2.4
      vertex -40.9001 -39.1508 2.4
    endloop
  endfacet
  facet normal 0 0 -1
    outer loop
      vertex -41.5266 -41.5303 2.4
      vertex -41.37 -39.12 2.4
      vertex -41.37 -41.52 2.4
    endloop
  endfacet
  facet normal 0 0 -1
    outer loop
      vertex -41.8399 -39.1508 2.4
      vertex -41.5266 -41.5303 2.4
      vertex -41.6806 -41.5609 2.4
    endloop
  endfacet
  facet normal 0 0 -1
    outer loop
      vertex -42.3018 -39.2427 2.4
      vertex -41.6806 -41.5609 2.4
      vertex -41.8292 -41.6113 2.4
    endloop
  endfacet
  facet normal 0 0 -1
    outer loop
      vertex -41.5266 -41.5303 2.4
      vertex -41.8399 -39.1508 2.4
      vertex -41.37 -39.12 2.4
    endloop
  endfacet
  facet normal 0 0 -1
    outer loop
      vertex -42.7477 -39.394 2.4
      vertex -41.8292 -41.6113 2.4
      vertex -41.97 -41.6808 2.4
    endloop
  endfacet
  facet normal 0 0 -1
    outer loop
      vertex -43.17 -39.6023 2.4
      vertex -41.97 -41.6808 2.4
      vertex -42.1005 -41.768 2.4
    endloop
  endfacet
  facet normal 0 0 -1
    outer loop
      vertex -43.5615 -39.8639 2.4
      vertex -42.1005 -41.768 2.4
      vertex -42.2185 -41.8715 2.4
    endloop
  endfacet
  facet normal 0 0 -1
    outer loop
      vertex -41.6806 -41.5609 2.4
      vertex -42.3018 -39.2427 2.4
      vertex -41.8399 -39.1508 2.4
    endloop
  endfacet
  facet normal 0 0 -1
    outer loop
      vertex -43.9156 -40.1744 2.4
      vertex -42.2185 -41.8715 2.4
      vertex -42.322 -41.9895 2.4
    endloop
  endfacet
  facet normal 0 0 -1
    outer loop
      vertex -44.2261 -40.5285 2.4
      vertex -42.322 -41.9895 2.4
      vertex -42.4092 -42.12 2.4
    endloop
  endfacet
  facet normal 0 0 -1
    outer loop
      vertex -44.4877 -40.92 2.4
      vertex -42.4092 -42.12 2.4
      vertex -42.4787 -42.2608 2.4
    endloop
  endfacet
  facet normal 0 0 -1
    outer loop
      vertex -44.696 -41.3423 2.4
      vertex -42.4787 -42.2608 2.4
      vertex -42.5291 -42.4094 2.4
    endloop
  endfacet
  facet normal 0 0 -1
    outer loop
      vertex -44.8473 -41.7882 2.4
      vertex -42.5291 -42.4094 2.4
      vertex -42.5597 -42.5634 2.4
    endloop
  endfacet
  facet normal 0 0 -1
    outer loop
      vertex -41.8292 -41.6113 2.4
      vertex -42.7477 -39.394 2.4
      vertex -42.3018 -39.2427 2.4
    endloop
  endfacet
  facet normal 0 0 -1
    outer loop
      vertex -44.9392 -42.2501 2.4
      vertex -42.5597 -42.5634 2.4
      vertex -42.57 -42.72 2.4
    endloop
  endfacet
  facet normal 0 0 -1
    outer loop
      vertex -44.4877 -44.52 2.4
      vertex -42.4092 -43.32 2.4
      vertex -44.2261 -44.9115 2.4
    endloop
  endfacet
  facet normal -0 0 -1
    outer loop
      vertex -42.4092 -43.32 2.4
      vertex -44.4877 -44.52 2.4
      vertex -42.4787 -43.1792 2.4
    endloop
  endfacet
  facet normal 0 0 -1
    outer loop
      vertex -41.97 -41.6808 2.4
      vertex -43.17 -39.6023 2.4
      vertex -42.7477 -39.394 2.4
    endloop
  endfacet
  facet normal 0 0 -1
    outer loop
      vertex -44.696 -44.0977 2.4
      vertex -42.4787 -43.1792 2.4
      vertex -44.4877 -44.52 2.4
    endloop
  endfacet
  facet normal 0 0 -1
    outer loop
      vertex -42.1005 -41.768 2.4
      vertex -43.5615 -39.8639 2.4
      vertex -43.17 -39.6023 2.4
    endloop
  endfacet
  facet normal -0 0 -1
    outer loop
      vertex -42.4787 -43.1792 2.4
      vertex -44.696 -44.0977 2.4
      vertex -42.5291 -43.0306 2.4
    endloop
  endfacet
  facet normal 0 0 -1
    outer loop
      vertex -42.2185 -41.8715 2.4
      vertex -43.9156 -40.1744 2.4
      vertex -43.5615 -39.8639 2.4
    endloop
  endfacet
  facet normal 0 0 -1
    outer loop
      vertex -44.8473 -43.6517 2.4
      vertex -42.5291 -43.0306 2.4
      vertex -44.696 -44.0977 2.4
    endloop
  endfacet
  facet normal 0 0 -1
    outer loop
      vertex -42.322 -41.9895 2.4
      vertex -44.2261 -40.5285 2.4
      vertex -43.9156 -40.1744 2.4
    endloop
  endfacet
  facet normal -0 0 -1
    outer loop
      vertex -42.5291 -43.0306 2.4
      vertex -44.8473 -43.6517 2.4
      vertex -42.5597 -42.8766 2.4
    endloop
  endfacet
  facet normal 0 0 -1
    outer loop
      vertex -42.4092 -42.12 2.4
      vertex -44.4877 -40.92 2.4
      vertex -44.2261 -40.5285 2.4
    endloop
  endfacet
  facet normal 0 0 -1
    outer loop
      vertex -44.9392 -43.1899 2.4
      vertex -42.5597 -42.8766 2.4
      vertex -44.8473 -43.6517 2.4
    endloop
  endfacet
  facet normal 0 0 -1
    outer loop
      vertex -42.4787 -42.2608 2.4
      vertex -44.696 -41.3423 2.4
      vertex -44.4877 -40.92 2.4
    endloop
  endfacet
  facet normal -0 0 -1
    outer loop
      vertex -42.5597 -42.8766 2.4
      vertex -44.9392 -43.1899 2.4
      vertex -42.57 -42.72 2.4
    endloop
  endfacet
  facet normal 0 0 -1
    outer loop
      vertex -42.5291 -42.4094 2.4
      vertex -44.8473 -41.7882 2.4
      vertex -44.696 -41.3423 2.4
    endloop
  endfacet
  facet normal 0 0 -1
    outer loop
      vertex -44.97 -42.72 2.4
      vertex -42.57 -42.72 2.4
      vertex -44.9392 -43.1899 2.4
    endloop
  endfacet
  facet normal 0 0 -1
    outer loop
      vertex -42.5597 -42.5634 2.4
      vertex -44.9392 -42.2501 2.4
      vertex -44.8473 -41.7882 2.4
    endloop
  endfacet
  facet normal 0 0 -1
    outer loop
      vertex -42.57 -42.72 2.4
      vertex -44.97 -42.72 2.4
      vertex -44.9392 -42.2501 2.4
    endloop
  endfacet
  facet normal 0.195177 -0.980768 0
    outer loop
      vertex -40.9001 -46.2892 2.4
      vertex -40.4383 -46.1973 7.4
      vertex -40.9001 -46.2892 7.4
    endloop
  endfacet
  facet normal 0.195177 -0.980768 0
    outer loop
      vertex -40.4383 -46.1973 7.4
      vertex -40.9001 -46.2892 2.4
      vertex -40.4383 -46.1973 2.4
    endloop
  endfacet
  facet normal 0.946971 0.32132 0
    outer loop
      vertex -37.8927 -41.7882 7.4
      vertex -38.044 -41.3423 2.4
      vertex -38.044 -41.3423 7.4
    endloop
  endfacet
  facet normal 0.946971 0.32132 0
    outer loop
      vertex -38.044 -41.3423 2.4
      vertex -37.8927 -41.7882 7.4
      vertex -37.8927 -41.7882 2.4
    endloop
  endfacet
  facet normal 0.980776 0.195136 0
    outer loop
      vertex -37.8008 -42.2501 7.4
      vertex -37.8927 -41.7882 2.4
      vertex -37.8927 -41.7882 7.4
    endloop
  endfacet
  facet normal 0.980776 0.195136 0
    outer loop
      vertex -37.8927 -41.7882 2.4
      vertex -37.8008 -42.2501 7.4
      vertex -37.8008 -42.2501 2.4
    endloop
  endfacet
  facet normal 0.751879 0.659301 0
    outer loop
      vertex -38.5139 -40.5285 7.4
      vertex -38.8244 -40.1744 2.4
      vertex -38.8244 -40.1744 7.4
    endloop
  endfacet
  facet normal 0.751879 0.659301 0
    outer loop
      vertex -38.8244 -40.1744 2.4
      vertex -38.5139 -40.5285 7.4
      vertex -38.5139 -40.5285 2.4
    endloop
  endfacet
  facet normal 0.0654055 0.997859 -0
    outer loop
      vertex -40.9001 -39.1508 2.4
      vertex -41.37 -39.12 7.4
      vertex -40.9001 -39.1508 7.4
    endloop
  endfacet
  facet normal 0.0654055 0.997859 0
    outer loop
      vertex -41.37 -39.12 7.4
      vertex -40.9001 -39.1508 2.4
      vertex -41.37 -39.12 2.4
    endloop
  endfacet
  facet normal 0.555582 0.831462 -0
    outer loop
      vertex -39.1785 -39.8639 2.4
      vertex -39.57 -39.6023 7.4
      vertex -39.1785 -39.8639 7.4
    endloop
  endfacet
  facet normal 0.555582 0.831462 0
    outer loop
      vertex -39.57 -39.6023 7.4
      vertex -39.1785 -39.8639 2.4
      vertex -39.57 -39.6023 2.4
    endloop
  endfacet
  facet normal -0.980776 0.195136 0
    outer loop
      vertex -44.9392 -42.2501 2.4
      vertex -44.8473 -41.7882 7.4
      vertex -44.8473 -41.7882 2.4
    endloop
  endfacet
  facet normal -0.980776 0.195136 0
    outer loop
      vertex -44.8473 -41.7882 7.4
      vertex -44.9392 -42.2501 2.4
      vertex -44.9392 -42.2501 7.4
    endloop
  endfacet
  facet normal -0.195136 0.980776 0
    outer loop
      vertex -41.8399 -39.1508 2.4
      vertex -42.3018 -39.2427 7.4
      vertex -41.8399 -39.1508 7.4
    endloop
  endfacet
  facet normal -0.195136 0.980776 0
    outer loop
      vertex -42.3018 -39.2427 7.4
      vertex -41.8399 -39.1508 2.4
      vertex -42.3018 -39.2427 2.4
    endloop
  endfacet
  facet normal 0.946993 -0.321256 0
    outer loop
      vertex -38.044 -44.0977 7.4
      vertex -37.8927 -43.6517 2.4
      vertex -37.8927 -43.6517 7.4
    endloop
  endfacet
  facet normal 0.946993 -0.321256 0
    outer loop
      vertex -37.8927 -43.6517 2.4
      vertex -38.044 -44.0977 7.4
      vertex -38.044 -44.0977 2.4
    endloop
  endfacet
  facet normal 0.980768 -0.195177 0
    outer loop
      vertex -37.8927 -43.6517 7.4
      vertex -37.8008 -43.1899 2.4
      vertex -37.8008 -43.1899 7.4
    endloop
  endfacet
  facet normal 0.980768 -0.195177 0
    outer loop
      vertex -37.8008 -43.1899 2.4
      vertex -37.8927 -43.6517 7.4
      vertex -37.8927 -43.6517 2.4
    endloop
  endfacet
  facet normal -0.997859 -0.0654055 0
    outer loop
      vertex -44.9392 -43.1899 2.4
      vertex -44.97 -42.72 7.4
      vertex -44.97 -42.72 2.4
    endloop
  endfacet
  facet normal -0.997859 -0.0654055 0
    outer loop
      vertex -44.97 -42.72 7.4
      vertex -44.9392 -43.1899 2.4
      vertex -44.9392 -43.1899 7.4
    endloop
  endfacet
  facet normal 0.555582 -0.831462 0
    outer loop
      vertex -39.57 -45.8377 2.4
      vertex -39.1785 -45.5761 7.4
      vertex -39.57 -45.8377 7.4
    endloop
  endfacet
  facet normal 0.555582 -0.831462 0
    outer loop
      vertex -39.1785 -45.5761 7.4
      vertex -39.57 -45.8377 2.4
      vertex -39.1785 -45.5761 2.4
    endloop
  endfacet
  facet normal 0.442365 -0.896835 0
    outer loop
      vertex -39.9923 -46.046 2.4
      vertex -39.57 -45.8377 7.4
      vertex -39.9923 -46.046 7.4
    endloop
  endfacet
  facet normal 0.442365 -0.896835 0
    outer loop
      vertex -39.57 -45.8377 7.4
      vertex -39.9923 -46.046 2.4
      vertex -39.57 -45.8377 2.4
    endloop
  endfacet
  facet normal -0.946971 0.32132 0
    outer loop
      vertex -44.8473 -41.7882 2.4
      vertex -44.696 -41.3423 7.4
      vertex -44.696 -41.3423 2.4
    endloop
  endfacet
  facet normal -0.946971 0.32132 0
    outer loop
      vertex -44.696 -41.3423 7.4
      vertex -44.8473 -41.7882 2.4
      vertex -44.8473 -41.7882 7.4
    endloop
  endfacet
  facet normal -0.659301 0.751879 0
    outer loop
      vertex -43.5615 -39.8639 2.4
      vertex -43.9156 -40.1744 7.4
      vertex -43.5615 -39.8639 7.4
    endloop
  endfacet
  facet normal -0.659301 0.751879 0
    outer loop
      vertex -43.9156 -40.1744 7.4
      vertex -43.5615 -39.8639 2.4
      vertex -43.9156 -40.1744 2.4
    endloop
  endfacet
  facet normal 0.997859 -0.0654055 0
    outer loop
      vertex -37.8008 -43.1899 7.4
      vertex -37.77 -42.72 2.4
      vertex -37.77 -42.72 7.4
    endloop
  endfacet
  facet normal 0.997859 -0.0654055 0
    outer loop
      vertex -37.77 -42.72 2.4
      vertex -37.8008 -43.1899 7.4
      vertex -37.8008 -43.1899 2.4
    endloop
  endfacet
  facet normal -0.32132 -0.946971 0
    outer loop
      vertex -42.7477 -46.046 2.4
      vertex -42.3018 -46.1973 7.4
      vertex -42.7477 -46.046 7.4
    endloop
  endfacet
  facet normal -0.32132 -0.946971 -0
    outer loop
      vertex -42.3018 -46.1973 7.4
      vertex -42.7477 -46.046 2.4
      vertex -42.3018 -46.1973 2.4
    endloop
  endfacet
  facet normal -0.751879 -0.659301 0
    outer loop
      vertex -43.9156 -45.2656 2.4
      vertex -44.2261 -44.9115 7.4
      vertex -44.2261 -44.9115 2.4
    endloop
  endfacet
  facet normal -0.751879 -0.659301 0
    outer loop
      vertex -44.2261 -44.9115 7.4
      vertex -43.9156 -45.2656 2.4
      vertex -43.9156 -45.2656 7.4
    endloop
  endfacet
  facet normal -0.980768 -0.195177 0
    outer loop
      vertex -44.8473 -43.6517 2.4
      vertex -44.9392 -43.1899 7.4
      vertex -44.9392 -43.1899 2.4
    endloop
  endfacet
  facet normal -0.980768 -0.195177 0
    outer loop
      vertex -44.9392 -43.1899 7.4
      vertex -44.8473 -43.6517 2.4
      vertex -44.8473 -43.6517 7.4
    endloop
  endfacet
  facet normal -0.946993 -0.321256 0
    outer loop
      vertex -44.696 -44.0977 2.4
      vertex -44.8473 -43.6517 7.4
      vertex -44.8473 -43.6517 2.4
    endloop
  endfacet
  facet normal -0.946993 -0.321256 0
    outer loop
      vertex -44.8473 -43.6517 7.4
      vertex -44.696 -44.0977 2.4
      vertex -44.696 -44.0977 7.4
    endloop
  endfacet
  facet normal 0.659301 -0.751879 0
    outer loop
      vertex -39.1785 -45.5761 2.4
      vertex -38.8244 -45.2656 7.4
      vertex -39.1785 -45.5761 7.4
    endloop
  endfacet
  facet normal 0.659301 -0.751879 0
    outer loop
      vertex -38.8244 -45.2656 7.4
      vertex -39.1785 -45.5761 2.4
      vertex -38.8244 -45.2656 2.4
    endloop
  endfacet
  facet normal 0.321256 -0.946993 0
    outer loop
      vertex -40.4383 -46.1973 2.4
      vertex -39.9923 -46.046 7.4
      vertex -40.4383 -46.1973 7.4
    endloop
  endfacet
  facet normal 0.321256 -0.946993 0
    outer loop
      vertex -39.9923 -46.046 7.4
      vertex -40.4383 -46.1973 2.4
      vertex -39.9923 -46.046 2.4
    endloop
  endfacet
  facet normal 0.896835 -0.442365 0
    outer loop
      vertex -38.2523 -44.52 7.4
      vertex -38.044 -44.0977 2.4
      vertex -38.044 -44.0977 7.4
    endloop
  endfacet
  facet normal 0.896835 -0.442365 0
    outer loop
      vertex -38.044 -44.0977 2.4
      vertex -38.2523 -44.52 7.4
      vertex -38.2523 -44.52 2.4
    endloop
  endfacet
  facet normal 0.831462 -0.555582 0
    outer loop
      vertex -38.5139 -44.9115 7.4
      vertex -38.2523 -44.52 2.4
      vertex -38.2523 -44.52 7.4
    endloop
  endfacet
  facet normal 0.831462 -0.555582 0
    outer loop
      vertex -38.2523 -44.52 2.4
      vertex -38.5139 -44.9115 7.4
      vertex -38.5139 -44.9115 2.4
    endloop
  endfacet
  facet normal -0.0654055 -0.997859 0
    outer loop
      vertex -41.8399 -46.2892 2.4
      vertex -41.37 -46.32 7.4
      vertex -41.8399 -46.2892 7.4
    endloop
  endfacet
  facet normal -0.0654055 -0.997859 -0
    outer loop
      vertex -41.37 -46.32 7.4
      vertex -41.8399 -46.2892 2.4
      vertex -41.37 -46.32 2.4
    endloop
  endfacet
  facet normal -0.555582 -0.831462 0
    outer loop
      vertex -43.5615 -45.5761 2.4
      vertex -43.17 -45.8377 7.4
      vertex -43.5615 -45.5761 7.4
    endloop
  endfacet
  facet normal -0.555582 -0.831462 -0
    outer loop
      vertex -43.17 -45.8377 7.4
      vertex -43.5615 -45.5761 2.4
      vertex -43.17 -45.8377 2.4
    endloop
  endfacet
  facet normal -0.195136 -0.980776 0
    outer loop
      vertex -42.3018 -46.1973 2.4
      vertex -41.8399 -46.2892 7.4
      vertex -42.3018 -46.1973 7.4
    endloop
  endfacet
  facet normal -0.195136 -0.980776 -0
    outer loop
      vertex -41.8399 -46.2892 7.4
      vertex -42.3018 -46.1973 2.4
      vertex -41.8399 -46.2892 2.4
    endloop
  endfacet
  facet normal -0.659301 -0.751879 0
    outer loop
      vertex -43.9156 -45.2656 2.4
      vertex -43.5615 -45.5761 7.4
      vertex -43.9156 -45.2656 7.4
    endloop
  endfacet
  facet normal -0.659301 -0.751879 -0
    outer loop
      vertex -43.5615 -45.5761 7.4
      vertex -43.9156 -45.2656 2.4
      vertex -43.5615 -45.5761 2.4
    endloop
  endfacet
  facet normal -0.896835 -0.442365 0
    outer loop
      vertex -44.4877 -44.52 2.4
      vertex -44.696 -44.0977 7.4
      vertex -44.696 -44.0977 2.4
    endloop
  endfacet
  facet normal -0.896835 -0.442365 0
    outer loop
      vertex -44.696 -44.0977 7.4
      vertex -44.4877 -44.52 2.4
      vertex -44.4877 -44.52 7.4
    endloop
  endfacet
  facet normal -0.442365 -0.896835 0
    outer loop
      vertex -43.17 -45.8377 2.4
      vertex -42.7477 -46.046 7.4
      vertex -43.17 -45.8377 7.4
    endloop
  endfacet
  facet normal -0.442365 -0.896835 -0
    outer loop
      vertex -42.7477 -46.046 7.4
      vertex -43.17 -45.8377 2.4
      vertex -42.7477 -46.046 2.4
    endloop
  endfacet
  facet normal -0.831462 -0.555582 0
    outer loop
      vertex -44.2261 -44.9115 2.4
      vertex -44.4877 -44.52 7.4
      vertex -44.4877 -44.52 2.4
    endloop
  endfacet
  facet normal -0.831462 -0.555582 0
    outer loop
      vertex -44.4877 -44.52 7.4
      vertex -44.2261 -44.9115 2.4
      vertex -44.2261 -44.9115 7.4
    endloop
  endfacet
  facet normal -0.997844 -0.0656309 0
    outer loop
      vertex -40.17 -42.72 2.4
      vertex -40.1803 -42.5634 7.4
      vertex -40.1803 -42.5634 2.4
    endloop
  endfacet
  facet normal -0.997844 -0.0656309 0
    outer loop
      vertex -40.1803 -42.5634 7.4
      vertex -40.17 -42.72 2.4
      vertex -40.17 -42.72 7.4
    endloop
  endfacet
  facet normal 0.997844 -0.0656309 0
    outer loop
      vertex -42.57 -42.72 7.4
      vertex -42.5597 -42.5634 2.4
      vertex -42.5597 -42.5634 7.4
    endloop
  endfacet
  facet normal 0.997844 -0.0656309 0
    outer loop
      vertex -42.5597 -42.5634 2.4
      vertex -42.57 -42.72 7.4
      vertex -42.57 -42.72 2.4
    endloop
  endfacet
  facet normal -0.0656309 -0.997844 0
    outer loop
      vertex -41.37 -41.52 2.4
      vertex -41.2134 -41.5303 7.4
      vertex -41.37 -41.52 7.4
    endloop
  endfacet
  facet normal -0.0656309 -0.997844 -0
    outer loop
      vertex -41.2134 -41.5303 7.4
      vertex -41.37 -41.52 2.4
      vertex -41.2134 -41.5303 2.4
    endloop
  endfacet
  facet normal -0.751787 -0.659406 0
    outer loop
      vertex -40.418 -41.9895 2.4
      vertex -40.5215 -41.8715 7.4
      vertex -40.5215 -41.8715 2.4
    endloop
  endfacet
  facet normal -0.751787 -0.659406 0
    outer loop
      vertex -40.5215 -41.8715 7.4
      vertex -40.418 -41.9895 2.4
      vertex -40.418 -41.9895 7.4
    endloop
  endfacet
  facet normal 0.659406 -0.751787 0
    outer loop
      vertex -42.2185 -41.8715 2.4
      vertex -42.1005 -41.768 7.4
      vertex -42.2185 -41.8715 7.4
    endloop
  endfacet
  facet normal 0.659406 -0.751787 0
    outer loop
      vertex -42.1005 -41.768 7.4
      vertex -42.2185 -41.8715 2.4
      vertex -42.1005 -41.768 2.4
    endloop
  endfacet
  facet normal 0.321194 -0.947013 0
    outer loop
      vertex -41.8292 -41.6113 2.4
      vertex -41.6806 -41.5609 7.4
      vertex -41.8292 -41.6113 7.4
    endloop
  endfacet
  facet normal 0.321194 -0.947013 0
    outer loop
      vertex -41.6806 -41.5609 7.4
      vertex -41.8292 -41.6113 2.4
      vertex -41.6806 -41.5609 2.4
    endloop
  endfacet
  facet normal 0.980825 0.194891 0
    outer loop
      vertex -42.5291 -43.0306 7.4
      vertex -42.5597 -42.8766 2.4
      vertex -42.5597 -42.8766 7.4
    endloop
  endfacet
  facet normal 0.980825 0.194891 0
    outer loop
      vertex -42.5597 -42.8766 2.4
      vertex -42.5291 -43.0306 7.4
      vertex -42.5291 -43.0306 2.4
    endloop
  endfacet
  facet normal -0.896708 -0.442622 0
    outer loop
      vertex -40.2613 -42.2608 2.4
      vertex -40.3308 -42.12 7.4
      vertex -40.3308 -42.12 2.4
    endloop
  endfacet
  facet normal -0.896708 -0.442622 0
    outer loop
      vertex -40.3308 -42.12 7.4
      vertex -40.2613 -42.2608 2.4
      vertex -40.2613 -42.2608 7.4
    endloop
  endfacet
  facet normal -0.831462 -0.555582 0
    outer loop
      vertex -40.3308 -42.12 2.4
      vertex -40.418 -41.9895 7.4
      vertex -40.418 -41.9895 2.4
    endloop
  endfacet
  facet normal -0.831462 -0.555582 0
    outer loop
      vertex -40.418 -41.9895 7.4
      vertex -40.3308 -42.12 2.4
      vertex -40.3308 -42.12 7.4
    endloop
  endfacet
  facet normal -0.442622 -0.896708 0
    outer loop
      vertex -40.9108 -41.6113 2.4
      vertex -40.77 -41.6808 7.4
      vertex -40.9108 -41.6113 7.4
    endloop
  endfacet
  facet normal -0.442622 -0.896708 -0
    outer loop
      vertex -40.77 -41.6808 7.4
      vertex -40.9108 -41.6113 2.4
      vertex -40.77 -41.6808 2.4
    endloop
  endfacet
  facet normal -0.555582 -0.831462 0
    outer loop
      vertex -40.77 -41.6808 2.4
      vertex -40.6395 -41.768 7.4
      vertex -40.77 -41.6808 7.4
    endloop
  endfacet
  facet normal -0.555582 -0.831462 -0
    outer loop
      vertex -40.6395 -41.768 7.4
      vertex -40.77 -41.6808 2.4
      vertex -40.6395 -41.768 2.4
    endloop
  endfacet
  facet normal 0.896708 -0.442622 0
    outer loop
      vertex -42.4787 -42.2608 7.4
      vertex -42.4092 -42.12 2.4
      vertex -42.4092 -42.12 7.4
    endloop
  endfacet
  facet normal 0.896708 -0.442622 0
    outer loop
      vertex -42.4092 -42.12 2.4
      vertex -42.4787 -42.2608 7.4
      vertex -42.4787 -42.2608 2.4
    endloop
  endfacet
  facet normal 0.831462 -0.555582 0
    outer loop
      vertex -42.4092 -42.12 7.4
      vertex -42.322 -41.9895 2.4
      vertex -42.322 -41.9895 7.4
    endloop
  endfacet
  facet normal 0.831462 -0.555582 0
    outer loop
      vertex -42.322 -41.9895 2.4
      vertex -42.4092 -42.12 7.4
      vertex -42.4092 -42.12 2.4
    endloop
  endfacet
  facet normal 0.442622 -0.896708 0
    outer loop
      vertex -41.97 -41.6808 2.4
      vertex -41.8292 -41.6113 7.4
      vertex -41.97 -41.6808 7.4
    endloop
  endfacet
  facet normal 0.442622 -0.896708 0
    outer loop
      vertex -41.8292 -41.6113 7.4
      vertex -41.97 -41.6808 2.4
      vertex -41.8292 -41.6113 2.4
    endloop
  endfacet
  facet normal 0.0656309 -0.997844 0
    outer loop
      vertex -41.5266 -41.5303 2.4
      vertex -41.37 -41.52 7.4
      vertex -41.5266 -41.5303 7.4
    endloop
  endfacet
  facet normal 0.0656309 -0.997844 0
    outer loop
      vertex -41.37 -41.52 7.4
      vertex -41.5266 -41.5303 2.4
      vertex -41.37 -41.52 2.4
    endloop
  endfacet
  facet normal -0.194891 0.980825 0
    outer loop
      vertex -41.0594 -43.8791 2.4
      vertex -41.2134 -43.9097 7.4
      vertex -41.0594 -43.8791 7.4
    endloop
  endfacet
  facet normal -0.194891 0.980825 0
    outer loop
      vertex -41.2134 -43.9097 7.4
      vertex -41.0594 -43.8791 2.4
      vertex -41.2134 -43.9097 2.4
    endloop
  endfacet
  facet normal -0.0656309 0.997844 0
    outer loop
      vertex -41.2134 -43.9097 2.4
      vertex -41.37 -43.92 7.4
      vertex -41.2134 -43.9097 7.4
    endloop
  endfacet
  facet normal -0.0656309 0.997844 0
    outer loop
      vertex -41.37 -43.92 7.4
      vertex -41.2134 -43.9097 2.4
      vertex -41.37 -43.92 2.4
    endloop
  endfacet
  facet normal -0.659406 0.751787 0
    outer loop
      vertex -40.5215 -43.5685 2.4
      vertex -40.6395 -43.672 7.4
      vertex -40.5215 -43.5685 7.4
    endloop
  endfacet
  facet normal -0.659406 0.751787 0
    outer loop
      vertex -40.6395 -43.672 7.4
      vertex -40.5215 -43.5685 2.4
      vertex -40.6395 -43.672 2.4
    endloop
  endfacet
  facet normal -0.442622 0.896708 0
    outer loop
      vertex -40.77 -43.7592 2.4
      vertex -40.9108 -43.8287 7.4
      vertex -40.77 -43.7592 7.4
    endloop
  endfacet
  facet normal -0.442622 0.896708 0
    outer loop
      vertex -40.9108 -43.8287 7.4
      vertex -40.77 -43.7592 2.4
      vertex -40.9108 -43.8287 2.4
    endloop
  endfacet
  facet normal -0.947013 0.321194 0
    outer loop
      vertex -40.2613 -43.1792 2.4
      vertex -40.2109 -43.0306 7.4
      vertex -40.2109 -43.0306 2.4
    endloop
  endfacet
  facet normal -0.947013 0.321194 0
    outer loop
      vertex -40.2109 -43.0306 7.4
      vertex -40.2613 -43.1792 2.4
      vertex -40.2613 -43.1792 7.4
    endloop
  endfacet
  facet normal 0.442622 0.896708 -0
    outer loop
      vertex -41.8292 -43.8287 2.4
      vertex -41.97 -43.7592 7.4
      vertex -41.8292 -43.8287 7.4
    endloop
  endfacet
  facet normal 0.442622 0.896708 0
    outer loop
      vertex -41.97 -43.7592 7.4
      vertex -41.8292 -43.8287 2.4
      vertex -41.97 -43.7592 2.4
    endloop
  endfacet
  facet normal 0.321194 0.947013 -0
    outer loop
      vertex -41.6806 -43.8791 2.4
      vertex -41.8292 -43.8287 7.4
      vertex -41.6806 -43.8791 7.4
    endloop
  endfacet
  facet normal 0.321194 0.947013 0
    outer loop
      vertex -41.8292 -43.8287 7.4
      vertex -41.6806 -43.8791 2.4
      vertex -41.8292 -43.8287 2.4
    endloop
  endfacet
  facet normal 0.896708 0.442622 0
    outer loop
      vertex -42.4092 -43.32 7.4
      vertex -42.4787 -43.1792 2.4
      vertex -42.4787 -43.1792 7.4
    endloop
  endfacet
  facet normal 0.896708 0.442622 0
    outer loop
      vertex -42.4787 -43.1792 2.4
      vertex -42.4092 -43.32 7.4
      vertex -42.4092 -43.32 2.4
    endloop
  endfacet
  facet normal 0.831462 0.555582 0
    outer loop
      vertex -42.322 -43.4505 7.4
      vertex -42.4092 -43.32 2.4
      vertex -42.4092 -43.32 7.4
    endloop
  endfacet
  facet normal 0.831462 0.555582 0
    outer loop
      vertex -42.4092 -43.32 2.4
      vertex -42.322 -43.4505 7.4
      vertex -42.322 -43.4505 2.4
    endloop
  endfacet
  facet normal 0.997844 0.0656309 0
    outer loop
      vertex -42.5597 -42.8766 7.4
      vertex -42.57 -42.72 2.4
      vertex -42.57 -42.72 7.4
    endloop
  endfacet
  facet normal 0.997844 0.0656309 0
    outer loop
      vertex -42.57 -42.72 2.4
      vertex -42.5597 -42.8766 7.4
      vertex -42.5597 -42.8766 2.4
    endloop
  endfacet
  facet normal -0.947013 -0.321194 0
    outer loop
      vertex -40.2109 -42.4094 2.4
      vertex -40.2613 -42.2608 7.4
      vertex -40.2613 -42.2608 2.4
    endloop
  endfacet
  facet normal -0.947013 -0.321194 0
    outer loop
      vertex -40.2613 -42.2608 7.4
      vertex -40.2109 -42.4094 2.4
      vertex -40.2109 -42.4094 7.4
    endloop
  endfacet
  facet normal -0.980825 -0.194891 0
    outer loop
      vertex -40.1803 -42.5634 2.4
      vertex -40.2109 -42.4094 7.4
      vertex -40.2109 -42.4094 2.4
    endloop
  endfacet
  facet normal -0.980825 -0.194891 0
    outer loop
      vertex -40.2109 -42.4094 7.4
      vertex -40.1803 -42.5634 2.4
      vertex -40.1803 -42.5634 7.4
    endloop
  endfacet
  facet normal -0.194891 -0.980825 0
    outer loop
      vertex -41.2134 -41.5303 2.4
      vertex -41.0594 -41.5609 7.4
      vertex -41.2134 -41.5303 7.4
    endloop
  endfacet
  facet normal -0.194891 -0.980825 -0
    outer loop
      vertex -41.0594 -41.5609 7.4
      vertex -41.2134 -41.5303 2.4
      vertex -41.0594 -41.5609 2.4
    endloop
  endfacet
  facet normal -0.659406 -0.751787 0
    outer loop
      vertex -40.6395 -41.768 2.4
      vertex -40.5215 -41.8715 7.4
      vertex -40.6395 -41.768 7.4
    endloop
  endfacet
  facet normal -0.659406 -0.751787 -0
    outer loop
      vertex -40.5215 -41.8715 7.4
      vertex -40.6395 -41.768 2.4
      vertex -40.5215 -41.8715 2.4
    endloop
  endfacet
  facet normal 0.980825 -0.194891 0
    outer loop
      vertex -42.5597 -42.5634 7.4
      vertex -42.5291 -42.4094 2.4
      vertex -42.5291 -42.4094 7.4
    endloop
  endfacet
  facet normal 0.980825 -0.194891 0
    outer loop
      vertex -42.5291 -42.4094 2.4
      vertex -42.5597 -42.5634 7.4
      vertex -42.5597 -42.5634 2.4
    endloop
  endfacet
  facet normal -0.997844 0.0656309 0
    outer loop
      vertex -40.1803 -42.8766 2.4
      vertex -40.17 -42.72 7.4
      vertex -40.17 -42.72 2.4
    endloop
  endfacet
  facet normal -0.997844 0.0656309 0
    outer loop
      vertex -40.17 -42.72 7.4
      vertex -40.1803 -42.8766 2.4
      vertex -40.1803 -42.8766 7.4
    endloop
  endfacet
  facet normal -0.555582 0.831462 0
    outer loop
      vertex -40.6395 -43.672 2.4
      vertex -40.77 -43.7592 7.4
      vertex -40.6395 -43.672 7.4
    endloop
  endfacet
  facet normal -0.555582 0.831462 0
    outer loop
      vertex -40.77 -43.7592 7.4
      vertex -40.6395 -43.672 2.4
      vertex -40.77 -43.7592 2.4
    endloop
  endfacet
  facet normal -0.896708 0.442622 0
    outer loop
      vertex -40.3308 -43.32 2.4
      vertex -40.2613 -43.1792 7.4
      vertex -40.2613 -43.1792 2.4
    endloop
  endfacet
  facet normal -0.896708 0.442622 0
    outer loop
      vertex -40.2613 -43.1792 7.4
      vertex -40.3308 -43.32 2.4
      vertex -40.3308 -43.32 7.4
    endloop
  endfacet
  facet normal -0.751787 0.659406 0
    outer loop
      vertex -40.5215 -43.5685 2.4
      vertex -40.418 -43.4505 7.4
      vertex -40.418 -43.4505 2.4
    endloop
  endfacet
  facet normal -0.751787 0.659406 0
    outer loop
      vertex -40.418 -43.4505 7.4
      vertex -40.5215 -43.5685 2.4
      vertex -40.5215 -43.5685 7.4
    endloop
  endfacet
  facet normal -0.831462 0.555582 0
    outer loop
      vertex -40.418 -43.4505 2.4
      vertex -40.3308 -43.32 7.4
      vertex -40.3308 -43.32 2.4
    endloop
  endfacet
  facet normal -0.831462 0.555582 0
    outer loop
      vertex -40.3308 -43.32 7.4
      vertex -40.418 -43.4505 2.4
      vertex -40.418 -43.4505 7.4
    endloop
  endfacet
  facet normal 0.659406 0.751787 -0
    outer loop
      vertex -42.1005 -43.672 2.4
      vertex -42.2185 -43.5685 7.4
      vertex -42.1005 -43.672 7.4
    endloop
  endfacet
  facet normal 0.659406 0.751787 0
    outer loop
      vertex -42.2185 -43.5685 7.4
      vertex -42.1005 -43.672 2.4
      vertex -42.2185 -43.5685 2.4
    endloop
  endfacet
  facet normal 0.555582 0.831462 -0
    outer loop
      vertex -41.97 -43.7592 2.4
      vertex -42.1005 -43.672 7.4
      vertex -41.97 -43.7592 7.4
    endloop
  endfacet
  facet normal 0.555582 0.831462 0
    outer loop
      vertex -42.1005 -43.672 7.4
      vertex -41.97 -43.7592 2.4
      vertex -42.1005 -43.672 2.4
    endloop
  endfacet
  facet normal 0.0656309 0.997844 -0
    outer loop
      vertex -41.37 -43.92 2.4
      vertex -41.5266 -43.9097 7.4
      vertex -41.37 -43.92 7.4
    endloop
  endfacet
  facet normal 0.0656309 0.997844 0
    outer loop
      vertex -41.5266 -43.9097 7.4
      vertex -41.37 -43.92 2.4
      vertex -41.5266 -43.9097 2.4
    endloop
  endfacet
  facet normal 0.751787 0.659406 0
    outer loop
      vertex -42.2185 -43.5685 7.4
      vertex -42.322 -43.4505 2.4
      vertex -42.322 -43.4505 7.4
    endloop
  endfacet
  facet normal 0.751787 0.659406 0
    outer loop
      vertex -42.322 -43.4505 2.4
      vertex -42.2185 -43.5685 7.4
      vertex -42.2185 -43.5685 2.4
    endloop
  endfacet
  facet normal 0.947013 0.321194 0
    outer loop
      vertex -42.4787 -43.1792 7.4
      vertex -42.5291 -43.0306 2.4
      vertex -42.5291 -43.0306 7.4
    endloop
  endfacet
  facet normal 0.947013 0.321194 0
    outer loop
      vertex -42.5291 -43.0306 2.4
      vertex -42.4787 -43.1792 7.4
      vertex -42.4787 -43.1792 2.4
    endloop
  endfacet
  facet normal -0.321194 -0.947013 0
    outer loop
      vertex -41.0594 -41.5609 2.4
      vertex -40.9108 -41.6113 7.4
      vertex -41.0594 -41.5609 7.4
    endloop
  endfacet
  facet normal -0.321194 -0.947013 -0
    outer loop
      vertex -40.9108 -41.6113 7.4
      vertex -41.0594 -41.5609 2.4
      vertex -40.9108 -41.6113 2.4
    endloop
  endfacet
  facet normal 0.751787 -0.659406 0
    outer loop
      vertex -42.322 -41.9895 7.4
      vertex -42.2185 -41.8715 2.4
      vertex -42.2185 -41.8715 7.4
    endloop
  endfacet
  facet normal 0.751787 -0.659406 0
    outer loop
      vertex -42.2185 -41.8715 2.4
      vertex -42.322 -41.9895 7.4
      vertex -42.322 -41.9895 2.4
    endloop
  endfacet
  facet normal 0.947013 -0.321194 0
    outer loop
      vertex -42.5291 -42.4094 7.4
      vertex -42.4787 -42.2608 2.4
      vertex -42.4787 -42.2608 7.4
    endloop
  endfacet
  facet normal 0.947013 -0.321194 0
    outer loop
      vertex -42.4787 -42.2608 2.4
      vertex -42.5291 -42.4094 7.4
      vertex -42.5291 -42.4094 2.4
    endloop
  endfacet
  facet normal 0.555582 -0.831462 0
    outer loop
      vertex -42.1005 -41.768 2.4
      vertex -41.97 -41.6808 7.4
      vertex -42.1005 -41.768 7.4
    endloop
  endfacet
  facet normal 0.555582 -0.831462 0
    outer loop
      vertex -41.97 -41.6808 7.4
      vertex -42.1005 -41.768 2.4
      vertex -41.97 -41.6808 2.4
    endloop
  endfacet
  facet normal 0.194891 -0.980825 0
    outer loop
      vertex -41.6806 -41.5609 2.4
      vertex -41.5266 -41.5303 7.4
      vertex -41.6806 -41.5609 7.4
    endloop
  endfacet
  facet normal 0.194891 -0.980825 0
    outer loop
      vertex -41.5266 -41.5303 7.4
      vertex -41.6806 -41.5609 2.4
      vertex -41.5266 -41.5303 2.4
    endloop
  endfacet
  facet normal -0.321194 0.947013 0
    outer loop
      vertex -40.9108 -43.8287 2.4
      vertex -41.0594 -43.8791 7.4
      vertex -40.9108 -43.8287 7.4
    endloop
  endfacet
  facet normal -0.321194 0.947013 0
    outer loop
      vertex -41.0594 -43.8791 7.4
      vertex -40.9108 -43.8287 2.4
      vertex -41.0594 -43.8791 2.4
    endloop
  endfacet
  facet normal -0.980825 0.194891 0
    outer loop
      vertex -40.2109 -43.0306 2.4
      vertex -40.1803 -42.8766 7.4
      vertex -40.1803 -42.8766 2.4
    endloop
  endfacet
  facet normal -0.980825 0.194891 0
    outer loop
      vertex -40.1803 -42.8766 7.4
      vertex -40.2109 -43.0306 2.4
      vertex -40.2109 -43.0306 7.4
    endloop
  endfacet
  facet normal 0.194891 0.980825 -0
    outer loop
      vertex -41.5266 -43.9097 2.4
      vertex -41.6806 -43.8791 7.4
      vertex -41.5266 -43.9097 7.4
    endloop
  endfacet
  facet normal 0.194891 0.980825 0
    outer loop
      vertex -41.6806 -43.8791 7.4
      vertex -41.5266 -43.9097 2.4
      vertex -41.6806 -43.8791 2.4
    endloop
  endfacet
  facet normal 0.997859 0.0654055 0
    outer loop
      vertex 44.98 -42.72 7.4
      vertex 44.9492 -42.2501 2.4
      vertex 44.9492 -42.2501 7.4
    endloop
  endfacet
  facet normal 0.997859 0.0654055 0
    outer loop
      vertex 44.9492 -42.2501 2.4
      vertex 44.98 -42.72 7.4
      vertex 44.98 -42.72 2.4
    endloop
  endfacet
  facet normal -0.997859 0.0654055 0
    outer loop
      vertex 37.78 -42.72 2.4
      vertex 37.8108 -42.2501 7.4
      vertex 37.8108 -42.2501 2.4
    endloop
  endfacet
  facet normal -0.997859 0.0654055 0
    outer loop
      vertex 37.8108 -42.2501 7.4
      vertex 37.78 -42.72 2.4
      vertex 37.78 -42.72 7.4
    endloop
  endfacet
  facet normal -0.0654055 0.997859 0
    outer loop
      vertex 41.38 -39.12 2.4
      vertex 40.9101 -39.1508 7.4
      vertex 41.38 -39.12 7.4
    endloop
  endfacet
  facet normal -0.0654055 0.997859 0
    outer loop
      vertex 40.9101 -39.1508 7.4
      vertex 41.38 -39.12 2.4
      vertex 40.9101 -39.1508 2.4
    endloop
  endfacet
  facet normal 0.0654055 -0.997859 0
    outer loop
      vertex 41.38 -46.32 2.4
      vertex 41.8499 -46.2892 7.4
      vertex 41.38 -46.32 7.4
    endloop
  endfacet
  facet normal 0.0654055 -0.997859 0
    outer loop
      vertex 41.8499 -46.2892 7.4
      vertex 41.38 -46.32 2.4
      vertex 41.8499 -46.2892 2.4
    endloop
  endfacet
  facet normal 0.751879 -0.659301 0
    outer loop
      vertex 43.9256 -45.2656 7.4
      vertex 44.2361 -44.9115 2.4
      vertex 44.2361 -44.9115 7.4
    endloop
  endfacet
  facet normal 0.751879 -0.659301 0
    outer loop
      vertex 44.2361 -44.9115 2.4
      vertex 43.9256 -45.2656 7.4
      vertex 43.9256 -45.2656 2.4
    endloop
  endfacet
  facet normal 0.659301 0.751879 -0
    outer loop
      vertex 43.9256 -40.1744 2.4
      vertex 43.5715 -39.8639 7.4
      vertex 43.9256 -40.1744 7.4
    endloop
  endfacet
  facet normal 0.659301 0.751879 0
    outer loop
      vertex 43.5715 -39.8639 7.4
      vertex 43.9256 -40.1744 2.4
      vertex 43.5715 -39.8639 2.4
    endloop
  endfacet
  facet normal -0.751879 0.659301 0
    outer loop
      vertex 38.5239 -40.5285 2.4
      vertex 38.8344 -40.1744 7.4
      vertex 38.8344 -40.1744 2.4
    endloop
  endfacet
  facet normal -0.751879 0.659301 0
    outer loop
      vertex 38.8344 -40.1744 7.4
      vertex 38.5239 -40.5285 2.4
      vertex 38.5239 -40.5285 7.4
    endloop
  endfacet
  facet normal -0.442365 0.896835 0
    outer loop
      vertex 40.0023 -39.394 2.4
      vertex 39.58 -39.6023 7.4
      vertex 40.0023 -39.394 7.4
    endloop
  endfacet
  facet normal -0.442365 0.896835 0
    outer loop
      vertex 39.58 -39.6023 7.4
      vertex 40.0023 -39.394 2.4
      vertex 39.58 -39.6023 2.4
    endloop
  endfacet
  facet normal 0.896835 0.442365 0
    outer loop
      vertex 44.706 -41.3423 7.4
      vertex 44.4977 -40.92 2.4
      vertex 44.4977 -40.92 7.4
    endloop
  endfacet
  facet normal 0.896835 0.442365 0
    outer loop
      vertex 44.4977 -40.92 2.4
      vertex 44.706 -41.3423 7.4
      vertex 44.706 -41.3423 2.4
    endloop
  endfacet
  facet normal 0.831462 0.555582 0
    outer loop
      vertex 44.4977 -40.92 7.4
      vertex 44.2361 -40.5285 2.4
      vertex 44.2361 -40.5285 7.4
    endloop
  endfacet
  facet normal 0.831462 0.555582 0
    outer loop
      vertex 44.2361 -40.5285 2.4
      vertex 44.4977 -40.92 7.4
      vertex 44.4977 -40.92 2.4
    endloop
  endfacet
  facet normal 0.321256 0.946993 -0
    outer loop
      vertex 42.7577 -39.394 2.4
      vertex 42.3117 -39.2427 7.4
      vertex 42.7577 -39.394 7.4
    endloop
  endfacet
  facet normal 0.321256 0.946993 0
    outer loop
      vertex 42.3117 -39.2427 7.4
      vertex 42.7577 -39.394 2.4
      vertex 42.3117 -39.2427 2.4
    endloop
  endfacet
  facet normal 0.195177 0.980768 -0
    outer loop
      vertex 42.3117 -39.2427 2.4
      vertex 41.8499 -39.1508 7.4
      vertex 42.3117 -39.2427 7.4
    endloop
  endfacet
  facet normal 0.195177 0.980768 0
    outer loop
      vertex 41.8499 -39.1508 7.4
      vertex 42.3117 -39.2427 2.4
      vertex 41.8499 -39.1508 2.4
    endloop
  endfacet
  facet normal 0.442365 0.896835 -0
    outer loop
      vertex 43.18 -39.6023 2.4
      vertex 42.7577 -39.394 7.4
      vertex 43.18 -39.6023 7.4
    endloop
  endfacet
  facet normal 0.442365 0.896835 0
    outer loop
      vertex 42.7577 -39.394 7.4
      vertex 43.18 -39.6023 2.4
      vertex 42.7577 -39.394 2.4
    endloop
  endfacet
  facet normal -0.896835 0.442365 0
    outer loop
      vertex 38.054 -41.3423 2.4
      vertex 38.2623 -40.92 7.4
      vertex 38.2623 -40.92 2.4
    endloop
  endfacet
  facet normal -0.896835 0.442365 0
    outer loop
      vertex 38.2623 -40.92 7.4
      vertex 38.054 -41.3423 2.4
      vertex 38.054 -41.3423 7.4
    endloop
  endfacet
  facet normal -0.831462 0.555582 0
    outer loop
      vertex 38.2623 -40.92 2.4
      vertex 38.5239 -40.5285 7.4
      vertex 38.5239 -40.5285 2.4
    endloop
  endfacet
  facet normal -0.831462 0.555582 0
    outer loop
      vertex 38.5239 -40.5285 7.4
      vertex 38.2623 -40.92 2.4
      vertex 38.2623 -40.92 7.4
    endloop
  endfacet
  facet normal 0 0 1
    outer loop
      vertex 42.58 -42.72 7.4
      vertex 44.98 -42.72 7.4
      vertex 44.9492 -42.2501 7.4
    endloop
  endfacet
  facet normal 0 0 1
    outer loop
      vertex 42.5697 -42.5634 7.4
      vertex 44.9492 -42.2501 7.4
      vertex 44.8573 -41.7882 7.4
    endloop
  endfacet
  facet normal 0 0 1
    outer loop
      vertex 44.98 -42.72 7.4
      vertex 42.58 -42.72 7.4
      vertex 44.9492 -43.1899 7.4
    endloop
  endfacet
  facet normal 0 0 1
    outer loop
      vertex 42.5391 -42.4094 7.4
      vertex 44.8573 -41.7882 7.4
      vertex 44.706 -41.3423 7.4
    endloop
  endfacet
  facet normal -0 0 1
    outer loop
      vertex 42.5697 -42.8766 7.4
      vertex 44.9492 -43.1899 7.4
      vertex 42.58 -42.72 7.4
    endloop
  endfacet
  facet normal 0 0 1
    outer loop
      vertex 42.4887 -42.2608 7.4
      vertex 44.706 -41.3423 7.4
      vertex 44.4977 -40.92 7.4
    endloop
  endfacet
  facet normal 0 0 1
    outer loop
      vertex 44.9492 -43.1899 7.4
      vertex 42.5697 -42.8766 7.4
      vertex 44.8573 -43.6517 7.4
    endloop
  endfacet
  facet normal 0 0 1
    outer loop
      vertex 42.4192 -42.12 7.4
      vertex 44.4977 -40.92 7.4
      vertex 44.2361 -40.5285 7.4
    endloop
  endfacet
  facet normal -0 0 1
    outer loop
      vertex 42.5391 -43.0306 7.4
      vertex 44.8573 -43.6517 7.4
      vertex 42.5697 -42.8766 7.4
    endloop
  endfacet
  facet normal 0 0 1
    outer loop
      vertex 42.332 -41.9895 7.4
      vertex 44.2361 -40.5285 7.4
      vertex 43.9256 -40.1744 7.4
    endloop
  endfacet
  facet normal 0 0 1
    outer loop
      vertex 44.8573 -43.6517 7.4
      vertex 42.5391 -43.0306 7.4
      vertex 44.706 -44.0977 7.4
    endloop
  endfacet
  facet normal 0 0 1
    outer loop
      vertex 42.2285 -41.8715 7.4
      vertex 43.9256 -40.1744 7.4
      vertex 43.5715 -39.8639 7.4
    endloop
  endfacet
  facet normal -0 0 1
    outer loop
      vertex 42.4887 -43.1792 7.4
      vertex 44.706 -44.0977 7.4
      vertex 42.5391 -43.0306 7.4
    endloop
  endfacet
  facet normal 0 0 1
    outer loop
      vertex 42.1105 -41.768 7.4
      vertex 43.5715 -39.8639 7.4
      vertex 43.18 -39.6023 7.4
    endloop
  endfacet
  facet normal 0 0 1
    outer loop
      vertex 44.706 -44.0977 7.4
      vertex 42.4887 -43.1792 7.4
      vertex 44.4977 -44.52 7.4
    endloop
  endfacet
  facet normal 0 0 1
    outer loop
      vertex 41.98 -41.6808 7.4
      vertex 43.18 -39.6023 7.4
      vertex 42.7577 -39.394 7.4
    endloop
  endfacet
  facet normal -0 0 1
    outer loop
      vertex 42.4192 -43.32 7.4
      vertex 44.4977 -44.52 7.4
      vertex 42.4887 -43.1792 7.4
    endloop
  endfacet
  facet normal 0 0 1
    outer loop
      vertex 44.4977 -44.52 7.4
      vertex 42.4192 -43.32 7.4
      vertex 44.2361 -44.9115 7.4
    endloop
  endfacet
  facet normal 0 0 1
    outer loop
      vertex 44.9492 -42.2501 7.4
      vertex 42.5697 -42.5634 7.4
      vertex 42.58 -42.72 7.4
    endloop
  endfacet
  facet normal 0 0 1
    outer loop
      vertex 44.8573 -41.7882 7.4
      vertex 42.5391 -42.4094 7.4
      vertex 42.5697 -42.5634 7.4
    endloop
  endfacet
  facet normal 0 0 1
    outer loop
      vertex 44.706 -41.3423 7.4
      vertex 42.4887 -42.2608 7.4
      vertex 42.5391 -42.4094 7.4
    endloop
  endfacet
  facet normal 0 0 1
    outer loop
      vertex 44.4977 -40.92 7.4
      vertex 42.4192 -42.12 7.4
      vertex 42.4887 -42.2608 7.4
    endloop
  endfacet
  facet normal 0 0 1
    outer loop
      vertex 44.2361 -40.5285 7.4
      vertex 42.332 -41.9895 7.4
      vertex 42.4192 -42.12 7.4
    endloop
  endfacet
  facet normal 0 0 1
    outer loop
      vertex 41.8392 -41.6113 7.4
      vertex 42.7577 -39.394 7.4
      vertex 42.3117 -39.2427 7.4
    endloop
  endfacet
  facet normal 0 0 1
    outer loop
      vertex 43.9256 -40.1744 7.4
      vertex 42.2285 -41.8715 7.4
      vertex 42.332 -41.9895 7.4
    endloop
  endfacet
  facet normal 0 0 1
    outer loop
      vertex 43.5715 -39.8639 7.4
      vertex 42.1105 -41.768 7.4
      vertex 42.2285 -41.8715 7.4
    endloop
  endfacet
  facet normal 0 0 1
    outer loop
      vertex 43.18 -39.6023 7.4
      vertex 41.98 -41.6808 7.4
      vertex 42.1105 -41.768 7.4
    endloop
  endfacet
  facet normal 0 0 1
    outer loop
      vertex 41.6906 -41.5609 7.4
      vertex 42.3117 -39.2427 7.4
      vertex 41.8499 -39.1508 7.4
    endloop
  endfacet
  facet normal 0 0 1
    outer loop
      vertex 42.7577 -39.394 7.4
      vertex 41.8392 -41.6113 7.4
      vertex 41.98 -41.6808 7.4
    endloop
  endfacet
  facet normal 0 0 1
    outer loop
      vertex 42.3117 -39.2427 7.4
      vertex 41.6906 -41.5609 7.4
      vertex 41.8392 -41.6113 7.4
    endloop
  endfacet
  facet normal 0 0 1
    outer loop
      vertex 41.8499 -39.1508 7.4
      vertex 41.5366 -41.5303 7.4
      vertex 41.6906 -41.5609 7.4
    endloop
  endfacet
  facet normal 0 0 1
    outer loop
      vertex 41.38 -39.12 7.4
      vertex 41.5366 -41.5303 7.4
      vertex 41.8499 -39.1508 7.4
    endloop
  endfacet
  facet normal 0 0 1
    outer loop
      vertex 41.38 -39.12 7.4
      vertex 41.38 -41.52 7.4
      vertex 41.5366 -41.5303 7.4
    endloop
  endfacet
  facet normal 0 0 1
    outer loop
      vertex 41.38 -39.12 7.4
      vertex 41.2234 -41.5303 7.4
      vertex 41.38 -41.52 7.4
    endloop
  endfacet
  facet normal -0 0 1
    outer loop
      vertex 40.9101 -39.1508 7.4
      vertex 41.2234 -41.5303 7.4
      vertex 41.38 -39.12 7.4
    endloop
  endfacet
  facet normal 0 0 1
    outer loop
      vertex 41.2234 -41.5303 7.4
      vertex 40.9101 -39.1508 7.4
      vertex 41.0694 -41.5609 7.4
    endloop
  endfacet
  facet normal -0 0 1
    outer loop
      vertex 40.4482 -39.2427 7.4
      vertex 41.0694 -41.5609 7.4
      vertex 40.9101 -39.1508 7.4
    endloop
  endfacet
  facet normal 0 0 1
    outer loop
      vertex 41.0694 -41.5609 7.4
      vertex 40.4482 -39.2427 7.4
      vertex 40.9208 -41.6113 7.4
    endloop
  endfacet
  facet normal -0 0 1
    outer loop
      vertex 40.0023 -39.394 7.4
      vertex 40.9208 -41.6113 7.4
      vertex 40.4482 -39.2427 7.4
    endloop
  endfacet
  facet normal 0 0 1
    outer loop
      vertex 40.9208 -41.6113 7.4
      vertex 40.0023 -39.394 7.4
      vertex 40.78 -41.6808 7.4
    endloop
  endfacet
  facet normal -0 0 1
    outer loop
      vertex 39.58 -39.6023 7.4
      vertex 40.78 -41.6808 7.4
      vertex 40.0023 -39.394 7.4
    endloop
  endfacet
  facet normal 0 0 1
    outer loop
      vertex 40.78 -41.6808 7.4
      vertex 39.58 -39.6023 7.4
      vertex 40.6495 -41.768 7.4
    endloop
  endfacet
  facet normal -0 0 1
    outer loop
      vertex 39.1885 -39.8639 7.4
      vertex 40.6495 -41.768 7.4
      vertex 39.58 -39.6023 7.4
    endloop
  endfacet
  facet normal 0 0 1
    outer loop
      vertex 40.6495 -41.768 7.4
      vertex 39.1885 -39.8639 7.4
      vertex 40.5315 -41.8715 7.4
    endloop
  endfacet
  facet normal -0 0 1
    outer loop
      vertex 38.8344 -40.1744 7.4
      vertex 40.5315 -41.8715 7.4
      vertex 39.1885 -39.8639 7.4
    endloop
  endfacet
  facet normal 0 0 1
    outer loop
      vertex 40.5315 -41.8715 7.4
      vertex 38.8344 -40.1744 7.4
      vertex 40.428 -41.9895 7.4
    endloop
  endfacet
  facet normal 0 0 1
    outer loop
      vertex 40.428 -41.9895 7.4
      vertex 38.5239 -40.5285 7.4
      vertex 40.3408 -42.12 7.4
    endloop
  endfacet
  facet normal -0 0 1
    outer loop
      vertex 38.5239 -40.5285 7.4
      vertex 40.428 -41.9895 7.4
      vertex 38.8344 -40.1744 7.4
    endloop
  endfacet
  facet normal -0 0 1
    outer loop
      vertex 42.332 -43.4505 7.4
      vertex 44.2361 -44.9115 7.4
      vertex 42.4192 -43.32 7.4
    endloop
  endfacet
  facet normal 0 0 1
    outer loop
      vertex 44.2361 -44.9115 7.4
      vertex 42.332 -43.4505 7.4
      vertex 43.9256 -45.2656 7.4
    endloop
  endfacet
  facet normal -0 0 1
    outer loop
      vertex 42.2285 -43.5685 7.4
      vertex 43.9256 -45.2656 7.4
      vertex 42.332 -43.4505 7.4
    endloop
  endfacet
  facet normal 0 0 1
    outer loop
      vertex 43.9256 -45.2656 7.4
      vertex 42.2285 -43.5685 7.4
      vertex 43.5715 -45.5761 7.4
    endloop
  endfacet
  facet normal -0 0 1
    outer loop
      vertex 42.1105 -43.672 7.4
      vertex 43.5715 -45.5761 7.4
      vertex 42.2285 -43.5685 7.4
    endloop
  endfacet
  facet normal 0 0 1
    outer loop
      vertex 43.5715 -45.5761 7.4
      vertex 42.1105 -43.672 7.4
      vertex 43.18 -45.8377 7.4
    endloop
  endfacet
  facet normal -0 0 1
    outer loop
      vertex 41.98 -43.7592 7.4
      vertex 43.18 -45.8377 7.4
      vertex 42.1105 -43.672 7.4
    endloop
  endfacet
  facet normal 0 0 1
    outer loop
      vertex 43.18 -45.8377 7.4
      vertex 41.98 -43.7592 7.4
      vertex 42.7577 -46.046 7.4
    endloop
  endfacet
  facet normal -0 0 1
    outer loop
      vertex 41.8392 -43.8287 7.4
      vertex 42.7577 -46.046 7.4
      vertex 41.98 -43.7592 7.4
    endloop
  endfacet
  facet normal 0 0 1
    outer loop
      vertex 42.7577 -46.046 7.4
      vertex 41.8392 -43.8287 7.4
      vertex 42.3117 -46.1973 7.4
    endloop
  endfacet
  facet normal -0 0 1
    outer loop
      vertex 41.6906 -43.8791 7.4
      vertex 42.3117 -46.1973 7.4
      vertex 41.8392 -43.8287 7.4
    endloop
  endfacet
  facet normal 0 0 1
    outer loop
      vertex 42.3117 -46.1973 7.4
      vertex 41.6906 -43.8791 7.4
      vertex 41.8499 -46.2892 7.4
    endloop
  endfacet
  facet normal -0 0 1
    outer loop
      vertex 41.5366 -43.9097 7.4
      vertex 41.8499 -46.2892 7.4
      vertex 41.6906 -43.8791 7.4
    endloop
  endfacet
  facet normal -0 0 1
    outer loop
      vertex 41.38 -43.92 7.4
      vertex 41.8499 -46.2892 7.4
      vertex 41.5366 -43.9097 7.4
    endloop
  endfacet
  facet normal 0 0 1
    outer loop
      vertex 41.38 -43.92 7.4
      vertex 41.38 -46.32 7.4
      vertex 41.8499 -46.2892 7.4
    endloop
  endfacet
  facet normal 0 0 1
    outer loop
      vertex 41.2234 -43.9097 7.4
      vertex 41.38 -46.32 7.4
      vertex 41.38 -43.92 7.4
    endloop
  endfacet
  facet normal 0 0 1
    outer loop
      vertex 40.9101 -46.2892 7.4
      vertex 41.2234 -43.9097 7.4
      vertex 41.0694 -43.8791 7.4
    endloop
  endfacet
  facet normal 0 0 1
    outer loop
      vertex 40.4482 -46.1973 7.4
      vertex 41.0694 -43.8791 7.4
      vertex 40.9208 -43.8287 7.4
    endloop
  endfacet
  facet normal 0 0 1
    outer loop
      vertex 41.2234 -43.9097 7.4
      vertex 40.9101 -46.2892 7.4
      vertex 41.38 -46.32 7.4
    endloop
  endfacet
  facet normal 0 0 1
    outer loop
      vertex 40.0023 -46.046 7.4
      vertex 40.9208 -43.8287 7.4
      vertex 40.78 -43.7592 7.4
    endloop
  endfacet
  facet normal 0 0 1
    outer loop
      vertex 39.58 -45.8377 7.4
      vertex 40.78 -43.7592 7.4
      vertex 40.6495 -43.672 7.4
    endloop
  endfacet
  facet normal 0 0 1
    outer loop
      vertex 39.1885 -45.5761 7.4
      vertex 40.6495 -43.672 7.4
      vertex 40.5315 -43.5685 7.4
    endloop
  endfacet
  facet normal 0 0 1
    outer loop
      vertex 41.0694 -43.8791 7.4
      vertex 40.4482 -46.1973 7.4
      vertex 40.9101 -46.2892 7.4
    endloop
  endfacet
  facet normal 0 0 1
    outer loop
      vertex 38.8344 -45.2656 7.4
      vertex 40.5315 -43.5685 7.4
      vertex 40.428 -43.4505 7.4
    endloop
  endfacet
  facet normal 0 0 1
    outer loop
      vertex 38.5239 -44.9115 7.4
      vertex 40.428 -43.4505 7.4
      vertex 40.3408 -43.32 7.4
    endloop
  endfacet
  facet normal 0 0 1
    outer loop
      vertex 38.2623 -44.52 7.4
      vertex 40.3408 -43.32 7.4
      vertex 40.2713 -43.1792 7.4
    endloop
  endfacet
  facet normal 0 0 1
    outer loop
      vertex 38.054 -44.0977 7.4
      vertex 40.2713 -43.1792 7.4
      vertex 40.2209 -43.0306 7.4
    endloop
  endfacet
  facet normal 0 0 1
    outer loop
      vertex 37.9027 -43.6517 7.4
      vertex 40.2209 -43.0306 7.4
      vertex 40.1903 -42.8766 7.4
    endloop
  endfacet
  facet normal 0 0 1
    outer loop
      vertex 40.9208 -43.8287 7.4
      vertex 40.0023 -46.046 7.4
      vertex 40.4482 -46.1973 7.4
    endloop
  endfacet
  facet normal 0 0 1
    outer loop
      vertex 37.8108 -43.1899 7.4
      vertex 40.1903 -42.8766 7.4
      vertex 40.18 -42.72 7.4
    endloop
  endfacet
  facet normal -0 0 1
    outer loop
      vertex 38.2623 -40.92 7.4
      vertex 40.3408 -42.12 7.4
      vertex 38.5239 -40.5285 7.4
    endloop
  endfacet
  facet normal 0 0 1
    outer loop
      vertex 40.3408 -42.12 7.4
      vertex 38.2623 -40.92 7.4
      vertex 40.2713 -42.2608 7.4
    endloop
  endfacet
  facet normal 0 0 1
    outer loop
      vertex 40.78 -43.7592 7.4
      vertex 39.58 -45.8377 7.4
      vertex 40.0023 -46.046 7.4
    endloop
  endfacet
  facet normal -0 0 1
    outer loop
      vertex 38.054 -41.3423 7.4
      vertex 40.2713 -42.2608 7.4
      vertex 38.2623 -40.92 7.4
    endloop
  endfacet
  facet normal 0 0 1
    outer loop
      vertex 40.6495 -43.672 7.4
      vertex 39.1885 -45.5761 7.4
      vertex 39.58 -45.8377 7.4
    endloop
  endfacet
  facet normal 0 0 1
    outer loop
      vertex 40.2713 -42.2608 7.4
      vertex 38.054 -41.3423 7.4
      vertex 40.2209 -42.4094 7.4
    endloop
  endfacet
  facet normal 0 0 1
    outer loop
      vertex 40.5315 -43.5685 7.4
      vertex 38.8344 -45.2656 7.4
      vertex 39.1885 -45.5761 7.4
    endloop
  endfacet
  facet normal -0 0 1
    outer loop
      vertex 37.9027 -41.7882 7.4
      vertex 40.2209 -42.4094 7.4
      vertex 38.054 -41.3423 7.4
    endloop
  endfacet
  facet normal 0 0 1
    outer loop
      vertex 40.428 -43.4505 7.4
      vertex 38.5239 -44.9115 7.4
      vertex 38.8344 -45.2656 7.4
    endloop
  endfacet
  facet normal 0 0 1
    outer loop
      vertex 40.2209 -42.4094 7.4
      vertex 37.9027 -41.7882 7.4
      vertex 40.1903 -42.5634 7.4
    endloop
  endfacet
  facet normal 0 0 1
    outer loop
      vertex 40.3408 -43.32 7.4
      vertex 38.2623 -44.52 7.4
      vertex 38.5239 -44.9115 7.4
    endloop
  endfacet
  facet normal -0 0 1
    outer loop
      vertex 37.8108 -42.2501 7.4
      vertex 40.1903 -42.5634 7.4
      vertex 37.9027 -41.7882 7.4
    endloop
  endfacet
  facet normal 0 0 1
    outer loop
      vertex 40.2713 -43.1792 7.4
      vertex 38.054 -44.0977 7.4
      vertex 38.2623 -44.52 7.4
    endloop
  endfacet
  facet normal 0 0 1
    outer loop
      vertex 40.1903 -42.5634 7.4
      vertex 37.8108 -42.2501 7.4
      vertex 40.18 -42.72 7.4
    endloop
  endfacet
  facet normal 0 0 1
    outer loop
      vertex 40.2209 -43.0306 7.4
      vertex 37.9027 -43.6517 7.4
      vertex 38.054 -44.0977 7.4
    endloop
  endfacet
  facet normal 0 0 1
    outer loop
      vertex 37.78 -42.72 7.4
      vertex 40.18 -42.72 7.4
      vertex 37.8108 -42.2501 7.4
    endloop
  endfacet
  facet normal 0 0 1
    outer loop
      vertex 40.1903 -42.8766 7.4
      vertex 37.8108 -43.1899 7.4
      vertex 37.9027 -43.6517 7.4
    endloop
  endfacet
  facet normal 0 0 1
    outer loop
      vertex 40.18 -42.72 7.4
      vertex 37.78 -42.72 7.4
      vertex 37.8108 -43.1899 7.4
    endloop
  endfacet
  facet normal -0.555582 0.831462 0
    outer loop
      vertex 39.58 -39.6023 2.4
      vertex 39.1885 -39.8639 7.4
      vertex 39.58 -39.6023 7.4
    endloop
  endfacet
  facet normal -0.555582 0.831462 0
    outer loop
      vertex 39.1885 -39.8639 7.4
      vertex 39.58 -39.6023 2.4
      vertex 39.1885 -39.8639 2.4
    endloop
  endfacet
  facet normal -0.32132 0.946971 0
    outer loop
      vertex 40.4482 -39.2427 2.4
      vertex 40.0023 -39.394 7.4
      vertex 40.4482 -39.2427 7.4
    endloop
  endfacet
  facet normal -0.32132 0.946971 0
    outer loop
      vertex 40.0023 -39.394 7.4
      vertex 40.4482 -39.2427 2.4
      vertex 40.0023 -39.394 2.4
    endloop
  endfacet
  facet normal 0 0 -1
    outer loop
      vertex 42.58 -42.72 2.4
      vertex 44.98 -42.72 2.4
      vertex 44.9492 -43.1899 2.4
    endloop
  endfacet
  facet normal 0 0 -1
    outer loop
      vertex 42.5697 -42.8766 2.4
      vertex 44.9492 -43.1899 2.4
      vertex 44.8573 -43.6517 2.4
    endloop
  endfacet
  facet normal 0 0 -1
    outer loop
      vertex 44.98 -42.72 2.4
      vertex 42.58 -42.72 2.4
      vertex 44.9492 -42.2501 2.4
    endloop
  endfacet
  facet normal 0 0 -1
    outer loop
      vertex 42.5391 -43.0306 2.4
      vertex 44.8573 -43.6517 2.4
      vertex 44.706 -44.0977 2.4
    endloop
  endfacet
  facet normal 0 0 -1
    outer loop
      vertex 42.5697 -42.5634 2.4
      vertex 44.9492 -42.2501 2.4
      vertex 42.58 -42.72 2.4
    endloop
  endfacet
  facet normal 0 0 -1
    outer loop
      vertex 42.4887 -43.1792 2.4
      vertex 44.706 -44.0977 2.4
      vertex 44.4977 -44.52 2.4
    endloop
  endfacet
  facet normal -0 0 -1
    outer loop
      vertex 44.9492 -42.2501 2.4
      vertex 42.5697 -42.5634 2.4
      vertex 44.8573 -41.7882 2.4
    endloop
  endfacet
  facet normal 0 0 -1
    outer loop
      vertex 42.4192 -43.32 2.4
      vertex 44.4977 -44.52 2.4
      vertex 44.2361 -44.9115 2.4
    endloop
  endfacet
  facet normal 0 0 -1
    outer loop
      vertex 42.5391 -42.4094 2.4
      vertex 44.8573 -41.7882 2.4
      vertex 42.5697 -42.5634 2.4
    endloop
  endfacet
  facet normal 0 0 -1
    outer loop
      vertex 42.332 -43.4505 2.4
      vertex 44.2361 -44.9115 2.4
      vertex 43.9256 -45.2656 2.4
    endloop
  endfacet
  facet normal -0 0 -1
    outer loop
      vertex 44.8573 -41.7882 2.4
      vertex 42.5391 -42.4094 2.4
      vertex 44.706 -41.3423 2.4
    endloop
  endfacet
  facet normal 0 0 -1
    outer loop
      vertex 42.2285 -43.5685 2.4
      vertex 43.9256 -45.2656 2.4
      vertex 43.5715 -45.5761 2.4
    endloop
  endfacet
  facet normal 0 0 -1
    outer loop
      vertex 42.4887 -42.2608 2.4
      vertex 44.706 -41.3423 2.4
      vertex 42.5391 -42.4094 2.4
    endloop
  endfacet
  facet normal 0 0 -1
    outer loop
      vertex 42.1105 -43.672 2.4
      vertex 43.5715 -45.5761 2.4
      vertex 43.18 -45.8377 2.4
    endloop
  endfacet
  facet normal -0 0 -1
    outer loop
      vertex 44.706 -41.3423 2.4
      vertex 42.4887 -42.2608 2.4
      vertex 44.4977 -40.92 2.4
    endloop
  endfacet
  facet normal 0 0 -1
    outer loop
      vertex 41.98 -43.7592 2.4
      vertex 43.18 -45.8377 2.4
      vertex 42.7577 -46.046 2.4
    endloop
  endfacet
  facet normal 0 0 -1
    outer loop
      vertex 42.4192 -42.12 2.4
      vertex 44.4977 -40.92 2.4
      vertex 42.4887 -42.2608 2.4
    endloop
  endfacet
  facet normal -0 0 -1
    outer loop
      vertex 44.4977 -40.92 2.4
      vertex 42.4192 -42.12 2.4
      vertex 44.2361 -40.5285 2.4
    endloop
  endfacet
  facet normal 0 0 -1
    outer loop
      vertex 44.9492 -43.1899 2.4
      vertex 42.5697 -42.8766 2.4
      vertex 42.58 -42.72 2.4
    endloop
  endfacet
  facet normal 0 0 -1
    outer loop
      vertex 44.8573 -43.6517 2.4
      vertex 42.5391 -43.0306 2.4
      vertex 42.5697 -42.8766 2.4
    endloop
  endfacet
  facet normal 0 0 -1
    outer loop
      vertex 44.706 -44.0977 2.4
      vertex 42.4887 -43.1792 2.4
      vertex 42.5391 -43.0306 2.4
    endloop
  endfacet
  facet normal 0 0 -1
    outer loop
      vertex 44.4977 -44.52 2.4
      vertex 42.4192 -43.32 2.4
      vertex 42.4887 -43.1792 2.4
    endloop
  endfacet
  facet normal 0 0 -1
    outer loop
      vertex 44.2361 -44.9115 2.4
      vertex 42.332 -43.4505 2.4
      vertex 42.4192 -43.32 2.4
    endloop
  endfacet
  facet normal 0 0 -1
    outer loop
      vertex 41.8392 -43.8287 2.4
      vertex 42.7577 -46.046 2.4
      vertex 42.3117 -46.1973 2.4
    endloop
  endfacet
  facet normal 0 0 -1
    outer loop
      vertex 43.9256 -45.2656 2.4
      vertex 42.2285 -43.5685 2.4
      vertex 42.332 -43.4505 2.4
    endloop
  endfacet
  facet normal 0 0 -1
    outer loop
      vertex 43.5715 -45.5761 2.4
      vertex 42.1105 -43.672 2.4
      vertex 42.2285 -43.5685 2.4
    endloop
  endfacet
  facet normal 0 0 -1
    outer loop
      vertex 43.18 -45.8377 2.4
      vertex 41.98 -43.7592 2.4
      vertex 42.1105 -43.672 2.4
    endloop
  endfacet
  facet normal 0 0 -1
    outer loop
      vertex 41.6906 -43.8791 2.4
      vertex 42.3117 -46.1973 2.4
      vertex 41.8499 -46.2892 2.4
    endloop
  endfacet
  facet normal 0 0 -1
    outer loop
      vertex 42.7577 -46.046 2.4
      vertex 41.8392 -43.8287 2.4
      vertex 41.98 -43.7592 2.4
    endloop
  endfacet
  facet normal 0 0 -1
    outer loop
      vertex 42.3117 -46.1973 2.4
      vertex 41.6906 -43.8791 2.4
      vertex 41.8392 -43.8287 2.4
    endloop
  endfacet
  facet normal 0 0 -1
    outer loop
      vertex 41.8499 -46.2892 2.4
      vertex 41.5366 -43.9097 2.4
      vertex 41.6906 -43.8791 2.4
    endloop
  endfacet
  facet normal 0 0 -1
    outer loop
      vertex 41.38 -46.32 2.4
      vertex 41.5366 -43.9097 2.4
      vertex 41.8499 -46.2892 2.4
    endloop
  endfacet
  facet normal 0 0 -1
    outer loop
      vertex 41.38 -46.32 2.4
      vertex 41.38 -43.92 2.4
      vertex 41.5366 -43.9097 2.4
    endloop
  endfacet
  facet normal 0 0 -1
    outer loop
      vertex 41.38 -46.32 2.4
      vertex 41.2234 -43.9097 2.4
      vertex 41.38 -43.92 2.4
    endloop
  endfacet
  facet normal 0 0 -1
    outer loop
      vertex 40.9101 -46.2892 2.4
      vertex 41.2234 -43.9097 2.4
      vertex 41.38 -46.32 2.4
    endloop
  endfacet
  facet normal -0 0 -1
    outer loop
      vertex 41.2234 -43.9097 2.4
      vertex 40.9101 -46.2892 2.4
      vertex 41.0694 -43.8791 2.4
    endloop
  endfacet
  facet normal 0 0 -1
    outer loop
      vertex 40.4482 -46.1973 2.4
      vertex 41.0694 -43.8791 2.4
      vertex 40.9101 -46.2892 2.4
    endloop
  endfacet
  facet normal -0 0 -1
    outer loop
      vertex 41.0694 -43.8791 2.4
      vertex 40.4482 -46.1973 2.4
      vertex 40.9208 -43.8287 2.4
    endloop
  endfacet
  facet normal 0 0 -1
    outer loop
      vertex 40.0023 -46.046 2.4
      vertex 40.9208 -43.8287 2.4
      vertex 40.4482 -46.1973 2.4
    endloop
  endfacet
  facet normal -0 0 -1
    outer loop
      vertex 40.9208 -43.8287 2.4
      vertex 40.0023 -46.046 2.4
      vertex 40.78 -43.7592 2.4
    endloop
  endfacet
  facet normal 0 0 -1
    outer loop
      vertex 39.58 -45.8377 2.4
      vertex 40.78 -43.7592 2.4
      vertex 40.0023 -46.046 2.4
    endloop
  endfacet
  facet normal -0 0 -1
    outer loop
      vertex 40.78 -43.7592 2.4
      vertex 39.58 -45.8377 2.4
      vertex 40.6495 -43.672 2.4
    endloop
  endfacet
  facet normal 0 0 -1
    outer loop
      vertex 39.1885 -45.5761 2.4
      vertex 40.6495 -43.672 2.4
      vertex 39.58 -45.8377 2.4
    endloop
  endfacet
  facet normal -0 0 -1
    outer loop
      vertex 40.6495 -43.672 2.4
      vertex 39.1885 -45.5761 2.4
      vertex 40.5315 -43.5685 2.4
    endloop
  endfacet
  facet normal 0 0 -1
    outer loop
      vertex 38.8344 -45.2656 2.4
      vertex 40.5315 -43.5685 2.4
      vertex 39.1885 -45.5761 2.4
    endloop
  endfacet
  facet normal -0 0 -1
    outer loop
      vertex 40.5315 -43.5685 2.4
      vertex 38.8344 -45.2656 2.4
      vertex 40.428 -43.4505 2.4
    endloop
  endfacet
  facet normal -0 0 -1
    outer loop
      vertex 40.428 -43.4505 2.4
      vertex 38.5239 -44.9115 2.4
      vertex 40.3408 -43.32 2.4
    endloop
  endfacet
  facet normal 0 0 -1
    outer loop
      vertex 38.5239 -44.9115 2.4
      vertex 40.428 -43.4505 2.4
      vertex 38.8344 -45.2656 2.4
    endloop
  endfacet
  facet normal 0 0 -1
    outer loop
      vertex 42.332 -41.9895 2.4
      vertex 44.2361 -40.5285 2.4
      vertex 42.4192 -42.12 2.4
    endloop
  endfacet
  facet normal -0 0 -1
    outer loop
      vertex 44.2361 -40.5285 2.4
      vertex 42.332 -41.9895 2.4
      vertex 43.9256 -40.1744 2.4
    endloop
  endfacet
  facet normal 0 0 -1
    outer loop
      vertex 42.2285 -41.8715 2.4
      vertex 43.9256 -40.1744 2.4
      vertex 42.332 -41.9895 2.4
    endloop
  endfacet
  facet normal -0 0 -1
    outer loop
      vertex 43.9256 -40.1744 2.4
      vertex 42.2285 -41.8715 2.4
      vertex 43.5715 -39.8639 2.4
    endloop
  endfacet
  facet normal 0 0 -1
    outer loop
      vertex 42.1105 -41.768 2.4
      vertex 43.5715 -39.8639 2.4
      vertex 42.2285 -41.8715 2.4
    endloop
  endfacet
  facet normal -0 0 -1
    outer loop
      vertex 43.5715 -39.8639 2.4
      vertex 42.1105 -41.768 2.4
      vertex 43.18 -39.6023 2.4
    endloop
  endfacet
  facet normal 0 0 -1
    outer loop
      vertex 41.98 -41.6808 2.4
      vertex 43.18 -39.6023 2.4
      vertex 42.1105 -41.768 2.4
    endloop
  endfacet
  facet normal -0 0 -1
    outer loop
      vertex 43.18 -39.6023 2.4
      vertex 41.98 -41.6808 2.4
      vertex 42.7577 -39.394 2.4
    endloop
  endfacet
  facet normal 0 0 -1
    outer loop
      vertex 41.8392 -41.6113 2.4
      vertex 42.7577 -39.394 2.4
      vertex 41.98 -41.6808 2.4
    endloop
  endfacet
  facet normal -0 0 -1
    outer loop
      vertex 42.7577 -39.394 2.4
      vertex 41.8392 -41.6113 2.4
      vertex 42.3117 -39.2427 2.4
    endloop
  endfacet
  facet normal 0 0 -1
    outer loop
      vertex 41.6906 -41.5609 2.4
      vertex 42.3117 -39.2427 2.4
      vertex 41.8392 -41.6113 2.4
    endloop
  endfacet
  facet normal -0 0 -1
    outer loop
      vertex 42.3117 -39.2427 2.4
      vertex 41.6906 -41.5609 2.4
      vertex 41.8499 -39.1508 2.4
    endloop
  endfacet
  facet normal 0 0 -1
    outer loop
      vertex 41.5366 -41.5303 2.4
      vertex 41.8499 -39.1508 2.4
      vertex 41.6906 -41.5609 2.4
    endloop
  endfacet
  facet normal 0 0 -1
    outer loop
      vertex 41.38 -41.52 2.4
      vertex 41.8499 -39.1508 2.4
      vertex 41.5366 -41.5303 2.4
    endloop
  endfacet
  facet normal 0 0 -1
    outer loop
      vertex 41.38 -41.52 2.4
      vertex 41.38 -39.12 2.4
      vertex 41.8499 -39.1508 2.4
    endloop
  endfacet
  facet normal 0 0 -1
    outer loop
      vertex 41.2234 -41.5303 2.4
      vertex 41.38 -39.12 2.4
      vertex 41.38 -41.52 2.4
    endloop
  endfacet
  facet normal 0 0 -1
    outer loop
      vertex 40.9101 -39.1508 2.4
      vertex 41.2234 -41.5303 2.4
      vertex 41.0694 -41.5609 2.4
    endloop
  endfacet
  facet normal 0 0 -1
    outer loop
      vertex 40.4482 -39.2427 2.4
      vertex 41.0694 -41.5609 2.4
      vertex 40.9208 -41.6113 2.4
    endloop
  endfacet
  facet normal 0 0 -1
    outer loop
      vertex 41.2234 -41.5303 2.4
      vertex 40.9101 -39.1508 2.4
      vertex 41.38 -39.12 2.4
    endloop
  endfacet
  facet normal 0 0 -1
    outer loop
      vertex 40.0023 -39.394 2.4
      vertex 40.9208 -41.6113 2.4
      vertex 40.78 -41.6808 2.4
    endloop
  endfacet
  facet normal 0 0 -1
    outer loop
      vertex 39.58 -39.6023 2.4
      vertex 40.78 -41.6808 2.4
      vertex 40.6495 -41.768 2.4
    endloop
  endfacet
  facet normal 0 0 -1
    outer loop
      vertex 39.1885 -39.8639 2.4
      vertex 40.6495 -41.768 2.4
      vertex 40.5315 -41.8715 2.4
    endloop
  endfacet
  facet normal 0 0 -1
    outer loop
      vertex 41.0694 -41.5609 2.4
      vertex 40.4482 -39.2427 2.4
      vertex 40.9101 -39.1508 2.4
    endloop
  endfacet
  facet normal 0 0 -1
    outer loop
      vertex 38.8344 -40.1744 2.4
      vertex 40.5315 -41.8715 2.4
      vertex 40.428 -41.9895 2.4
    endloop
  endfacet
  facet normal 0 0 -1
    outer loop
      vertex 38.5239 -40.5285 2.4
      vertex 40.428 -41.9895 2.4
      vertex 40.3408 -42.12 2.4
    endloop
  endfacet
  facet normal 0 0 -1
    outer loop
      vertex 38.2623 -40.92 2.4
      vertex 40.3408 -42.12 2.4
      vertex 40.2713 -42.2608 2.4
    endloop
  endfacet
  facet normal 0 0 -1
    outer loop
      vertex 38.054 -41.3423 2.4
      vertex 40.2713 -42.2608 2.4
      vertex 40.2209 -42.4094 2.4
    endloop
  endfacet
  facet normal 0 0 -1
    outer loop
      vertex 37.9027 -41.7882 2.4
      vertex 40.2209 -42.4094 2.4
      vertex 40.1903 -42.5634 2.4
    endloop
  endfacet
  facet normal 0 0 -1
    outer loop
      vertex 40.9208 -41.6113 2.4
      vertex 40.0023 -39.394 2.4
      vertex 40.4482 -39.2427 2.4
    endloop
  endfacet
  facet normal 0 0 -1
    outer loop
      vertex 37.8108 -42.2501 2.4
      vertex 40.1903 -42.5634 2.4
      vertex 40.18 -42.72 2.4
    endloop
  endfacet
  facet normal 0 0 -1
    outer loop
      vertex 38.2623 -44.52 2.4
      vertex 40.3408 -43.32 2.4
      vertex 38.5239 -44.9115 2.4
    endloop
  endfacet
  facet normal -0 0 -1
    outer loop
      vertex 40.3408 -43.32 2.4
      vertex 38.2623 -44.52 2.4
      vertex 40.2713 -43.1792 2.4
    endloop
  endfacet
  facet normal 0 0 -1
    outer loop
      vertex 40.78 -41.6808 2.4
      vertex 39.58 -39.6023 2.4
      vertex 40.0023 -39.394 2.4
    endloop
  endfacet
  facet normal 0 0 -1
    outer loop
      vertex 38.054 -44.0977 2.4
      vertex 40.2713 -43.1792 2.4
      vertex 38.2623 -44.52 2.4
    endloop
  endfacet
  facet normal 0 0 -1
    outer loop
      vertex 40.6495 -41.768 2.4
      vertex 39.1885 -39.8639 2.4
      vertex 39.58 -39.6023 2.4
    endloop
  endfacet
  facet normal -0 0 -1
    outer loop
      vertex 40.2713 -43.1792 2.4
      vertex 38.054 -44.0977 2.4
      vertex 40.2209 -43.0306 2.4
    endloop
  endfacet
  facet normal 0 0 -1
    outer loop
      vertex 40.5315 -41.8715 2.4
      vertex 38.8344 -40.1744 2.4
      vertex 39.1885 -39.8639 2.4
    endloop
  endfacet
  facet normal 0 0 -1
    outer loop
      vertex 37.9027 -43.6517 2.4
      vertex 40.2209 -43.0306 2.4
      vertex 38.054 -44.0977 2.4
    endloop
  endfacet
  facet normal 0 0 -1
    outer loop
      vertex 40.428 -41.9895 2.4
      vertex 38.5239 -40.5285 2.4
      vertex 38.8344 -40.1744 2.4
    endloop
  endfacet
  facet normal -0 0 -1
    outer loop
      vertex 40.2209 -43.0306 2.4
      vertex 37.9027 -43.6517 2.4
      vertex 40.1903 -42.8766 2.4
    endloop
  endfacet
  facet normal 0 0 -1
    outer loop
      vertex 40.3408 -42.12 2.4
      vertex 38.2623 -40.92 2.4
      vertex 38.5239 -40.5285 2.4
    endloop
  endfacet
  facet normal 0 0 -1
    outer loop
      vertex 37.8108 -43.1899 2.4
      vertex 40.1903 -42.8766 2.4
      vertex 37.9027 -43.6517 2.4
    endloop
  endfacet
  facet normal 0 0 -1
    outer loop
      vertex 40.2713 -42.2608 2.4
      vertex 38.054 -41.3423 2.4
      vertex 38.2623 -40.92 2.4
    endloop
  endfacet
  facet normal -0 0 -1
    outer loop
      vertex 40.1903 -42.8766 2.4
      vertex 37.8108 -43.1899 2.4
      vertex 40.18 -42.72 2.4
    endloop
  endfacet
  facet normal 0 0 -1
    outer loop
      vertex 40.2209 -42.4094 2.4
      vertex 37.9027 -41.7882 2.4
      vertex 38.054 -41.3423 2.4
    endloop
  endfacet
  facet normal 0 0 -1
    outer loop
      vertex 37.78 -42.72 2.4
      vertex 40.18 -42.72 2.4
      vertex 37.8108 -43.1899 2.4
    endloop
  endfacet
  facet normal 0 0 -1
    outer loop
      vertex 40.1903 -42.5634 2.4
      vertex 37.8108 -42.2501 2.4
      vertex 37.9027 -41.7882 2.4
    endloop
  endfacet
  facet normal 0 0 -1
    outer loop
      vertex 40.18 -42.72 2.4
      vertex 37.78 -42.72 2.4
      vertex 37.8108 -42.2501 2.4
    endloop
  endfacet
  facet normal 0.195177 -0.980768 0
    outer loop
      vertex 41.8499 -46.2892 2.4
      vertex 42.3117 -46.1973 7.4
      vertex 41.8499 -46.2892 7.4
    endloop
  endfacet
  facet normal 0.195177 -0.980768 0
    outer loop
      vertex 42.3117 -46.1973 7.4
      vertex 41.8499 -46.2892 2.4
      vertex 42.3117 -46.1973 2.4
    endloop
  endfacet
  facet normal 0.946971 0.32132 0
    outer loop
      vertex 44.8573 -41.7882 7.4
      vertex 44.706 -41.3423 2.4
      vertex 44.706 -41.3423 7.4
    endloop
  endfacet
  facet normal 0.946971 0.32132 0
    outer loop
      vertex 44.706 -41.3423 2.4
      vertex 44.8573 -41.7882 7.4
      vertex 44.8573 -41.7882 2.4
    endloop
  endfacet
  facet normal 0.980776 0.195136 0
    outer loop
      vertex 44.9492 -42.2501 7.4
      vertex 44.8573 -41.7882 2.4
      vertex 44.8573 -41.7882 7.4
    endloop
  endfacet
  facet normal 0.980776 0.195136 0
    outer loop
      vertex 44.8573 -41.7882 2.4
      vertex 44.9492 -42.2501 7.4
      vertex 44.9492 -42.2501 2.4
    endloop
  endfacet
  facet normal 0.751879 0.659301 0
    outer loop
      vertex 44.2361 -40.5285 7.4
      vertex 43.9256 -40.1744 2.4
      vertex 43.9256 -40.1744 7.4
    endloop
  endfacet
  facet normal 0.751879 0.659301 0
    outer loop
      vertex 43.9256 -40.1744 2.4
      vertex 44.2361 -40.5285 7.4
      vertex 44.2361 -40.5285 2.4
    endloop
  endfacet
  facet normal 0.0654055 0.997859 -0
    outer loop
      vertex 41.8499 -39.1508 2.4
      vertex 41.38 -39.12 7.4
      vertex 41.8499 -39.1508 7.4
    endloop
  endfacet
  facet normal 0.0654055 0.997859 0
    outer loop
      vertex 41.38 -39.12 7.4
      vertex 41.8499 -39.1508 2.4
      vertex 41.38 -39.12 2.4
    endloop
  endfacet
  facet normal 0.555582 0.831462 -0
    outer loop
      vertex 43.5715 -39.8639 2.4
      vertex 43.18 -39.6023 7.4
      vertex 43.5715 -39.8639 7.4
    endloop
  endfacet
  facet normal 0.555582 0.831462 0
    outer loop
      vertex 43.18 -39.6023 7.4
      vertex 43.5715 -39.8639 2.4
      vertex 43.18 -39.6023 2.4
    endloop
  endfacet
  facet normal -0.980776 0.195136 0
    outer loop
      vertex 37.8108 -42.2501 2.4
      vertex 37.9027 -41.7882 7.4
      vertex 37.9027 -41.7882 2.4
    endloop
  endfacet
  facet normal -0.980776 0.195136 0
    outer loop
      vertex 37.9027 -41.7882 7.4
      vertex 37.8108 -42.2501 2.4
      vertex 37.8108 -42.2501 7.4
    endloop
  endfacet
  facet normal -0.195136 0.980776 0
    outer loop
      vertex 40.9101 -39.1508 2.4
      vertex 40.4482 -39.2427 7.4
      vertex 40.9101 -39.1508 7.4
    endloop
  endfacet
  facet normal -0.195136 0.980776 0
    outer loop
      vertex 40.4482 -39.2427 7.4
      vertex 40.9101 -39.1508 2.4
      vertex 40.4482 -39.2427 2.4
    endloop
  endfacet
  facet normal 0.946993 -0.321256 0
    outer loop
      vertex 44.706 -44.0977 7.4
      vertex 44.8573 -43.6517 2.4
      vertex 44.8573 -43.6517 7.4
    endloop
  endfacet
  facet normal 0.946993 -0.321256 0
    outer loop
      vertex 44.8573 -43.6517 2.4
      vertex 44.706 -44.0977 7.4
      vertex 44.706 -44.0977 2.4
    endloop
  endfacet
  facet normal 0.980768 -0.195177 0
    outer loop
      vertex 44.8573 -43.6517 7.4
      vertex 44.9492 -43.1899 2.4
      vertex 44.9492 -43.1899 7.4
    endloop
  endfacet
  facet normal 0.980768 -0.195177 0
    outer loop
      vertex 44.9492 -43.1899 2.4
      vertex 44.8573 -43.6517 7.4
      vertex 44.8573 -43.6517 2.4
    endloop
  endfacet
  facet normal -0.997859 -0.0654055 0
    outer loop
      vertex 37.8108 -43.1899 2.4
      vertex 37.78 -42.72 7.4
      vertex 37.78 -42.72 2.4
    endloop
  endfacet
  facet normal -0.997859 -0.0654055 0
    outer loop
      vertex 37.78 -42.72 7.4
      vertex 37.8108 -43.1899 2.4
      vertex 37.8108 -43.1899 7.4
    endloop
  endfacet
  facet normal 0.555582 -0.831462 0
    outer loop
      vertex 43.18 -45.8377 2.4
      vertex 43.5715 -45.5761 7.4
      vertex 43.18 -45.8377 7.4
    endloop
  endfacet
  facet normal 0.555582 -0.831462 0
    outer loop
      vertex 43.5715 -45.5761 7.4
      vertex 43.18 -45.8377 2.4
      vertex 43.5715 -45.5761 2.4
    endloop
  endfacet
  facet normal 0.442365 -0.896835 0
    outer loop
      vertex 42.7577 -46.046 2.4
      vertex 43.18 -45.8377 7.4
      vertex 42.7577 -46.046 7.4
    endloop
  endfacet
  facet normal 0.442365 -0.896835 0
    outer loop
      vertex 43.18 -45.8377 7.4
      vertex 42.7577 -46.046 2.4
      vertex 43.18 -45.8377 2.4
    endloop
  endfacet
  facet normal -0.946971 0.32132 0
    outer loop
      vertex 37.9027 -41.7882 2.4
      vertex 38.054 -41.3423 7.4
      vertex 38.054 -41.3423 2.4
    endloop
  endfacet
  facet normal -0.946971 0.32132 0
    outer loop
      vertex 38.054 -41.3423 7.4
      vertex 37.9027 -41.7882 2.4
      vertex 37.9027 -41.7882 7.4
    endloop
  endfacet
  facet normal -0.659301 0.751879 0
    outer loop
      vertex 39.1885 -39.8639 2.4
      vertex 38.8344 -40.1744 7.4
      vertex 39.1885 -39.8639 7.4
    endloop
  endfacet
  facet normal -0.659301 0.751879 0
    outer loop
      vertex 38.8344 -40.1744 7.4
      vertex 39.1885 -39.8639 2.4
      vertex 38.8344 -40.1744 2.4
    endloop
  endfacet
  facet normal 0.997859 -0.0654055 0
    outer loop
      vertex 44.9492 -43.1899 7.4
      vertex 44.98 -42.72 2.4
      vertex 44.98 -42.72 7.4
    endloop
  endfacet
  facet normal 0.997859 -0.0654055 0
    outer loop
      vertex 44.98 -42.72 2.4
      vertex 44.9492 -43.1899 7.4
      vertex 44.9492 -43.1899 2.4
    endloop
  endfacet
  facet normal -0.32132 -0.946971 0
    outer loop
      vertex 40.0023 -46.046 2.4
      vertex 40.4482 -46.1973 7.4
      vertex 40.0023 -46.046 7.4
    endloop
  endfacet
  facet normal -0.32132 -0.946971 -0
    outer loop
      vertex 40.4482 -46.1973 7.4
      vertex 40.0023 -46.046 2.4
      vertex 40.4482 -46.1973 2.4
    endloop
  endfacet
  facet normal -0.751879 -0.659301 0
    outer loop
      vertex 38.8344 -45.2656 2.4
      vertex 38.5239 -44.9115 7.4
      vertex 38.5239 -44.9115 2.4
    endloop
  endfacet
  facet normal -0.751879 -0.659301 0
    outer loop
      vertex 38.5239 -44.9115 7.4
      vertex 38.8344 -45.2656 2.4
      vertex 38.8344 -45.2656 7.4
    endloop
  endfacet
  facet normal -0.980768 -0.195177 0
    outer loop
      vertex 37.9027 -43.6517 2.4
      vertex 37.8108 -43.1899 7.4
      vertex 37.8108 -43.1899 2.4
    endloop
  endfacet
  facet normal -0.980768 -0.195177 0
    outer loop
      vertex 37.8108 -43.1899 7.4
      vertex 37.9027 -43.6517 2.4
      vertex 37.9027 -43.6517 7.4
    endloop
  endfacet
  facet normal -0.946993 -0.321256 0
    outer loop
      vertex 38.054 -44.0977 2.4
      vertex 37.9027 -43.6517 7.4
      vertex 37.9027 -43.6517 2.4
    endloop
  endfacet
  facet normal -0.946993 -0.321256 0
    outer loop
      vertex 37.9027 -43.6517 7.4
      vertex 38.054 -44.0977 2.4
      vertex 38.054 -44.0977 7.4
    endloop
  endfacet
  facet normal 0.659301 -0.751879 0
    outer loop
      vertex 43.5715 -45.5761 2.4
      vertex 43.9256 -45.2656 7.4
      vertex 43.5715 -45.5761 7.4
    endloop
  endfacet
  facet normal 0.659301 -0.751879 0
    outer loop
      vertex 43.9256 -45.2656 7.4
      vertex 43.5715 -45.5761 2.4
      vertex 43.9256 -45.2656 2.4
    endloop
  endfacet
  facet normal 0.321256 -0.946993 0
    outer loop
      vertex 42.3117 -46.1973 2.4
      vertex 42.7577 -46.046 7.4
      vertex 42.3117 -46.1973 7.4
    endloop
  endfacet
  facet normal 0.321256 -0.946993 0
    outer loop
      vertex 42.7577 -46.046 7.4
      vertex 42.3117 -46.1973 2.4
      vertex 42.7577 -46.046 2.4
    endloop
  endfacet
  facet normal 0.896835 -0.442365 0
    outer loop
      vertex 44.4977 -44.52 7.4
      vertex 44.706 -44.0977 2.4
      vertex 44.706 -44.0977 7.4
    endloop
  endfacet
  facet normal 0.896835 -0.442365 0
    outer loop
      vertex 44.706 -44.0977 2.4
      vertex 44.4977 -44.52 7.4
      vertex 44.4977 -44.52 2.4
    endloop
  endfacet
  facet normal 0.831462 -0.555582 0
    outer loop
      vertex 44.2361 -44.9115 7.4
      vertex 44.4977 -44.52 2.4
      vertex 44.4977 -44.52 7.4
    endloop
  endfacet
  facet normal 0.831462 -0.555582 0
    outer loop
      vertex 44.4977 -44.52 2.4
      vertex 44.2361 -44.9115 7.4
      vertex 44.2361 -44.9115 2.4
    endloop
  endfacet
  facet normal -0.0654055 -0.997859 0
    outer loop
      vertex 40.9101 -46.2892 2.4
      vertex 41.38 -46.32 7.4
      vertex 40.9101 -46.2892 7.4
    endloop
  endfacet
  facet normal -0.0654055 -0.997859 -0
    outer loop
      vertex 41.38 -46.32 7.4
      vertex 40.9101 -46.2892 2.4
      vertex 41.38 -46.32 2.4
    endloop
  endfacet
  facet normal -0.555582 -0.831462 0
    outer loop
      vertex 39.1885 -45.5761 2.4
      vertex 39.58 -45.8377 7.4
      vertex 39.1885 -45.5761 7.4
    endloop
  endfacet
  facet normal -0.555582 -0.831462 -0
    outer loop
      vertex 39.58 -45.8377 7.4
      vertex 39.1885 -45.5761 2.4
      vertex 39.58 -45.8377 2.4
    endloop
  endfacet
  facet normal -0.195136 -0.980776 0
    outer loop
      vertex 40.4482 -46.1973 2.4
      vertex 40.9101 -46.2892 7.4
      vertex 40.4482 -46.1973 7.4
    endloop
  endfacet
  facet normal -0.195136 -0.980776 -0
    outer loop
      vertex 40.9101 -46.2892 7.4
      vertex 40.4482 -46.1973 2.4
      vertex 40.9101 -46.2892 2.4
    endloop
  endfacet
  facet normal -0.659301 -0.751879 0
    outer loop
      vertex 38.8344 -45.2656 2.4
      vertex 39.1885 -45.5761 7.4
      vertex 38.8344 -45.2656 7.4
    endloop
  endfacet
  facet normal -0.659301 -0.751879 -0
    outer loop
      vertex 39.1885 -45.5761 7.4
      vertex 38.8344 -45.2656 2.4
      vertex 39.1885 -45.5761 2.4
    endloop
  endfacet
  facet normal -0.896835 -0.442365 0
    outer loop
      vertex 38.2623 -44.52 2.4
      vertex 38.054 -44.0977 7.4
      vertex 38.054 -44.0977 2.4
    endloop
  endfacet
  facet normal -0.896835 -0.442365 0
    outer loop
      vertex 38.054 -44.0977 7.4
      vertex 38.2623 -44.52 2.4
      vertex 38.2623 -44.52 7.4
    endloop
  endfacet
  facet normal -0.442365 -0.896835 0
    outer loop
      vertex 39.58 -45.8377 2.4
      vertex 40.0023 -46.046 7.4
      vertex 39.58 -45.8377 7.4
    endloop
  endfacet
  facet normal -0.442365 -0.896835 -0
    outer loop
      vertex 40.0023 -46.046 7.4
      vertex 39.58 -45.8377 2.4
      vertex 40.0023 -46.046 2.4
    endloop
  endfacet
  facet normal -0.831462 -0.555582 0
    outer loop
      vertex 38.5239 -44.9115 2.4
      vertex 38.2623 -44.52 7.4
      vertex 38.2623 -44.52 2.4
    endloop
  endfacet
  facet normal -0.831462 -0.555582 0
    outer loop
      vertex 38.2623 -44.52 7.4
      vertex 38.5239 -44.9115 2.4
      vertex 38.5239 -44.9115 7.4
    endloop
  endfacet
  facet normal -0.997844 -0.0656309 0
    outer loop
      vertex 42.58 -42.72 2.4
      vertex 42.5697 -42.5634 7.4
      vertex 42.5697 -42.5634 2.4
    endloop
  endfacet
  facet normal -0.997844 -0.0656309 0
    outer loop
      vertex 42.5697 -42.5634 7.4
      vertex 42.58 -42.72 2.4
      vertex 42.58 -42.72 7.4
    endloop
  endfacet
  facet normal 0.997844 -0.0656309 0
    outer loop
      vertex 40.18 -42.72 7.4
      vertex 40.1903 -42.5634 2.4
      vertex 40.1903 -42.5634 7.4
    endloop
  endfacet
  facet normal 0.997844 -0.0656309 0
    outer loop
      vertex 40.1903 -42.5634 2.4
      vertex 40.18 -42.72 7.4
      vertex 40.18 -42.72 2.4
    endloop
  endfacet
  facet normal -0.0656309 -0.997844 0
    outer loop
      vertex 41.38 -41.52 2.4
      vertex 41.5366 -41.5303 7.4
      vertex 41.38 -41.52 7.4
    endloop
  endfacet
  facet normal -0.0656309 -0.997844 -0
    outer loop
      vertex 41.5366 -41.5303 7.4
      vertex 41.38 -41.52 2.4
      vertex 41.5366 -41.5303 2.4
    endloop
  endfacet
  facet normal -0.751787 -0.659406 0
    outer loop
      vertex 42.332 -41.9895 2.4
      vertex 42.2285 -41.8715 7.4
      vertex 42.2285 -41.8715 2.4
    endloop
  endfacet
  facet normal -0.751787 -0.659406 0
    outer loop
      vertex 42.2285 -41.8715 7.4
      vertex 42.332 -41.9895 2.4
      vertex 42.332 -41.9895 7.4
    endloop
  endfacet
  facet normal 0.659406 -0.751787 0
    outer loop
      vertex 40.5315 -41.8715 2.4
      vertex 40.6495 -41.768 7.4
      vertex 40.5315 -41.8715 7.4
    endloop
  endfacet
  facet normal 0.659406 -0.751787 0
    outer loop
      vertex 40.6495 -41.768 7.4
      vertex 40.5315 -41.8715 2.4
      vertex 40.6495 -41.768 2.4
    endloop
  endfacet
  facet normal 0.321194 -0.947013 0
    outer loop
      vertex 40.9208 -41.6113 2.4
      vertex 41.0694 -41.5609 7.4
      vertex 40.9208 -41.6113 7.4
    endloop
  endfacet
  facet normal 0.321194 -0.947013 0
    outer loop
      vertex 41.0694 -41.5609 7.4
      vertex 40.9208 -41.6113 2.4
      vertex 41.0694 -41.5609 2.4
    endloop
  endfacet
  facet normal 0.980825 0.194891 0
    outer loop
      vertex 40.2209 -43.0306 7.4
      vertex 40.1903 -42.8766 2.4
      vertex 40.1903 -42.8766 7.4
    endloop
  endfacet
  facet normal 0.980825 0.194891 0
    outer loop
      vertex 40.1903 -42.8766 2.4
      vertex 40.2209 -43.0306 7.4
      vertex 40.2209 -43.0306 2.4
    endloop
  endfacet
  facet normal -0.896708 -0.442622 0
    outer loop
      vertex 42.4887 -42.2608 2.4
      vertex 42.4192 -42.12 7.4
      vertex 42.4192 -42.12 2.4
    endloop
  endfacet
  facet normal -0.896708 -0.442622 0
    outer loop
      vertex 42.4192 -42.12 7.4
      vertex 42.4887 -42.2608 2.4
      vertex 42.4887 -42.2608 7.4
    endloop
  endfacet
  facet normal -0.831462 -0.555582 0
    outer loop
      vertex 42.4192 -42.12 2.4
      vertex 42.332 -41.9895 7.4
      vertex 42.332 -41.9895 2.4
    endloop
  endfacet
  facet normal -0.831462 -0.555582 0
    outer loop
      vertex 42.332 -41.9895 7.4
      vertex 42.4192 -42.12 2.4
      vertex 42.4192 -42.12 7.4
    endloop
  endfacet
  facet normal -0.442622 -0.896708 0
    outer loop
      vertex 41.8392 -41.6113 2.4
      vertex 41.98 -41.6808 7.4
      vertex 41.8392 -41.6113 7.4
    endloop
  endfacet
  facet normal -0.442622 -0.896708 -0
    outer loop
      vertex 41.98 -41.6808 7.4
      vertex 41.8392 -41.6113 2.4
      vertex 41.98 -41.6808 2.4
    endloop
  endfacet
  facet normal -0.555582 -0.831462 0
    outer loop
      vertex 41.98 -41.6808 2.4
      vertex 42.1105 -41.768 7.4
      vertex 41.98 -41.6808 7.4
    endloop
  endfacet
  facet normal -0.555582 -0.831462 -0
    outer loop
      vertex 42.1105 -41.768 7.4
      vertex 41.98 -41.6808 2.4
      vertex 42.1105 -41.768 2.4
    endloop
  endfacet
  facet normal 0.896708 -0.442622 0
    outer loop
      vertex 40.2713 -42.2608 7.4
      vertex 40.3408 -42.12 2.4
      vertex 40.3408 -42.12 7.4
    endloop
  endfacet
  facet normal 0.896708 -0.442622 0
    outer loop
      vertex 40.3408 -42.12 2.4
      vertex 40.2713 -42.2608 7.4
      vertex 40.2713 -42.2608 2.4
    endloop
  endfacet
  facet normal 0.831462 -0.555582 0
    outer loop
      vertex 40.3408 -42.12 7.4
      vertex 40.428 -41.9895 2.4
      vertex 40.428 -41.9895 7.4
    endloop
  endfacet
  facet normal 0.831462 -0.555582 0
    outer loop
      vertex 40.428 -41.9895 2.4
      vertex 40.3408 -42.12 7.4
      vertex 40.3408 -42.12 2.4
    endloop
  endfacet
  facet normal 0.442622 -0.896708 0
    outer loop
      vertex 40.78 -41.6808 2.4
      vertex 40.9208 -41.6113 7.4
      vertex 40.78 -41.6808 7.4
    endloop
  endfacet
  facet normal 0.442622 -0.896708 0
    outer loop
      vertex 40.9208 -41.6113 7.4
      vertex 40.78 -41.6808 2.4
      vertex 40.9208 -41.6113 2.4
    endloop
  endfacet
  facet normal 0.0656309 -0.997844 0
    outer loop
      vertex 41.2234 -41.5303 2.4
      vertex 41.38 -41.52 7.4
      vertex 41.2234 -41.5303 7.4
    endloop
  endfacet
  facet normal 0.0656309 -0.997844 0
    outer loop
      vertex 41.38 -41.52 7.4
      vertex 41.2234 -41.5303 2.4
      vertex 41.38 -41.52 2.4
    endloop
  endfacet
  facet normal -0.194891 0.980825 0
    outer loop
      vertex 41.6906 -43.8791 2.4
      vertex 41.5366 -43.9097 7.4
      vertex 41.6906 -43.8791 7.4
    endloop
  endfacet
  facet normal -0.194891 0.980825 0
    outer loop
      vertex 41.5366 -43.9097 7.4
      vertex 41.6906 -43.8791 2.4
      vertex 41.5366 -43.9097 2.4
    endloop
  endfacet
  facet normal -0.0656309 0.997844 0
    outer loop
      vertex 41.5366 -43.9097 2.4
      vertex 41.38 -43.92 7.4
      vertex 41.5366 -43.9097 7.4
    endloop
  endfacet
  facet normal -0.0656309 0.997844 0
    outer loop
      vertex 41.38 -43.92 7.4
      vertex 41.5366 -43.9097 2.4
      vertex 41.38 -43.92 2.4
    endloop
  endfacet
  facet normal -0.659406 0.751787 0
    outer loop
      vertex 42.2285 -43.5685 2.4
      vertex 42.1105 -43.672 7.4
      vertex 42.2285 -43.5685 7.4
    endloop
  endfacet
  facet normal -0.659406 0.751787 0
    outer loop
      vertex 42.1105 -43.672 7.4
      vertex 42.2285 -43.5685 2.4
      vertex 42.1105 -43.672 2.4
    endloop
  endfacet
  facet normal -0.442622 0.896708 0
    outer loop
      vertex 41.98 -43.7592 2.4
      vertex 41.8392 -43.8287 7.4
      vertex 41.98 -43.7592 7.4
    endloop
  endfacet
  facet normal -0.442622 0.896708 0
    outer loop
      vertex 41.8392 -43.8287 7.4
      vertex 41.98 -43.7592 2.4
      vertex 41.8392 -43.8287 2.4
    endloop
  endfacet
  facet normal -0.947013 0.321194 0
    outer loop
      vertex 42.4887 -43.1792 2.4
      vertex 42.5391 -43.0306 7.4
      vertex 42.5391 -43.0306 2.4
    endloop
  endfacet
  facet normal -0.947013 0.321194 0
    outer loop
      vertex 42.5391 -43.0306 7.4
      vertex 42.4887 -43.1792 2.4
      vertex 42.4887 -43.1792 7.4
    endloop
  endfacet
  facet normal 0.442622 0.896708 -0
    outer loop
      vertex 40.9208 -43.8287 2.4
      vertex 40.78 -43.7592 7.4
      vertex 40.9208 -43.8287 7.4
    endloop
  endfacet
  facet normal 0.442622 0.896708 0
    outer loop
      vertex 40.78 -43.7592 7.4
      vertex 40.9208 -43.8287 2.4
      vertex 40.78 -43.7592 2.4
    endloop
  endfacet
  facet normal 0.321194 0.947013 -0
    outer loop
      vertex 41.0694 -43.8791 2.4
      vertex 40.9208 -43.8287 7.4
      vertex 41.0694 -43.8791 7.4
    endloop
  endfacet
  facet normal 0.321194 0.947013 0
    outer loop
      vertex 40.9208 -43.8287 7.4
      vertex 41.0694 -43.8791 2.4
      vertex 40.9208 -43.8287 2.4
    endloop
  endfacet
  facet normal 0.896708 0.442622 0
    outer loop
      vertex 40.3408 -43.32 7.4
      vertex 40.2713 -43.1792 2.4
      vertex 40.2713 -43.1792 7.4
    endloop
  endfacet
  facet normal 0.896708 0.442622 0
    outer loop
      vertex 40.2713 -43.1792 2.4
      vertex 40.3408 -43.32 7.4
      vertex 40.3408 -43.32 2.4
    endloop
  endfacet
  facet normal 0.831462 0.555582 0
    outer loop
      vertex 40.428 -43.4505 7.4
      vertex 40.3408 -43.32 2.4
      vertex 40.3408 -43.32 7.4
    endloop
  endfacet
  facet normal 0.831462 0.555582 0
    outer loop
      vertex 40.3408 -43.32 2.4
      vertex 40.428 -43.4505 7.4
      vertex 40.428 -43.4505 2.4
    endloop
  endfacet
  facet normal 0.997844 0.0656309 0
    outer loop
      vertex 40.1903 -42.8766 7.4
      vertex 40.18 -42.72 2.4
      vertex 40.18 -42.72 7.4
    endloop
  endfacet
  facet normal 0.997844 0.0656309 0
    outer loop
      vertex 40.18 -42.72 2.4
      vertex 40.1903 -42.8766 7.4
      vertex 40.1903 -42.8766 2.4
    endloop
  endfacet
  facet normal -0.947013 -0.321194 0
    outer loop
      vertex 42.5391 -42.4094 2.4
      vertex 42.4887 -42.2608 7.4
      vertex 42.4887 -42.2608 2.4
    endloop
  endfacet
  facet normal -0.947013 -0.321194 0
    outer loop
      vertex 42.4887 -42.2608 7.4
      vertex 42.5391 -42.4094 2.4
      vertex 42.5391 -42.4094 7.4
    endloop
  endfacet
  facet normal -0.980825 -0.194891 0
    outer loop
      vertex 42.5697 -42.5634 2.4
      vertex 42.5391 -42.4094 7.4
      vertex 42.5391 -42.4094 2.4
    endloop
  endfacet
  facet normal -0.980825 -0.194891 0
    outer loop
      vertex 42.5391 -42.4094 7.4
      vertex 42.5697 -42.5634 2.4
      vertex 42.5697 -42.5634 7.4
    endloop
  endfacet
  facet normal -0.194891 -0.980825 0
    outer loop
      vertex 41.5366 -41.5303 2.4
      vertex 41.6906 -41.5609 7.4
      vertex 41.5366 -41.5303 7.4
    endloop
  endfacet
  facet normal -0.194891 -0.980825 -0
    outer loop
      vertex 41.6906 -41.5609 7.4
      vertex 41.5366 -41.5303 2.4
      vertex 41.6906 -41.5609 2.4
    endloop
  endfacet
  facet normal -0.659406 -0.751787 0
    outer loop
      vertex 42.1105 -41.768 2.4
      vertex 42.2285 -41.8715 7.4
      vertex 42.1105 -41.768 7.4
    endloop
  endfacet
  facet normal -0.659406 -0.751787 -0
    outer loop
      vertex 42.2285 -41.8715 7.4
      vertex 42.1105 -41.768 2.4
      vertex 42.2285 -41.8715 2.4
    endloop
  endfacet
  facet normal 0.980825 -0.194891 0
    outer loop
      vertex 40.1903 -42.5634 7.4
      vertex 40.2209 -42.4094 2.4
      vertex 40.2209 -42.4094 7.4
    endloop
  endfacet
  facet normal 0.980825 -0.194891 0
    outer loop
      vertex 40.2209 -42.4094 2.4
      vertex 40.1903 -42.5634 7.4
      vertex 40.1903 -42.5634 2.4
    endloop
  endfacet
  facet normal -0.997844 0.0656309 0
    outer loop
      vertex 42.5697 -42.8766 2.4
      vertex 42.58 -42.72 7.4
      vertex 42.58 -42.72 2.4
    endloop
  endfacet
  facet normal -0.997844 0.0656309 0
    outer loop
      vertex 42.58 -42.72 7.4
      vertex 42.5697 -42.8766 2.4
      vertex 42.5697 -42.8766 7.4
    endloop
  endfacet
  facet normal -0.555582 0.831462 0
    outer loop
      vertex 42.1105 -43.672 2.4
      vertex 41.98 -43.7592 7.4
      vertex 42.1105 -43.672 7.4
    endloop
  endfacet
  facet normal -0.555582 0.831462 0
    outer loop
      vertex 41.98 -43.7592 7.4
      vertex 42.1105 -43.672 2.4
      vertex 41.98 -43.7592 2.4
    endloop
  endfacet
  facet normal -0.896708 0.442622 0
    outer loop
      vertex 42.4192 -43.32 2.4
      vertex 42.4887 -43.1792 7.4
      vertex 42.4887 -43.1792 2.4
    endloop
  endfacet
  facet normal -0.896708 0.442622 0
    outer loop
      vertex 42.4887 -43.1792 7.4
      vertex 42.4192 -43.32 2.4
      vertex 42.4192 -43.32 7.4
    endloop
  endfacet
  facet normal -0.751787 0.659406 0
    outer loop
      vertex 42.2285 -43.5685 2.4
      vertex 42.332 -43.4505 7.4
      vertex 42.332 -43.4505 2.4
    endloop
  endfacet
  facet normal -0.751787 0.659406 0
    outer loop
      vertex 42.332 -43.4505 7.4
      vertex 42.2285 -43.5685 2.4
      vertex 42.2285 -43.5685 7.4
    endloop
  endfacet
  facet normal -0.831462 0.555582 0
    outer loop
      vertex 42.332 -43.4505 2.4
      vertex 42.4192 -43.32 7.4
      vertex 42.4192 -43.32 2.4
    endloop
  endfacet
  facet normal -0.831462 0.555582 0
    outer loop
      vertex 42.4192 -43.32 7.4
      vertex 42.332 -43.4505 2.4
      vertex 42.332 -43.4505 7.4
    endloop
  endfacet
  facet normal 0.659406 0.751787 -0
    outer loop
      vertex 40.6495 -43.672 2.4
      vertex 40.5315 -43.5685 7.4
      vertex 40.6495 -43.672 7.4
    endloop
  endfacet
  facet normal 0.659406 0.751787 0
    outer loop
      vertex 40.5315 -43.5685 7.4
      vertex 40.6495 -43.672 2.4
      vertex 40.5315 -43.5685 2.4
    endloop
  endfacet
  facet normal 0.555582 0.831462 -0
    outer loop
      vertex 40.78 -43.7592 2.4
      vertex 40.6495 -43.672 7.4
      vertex 40.78 -43.7592 7.4
    endloop
  endfacet
  facet normal 0.555582 0.831462 0
    outer loop
      vertex 40.6495 -43.672 7.4
      vertex 40.78 -43.7592 2.4
      vertex 40.6495 -43.672 2.4
    endloop
  endfacet
  facet normal 0.0656309 0.997844 -0
    outer loop
      vertex 41.38 -43.92 2.4
      vertex 41.2234 -43.9097 7.4
      vertex 41.38 -43.92 7.4
    endloop
  endfacet
  facet normal 0.0656309 0.997844 0
    outer loop
      vertex 41.2234 -43.9097 7.4
      vertex 41.38 -43.92 2.4
      vertex 41.2234 -43.9097 2.4
    endloop
  endfacet
  facet normal 0.751787 0.659406 0
    outer loop
      vertex 40.5315 -43.5685 7.4
      vertex 40.428 -43.4505 2.4
      vertex 40.428 -43.4505 7.4
    endloop
  endfacet
  facet normal 0.751787 0.659406 0
    outer loop
      vertex 40.428 -43.4505 2.4
      vertex 40.5315 -43.5685 7.4
      vertex 40.5315 -43.5685 2.4
    endloop
  endfacet
  facet normal 0.947013 0.321194 0
    outer loop
      vertex 40.2713 -43.1792 7.4
      vertex 40.2209 -43.0306 2.4
      vertex 40.2209 -43.0306 7.4
    endloop
  endfacet
  facet normal 0.947013 0.321194 0
    outer loop
      vertex 40.2209 -43.0306 2.4
      vertex 40.2713 -43.1792 7.4
      vertex 40.2713 -43.1792 2.4
    endloop
  endfacet
  facet normal -0.321194 -0.947013 0
    outer loop
      vertex 41.6906 -41.5609 2.4
      vertex 41.8392 -41.6113 7.4
      vertex 41.6906 -41.5609 7.4
    endloop
  endfacet
  facet normal -0.321194 -0.947013 -0
    outer loop
      vertex 41.8392 -41.6113 7.4
      vertex 41.6906 -41.5609 2.4
      vertex 41.8392 -41.6113 2.4
    endloop
  endfacet
  facet normal 0.751787 -0.659406 0
    outer loop
      vertex 40.428 -41.9895 7.4
      vertex 40.5315 -41.8715 2.4
      vertex 40.5315 -41.8715 7.4
    endloop
  endfacet
  facet normal 0.751787 -0.659406 0
    outer loop
      vertex 40.5315 -41.8715 2.4
      vertex 40.428 -41.9895 7.4
      vertex 40.428 -41.9895 2.4
    endloop
  endfacet
  facet normal 0.947013 -0.321194 0
    outer loop
      vertex 40.2209 -42.4094 7.4
      vertex 40.2713 -42.2608 2.4
      vertex 40.2713 -42.2608 7.4
    endloop
  endfacet
  facet normal 0.947013 -0.321194 0
    outer loop
      vertex 40.2713 -42.2608 2.4
      vertex 40.2209 -42.4094 7.4
      vertex 40.2209 -42.4094 2.4
    endloop
  endfacet
  facet normal 0.555582 -0.831462 0
    outer loop
      vertex 40.6495 -41.768 2.4
      vertex 40.78 -41.6808 7.4
      vertex 40.6495 -41.768 7.4
    endloop
  endfacet
  facet normal 0.555582 -0.831462 0
    outer loop
      vertex 40.78 -41.6808 7.4
      vertex 40.6495 -41.768 2.4
      vertex 40.78 -41.6808 2.4
    endloop
  endfacet
  facet normal 0.194891 -0.980825 0
    outer loop
      vertex 41.0694 -41.5609 2.4
      vertex 41.2234 -41.5303 7.4
      vertex 41.0694 -41.5609 7.4
    endloop
  endfacet
  facet normal 0.194891 -0.980825 0
    outer loop
      vertex 41.2234 -41.5303 7.4
      vertex 41.0694 -41.5609 2.4
      vertex 41.2234 -41.5303 2.4
    endloop
  endfacet
  facet normal -0.321194 0.947013 0
    outer loop
      vertex 41.8392 -43.8287 2.4
      vertex 41.6906 -43.8791 7.4
      vertex 41.8392 -43.8287 7.4
    endloop
  endfacet
  facet normal -0.321194 0.947013 0
    outer loop
      vertex 41.6906 -43.8791 7.4
      vertex 41.8392 -43.8287 2.4
      vertex 41.6906 -43.8791 2.4
    endloop
  endfacet
  facet normal -0.980825 0.194891 0
    outer loop
      vertex 42.5391 -43.0306 2.4
      vertex 42.5697 -42.8766 7.4
      vertex 42.5697 -42.8766 2.4
    endloop
  endfacet
  facet normal -0.980825 0.194891 0
    outer loop
      vertex 42.5697 -42.8766 7.4
      vertex 42.5391 -43.0306 2.4
      vertex 42.5391 -43.0306 7.4
    endloop
  endfacet
  facet normal 0.194891 0.980825 -0
    outer loop
      vertex 41.2234 -43.9097 2.4
      vertex 41.0694 -43.8791 7.4
      vertex 41.2234 -43.9097 7.4
    endloop
  endfacet
  facet normal 0.194891 0.980825 0
    outer loop
      vertex 41.0694 -43.8791 7.4
      vertex 41.2234 -43.9097 2.4
      vertex 41.0694 -43.8791 2.4
    endloop
  endfacet
  facet normal 0.997859 0.0654055 0
    outer loop
      vertex -37.77 42.73 7.4
      vertex -37.8008 43.1999 2.4
      vertex -37.8008 43.1999 7.4
    endloop
  endfacet
  facet normal 0.997859 0.0654055 0
    outer loop
      vertex -37.8008 43.1999 2.4
      vertex -37.77 42.73 7.4
      vertex -37.77 42.73 2.4
    endloop
  endfacet
  facet normal -0.997859 0.0654055 0
    outer loop
      vertex -44.97 42.73 2.4
      vertex -44.9392 43.1999 7.4
      vertex -44.9392 43.1999 2.4
    endloop
  endfacet
  facet normal -0.997859 0.0654055 0
    outer loop
      vertex -44.9392 43.1999 7.4
      vertex -44.97 42.73 2.4
      vertex -44.97 42.73 7.4
    endloop
  endfacet
  facet normal -0.0654055 0.997859 0
    outer loop
      vertex -41.37 46.33 2.4
      vertex -41.8399 46.2992 7.4
      vertex -41.37 46.33 7.4
    endloop
  endfacet
  facet normal -0.0654055 0.997859 0
    outer loop
      vertex -41.8399 46.2992 7.4
      vertex -41.37 46.33 2.4
      vertex -41.8399 46.2992 2.4
    endloop
  endfacet
  facet normal 0.0654055 -0.997859 0
    outer loop
      vertex -41.37 39.13 2.4
      vertex -40.9001 39.1608 7.4
      vertex -41.37 39.13 7.4
    endloop
  endfacet
  facet normal 0.0654055 -0.997859 0
    outer loop
      vertex -40.9001 39.1608 7.4
      vertex -41.37 39.13 2.4
      vertex -40.9001 39.1608 2.4
    endloop
  endfacet
  facet normal 0.751879 -0.659301 0
    outer loop
      vertex -38.8244 40.1844 7.4
      vertex -38.5139 40.5385 2.4
      vertex -38.5139 40.5385 7.4
    endloop
  endfacet
  facet normal 0.751879 -0.659301 0
    outer loop
      vertex -38.5139 40.5385 2.4
      vertex -38.8244 40.1844 7.4
      vertex -38.8244 40.1844 2.4
    endloop
  endfacet
  facet normal 0.659301 0.751879 -0
    outer loop
      vertex -38.8244 45.2756 2.4
      vertex -39.1785 45.5861 7.4
      vertex -38.8244 45.2756 7.4
    endloop
  endfacet
  facet normal 0.659301 0.751879 0
    outer loop
      vertex -39.1785 45.5861 7.4
      vertex -38.8244 45.2756 2.4
      vertex -39.1785 45.5861 2.4
    endloop
  endfacet
  facet normal -0.751879 0.659301 0
    outer loop
      vertex -44.2261 44.9215 2.4
      vertex -43.9156 45.2756 7.4
      vertex -43.9156 45.2756 2.4
    endloop
  endfacet
  facet normal -0.751879 0.659301 0
    outer loop
      vertex -43.9156 45.2756 7.4
      vertex -44.2261 44.9215 2.4
      vertex -44.2261 44.9215 7.4
    endloop
  endfacet
  facet normal -0.442365 0.896835 0
    outer loop
      vertex -42.7477 46.056 2.4
      vertex -43.17 45.8477 7.4
      vertex -42.7477 46.056 7.4
    endloop
  endfacet
  facet normal -0.442365 0.896835 0
    outer loop
      vertex -43.17 45.8477 7.4
      vertex -42.7477 46.056 2.4
      vertex -43.17 45.8477 2.4
    endloop
  endfacet
  facet normal 0.896835 0.442365 0
    outer loop
      vertex -38.044 44.1077 7.4
      vertex -38.2523 44.53 2.4
      vertex -38.2523 44.53 7.4
    endloop
  endfacet
  facet normal 0.896835 0.442365 0
    outer loop
      vertex -38.2523 44.53 2.4
      vertex -38.044 44.1077 7.4
      vertex -38.044 44.1077 2.4
    endloop
  endfacet
  facet normal 0.831462 0.555582 0
    outer loop
      vertex -38.2523 44.53 7.4
      vertex -38.5139 44.9215 2.4
      vertex -38.5139 44.9215 7.4
    endloop
  endfacet
  facet normal 0.831462 0.555582 0
    outer loop
      vertex -38.5139 44.9215 2.4
      vertex -38.2523 44.53 7.4
      vertex -38.2523 44.53 2.4
    endloop
  endfacet
  facet normal 0.321256 0.946993 -0
    outer loop
      vertex -39.9923 46.056 2.4
      vertex -40.4383 46.2073 7.4
      vertex -39.9923 46.056 7.4
    endloop
  endfacet
  facet normal 0.321256 0.946993 0
    outer loop
      vertex -40.4383 46.2073 7.4
      vertex -39.9923 46.056 2.4
      vertex -40.4383 46.2073 2.4
    endloop
  endfacet
  facet normal 0.195177 0.980768 -0
    outer loop
      vertex -40.4383 46.2073 2.4
      vertex -40.9001 46.2992 7.4
      vertex -40.4383 46.2073 7.4
    endloop
  endfacet
  facet normal 0.195177 0.980768 0
    outer loop
      vertex -40.9001 46.2992 7.4
      vertex -40.4383 46.2073 2.4
      vertex -40.9001 46.2992 2.4
    endloop
  endfacet
  facet normal 0.442365 0.896835 -0
    outer loop
      vertex -39.57 45.8477 2.4
      vertex -39.9923 46.056 7.4
      vertex -39.57 45.8477 7.4
    endloop
  endfacet
  facet normal 0.442365 0.896835 0
    outer loop
      vertex -39.9923 46.056 7.4
      vertex -39.57 45.8477 2.4
      vertex -39.9923 46.056 2.4
    endloop
  endfacet
  facet normal -0.896835 0.442365 0
    outer loop
      vertex -44.696 44.1077 2.4
      vertex -44.4877 44.53 7.4
      vertex -44.4877 44.53 2.4
    endloop
  endfacet
  facet normal -0.896835 0.442365 0
    outer loop
      vertex -44.4877 44.53 7.4
      vertex -44.696 44.1077 2.4
      vertex -44.696 44.1077 7.4
    endloop
  endfacet
  facet normal -0.831462 0.555582 0
    outer loop
      vertex -44.4877 44.53 2.4
      vertex -44.2261 44.9215 7.4
      vertex -44.2261 44.9215 2.4
    endloop
  endfacet
  facet normal -0.831462 0.555582 0
    outer loop
      vertex -44.2261 44.9215 7.4
      vertex -44.4877 44.53 2.4
      vertex -44.4877 44.53 7.4
    endloop
  endfacet
  facet normal 0 0 1
    outer loop
      vertex -40.17 42.73 7.4
      vertex -37.77 42.73 7.4
      vertex -37.8008 43.1999 7.4
    endloop
  endfacet
  facet normal 0 0 1
    outer loop
      vertex -40.1803 42.8866 7.4
      vertex -37.8008 43.1999 7.4
      vertex -37.8927 43.6617 7.4
    endloop
  endfacet
  facet normal 0 0 1
    outer loop
      vertex -37.77 42.73 7.4
      vertex -40.17 42.73 7.4
      vertex -37.8008 42.2601 7.4
    endloop
  endfacet
  facet normal 0 0 1
    outer loop
      vertex -40.2109 43.0406 7.4
      vertex -37.8927 43.6617 7.4
      vertex -38.044 44.1077 7.4
    endloop
  endfacet
  facet normal -0 0 1
    outer loop
      vertex -40.1803 42.5734 7.4
      vertex -37.8008 42.2601 7.4
      vertex -40.17 42.73 7.4
    endloop
  endfacet
  facet normal 0 0 1
    outer loop
      vertex -40.2613 43.1892 7.4
      vertex -38.044 44.1077 7.4
      vertex -38.2523 44.53 7.4
    endloop
  endfacet
  facet normal 0 0 1
    outer loop
      vertex -37.8008 42.2601 7.4
      vertex -40.1803 42.5734 7.4
      vertex -37.8927 41.7983 7.4
    endloop
  endfacet
  facet normal 0 0 1
    outer loop
      vertex -40.3308 43.33 7.4
      vertex -38.2523 44.53 7.4
      vertex -38.5139 44.9215 7.4
    endloop
  endfacet
  facet normal -0 0 1
    outer loop
      vertex -40.2109 42.4194 7.4
      vertex -37.8927 41.7983 7.4
      vertex -40.1803 42.5734 7.4
    endloop
  endfacet
  facet normal 0 0 1
    outer loop
      vertex -40.418 43.4605 7.4
      vertex -38.5139 44.9215 7.4
      vertex -38.8244 45.2756 7.4
    endloop
  endfacet
  facet normal 0 0 1
    outer loop
      vertex -37.8927 41.7983 7.4
      vertex -40.2109 42.4194 7.4
      vertex -38.044 41.3523 7.4
    endloop
  endfacet
  facet normal 0 0 1
    outer loop
      vertex -40.5215 43.5785 7.4
      vertex -38.8244 45.2756 7.4
      vertex -39.1785 45.5861 7.4
    endloop
  endfacet
  facet normal -0 0 1
    outer loop
      vertex -40.2613 42.2708 7.4
      vertex -38.044 41.3523 7.4
      vertex -40.2109 42.4194 7.4
    endloop
  endfacet
  facet normal 0 0 1
    outer loop
      vertex -40.6395 43.682 7.4
      vertex -39.1785 45.5861 7.4
      vertex -39.57 45.8477 7.4
    endloop
  endfacet
  facet normal 0 0 1
    outer loop
      vertex -38.044 41.3523 7.4
      vertex -40.2613 42.2708 7.4
      vertex -38.2523 40.93 7.4
    endloop
  endfacet
  facet normal 0 0 1
    outer loop
      vertex -40.77 43.7692 7.4
      vertex -39.57 45.8477 7.4
      vertex -39.9923 46.056 7.4
    endloop
  endfacet
  facet normal -0 0 1
    outer loop
      vertex -40.3308 42.13 7.4
      vertex -38.2523 40.93 7.4
      vertex -40.2613 42.2708 7.4
    endloop
  endfacet
  facet normal 0 0 1
    outer loop
      vertex -38.2523 40.93 7.4
      vertex -40.3308 42.13 7.4
      vertex -38.5139 40.5385 7.4
    endloop
  endfacet
  facet normal 0 0 1
    outer loop
      vertex -37.8008 43.1999 7.4
      vertex -40.1803 42.8866 7.4
      vertex -40.17 42.73 7.4
    endloop
  endfacet
  facet normal 0 0 1
    outer loop
      vertex -37.8927 43.6617 7.4
      vertex -40.2109 43.0406 7.4
      vertex -40.1803 42.8866 7.4
    endloop
  endfacet
  facet normal 0 0 1
    outer loop
      vertex -38.044 44.1077 7.4
      vertex -40.2613 43.1892 7.4
      vertex -40.2109 43.0406 7.4
    endloop
  endfacet
  facet normal 0 0 1
    outer loop
      vertex -38.2523 44.53 7.4
      vertex -40.3308 43.33 7.4
      vertex -40.2613 43.1892 7.4
    endloop
  endfacet
  facet normal 0 0 1
    outer loop
      vertex -38.5139 44.9215 7.4
      vertex -40.418 43.4605 7.4
      vertex -40.3308 43.33 7.4
    endloop
  endfacet
  facet normal 0 0 1
    outer loop
      vertex -40.9108 43.8387 7.4
      vertex -39.9923 46.056 7.4
      vertex -40.4383 46.2073 7.4
    endloop
  endfacet
  facet normal 0 0 1
    outer loop
      vertex -38.8244 45.2756 7.4
      vertex -40.5215 43.5785 7.4
      vertex -40.418 43.4605 7.4
    endloop
  endfacet
  facet normal 0 0 1
    outer loop
      vertex -39.1785 45.5861 7.4
      vertex -40.6395 43.682 7.4
      vertex -40.5215 43.5785 7.4
    endloop
  endfacet
  facet normal 0 0 1
    outer loop
      vertex -39.57 45.8477 7.4
      vertex -40.77 43.7692 7.4
      vertex -40.6395 43.682 7.4
    endloop
  endfacet
  facet normal 0 0 1
    outer loop
      vertex -41.0594 43.8891 7.4
      vertex -40.4383 46.2073 7.4
      vertex -40.9001 46.2992 7.4
    endloop
  endfacet
  facet normal 0 0 1
    outer loop
      vertex -39.9923 46.056 7.4
      vertex -40.9108 43.8387 7.4
      vertex -40.77 43.7692 7.4
    endloop
  endfacet
  facet normal 0 0 1
    outer loop
      vertex -40.4383 46.2073 7.4
      vertex -41.0594 43.8891 7.4
      vertex -40.9108 43.8387 7.4
    endloop
  endfacet
  facet normal 0 0 1
    outer loop
      vertex -40.9001 46.2992 7.4
      vertex -41.2134 43.9197 7.4
      vertex -41.0594 43.8891 7.4
    endloop
  endfacet
  facet normal 0 0 1
    outer loop
      vertex -41.37 46.33 7.4
      vertex -41.2134 43.9197 7.4
      vertex -40.9001 46.2992 7.4
    endloop
  endfacet
  facet normal 0 0 1
    outer loop
      vertex -41.37 46.33 7.4
      vertex -41.37 43.93 7.4
      vertex -41.2134 43.9197 7.4
    endloop
  endfacet
  facet normal 0 0 1
    outer loop
      vertex -41.37 46.33 7.4
      vertex -41.5266 43.9197 7.4
      vertex -41.37 43.93 7.4
    endloop
  endfacet
  facet normal -0 0 1
    outer loop
      vertex -41.8399 46.2992 7.4
      vertex -41.5266 43.9197 7.4
      vertex -41.37 46.33 7.4
    endloop
  endfacet
  facet normal 0 0 1
    outer loop
      vertex -41.5266 43.9197 7.4
      vertex -41.8399 46.2992 7.4
      vertex -41.6806 43.8891 7.4
    endloop
  endfacet
  facet normal -0 0 1
    outer loop
      vertex -42.3018 46.2073 7.4
      vertex -41.6806 43.8891 7.4
      vertex -41.8399 46.2992 7.4
    endloop
  endfacet
  facet normal 0 0 1
    outer loop
      vertex -41.6806 43.8891 7.4
      vertex -42.3018 46.2073 7.4
      vertex -41.8292 43.8387 7.4
    endloop
  endfacet
  facet normal -0 0 1
    outer loop
      vertex -42.7477 46.056 7.4
      vertex -41.8292 43.8387 7.4
      vertex -42.3018 46.2073 7.4
    endloop
  endfacet
  facet normal 0 0 1
    outer loop
      vertex -41.8292 43.8387 7.4
      vertex -42.7477 46.056 7.4
      vertex -41.97 43.7692 7.4
    endloop
  endfacet
  facet normal -0 0 1
    outer loop
      vertex -43.17 45.8477 7.4
      vertex -41.97 43.7692 7.4
      vertex -42.7477 46.056 7.4
    endloop
  endfacet
  facet normal 0 0 1
    outer loop
      vertex -41.97 43.7692 7.4
      vertex -43.17 45.8477 7.4
      vertex -42.1005 43.682 7.4
    endloop
  endfacet
  facet normal -0 0 1
    outer loop
      vertex -43.5615 45.5861 7.4
      vertex -42.1005 43.682 7.4
      vertex -43.17 45.8477 7.4
    endloop
  endfacet
  facet normal 0 0 1
    outer loop
      vertex -42.1005 43.682 7.4
      vertex -43.5615 45.5861 7.4
      vertex -42.2185 43.5785 7.4
    endloop
  endfacet
  facet normal -0 0 1
    outer loop
      vertex -43.9156 45.2756 7.4
      vertex -42.2185 43.5785 7.4
      vertex -43.5615 45.5861 7.4
    endloop
  endfacet
  facet normal 0 0 1
    outer loop
      vertex -42.2185 43.5785 7.4
      vertex -43.9156 45.2756 7.4
      vertex -42.322 43.4605 7.4
    endloop
  endfacet
  facet normal 0 0 1
    outer loop
      vertex -42.322 43.4605 7.4
      vertex -44.2261 44.9215 7.4
      vertex -42.4092 43.33 7.4
    endloop
  endfacet
  facet normal -0 0 1
    outer loop
      vertex -44.2261 44.9215 7.4
      vertex -42.322 43.4605 7.4
      vertex -43.9156 45.2756 7.4
    endloop
  endfacet
  facet normal -0 0 1
    outer loop
      vertex -40.418 41.9995 7.4
      vertex -38.5139 40.5385 7.4
      vertex -40.3308 42.13 7.4
    endloop
  endfacet
  facet normal 0 0 1
    outer loop
      vertex -38.5139 40.5385 7.4
      vertex -40.418 41.9995 7.4
      vertex -38.8244 40.1844 7.4
    endloop
  endfacet
  facet normal -0 0 1
    outer loop
      vertex -40.5215 41.8815 7.4
      vertex -38.8244 40.1844 7.4
      vertex -40.418 41.9995 7.4
    endloop
  endfacet
  facet normal 0 0 1
    outer loop
      vertex -38.8244 40.1844 7.4
      vertex -40.5215 41.8815 7.4
      vertex -39.1785 39.8739 7.4
    endloop
  endfacet
  facet normal -0 0 1
    outer loop
      vertex -40.6395 41.778 7.4
      vertex -39.1785 39.8739 7.4
      vertex -40.5215 41.8815 7.4
    endloop
  endfacet
  facet normal 0 0 1
    outer loop
      vertex -39.1785 39.8739 7.4
      vertex -40.6395 41.778 7.4
      vertex -39.57 39.6123 7.4
    endloop
  endfacet
  facet normal -0 0 1
    outer loop
      vertex -40.77 41.6908 7.4
      vertex -39.57 39.6123 7.4
      vertex -40.6395 41.778 7.4
    endloop
  endfacet
  facet normal 0 0 1
    outer loop
      vertex -39.57 39.6123 7.4
      vertex -40.77 41.6908 7.4
      vertex -39.9923 39.404 7.4
    endloop
  endfacet
  facet normal -0 0 1
    outer loop
      vertex -40.9108 41.6213 7.4
      vertex -39.9923 39.404 7.4
      vertex -40.77 41.6908 7.4
    endloop
  endfacet
  facet normal 0 0 1
    outer loop
      vertex -39.9923 39.404 7.4
      vertex -40.9108 41.6213 7.4
      vertex -40.4383 39.2527 7.4
    endloop
  endfacet
  facet normal -0 0 1
    outer loop
      vertex -41.0594 41.5709 7.4
      vertex -40.4383 39.2527 7.4
      vertex -40.9108 41.6213 7.4
    endloop
  endfacet
  facet normal 0 0 1
    outer loop
      vertex -40.4383 39.2527 7.4
      vertex -41.0594 41.5709 7.4
      vertex -40.9001 39.1608 7.4
    endloop
  endfacet
  facet normal -0 0 1
    outer loop
      vertex -41.2134 41.5403 7.4
      vertex -40.9001 39.1608 7.4
      vertex -41.0594 41.5709 7.4
    endloop
  endfacet
  facet normal -0 0 1
    outer loop
      vertex -41.37 41.53 7.4
      vertex -40.9001 39.1608 7.4
      vertex -41.2134 41.5403 7.4
    endloop
  endfacet
  facet normal 0 0 1
    outer loop
      vertex -41.37 41.53 7.4
      vertex -41.37 39.13 7.4
      vertex -40.9001 39.1608 7.4
    endloop
  endfacet
  facet normal 0 0 1
    outer loop
      vertex -41.5266 41.5403 7.4
      vertex -41.37 39.13 7.4
      vertex -41.37 41.53 7.4
    endloop
  endfacet
  facet normal 0 0 1
    outer loop
      vertex -41.8399 39.1608 7.4
      vertex -41.5266 41.5403 7.4
      vertex -41.6806 41.5709 7.4
    endloop
  endfacet
  facet normal 0 0 1
    outer loop
      vertex -42.3018 39.2527 7.4
      vertex -41.6806 41.5709 7.4
      vertex -41.8292 41.6213 7.4
    endloop
  endfacet
  facet normal 0 0 1
    outer loop
      vertex -41.5266 41.5403 7.4
      vertex -41.8399 39.1608 7.4
      vertex -41.37 39.13 7.4
    endloop
  endfacet
  facet normal 0 0 1
    outer loop
      vertex -42.7477 39.404 7.4
      vertex -41.8292 41.6213 7.4
      vertex -41.97 41.6908 7.4
    endloop
  endfacet
  facet normal 0 0 1
    outer loop
      vertex -43.17 39.6123 7.4
      vertex -41.97 41.6908 7.4
      vertex -42.1005 41.778 7.4
    endloop
  endfacet
  facet normal 0 0 1
    outer loop
      vertex -43.5615 39.8739 7.4
      vertex -42.1005 41.778 7.4
      vertex -42.2185 41.8815 7.4
    endloop
  endfacet
  facet normal 0 0 1
    outer loop
      vertex -41.6806 41.5709 7.4
      vertex -42.3018 39.2527 7.4
      vertex -41.8399 39.1608 7.4
    endloop
  endfacet
  facet normal 0 0 1
    outer loop
      vertex -43.9156 40.1844 7.4
      vertex -42.2185 41.8815 7.4
      vertex -42.322 41.9995 7.4
    endloop
  endfacet
  facet normal 0 0 1
    outer loop
      vertex -44.2261 40.5385 7.4
      vertex -42.322 41.9995 7.4
      vertex -42.4092 42.13 7.4
    endloop
  endfacet
  facet normal 0 0 1
    outer loop
      vertex -44.4877 40.93 7.4
      vertex -42.4092 42.13 7.4
      vertex -42.4787 42.2708 7.4
    endloop
  endfacet
  facet normal 0 0 1
    outer loop
      vertex -44.696 41.3523 7.4
      vertex -42.4787 42.2708 7.4
      vertex -42.5291 42.4194 7.4
    endloop
  endfacet
  facet normal 0 0 1
    outer loop
      vertex -44.8473 41.7983 7.4
      vertex -42.5291 42.4194 7.4
      vertex -42.5597 42.5734 7.4
    endloop
  endfacet
  facet normal 0 0 1
    outer loop
      vertex -41.8292 41.6213 7.4
      vertex -42.7477 39.404 7.4
      vertex -42.3018 39.2527 7.4
    endloop
  endfacet
  facet normal 0 0 1
    outer loop
      vertex -44.9392 42.2601 7.4
      vertex -42.5597 42.5734 7.4
      vertex -42.57 42.73 7.4
    endloop
  endfacet
  facet normal -0 0 1
    outer loop
      vertex -44.4877 44.53 7.4
      vertex -42.4092 43.33 7.4
      vertex -44.2261 44.9215 7.4
    endloop
  endfacet
  facet normal 0 0 1
    outer loop
      vertex -42.4092 43.33 7.4
      vertex -44.4877 44.53 7.4
      vertex -42.4787 43.1892 7.4
    endloop
  endfacet
  facet normal 0 0 1
    outer loop
      vertex -41.97 41.6908 7.4
      vertex -43.17 39.6123 7.4
      vertex -42.7477 39.404 7.4
    endloop
  endfacet
  facet normal -0 0 1
    outer loop
      vertex -44.696 44.1077 7.4
      vertex -42.4787 43.1892 7.4
      vertex -44.4877 44.53 7.4
    endloop
  endfacet
  facet normal 0 0 1
    outer loop
      vertex -42.1005 41.778 7.4
      vertex -43.5615 39.8739 7.4
      vertex -43.17 39.6123 7.4
    endloop
  endfacet
  facet normal 0 0 1
    outer loop
      vertex -42.4787 43.1892 7.4
      vertex -44.696 44.1077 7.4
      vertex -42.5291 43.0406 7.4
    endloop
  endfacet
  facet normal 0 0 1
    outer loop
      vertex -42.2185 41.8815 7.4
      vertex -43.9156 40.1844 7.4
      vertex -43.5615 39.8739 7.4
    endloop
  endfacet
  facet normal -0 0 1
    outer loop
      vertex -44.8473 43.6617 7.4
      vertex -42.5291 43.0406 7.4
      vertex -44.696 44.1077 7.4
    endloop
  endfacet
  facet normal 0 0 1
    outer loop
      vertex -42.322 41.9995 7.4
      vertex -44.2261 40.5385 7.4
      vertex -43.9156 40.1844 7.4
    endloop
  endfacet
  facet normal 0 0 1
    outer loop
      vertex -42.5291 43.0406 7.4
      vertex -44.8473 43.6617 7.4
      vertex -42.5597 42.8866 7.4
    endloop
  endfacet
  facet normal 0 0 1
    outer loop
      vertex -42.4092 42.13 7.4
      vertex -44.4877 40.93 7.4
      vertex -44.2261 40.5385 7.4
    endloop
  endfacet
  facet normal -0 0 1
    outer loop
      vertex -44.9392 43.1999 7.4
      vertex -42.5597 42.8866 7.4
      vertex -44.8473 43.6617 7.4
    endloop
  endfacet
  facet normal 0 0 1
    outer loop
      vertex -42.4787 42.2708 7.4
      vertex -44.696 41.3523 7.4
      vertex -44.4877 40.93 7.4
    endloop
  endfacet
  facet normal 0 0 1
    outer loop
      vertex -42.5597 42.8866 7.4
      vertex -44.9392 43.1999 7.4
      vertex -42.57 42.73 7.4
    endloop
  endfacet
  facet normal 0 0 1
    outer loop
      vertex -42.5291 42.4194 7.4
      vertex -44.8473 41.7983 7.4
      vertex -44.696 41.3523 7.4
    endloop
  endfacet
  facet normal 0 0 1
    outer loop
      vertex -44.97 42.73 7.4
      vertex -42.57 42.73 7.4
      vertex -44.9392 43.1999 7.4
    endloop
  endfacet
  facet normal 0 0 1
    outer loop
      vertex -42.5597 42.5734 7.4
      vertex -44.9392 42.2601 7.4
      vertex -44.8473 41.7983 7.4
    endloop
  endfacet
  facet normal 0 0 1
    outer loop
      vertex -42.57 42.73 7.4
      vertex -44.97 42.73 7.4
      vertex -44.9392 42.2601 7.4
    endloop
  endfacet
  facet normal -0.555582 0.831462 0
    outer loop
      vertex -43.17 45.8477 2.4
      vertex -43.5615 45.5861 7.4
      vertex -43.17 45.8477 7.4
    endloop
  endfacet
  facet normal -0.555582 0.831462 0
    outer loop
      vertex -43.5615 45.5861 7.4
      vertex -43.17 45.8477 2.4
      vertex -43.5615 45.5861 2.4
    endloop
  endfacet
  facet normal -0.32132 0.946971 0
    outer loop
      vertex -42.3018 46.2073 2.4
      vertex -42.7477 46.056 7.4
      vertex -42.3018 46.2073 7.4
    endloop
  endfacet
  facet normal -0.32132 0.946971 0
    outer loop
      vertex -42.7477 46.056 7.4
      vertex -42.3018 46.2073 2.4
      vertex -42.7477 46.056 2.4
    endloop
  endfacet
  facet normal 0 0 -1
    outer loop
      vertex -40.17 42.73 2.4
      vertex -37.77 42.73 2.4
      vertex -37.8008 42.2601 2.4
    endloop
  endfacet
  facet normal 0 0 -1
    outer loop
      vertex -40.1803 42.5734 2.4
      vertex -37.8008 42.2601 2.4
      vertex -37.8927 41.7983 2.4
    endloop
  endfacet
  facet normal 0 0 -1
    outer loop
      vertex -37.77 42.73 2.4
      vertex -40.17 42.73 2.4
      vertex -37.8008 43.1999 2.4
    endloop
  endfacet
  facet normal 0 0 -1
    outer loop
      vertex -40.2109 42.4194 2.4
      vertex -37.8927 41.7983 2.4
      vertex -38.044 41.3523 2.4
    endloop
  endfacet
  facet normal 0 0 -1
    outer loop
      vertex -40.1803 42.8866 2.4
      vertex -37.8008 43.1999 2.4
      vertex -40.17 42.73 2.4
    endloop
  endfacet
  facet normal 0 0 -1
    outer loop
      vertex -40.2613 42.2708 2.4
      vertex -38.044 41.3523 2.4
      vertex -38.2523 40.93 2.4
    endloop
  endfacet
  facet normal -0 0 -1
    outer loop
      vertex -37.8008 43.1999 2.4
      vertex -40.1803 42.8866 2.4
      vertex -37.8927 43.6617 2.4
    endloop
  endfacet
  facet normal 0 0 -1
    outer loop
      vertex -40.3308 42.13 2.4
      vertex -38.2523 40.93 2.4
      vertex -38.5139 40.5385 2.4
    endloop
  endfacet
  facet normal 0 0 -1
    outer loop
      vertex -40.2109 43.0406 2.4
      vertex -37.8927 43.6617 2.4
      vertex -40.1803 42.8866 2.4
    endloop
  endfacet
  facet normal 0 0 -1
    outer loop
      vertex -40.418 41.9995 2.4
      vertex -38.5139 40.5385 2.4
      vertex -38.8244 40.1844 2.4
    endloop
  endfacet
  facet normal -0 0 -1
    outer loop
      vertex -37.8927 43.6617 2.4
      vertex -40.2109 43.0406 2.4
      vertex -38.044 44.1077 2.4
    endloop
  endfacet
  facet normal 0 0 -1
    outer loop
      vertex -40.5215 41.8815 2.4
      vertex -38.8244 40.1844 2.4
      vertex -39.1785 39.8739 2.4
    endloop
  endfacet
  facet normal 0 0 -1
    outer loop
      vertex -40.2613 43.1892 2.4
      vertex -38.044 44.1077 2.4
      vertex -40.2109 43.0406 2.4
    endloop
  endfacet
  facet normal 0 0 -1
    outer loop
      vertex -40.6395 41.778 2.4
      vertex -39.1785 39.8739 2.4
      vertex -39.57 39.6123 2.4
    endloop
  endfacet
  facet normal -0 0 -1
    outer loop
      vertex -38.044 44.1077 2.4
      vertex -40.2613 43.1892 2.4
      vertex -38.2523 44.53 2.4
    endloop
  endfacet
  facet normal 0 0 -1
    outer loop
      vertex -40.77 41.6908 2.4
      vertex -39.57 39.6123 2.4
      vertex -39.9923 39.404 2.4
    endloop
  endfacet
  facet normal 0 0 -1
    outer loop
      vertex -40.3308 43.33 2.4
      vertex -38.2523 44.53 2.4
      vertex -40.2613 43.1892 2.4
    endloop
  endfacet
  facet normal -0 0 -1
    outer loop
      vertex -38.2523 44.53 2.4
      vertex -40.3308 43.33 2.4
      vertex -38.5139 44.9215 2.4
    endloop
  endfacet
  facet normal 0 0 -1
    outer loop
      vertex -37.8008 42.2601 2.4
      vertex -40.1803 42.5734 2.4
      vertex -40.17 42.73 2.4
    endloop
  endfacet
  facet normal 0 0 -1
    outer loop
      vertex -37.8927 41.7983 2.4
      vertex -40.2109 42.4194 2.4
      vertex -40.1803 42.5734 2.4
    endloop
  endfacet
  facet normal 0 0 -1
    outer loop
      vertex -38.044 41.3523 2.4
      vertex -40.2613 42.2708 2.4
      vertex -40.2109 42.4194 2.4
    endloop
  endfacet
  facet normal 0 0 -1
    outer loop
      vertex -38.2523 40.93 2.4
      vertex -40.3308 42.13 2.4
      vertex -40.2613 42.2708 2.4
    endloop
  endfacet
  facet normal 0 0 -1
    outer loop
      vertex -38.5139 40.5385 2.4
      vertex -40.418 41.9995 2.4
      vertex -40.3308 42.13 2.4
    endloop
  endfacet
  facet normal 0 0 -1
    outer loop
      vertex -40.9108 41.6213 2.4
      vertex -39.9923 39.404 2.4
      vertex -40.4383 39.2527 2.4
    endloop
  endfacet
  facet normal 0 0 -1
    outer loop
      vertex -38.8244 40.1844 2.4
      vertex -40.5215 41.8815 2.4
      vertex -40.418 41.9995 2.4
    endloop
  endfacet
  facet normal 0 0 -1
    outer loop
      vertex -39.1785 39.8739 2.4
      vertex -40.6395 41.778 2.4
      vertex -40.5215 41.8815 2.4
    endloop
  endfacet
  facet normal 0 0 -1
    outer loop
      vertex -39.57 39.6123 2.4
      vertex -40.77 41.6908 2.4
      vertex -40.6395 41.778 2.4
    endloop
  endfacet
  facet normal 0 0 -1
    outer loop
      vertex -41.0594 41.5709 2.4
      vertex -40.4383 39.2527 2.4
      vertex -40.9001 39.1608 2.4
    endloop
  endfacet
  facet normal 0 0 -1
    outer loop
      vertex -39.9923 39.404 2.4
      vertex -40.9108 41.6213 2.4
      vertex -40.77 41.6908 2.4
    endloop
  endfacet
  facet normal 0 0 -1
    outer loop
      vertex -40.4383 39.2527 2.4
      vertex -41.0594 41.5709 2.4
      vertex -40.9108 41.6213 2.4
    endloop
  endfacet
  facet normal 0 0 -1
    outer loop
      vertex -40.9001 39.1608 2.4
      vertex -41.2134 41.5403 2.4
      vertex -41.0594 41.5709 2.4
    endloop
  endfacet
  facet normal 0 0 -1
    outer loop
      vertex -41.37 39.13 2.4
      vertex -41.2134 41.5403 2.4
      vertex -40.9001 39.1608 2.4
    endloop
  endfacet
  facet normal 0 0 -1
    outer loop
      vertex -41.37 39.13 2.4
      vertex -41.37 41.53 2.4
      vertex -41.2134 41.5403 2.4
    endloop
  endfacet
  facet normal 0 0 -1
    outer loop
      vertex -41.37 39.13 2.4
      vertex -41.5266 41.5403 2.4
      vertex -41.37 41.53 2.4
    endloop
  endfacet
  facet normal 0 0 -1
    outer loop
      vertex -41.8399 39.1608 2.4
      vertex -41.5266 41.5403 2.4
      vertex -41.37 39.13 2.4
    endloop
  endfacet
  facet normal -0 0 -1
    outer loop
      vertex -41.5266 41.5403 2.4
      vertex -41.8399 39.1608 2.4
      vertex -41.6806 41.5709 2.4
    endloop
  endfacet
  facet normal 0 0 -1
    outer loop
      vertex -42.3018 39.2527 2.4
      vertex -41.6806 41.5709 2.4
      vertex -41.8399 39.1608 2.4
    endloop
  endfacet
  facet normal -0 0 -1
    outer loop
      vertex -41.6806 41.5709 2.4
      vertex -42.3018 39.2527 2.4
      vertex -41.8292 41.6213 2.4
    endloop
  endfacet
  facet normal 0 0 -1
    outer loop
      vertex -42.7477 39.404 2.4
      vertex -41.8292 41.6213 2.4
      vertex -42.3018 39.2527 2.4
    endloop
  endfacet
  facet normal -0 0 -1
    outer loop
      vertex -41.8292 41.6213 2.4
      vertex -42.7477 39.404 2.4
      vertex -41.97 41.6908 2.4
    endloop
  endfacet
  facet normal 0 0 -1
    outer loop
      vertex -43.17 39.6123 2.4
      vertex -41.97 41.6908 2.4
      vertex -42.7477 39.404 2.4
    endloop
  endfacet
  facet normal -0 0 -1
    outer loop
      vertex -41.97 41.6908 2.4
      vertex -43.17 39.6123 2.4
      vertex -42.1005 41.778 2.4
    endloop
  endfacet
  facet normal 0 0 -1
    outer loop
      vertex -43.5615 39.8739 2.4
      vertex -42.1005 41.778 2.4
      vertex -43.17 39.6123 2.4
    endloop
  endfacet
  facet normal -0 0 -1
    outer loop
      vertex -42.1005 41.778 2.4
      vertex -43.5615 39.8739 2.4
      vertex -42.2185 41.8815 2.4
    endloop
  endfacet
  facet normal 0 0 -1
    outer loop
      vertex -43.9156 40.1844 2.4
      vertex -42.2185 41.8815 2.4
      vertex -43.5615 39.8739 2.4
    endloop
  endfacet
  facet normal -0 0 -1
    outer loop
      vertex -42.2185 41.8815 2.4
      vertex -43.9156 40.1844 2.4
      vertex -42.322 41.9995 2.4
    endloop
  endfacet
  facet normal -0 0 -1
    outer loop
      vertex -42.322 41.9995 2.4
      vertex -44.2261 40.5385 2.4
      vertex -42.4092 42.13 2.4
    endloop
  endfacet
  facet normal 0 0 -1
    outer loop
      vertex -44.2261 40.5385 2.4
      vertex -42.322 41.9995 2.4
      vertex -43.9156 40.1844 2.4
    endloop
  endfacet
  facet normal 0 0 -1
    outer loop
      vertex -40.418 43.4605 2.4
      vertex -38.5139 44.9215 2.4
      vertex -40.3308 43.33 2.4
    endloop
  endfacet
  facet normal -0 0 -1
    outer loop
      vertex -38.5139 44.9215 2.4
      vertex -40.418 43.4605 2.4
      vertex -38.8244 45.2756 2.4
    endloop
  endfacet
  facet normal 0 0 -1
    outer loop
      vertex -40.5215 43.5785 2.4
      vertex -38.8244 45.2756 2.4
      vertex -40.418 43.4605 2.4
    endloop
  endfacet
  facet normal -0 0 -1
    outer loop
      vertex -38.8244 45.2756 2.4
      vertex -40.5215 43.5785 2.4
      vertex -39.1785 45.5861 2.4
    endloop
  endfacet
  facet normal 0 0 -1
    outer loop
      vertex -40.6395 43.682 2.4
      vertex -39.1785 45.5861 2.4
      vertex -40.5215 43.5785 2.4
    endloop
  endfacet
  facet normal -0 0 -1
    outer loop
      vertex -39.1785 45.5861 2.4
      vertex -40.6395 43.682 2.4
      vertex -39.57 45.8477 2.4
    endloop
  endfacet
  facet normal 0 0 -1
    outer loop
      vertex -40.77 43.7692 2.4
      vertex -39.57 45.8477 2.4
      vertex -40.6395 43.682 2.4
    endloop
  endfacet
  facet normal -0 0 -1
    outer loop
      vertex -39.57 45.8477 2.4
      vertex -40.77 43.7692 2.4
      vertex -39.9923 46.056 2.4
    endloop
  endfacet
  facet normal 0 0 -1
    outer loop
      vertex -40.9108 43.8387 2.4
      vertex -39.9923 46.056 2.4
      vertex -40.77 43.7692 2.4
    endloop
  endfacet
  facet normal -0 0 -1
    outer loop
      vertex -39.9923 46.056 2.4
      vertex -40.9108 43.8387 2.4
      vertex -40.4383 46.2073 2.4
    endloop
  endfacet
  facet normal 0 0 -1
    outer loop
      vertex -41.0594 43.8891 2.4
      vertex -40.4383 46.2073 2.4
      vertex -40.9108 43.8387 2.4
    endloop
  endfacet
  facet normal -0 0 -1
    outer loop
      vertex -40.4383 46.2073 2.4
      vertex -41.0594 43.8891 2.4
      vertex -40.9001 46.2992 2.4
    endloop
  endfacet
  facet normal 0 0 -1
    outer loop
      vertex -41.2134 43.9197 2.4
      vertex -40.9001 46.2992 2.4
      vertex -41.0594 43.8891 2.4
    endloop
  endfacet
  facet normal 0 0 -1
    outer loop
      vertex -41.37 43.93 2.4
      vertex -40.9001 46.2992 2.4
      vertex -41.2134 43.9197 2.4
    endloop
  endfacet
  facet normal 0 0 -1
    outer loop
      vertex -41.37 43.93 2.4
      vertex -41.37 46.33 2.4
      vertex -40.9001 46.2992 2.4
    endloop
  endfacet
  facet normal 0 0 -1
    outer loop
      vertex -41.5266 43.9197 2.4
      vertex -41.37 46.33 2.4
      vertex -41.37 43.93 2.4
    endloop
  endfacet
  facet normal 0 0 -1
    outer loop
      vertex -41.8399 46.2992 2.4
      vertex -41.5266 43.9197 2.4
      vertex -41.6806 43.8891 2.4
    endloop
  endfacet
  facet normal 0 0 -1
    outer loop
      vertex -42.3018 46.2073 2.4
      vertex -41.6806 43.8891 2.4
      vertex -41.8292 43.8387 2.4
    endloop
  endfacet
  facet normal 0 0 -1
    outer loop
      vertex -41.5266 43.9197 2.4
      vertex -41.8399 46.2992 2.4
      vertex -41.37 46.33 2.4
    endloop
  endfacet
  facet normal 0 0 -1
    outer loop
      vertex -42.7477 46.056 2.4
      vertex -41.8292 43.8387 2.4
      vertex -41.97 43.7692 2.4
    endloop
  endfacet
  facet normal 0 0 -1
    outer loop
      vertex -43.17 45.8477 2.4
      vertex -41.97 43.7692 2.4
      vertex -42.1005 43.682 2.4
    endloop
  endfacet
  facet normal 0 0 -1
    outer loop
      vertex -43.5615 45.5861 2.4
      vertex -42.1005 43.682 2.4
      vertex -42.2185 43.5785 2.4
    endloop
  endfacet
  facet normal 0 0 -1
    outer loop
      vertex -41.6806 43.8891 2.4
      vertex -42.3018 46.2073 2.4
      vertex -41.8399 46.2992 2.4
    endloop
  endfacet
  facet normal 0 0 -1
    outer loop
      vertex -43.9156 45.2756 2.4
      vertex -42.2185 43.5785 2.4
      vertex -42.322 43.4605 2.4
    endloop
  endfacet
  facet normal 0 0 -1
    outer loop
      vertex -44.2261 44.9215 2.4
      vertex -42.322 43.4605 2.4
      vertex -42.4092 43.33 2.4
    endloop
  endfacet
  facet normal 0 0 -1
    outer loop
      vertex -44.4877 44.53 2.4
      vertex -42.4092 43.33 2.4
      vertex -42.4787 43.1892 2.4
    endloop
  endfacet
  facet normal 0 0 -1
    outer loop
      vertex -44.696 44.1077 2.4
      vertex -42.4787 43.1892 2.4
      vertex -42.5291 43.0406 2.4
    endloop
  endfacet
  facet normal 0 0 -1
    outer loop
      vertex -44.8473 43.6617 2.4
      vertex -42.5291 43.0406 2.4
      vertex -42.5597 42.8866 2.4
    endloop
  endfacet
  facet normal 0 0 -1
    outer loop
      vertex -41.8292 43.8387 2.4
      vertex -42.7477 46.056 2.4
      vertex -42.3018 46.2073 2.4
    endloop
  endfacet
  facet normal 0 0 -1
    outer loop
      vertex -44.9392 43.1999 2.4
      vertex -42.5597 42.8866 2.4
      vertex -42.57 42.73 2.4
    endloop
  endfacet
  facet normal 0 0 -1
    outer loop
      vertex -44.4877 40.93 2.4
      vertex -42.4092 42.13 2.4
      vertex -44.2261 40.5385 2.4
    endloop
  endfacet
  facet normal -0 0 -1
    outer loop
      vertex -42.4092 42.13 2.4
      vertex -44.4877 40.93 2.4
      vertex -42.4787 42.2708 2.4
    endloop
  endfacet
  facet normal 0 0 -1
    outer loop
      vertex -41.97 43.7692 2.4
      vertex -43.17 45.8477 2.4
      vertex -42.7477 46.056 2.4
    endloop
  endfacet
  facet normal 0 0 -1
    outer loop
      vertex -44.696 41.3523 2.4
      vertex -42.4787 42.2708 2.4
      vertex -44.4877 40.93 2.4
    endloop
  endfacet
  facet normal 0 0 -1
    outer loop
      vertex -42.1005 43.682 2.4
      vertex -43.5615 45.5861 2.4
      vertex -43.17 45.8477 2.4
    endloop
  endfacet
  facet normal -0 0 -1
    outer loop
      vertex -42.4787 42.2708 2.4
      vertex -44.696 41.3523 2.4
      vertex -42.5291 42.4194 2.4
    endloop
  endfacet
  facet normal 0 0 -1
    outer loop
      vertex -42.2185 43.5785 2.4
      vertex -43.9156 45.2756 2.4
      vertex -43.5615 45.5861 2.4
    endloop
  endfacet
  facet normal 0 0 -1
    outer loop
      vertex -44.8473 41.7983 2.4
      vertex -42.5291 42.4194 2.4
      vertex -44.696 41.3523 2.4
    endloop
  endfacet
  facet normal 0 0 -1
    outer loop
      vertex -42.322 43.4605 2.4
      vertex -44.2261 44.9215 2.4
      vertex -43.9156 45.2756 2.4
    endloop
  endfacet
  facet normal -0 0 -1
    outer loop
      vertex -42.5291 42.4194 2.4
      vertex -44.8473 41.7983 2.4
      vertex -42.5597 42.5734 2.4
    endloop
  endfacet
  facet normal 0 0 -1
    outer loop
      vertex -42.4092 43.33 2.4
      vertex -44.4877 44.53 2.4
      vertex -44.2261 44.9215 2.4
    endloop
  endfacet
  facet normal 0 0 -1
    outer loop
      vertex -44.9392 42.2601 2.4
      vertex -42.5597 42.5734 2.4
      vertex -44.8473 41.7983 2.4
    endloop
  endfacet
  facet normal 0 0 -1
    outer loop
      vertex -42.4787 43.1892 2.4
      vertex -44.696 44.1077 2.4
      vertex -44.4877 44.53 2.4
    endloop
  endfacet
  facet normal -0 0 -1
    outer loop
      vertex -42.5597 42.5734 2.4
      vertex -44.9392 42.2601 2.4
      vertex -42.57 42.73 2.4
    endloop
  endfacet
  facet normal 0 0 -1
    outer loop
      vertex -42.5291 43.0406 2.4
      vertex -44.8473 43.6617 2.4
      vertex -44.696 44.1077 2.4
    endloop
  endfacet
  facet normal 0 0 -1
    outer loop
      vertex -44.97 42.73 2.4
      vertex -42.57 42.73 2.4
      vertex -44.9392 42.2601 2.4
    endloop
  endfacet
  facet normal 0 0 -1
    outer loop
      vertex -42.5597 42.8866 2.4
      vertex -44.9392 43.1999 2.4
      vertex -44.8473 43.6617 2.4
    endloop
  endfacet
  facet normal 0 0 -1
    outer loop
      vertex -42.57 42.73 2.4
      vertex -44.97 42.73 2.4
      vertex -44.9392 43.1999 2.4
    endloop
  endfacet
  facet normal 0.195177 -0.980768 0
    outer loop
      vertex -40.9001 39.1608 2.4
      vertex -40.4383 39.2527 7.4
      vertex -40.9001 39.1608 7.4
    endloop
  endfacet
  facet normal 0.195177 -0.980768 0
    outer loop
      vertex -40.4383 39.2527 7.4
      vertex -40.9001 39.1608 2.4
      vertex -40.4383 39.2527 2.4
    endloop
  endfacet
  facet normal 0.946993 0.321256 0
    outer loop
      vertex -37.8927 43.6617 7.4
      vertex -38.044 44.1077 2.4
      vertex -38.044 44.1077 7.4
    endloop
  endfacet
  facet normal 0.946993 0.321256 0
    outer loop
      vertex -38.044 44.1077 2.4
      vertex -37.8927 43.6617 7.4
      vertex -37.8927 43.6617 2.4
    endloop
  endfacet
  facet normal 0.980768 0.195177 0
    outer loop
      vertex -37.8008 43.1999 7.4
      vertex -37.8927 43.6617 2.4
      vertex -37.8927 43.6617 7.4
    endloop
  endfacet
  facet normal 0.980768 0.195177 0
    outer loop
      vertex -37.8927 43.6617 2.4
      vertex -37.8008 43.1999 7.4
      vertex -37.8008 43.1999 2.4
    endloop
  endfacet
  facet normal 0.751879 0.659301 0
    outer loop
      vertex -38.5139 44.9215 7.4
      vertex -38.8244 45.2756 2.4
      vertex -38.8244 45.2756 7.4
    endloop
  endfacet
  facet normal 0.751879 0.659301 0
    outer loop
      vertex -38.8244 45.2756 2.4
      vertex -38.5139 44.9215 7.4
      vertex -38.5139 44.9215 2.4
    endloop
  endfacet
  facet normal 0.0654055 0.997859 -0
    outer loop
      vertex -40.9001 46.2992 2.4
      vertex -41.37 46.33 7.4
      vertex -40.9001 46.2992 7.4
    endloop
  endfacet
  facet normal 0.0654055 0.997859 0
    outer loop
      vertex -41.37 46.33 7.4
      vertex -40.9001 46.2992 2.4
      vertex -41.37 46.33 2.4
    endloop
  endfacet
  facet normal 0.555582 0.831462 -0
    outer loop
      vertex -39.1785 45.5861 2.4
      vertex -39.57 45.8477 7.4
      vertex -39.1785 45.5861 7.4
    endloop
  endfacet
  facet normal 0.555582 0.831462 0
    outer loop
      vertex -39.57 45.8477 7.4
      vertex -39.1785 45.5861 2.4
      vertex -39.57 45.8477 2.4
    endloop
  endfacet
  facet normal -0.980768 0.195177 0
    outer loop
      vertex -44.9392 43.1999 2.4
      vertex -44.8473 43.6617 7.4
      vertex -44.8473 43.6617 2.4
    endloop
  endfacet
  facet normal -0.980768 0.195177 0
    outer loop
      vertex -44.8473 43.6617 7.4
      vertex -44.9392 43.1999 2.4
      vertex -44.9392 43.1999 7.4
    endloop
  endfacet
  facet normal -0.195136 0.980776 0
    outer loop
      vertex -41.8399 46.2992 2.4
      vertex -42.3018 46.2073 7.4
      vertex -41.8399 46.2992 7.4
    endloop
  endfacet
  facet normal -0.195136 0.980776 0
    outer loop
      vertex -42.3018 46.2073 7.4
      vertex -41.8399 46.2992 2.4
      vertex -42.3018 46.2073 2.4
    endloop
  endfacet
  facet normal 0.946993 -0.321256 0
    outer loop
      vertex -38.044 41.3523 7.4
      vertex -37.8927 41.7983 2.4
      vertex -37.8927 41.7983 7.4
    endloop
  endfacet
  facet normal 0.946993 -0.321256 0
    outer loop
      vertex -37.8927 41.7983 2.4
      vertex -38.044 41.3523 7.4
      vertex -38.044 41.3523 2.4
    endloop
  endfacet
  facet normal 0.980768 -0.195177 0
    outer loop
      vertex -37.8927 41.7983 7.4
      vertex -37.8008 42.2601 2.4
      vertex -37.8008 42.2601 7.4
    endloop
  endfacet
  facet normal 0.980768 -0.195177 0
    outer loop
      vertex -37.8008 42.2601 2.4
      vertex -37.8927 41.7983 7.4
      vertex -37.8927 41.7983 2.4
    endloop
  endfacet
  facet normal -0.997859 -0.0654055 0
    outer loop
      vertex -44.9392 42.2601 2.4
      vertex -44.97 42.73 7.4
      vertex -44.97 42.73 2.4
    endloop
  endfacet
  facet normal -0.997859 -0.0654055 0
    outer loop
      vertex -44.97 42.73 7.4
      vertex -44.9392 42.2601 2.4
      vertex -44.9392 42.2601 7.4
    endloop
  endfacet
  facet normal 0.555582 -0.831462 0
    outer loop
      vertex -39.57 39.6123 2.4
      vertex -39.1785 39.8739 7.4
      vertex -39.57 39.6123 7.4
    endloop
  endfacet
  facet normal 0.555582 -0.831462 0
    outer loop
      vertex -39.1785 39.8739 7.4
      vertex -39.57 39.6123 2.4
      vertex -39.1785 39.8739 2.4
    endloop
  endfacet
  facet normal 0.442365 -0.896835 0
    outer loop
      vertex -39.9923 39.404 2.4
      vertex -39.57 39.6123 7.4
      vertex -39.9923 39.404 7.4
    endloop
  endfacet
  facet normal 0.442365 -0.896835 0
    outer loop
      vertex -39.57 39.6123 7.4
      vertex -39.9923 39.404 2.4
      vertex -39.57 39.6123 2.4
    endloop
  endfacet
  facet normal -0.946993 0.321256 0
    outer loop
      vertex -44.8473 43.6617 2.4
      vertex -44.696 44.1077 7.4
      vertex -44.696 44.1077 2.4
    endloop
  endfacet
  facet normal -0.946993 0.321256 0
    outer loop
      vertex -44.696 44.1077 7.4
      vertex -44.8473 43.6617 2.4
      vertex -44.8473 43.6617 7.4
    endloop
  endfacet
  facet normal -0.659301 0.751879 0
    outer loop
      vertex -43.5615 45.5861 2.4
      vertex -43.9156 45.2756 7.4
      vertex -43.5615 45.5861 7.4
    endloop
  endfacet
  facet normal -0.659301 0.751879 0
    outer loop
      vertex -43.9156 45.2756 7.4
      vertex -43.5615 45.5861 2.4
      vertex -43.9156 45.2756 2.4
    endloop
  endfacet
  facet normal 0.997859 -0.0654055 0
    outer loop
      vertex -37.8008 42.2601 7.4
      vertex -37.77 42.73 2.4
      vertex -37.77 42.73 7.4
    endloop
  endfacet
  facet normal 0.997859 -0.0654055 0
    outer loop
      vertex -37.77 42.73 2.4
      vertex -37.8008 42.2601 7.4
      vertex -37.8008 42.2601 2.4
    endloop
  endfacet
  facet normal -0.32132 -0.946971 0
    outer loop
      vertex -42.7477 39.404 2.4
      vertex -42.3018 39.2527 7.4
      vertex -42.7477 39.404 7.4
    endloop
  endfacet
  facet normal -0.32132 -0.946971 -0
    outer loop
      vertex -42.3018 39.2527 7.4
      vertex -42.7477 39.404 2.4
      vertex -42.3018 39.2527 2.4
    endloop
  endfacet
  facet normal -0.751879 -0.659301 0
    outer loop
      vertex -43.9156 40.1844 2.4
      vertex -44.2261 40.5385 7.4
      vertex -44.2261 40.5385 2.4
    endloop
  endfacet
  facet normal -0.751879 -0.659301 0
    outer loop
      vertex -44.2261 40.5385 7.4
      vertex -43.9156 40.1844 2.4
      vertex -43.9156 40.1844 7.4
    endloop
  endfacet
  facet normal -0.980768 -0.195177 0
    outer loop
      vertex -44.8473 41.7983 2.4
      vertex -44.9392 42.2601 7.4
      vertex -44.9392 42.2601 2.4
    endloop
  endfacet
  facet normal -0.980768 -0.195177 0
    outer loop
      vertex -44.9392 42.2601 7.4
      vertex -44.8473 41.7983 2.4
      vertex -44.8473 41.7983 7.4
    endloop
  endfacet
  facet normal -0.946993 -0.321256 0
    outer loop
      vertex -44.696 41.3523 2.4
      vertex -44.8473 41.7983 7.4
      vertex -44.8473 41.7983 2.4
    endloop
  endfacet
  facet normal -0.946993 -0.321256 0
    outer loop
      vertex -44.8473 41.7983 7.4
      vertex -44.696 41.3523 2.4
      vertex -44.696 41.3523 7.4
    endloop
  endfacet
  facet normal 0.659301 -0.751879 0
    outer loop
      vertex -39.1785 39.8739 2.4
      vertex -38.8244 40.1844 7.4
      vertex -39.1785 39.8739 7.4
    endloop
  endfacet
  facet normal 0.659301 -0.751879 0
    outer loop
      vertex -38.8244 40.1844 7.4
      vertex -39.1785 39.8739 2.4
      vertex -38.8244 40.1844 2.4
    endloop
  endfacet
  facet normal 0.321256 -0.946993 0
    outer loop
      vertex -40.4383 39.2527 2.4
      vertex -39.9923 39.404 7.4
      vertex -40.4383 39.2527 7.4
    endloop
  endfacet
  facet normal 0.321256 -0.946993 0
    outer loop
      vertex -39.9923 39.404 7.4
      vertex -40.4383 39.2527 2.4
      vertex -39.9923 39.404 2.4
    endloop
  endfacet
  facet normal 0.896835 -0.442365 0
    outer loop
      vertex -38.2523 40.93 7.4
      vertex -38.044 41.3523 2.4
      vertex -38.044 41.3523 7.4
    endloop
  endfacet
  facet normal 0.896835 -0.442365 0
    outer loop
      vertex -38.044 41.3523 2.4
      vertex -38.2523 40.93 7.4
      vertex -38.2523 40.93 2.4
    endloop
  endfacet
  facet normal 0.831462 -0.555582 0
    outer loop
      vertex -38.5139 40.5385 7.4
      vertex -38.2523 40.93 2.4
      vertex -38.2523 40.93 7.4
    endloop
  endfacet
  facet normal 0.831462 -0.555582 0
    outer loop
      vertex -38.2523 40.93 2.4
      vertex -38.5139 40.5385 7.4
      vertex -38.5139 40.5385 2.4
    endloop
  endfacet
  facet normal -0.0654055 -0.997859 0
    outer loop
      vertex -41.8399 39.1608 2.4
      vertex -41.37 39.13 7.4
      vertex -41.8399 39.1608 7.4
    endloop
  endfacet
  facet normal -0.0654055 -0.997859 -0
    outer loop
      vertex -41.37 39.13 7.4
      vertex -41.8399 39.1608 2.4
      vertex -41.37 39.13 2.4
    endloop
  endfacet
  facet normal -0.555582 -0.831462 0
    outer loop
      vertex -43.5615 39.8739 2.4
      vertex -43.17 39.6123 7.4
      vertex -43.5615 39.8739 7.4
    endloop
  endfacet
  facet normal -0.555582 -0.831462 -0
    outer loop
      vertex -43.17 39.6123 7.4
      vertex -43.5615 39.8739 2.4
      vertex -43.17 39.6123 2.4
    endloop
  endfacet
  facet normal -0.195136 -0.980776 0
    outer loop
      vertex -42.3018 39.2527 2.4
      vertex -41.8399 39.1608 7.4
      vertex -42.3018 39.2527 7.4
    endloop
  endfacet
  facet normal -0.195136 -0.980776 -0
    outer loop
      vertex -41.8399 39.1608 7.4
      vertex -42.3018 39.2527 2.4
      vertex -41.8399 39.1608 2.4
    endloop
  endfacet
  facet normal -0.659301 -0.751879 0
    outer loop
      vertex -43.9156 40.1844 2.4
      vertex -43.5615 39.8739 7.4
      vertex -43.9156 40.1844 7.4
    endloop
  endfacet
  facet normal -0.659301 -0.751879 -0
    outer loop
      vertex -43.5615 39.8739 7.4
      vertex -43.9156 40.1844 2.4
      vertex -43.5615 39.8739 2.4
    endloop
  endfacet
  facet normal -0.896835 -0.442365 0
    outer loop
      vertex -44.4877 40.93 2.4
      vertex -44.696 41.3523 7.4
      vertex -44.696 41.3523 2.4
    endloop
  endfacet
  facet normal -0.896835 -0.442365 0
    outer loop
      vertex -44.696 41.3523 7.4
      vertex -44.4877 40.93 2.4
      vertex -44.4877 40.93 7.4
    endloop
  endfacet
  facet normal -0.442365 -0.896835 0
    outer loop
      vertex -43.17 39.6123 2.4
      vertex -42.7477 39.404 7.4
      vertex -43.17 39.6123 7.4
    endloop
  endfacet
  facet normal -0.442365 -0.896835 -0
    outer loop
      vertex -42.7477 39.404 7.4
      vertex -43.17 39.6123 2.4
      vertex -42.7477 39.404 2.4
    endloop
  endfacet
  facet normal -0.831462 -0.555582 0
    outer loop
      vertex -44.2261 40.5385 2.4
      vertex -44.4877 40.93 7.4
      vertex -44.4877 40.93 2.4
    endloop
  endfacet
  facet normal -0.831462 -0.555582 0
    outer loop
      vertex -44.4877 40.93 7.4
      vertex -44.2261 40.5385 2.4
      vertex -44.2261 40.5385 7.4
    endloop
  endfacet
  facet normal -0.997844 -0.0656309 0
    outer loop
      vertex -40.17 42.73 2.4
      vertex -40.1803 42.8866 7.4
      vertex -40.1803 42.8866 2.4
    endloop
  endfacet
  facet normal -0.997844 -0.0656309 0
    outer loop
      vertex -40.1803 42.8866 7.4
      vertex -40.17 42.73 2.4
      vertex -40.17 42.73 7.4
    endloop
  endfacet
  facet normal 0.997844 -0.0656309 0
    outer loop
      vertex -42.57 42.73 7.4
      vertex -42.5597 42.8866 2.4
      vertex -42.5597 42.8866 7.4
    endloop
  endfacet
  facet normal 0.997844 -0.0656309 0
    outer loop
      vertex -42.5597 42.8866 2.4
      vertex -42.57 42.73 7.4
      vertex -42.57 42.73 2.4
    endloop
  endfacet
  facet normal -0.0656309 -0.997844 0
    outer loop
      vertex -41.37 43.93 2.4
      vertex -41.2134 43.9197 7.4
      vertex -41.37 43.93 7.4
    endloop
  endfacet
  facet normal -0.0656309 -0.997844 -0
    outer loop
      vertex -41.2134 43.9197 7.4
      vertex -41.37 43.93 2.4
      vertex -41.2134 43.9197 2.4
    endloop
  endfacet
  facet normal -0.751787 -0.659406 0
    outer loop
      vertex -40.418 43.4605 2.4
      vertex -40.5215 43.5785 7.4
      vertex -40.5215 43.5785 2.4
    endloop
  endfacet
  facet normal -0.751787 -0.659406 0
    outer loop
      vertex -40.5215 43.5785 7.4
      vertex -40.418 43.4605 2.4
      vertex -40.418 43.4605 7.4
    endloop
  endfacet
  facet normal 0.659406 -0.751787 0
    outer loop
      vertex -42.2185 43.5785 2.4
      vertex -42.1005 43.682 7.4
      vertex -42.2185 43.5785 7.4
    endloop
  endfacet
  facet normal 0.659406 -0.751787 0
    outer loop
      vertex -42.1005 43.682 7.4
      vertex -42.2185 43.5785 2.4
      vertex -42.1005 43.682 2.4
    endloop
  endfacet
  facet normal 0.321194 -0.947013 0
    outer loop
      vertex -41.8292 43.8387 2.4
      vertex -41.6806 43.8891 7.4
      vertex -41.8292 43.8387 7.4
    endloop
  endfacet
  facet normal 0.321194 -0.947013 0
    outer loop
      vertex -41.6806 43.8891 7.4
      vertex -41.8292 43.8387 2.4
      vertex -41.6806 43.8891 2.4
    endloop
  endfacet
  facet normal 0.980825 0.194891 0
    outer loop
      vertex -42.5291 42.4194 7.4
      vertex -42.5597 42.5734 2.4
      vertex -42.5597 42.5734 7.4
    endloop
  endfacet
  facet normal 0.980825 0.194891 0
    outer loop
      vertex -42.5597 42.5734 2.4
      vertex -42.5291 42.4194 7.4
      vertex -42.5291 42.4194 2.4
    endloop
  endfacet
  facet normal -0.896708 -0.442622 0
    outer loop
      vertex -40.2613 43.1892 2.4
      vertex -40.3308 43.33 7.4
      vertex -40.3308 43.33 2.4
    endloop
  endfacet
  facet normal -0.896708 -0.442622 0
    outer loop
      vertex -40.3308 43.33 7.4
      vertex -40.2613 43.1892 2.4
      vertex -40.2613 43.1892 7.4
    endloop
  endfacet
  facet normal -0.831462 -0.555582 0
    outer loop
      vertex -40.3308 43.33 2.4
      vertex -40.418 43.4605 7.4
      vertex -40.418 43.4605 2.4
    endloop
  endfacet
  facet normal -0.831462 -0.555582 0
    outer loop
      vertex -40.418 43.4605 7.4
      vertex -40.3308 43.33 2.4
      vertex -40.3308 43.33 7.4
    endloop
  endfacet
  facet normal -0.442622 -0.896708 0
    outer loop
      vertex -40.9108 43.8387 2.4
      vertex -40.77 43.7692 7.4
      vertex -40.9108 43.8387 7.4
    endloop
  endfacet
  facet normal -0.442622 -0.896708 -0
    outer loop
      vertex -40.77 43.7692 7.4
      vertex -40.9108 43.8387 2.4
      vertex -40.77 43.7692 2.4
    endloop
  endfacet
  facet normal -0.555582 -0.831462 0
    outer loop
      vertex -40.77 43.7692 2.4
      vertex -40.6395 43.682 7.4
      vertex -40.77 43.7692 7.4
    endloop
  endfacet
  facet normal -0.555582 -0.831462 -0
    outer loop
      vertex -40.6395 43.682 7.4
      vertex -40.77 43.7692 2.4
      vertex -40.6395 43.682 2.4
    endloop
  endfacet
  facet normal 0.896708 -0.442622 0
    outer loop
      vertex -42.4787 43.1892 7.4
      vertex -42.4092 43.33 2.4
      vertex -42.4092 43.33 7.4
    endloop
  endfacet
  facet normal 0.896708 -0.442622 0
    outer loop
      vertex -42.4092 43.33 2.4
      vertex -42.4787 43.1892 7.4
      vertex -42.4787 43.1892 2.4
    endloop
  endfacet
  facet normal 0.831462 -0.555582 0
    outer loop
      vertex -42.4092 43.33 7.4
      vertex -42.322 43.4605 2.4
      vertex -42.322 43.4605 7.4
    endloop
  endfacet
  facet normal 0.831462 -0.555582 0
    outer loop
      vertex -42.322 43.4605 2.4
      vertex -42.4092 43.33 7.4
      vertex -42.4092 43.33 2.4
    endloop
  endfacet
  facet normal 0.442622 -0.896708 0
    outer loop
      vertex -41.97 43.7692 2.4
      vertex -41.8292 43.8387 7.4
      vertex -41.97 43.7692 7.4
    endloop
  endfacet
  facet normal 0.442622 -0.896708 0
    outer loop
      vertex -41.8292 43.8387 7.4
      vertex -41.97 43.7692 2.4
      vertex -41.8292 43.8387 2.4
    endloop
  endfacet
  facet normal 0.0656309 -0.997844 0
    outer loop
      vertex -41.5266 43.9197 2.4
      vertex -41.37 43.93 7.4
      vertex -41.5266 43.9197 7.4
    endloop
  endfacet
  facet normal 0.0656309 -0.997844 0
    outer loop
      vertex -41.37 43.93 7.4
      vertex -41.5266 43.9197 2.4
      vertex -41.37 43.93 2.4
    endloop
  endfacet
  facet normal -0.194891 0.980825 0
    outer loop
      vertex -41.0594 41.5709 2.4
      vertex -41.2134 41.5403 7.4
      vertex -41.0594 41.5709 7.4
    endloop
  endfacet
  facet normal -0.194891 0.980825 0
    outer loop
      vertex -41.2134 41.5403 7.4
      vertex -41.0594 41.5709 2.4
      vertex -41.2134 41.5403 2.4
    endloop
  endfacet
  facet normal -0.0656309 0.997844 0
    outer loop
      vertex -41.2134 41.5403 2.4
      vertex -41.37 41.53 7.4
      vertex -41.2134 41.5403 7.4
    endloop
  endfacet
  facet normal -0.0656309 0.997844 0
    outer loop
      vertex -41.37 41.53 7.4
      vertex -41.2134 41.5403 2.4
      vertex -41.37 41.53 2.4
    endloop
  endfacet
  facet normal -0.659406 0.751787 0
    outer loop
      vertex -40.5215 41.8815 2.4
      vertex -40.6395 41.778 7.4
      vertex -40.5215 41.8815 7.4
    endloop
  endfacet
  facet normal -0.659406 0.751787 0
    outer loop
      vertex -40.6395 41.778 7.4
      vertex -40.5215 41.8815 2.4
      vertex -40.6395 41.778 2.4
    endloop
  endfacet
  facet normal -0.442622 0.896708 0
    outer loop
      vertex -40.77 41.6908 2.4
      vertex -40.9108 41.6213 7.4
      vertex -40.77 41.6908 7.4
    endloop
  endfacet
  facet normal -0.442622 0.896708 0
    outer loop
      vertex -40.9108 41.6213 7.4
      vertex -40.77 41.6908 2.4
      vertex -40.9108 41.6213 2.4
    endloop
  endfacet
  facet normal -0.947013 0.321194 0
    outer loop
      vertex -40.2613 42.2708 2.4
      vertex -40.2109 42.4194 7.4
      vertex -40.2109 42.4194 2.4
    endloop
  endfacet
  facet normal -0.947013 0.321194 0
    outer loop
      vertex -40.2109 42.4194 7.4
      vertex -40.2613 42.2708 2.4
      vertex -40.2613 42.2708 7.4
    endloop
  endfacet
  facet normal 0.442622 0.896708 -0
    outer loop
      vertex -41.8292 41.6213 2.4
      vertex -41.97 41.6908 7.4
      vertex -41.8292 41.6213 7.4
    endloop
  endfacet
  facet normal 0.442622 0.896708 0
    outer loop
      vertex -41.97 41.6908 7.4
      vertex -41.8292 41.6213 2.4
      vertex -41.97 41.6908 2.4
    endloop
  endfacet
  facet normal 0.321194 0.947013 -0
    outer loop
      vertex -41.6806 41.5709 2.4
      vertex -41.8292 41.6213 7.4
      vertex -41.6806 41.5709 7.4
    endloop
  endfacet
  facet normal 0.321194 0.947013 0
    outer loop
      vertex -41.8292 41.6213 7.4
      vertex -41.6806 41.5709 2.4
      vertex -41.8292 41.6213 2.4
    endloop
  endfacet
  facet normal 0.896708 0.442622 0
    outer loop
      vertex -42.4092 42.13 7.4
      vertex -42.4787 42.2708 2.4
      vertex -42.4787 42.2708 7.4
    endloop
  endfacet
  facet normal 0.896708 0.442622 0
    outer loop
      vertex -42.4787 42.2708 2.4
      vertex -42.4092 42.13 7.4
      vertex -42.4092 42.13 2.4
    endloop
  endfacet
  facet normal 0.831462 0.555582 0
    outer loop
      vertex -42.322 41.9995 7.4
      vertex -42.4092 42.13 2.4
      vertex -42.4092 42.13 7.4
    endloop
  endfacet
  facet normal 0.831462 0.555582 0
    outer loop
      vertex -42.4092 42.13 2.4
      vertex -42.322 41.9995 7.4
      vertex -42.322 41.9995 2.4
    endloop
  endfacet
  facet normal 0.997844 0.0656309 0
    outer loop
      vertex -42.5597 42.5734 7.4
      vertex -42.57 42.73 2.4
      vertex -42.57 42.73 7.4
    endloop
  endfacet
  facet normal 0.997844 0.0656309 0
    outer loop
      vertex -42.57 42.73 2.4
      vertex -42.5597 42.5734 7.4
      vertex -42.5597 42.5734 2.4
    endloop
  endfacet
  facet normal -0.947013 -0.321194 0
    outer loop
      vertex -40.2109 43.0406 2.4
      vertex -40.2613 43.1892 7.4
      vertex -40.2613 43.1892 2.4
    endloop
  endfacet
  facet normal -0.947013 -0.321194 0
    outer loop
      vertex -40.2613 43.1892 7.4
      vertex -40.2109 43.0406 2.4
      vertex -40.2109 43.0406 7.4
    endloop
  endfacet
  facet normal -0.980825 -0.194891 0
    outer loop
      vertex -40.1803 42.8866 2.4
      vertex -40.2109 43.0406 7.4
      vertex -40.2109 43.0406 2.4
    endloop
  endfacet
  facet normal -0.980825 -0.194891 0
    outer loop
      vertex -40.2109 43.0406 7.4
      vertex -40.1803 42.8866 2.4
      vertex -40.1803 42.8866 7.4
    endloop
  endfacet
  facet normal -0.194891 -0.980825 0
    outer loop
      vertex -41.2134 43.9197 2.4
      vertex -41.0594 43.8891 7.4
      vertex -41.2134 43.9197 7.4
    endloop
  endfacet
  facet normal -0.194891 -0.980825 -0
    outer loop
      vertex -41.0594 43.8891 7.4
      vertex -41.2134 43.9197 2.4
      vertex -41.0594 43.8891 2.4
    endloop
  endfacet
  facet normal -0.659406 -0.751787 0
    outer loop
      vertex -40.6395 43.682 2.4
      vertex -40.5215 43.5785 7.4
      vertex -40.6395 43.682 7.4
    endloop
  endfacet
  facet normal -0.659406 -0.751787 -0
    outer loop
      vertex -40.5215 43.5785 7.4
      vertex -40.6395 43.682 2.4
      vertex -40.5215 43.5785 2.4
    endloop
  endfacet
  facet normal 0.980825 -0.194891 0
    outer loop
      vertex -42.5597 42.8866 7.4
      vertex -42.5291 43.0406 2.4
      vertex -42.5291 43.0406 7.4
    endloop
  endfacet
  facet normal 0.980825 -0.194891 0
    outer loop
      vertex -42.5291 43.0406 2.4
      vertex -42.5597 42.8866 7.4
      vertex -42.5597 42.8866 2.4
    endloop
  endfacet
  facet normal -0.997844 0.0656309 0
    outer loop
      vertex -40.1803 42.5734 2.4
      vertex -40.17 42.73 7.4
      vertex -40.17 42.73 2.4
    endloop
  endfacet
  facet normal -0.997844 0.0656309 0
    outer loop
      vertex -40.17 42.73 7.4
      vertex -40.1803 42.5734 2.4
      vertex -40.1803 42.5734 7.4
    endloop
  endfacet
  facet normal -0.555582 0.831462 0
    outer loop
      vertex -40.6395 41.778 2.4
      vertex -40.77 41.6908 7.4
      vertex -40.6395 41.778 7.4
    endloop
  endfacet
  facet normal -0.555582 0.831462 0
    outer loop
      vertex -40.77 41.6908 7.4
      vertex -40.6395 41.778 2.4
      vertex -40.77 41.6908 2.4
    endloop
  endfacet
  facet normal -0.896708 0.442622 0
    outer loop
      vertex -40.3308 42.13 2.4
      vertex -40.2613 42.2708 7.4
      vertex -40.2613 42.2708 2.4
    endloop
  endfacet
  facet normal -0.896708 0.442622 0
    outer loop
      vertex -40.2613 42.2708 7.4
      vertex -40.3308 42.13 2.4
      vertex -40.3308 42.13 7.4
    endloop
  endfacet
  facet normal -0.751787 0.659406 0
    outer loop
      vertex -40.5215 41.8815 2.4
      vertex -40.418 41.9995 7.4
      vertex -40.418 41.9995 2.4
    endloop
  endfacet
  facet normal -0.751787 0.659406 0
    outer loop
      vertex -40.418 41.9995 7.4
      vertex -40.5215 41.8815 2.4
      vertex -40.5215 41.8815 7.4
    endloop
  endfacet
  facet normal -0.831462 0.555582 0
    outer loop
      vertex -40.418 41.9995 2.4
      vertex -40.3308 42.13 7.4
      vertex -40.3308 42.13 2.4
    endloop
  endfacet
  facet normal -0.831462 0.555582 0
    outer loop
      vertex -40.3308 42.13 7.4
      vertex -40.418 41.9995 2.4
      vertex -40.418 41.9995 7.4
    endloop
  endfacet
  facet normal 0.659406 0.751787 -0
    outer loop
      vertex -42.1005 41.778 2.4
      vertex -42.2185 41.8815 7.4
      vertex -42.1005 41.778 7.4
    endloop
  endfacet
  facet normal 0.659406 0.751787 0
    outer loop
      vertex -42.2185 41.8815 7.4
      vertex -42.1005 41.778 2.4
      vertex -42.2185 41.8815 2.4
    endloop
  endfacet
  facet normal 0.555582 0.831462 -0
    outer loop
      vertex -41.97 41.6908 2.4
      vertex -42.1005 41.778 7.4
      vertex -41.97 41.6908 7.4
    endloop
  endfacet
  facet normal 0.555582 0.831462 0
    outer loop
      vertex -42.1005 41.778 7.4
      vertex -41.97 41.6908 2.4
      vertex -42.1005 41.778 2.4
    endloop
  endfacet
  facet normal 0.0656309 0.997844 -0
    outer loop
      vertex -41.37 41.53 2.4
      vertex -41.5266 41.5403 7.4
      vertex -41.37 41.53 7.4
    endloop
  endfacet
  facet normal 0.0656309 0.997844 0
    outer loop
      vertex -41.5266 41.5403 7.4
      vertex -41.37 41.53 2.4
      vertex -41.5266 41.5403 2.4
    endloop
  endfacet
  facet normal 0.751787 0.659406 0
    outer loop
      vertex -42.2185 41.8815 7.4
      vertex -42.322 41.9995 2.4
      vertex -42.322 41.9995 7.4
    endloop
  endfacet
  facet normal 0.751787 0.659406 0
    outer loop
      vertex -42.322 41.9995 2.4
      vertex -42.2185 41.8815 7.4
      vertex -42.2185 41.8815 2.4
    endloop
  endfacet
  facet normal 0.947013 0.321194 0
    outer loop
      vertex -42.4787 42.2708 7.4
      vertex -42.5291 42.4194 2.4
      vertex -42.5291 42.4194 7.4
    endloop
  endfacet
  facet normal 0.947013 0.321194 0
    outer loop
      vertex -42.5291 42.4194 2.4
      vertex -42.4787 42.2708 7.4
      vertex -42.4787 42.2708 2.4
    endloop
  endfacet
  facet normal -0.321194 -0.947013 0
    outer loop
      vertex -41.0594 43.8891 2.4
      vertex -40.9108 43.8387 7.4
      vertex -41.0594 43.8891 7.4
    endloop
  endfacet
  facet normal -0.321194 -0.947013 -0
    outer loop
      vertex -40.9108 43.8387 7.4
      vertex -41.0594 43.8891 2.4
      vertex -40.9108 43.8387 2.4
    endloop
  endfacet
  facet normal 0.751787 -0.659406 0
    outer loop
      vertex -42.322 43.4605 7.4
      vertex -42.2185 43.5785 2.4
      vertex -42.2185 43.5785 7.4
    endloop
  endfacet
  facet normal 0.751787 -0.659406 0
    outer loop
      vertex -42.2185 43.5785 2.4
      vertex -42.322 43.4605 7.4
      vertex -42.322 43.4605 2.4
    endloop
  endfacet
  facet normal 0.947013 -0.321194 0
    outer loop
      vertex -42.5291 43.0406 7.4
      vertex -42.4787 43.1892 2.4
      vertex -42.4787 43.1892 7.4
    endloop
  endfacet
  facet normal 0.947013 -0.321194 0
    outer loop
      vertex -42.4787 43.1892 2.4
      vertex -42.5291 43.0406 7.4
      vertex -42.5291 43.0406 2.4
    endloop
  endfacet
  facet normal 0.555582 -0.831462 0
    outer loop
      vertex -42.1005 43.682 2.4
      vertex -41.97 43.7692 7.4
      vertex -42.1005 43.682 7.4
    endloop
  endfacet
  facet normal 0.555582 -0.831462 0
    outer loop
      vertex -41.97 43.7692 7.4
      vertex -42.1005 43.682 2.4
      vertex -41.97 43.7692 2.4
    endloop
  endfacet
  facet normal 0.194891 -0.980825 0
    outer loop
      vertex -41.6806 43.8891 2.4
      vertex -41.5266 43.9197 7.4
      vertex -41.6806 43.8891 7.4
    endloop
  endfacet
  facet normal 0.194891 -0.980825 0
    outer loop
      vertex -41.5266 43.9197 7.4
      vertex -41.6806 43.8891 2.4
      vertex -41.5266 43.9197 2.4
    endloop
  endfacet
  facet normal -0.321194 0.947013 0
    outer loop
      vertex -40.9108 41.6213 2.4
      vertex -41.0594 41.5709 7.4
      vertex -40.9108 41.6213 7.4
    endloop
  endfacet
  facet normal -0.321194 0.947013 0
    outer loop
      vertex -41.0594 41.5709 7.4
      vertex -40.9108 41.6213 2.4
      vertex -41.0594 41.5709 2.4
    endloop
  endfacet
  facet normal -0.980825 0.194891 0
    outer loop
      vertex -40.2109 42.4194 2.4
      vertex -40.1803 42.5734 7.4
      vertex -40.1803 42.5734 2.4
    endloop
  endfacet
  facet normal -0.980825 0.194891 0
    outer loop
      vertex -40.1803 42.5734 7.4
      vertex -40.2109 42.4194 2.4
      vertex -40.2109 42.4194 7.4
    endloop
  endfacet
  facet normal 0.194891 0.980825 -0
    outer loop
      vertex -41.5266 41.5403 2.4
      vertex -41.6806 41.5709 7.4
      vertex -41.5266 41.5403 7.4
    endloop
  endfacet
  facet normal 0.194891 0.980825 0
    outer loop
      vertex -41.6806 41.5709 7.4
      vertex -41.5266 41.5403 2.4
      vertex -41.6806 41.5709 2.4
    endloop
  endfacet
  facet normal 0.997859 0.0654055 0
    outer loop
      vertex 44.98 42.73 7.4
      vertex 44.9492 43.1999 2.4
      vertex 44.9492 43.1999 7.4
    endloop
  endfacet
  facet normal 0.997859 0.0654055 0
    outer loop
      vertex 44.9492 43.1999 2.4
      vertex 44.98 42.73 7.4
      vertex 44.98 42.73 2.4
    endloop
  endfacet
  facet normal -0.997859 0.0654055 0
    outer loop
      vertex 37.78 42.73 2.4
      vertex 37.8108 43.1999 7.4
      vertex 37.8108 43.1999 2.4
    endloop
  endfacet
  facet normal -0.997859 0.0654055 0
    outer loop
      vertex 37.8108 43.1999 7.4
      vertex 37.78 42.73 2.4
      vertex 37.78 42.73 7.4
    endloop
  endfacet
  facet normal -0.0654055 0.997859 0
    outer loop
      vertex 41.38 46.33 2.4
      vertex 40.9101 46.2992 7.4
      vertex 41.38 46.33 7.4
    endloop
  endfacet
  facet normal -0.0654055 0.997859 0
    outer loop
      vertex 40.9101 46.2992 7.4
      vertex 41.38 46.33 2.4
      vertex 40.9101 46.2992 2.4
    endloop
  endfacet
  facet normal 0.0654055 -0.997859 0
    outer loop
      vertex 41.38 39.13 2.4
      vertex 41.8499 39.1608 7.4
      vertex 41.38 39.13 7.4
    endloop
  endfacet
  facet normal 0.0654055 -0.997859 0
    outer loop
      vertex 41.8499 39.1608 7.4
      vertex 41.38 39.13 2.4
      vertex 41.8499 39.1608 2.4
    endloop
  endfacet
  facet normal 0.751879 -0.659301 0
    outer loop
      vertex 43.9256 40.1844 7.4
      vertex 44.2361 40.5385 2.4
      vertex 44.2361 40.5385 7.4
    endloop
  endfacet
  facet normal 0.751879 -0.659301 0
    outer loop
      vertex 44.2361 40.5385 2.4
      vertex 43.9256 40.1844 7.4
      vertex 43.9256 40.1844 2.4
    endloop
  endfacet
  facet normal 0.659301 0.751879 -0
    outer loop
      vertex 43.9256 45.2756 2.4
      vertex 43.5715 45.5861 7.4
      vertex 43.9256 45.2756 7.4
    endloop
  endfacet
  facet normal 0.659301 0.751879 0
    outer loop
      vertex 43.5715 45.5861 7.4
      vertex 43.9256 45.2756 2.4
      vertex 43.5715 45.5861 2.4
    endloop
  endfacet
  facet normal -0.751879 0.659301 0
    outer loop
      vertex 38.5239 44.9215 2.4
      vertex 38.8344 45.2756 7.4
      vertex 38.8344 45.2756 2.4
    endloop
  endfacet
  facet normal -0.751879 0.659301 0
    outer loop
      vertex 38.8344 45.2756 7.4
      vertex 38.5239 44.9215 2.4
      vertex 38.5239 44.9215 7.4
    endloop
  endfacet
  facet normal -0.442365 0.896835 0
    outer loop
      vertex 40.0023 46.056 2.4
      vertex 39.58 45.8477 7.4
      vertex 40.0023 46.056 7.4
    endloop
  endfacet
  facet normal -0.442365 0.896835 0
    outer loop
      vertex 39.58 45.8477 7.4
      vertex 40.0023 46.056 2.4
      vertex 39.58 45.8477 2.4
    endloop
  endfacet
  facet normal 0.896835 0.442365 0
    outer loop
      vertex 44.706 44.1077 7.4
      vertex 44.4977 44.53 2.4
      vertex 44.4977 44.53 7.4
    endloop
  endfacet
  facet normal 0.896835 0.442365 0
    outer loop
      vertex 44.4977 44.53 2.4
      vertex 44.706 44.1077 7.4
      vertex 44.706 44.1077 2.4
    endloop
  endfacet
  facet normal 0.831462 0.555582 0
    outer loop
      vertex 44.4977 44.53 7.4
      vertex 44.2361 44.9215 2.4
      vertex 44.2361 44.9215 7.4
    endloop
  endfacet
  facet normal 0.831462 0.555582 0
    outer loop
      vertex 44.2361 44.9215 2.4
      vertex 44.4977 44.53 7.4
      vertex 44.4977 44.53 2.4
    endloop
  endfacet
  facet normal 0.321256 0.946993 -0
    outer loop
      vertex 42.7577 46.056 2.4
      vertex 42.3117 46.2073 7.4
      vertex 42.7577 46.056 7.4
    endloop
  endfacet
  facet normal 0.321256 0.946993 0
    outer loop
      vertex 42.3117 46.2073 7.4
      vertex 42.7577 46.056 2.4
      vertex 42.3117 46.2073 2.4
    endloop
  endfacet
  facet normal 0.195177 0.980768 -0
    outer loop
      vertex 42.3117 46.2073 2.4
      vertex 41.8499 46.2992 7.4
      vertex 42.3117 46.2073 7.4
    endloop
  endfacet
  facet normal 0.195177 0.980768 0
    outer loop
      vertex 41.8499 46.2992 7.4
      vertex 42.3117 46.2073 2.4
      vertex 41.8499 46.2992 2.4
    endloop
  endfacet
  facet normal 0.442365 0.896835 -0
    outer loop
      vertex 43.18 45.8477 2.4
      vertex 42.7577 46.056 7.4
      vertex 43.18 45.8477 7.4
    endloop
  endfacet
  facet normal 0.442365 0.896835 0
    outer loop
      vertex 42.7577 46.056 7.4
      vertex 43.18 45.8477 2.4
      vertex 42.7577 46.056 2.4
    endloop
  endfacet
  facet normal -0.896835 0.442365 0
    outer loop
      vertex 38.054 44.1077 2.4
      vertex 38.2623 44.53 7.4
      vertex 38.2623 44.53 2.4
    endloop
  endfacet
  facet normal -0.896835 0.442365 0
    outer loop
      vertex 38.2623 44.53 7.4
      vertex 38.054 44.1077 2.4
      vertex 38.054 44.1077 7.4
    endloop
  endfacet
  facet normal -0.831462 0.555582 0
    outer loop
      vertex 38.2623 44.53 2.4
      vertex 38.5239 44.9215 7.4
      vertex 38.5239 44.9215 2.4
    endloop
  endfacet
  facet normal -0.831462 0.555582 0
    outer loop
      vertex 38.5239 44.9215 7.4
      vertex 38.2623 44.53 2.4
      vertex 38.2623 44.53 7.4
    endloop
  endfacet
  facet normal 0 0 1
    outer loop
      vertex 42.58 42.73 7.4
      vertex 44.98 42.73 7.4
      vertex 44.9492 43.1999 7.4
    endloop
  endfacet
  facet normal 0 0 1
    outer loop
      vertex 42.5697 42.8866 7.4
      vertex 44.9492 43.1999 7.4
      vertex 44.8573 43.6617 7.4
    endloop
  endfacet
  facet normal 0 0 1
    outer loop
      vertex 44.98 42.73 7.4
      vertex 42.58 42.73 7.4
      vertex 44.9492 42.2601 7.4
    endloop
  endfacet
  facet normal 0 0 1
    outer loop
      vertex 42.5391 43.0406 7.4
      vertex 44.8573 43.6617 7.4
      vertex 44.706 44.1077 7.4
    endloop
  endfacet
  facet normal -0 0 1
    outer loop
      vertex 42.5697 42.5734 7.4
      vertex 44.9492 42.2601 7.4
      vertex 42.58 42.73 7.4
    endloop
  endfacet
  facet normal 0 0 1
    outer loop
      vertex 42.4887 43.1892 7.4
      vertex 44.706 44.1077 7.4
      vertex 44.4977 44.53 7.4
    endloop
  endfacet
  facet normal 0 0 1
    outer loop
      vertex 44.9492 42.2601 7.4
      vertex 42.5697 42.5734 7.4
      vertex 44.8573 41.7983 7.4
    endloop
  endfacet
  facet normal 0 0 1
    outer loop
      vertex 42.4192 43.33 7.4
      vertex 44.4977 44.53 7.4
      vertex 44.2361 44.9215 7.4
    endloop
  endfacet
  facet normal -0 0 1
    outer loop
      vertex 42.5391 42.4194 7.4
      vertex 44.8573 41.7983 7.4
      vertex 42.5697 42.5734 7.4
    endloop
  endfacet
  facet normal 0 0 1
    outer loop
      vertex 42.332 43.4605 7.4
      vertex 44.2361 44.9215 7.4
      vertex 43.9256 45.2756 7.4
    endloop
  endfacet
  facet normal 0 0 1
    outer loop
      vertex 44.8573 41.7983 7.4
      vertex 42.5391 42.4194 7.4
      vertex 44.706 41.3523 7.4
    endloop
  endfacet
  facet normal 0 0 1
    outer loop
      vertex 42.2285 43.5785 7.4
      vertex 43.9256 45.2756 7.4
      vertex 43.5715 45.5861 7.4
    endloop
  endfacet
  facet normal -0 0 1
    outer loop
      vertex 42.4887 42.2708 7.4
      vertex 44.706 41.3523 7.4
      vertex 42.5391 42.4194 7.4
    endloop
  endfacet
  facet normal 0 0 1
    outer loop
      vertex 42.1105 43.682 7.4
      vertex 43.5715 45.5861 7.4
      vertex 43.18 45.8477 7.4
    endloop
  endfacet
  facet normal 0 0 1
    outer loop
      vertex 44.706 41.3523 7.4
      vertex 42.4887 42.2708 7.4
      vertex 44.4977 40.93 7.4
    endloop
  endfacet
  facet normal 0 0 1
    outer loop
      vertex 41.98 43.7692 7.4
      vertex 43.18 45.8477 7.4
      vertex 42.7577 46.056 7.4
    endloop
  endfacet
  facet normal -0 0 1
    outer loop
      vertex 42.4192 42.13 7.4
      vertex 44.4977 40.93 7.4
      vertex 42.4887 42.2708 7.4
    endloop
  endfacet
  facet normal 0 0 1
    outer loop
      vertex 44.4977 40.93 7.4
      vertex 42.4192 42.13 7.4
      vertex 44.2361 40.5385 7.4
    endloop
  endfacet
  facet normal 0 0 1
    outer loop
      vertex 44.9492 43.1999 7.4
      vertex 42.5697 42.8866 7.4
      vertex 42.58 42.73 7.4
    endloop
  endfacet
  facet normal 0 0 1
    outer loop
      vertex 44.8573 43.6617 7.4
      vertex 42.5391 43.0406 7.4
      vertex 42.5697 42.8866 7.4
    endloop
  endfacet
  facet normal 0 0 1
    outer loop
      vertex 44.706 44.1077 7.4
      vertex 42.4887 43.1892 7.4
      vertex 42.5391 43.0406 7.4
    endloop
  endfacet
  facet normal 0 0 1
    outer loop
      vertex 44.4977 44.53 7.4
      vertex 42.4192 43.33 7.4
      vertex 42.4887 43.1892 7.4
    endloop
  endfacet
  facet normal 0 0 1
    outer loop
      vertex 44.2361 44.9215 7.4
      vertex 42.332 43.4605 7.4
      vertex 42.4192 43.33 7.4
    endloop
  endfacet
  facet normal 0 0 1
    outer loop
      vertex 41.8392 43.8387 7.4
      vertex 42.7577 46.056 7.4
      vertex 42.3117 46.2073 7.4
    endloop
  endfacet
  facet normal 0 0 1
    outer loop
      vertex 43.9256 45.2756 7.4
      vertex 42.2285 43.5785 7.4
      vertex 42.332 43.4605 7.4
    endloop
  endfacet
  facet normal 0 0 1
    outer loop
      vertex 43.5715 45.5861 7.4
      vertex 42.1105 43.682 7.4
      vertex 42.2285 43.5785 7.4
    endloop
  endfacet
  facet normal 0 0 1
    outer loop
      vertex 43.18 45.8477 7.4
      vertex 41.98 43.7692 7.4
      vertex 42.1105 43.682 7.4
    endloop
  endfacet
  facet normal 0 0 1
    outer loop
      vertex 41.6906 43.8891 7.4
      vertex 42.3117 46.2073 7.4
      vertex 41.8499 46.2992 7.4
    endloop
  endfacet
  facet normal 0 0 1
    outer loop
      vertex 42.7577 46.056 7.4
      vertex 41.8392 43.8387 7.4
      vertex 41.98 43.7692 7.4
    endloop
  endfacet
  facet normal 0 0 1
    outer loop
      vertex 42.3117 46.2073 7.4
      vertex 41.6906 43.8891 7.4
      vertex 41.8392 43.8387 7.4
    endloop
  endfacet
  facet normal 0 0 1
    outer loop
      vertex 41.8499 46.2992 7.4
      vertex 41.5366 43.9197 7.4
      vertex 41.6906 43.8891 7.4
    endloop
  endfacet
  facet normal 0 0 1
    outer loop
      vertex 41.38 46.33 7.4
      vertex 41.5366 43.9197 7.4
      vertex 41.8499 46.2992 7.4
    endloop
  endfacet
  facet normal 0 0 1
    outer loop
      vertex 41.38 46.33 7.4
      vertex 41.38 43.93 7.4
      vertex 41.5366 43.9197 7.4
    endloop
  endfacet
  facet normal 0 0 1
    outer loop
      vertex 41.38 46.33 7.4
      vertex 41.2234 43.9197 7.4
      vertex 41.38 43.93 7.4
    endloop
  endfacet
  facet normal -0 0 1
    outer loop
      vertex 40.9101 46.2992 7.4
      vertex 41.2234 43.9197 7.4
      vertex 41.38 46.33 7.4
    endloop
  endfacet
  facet normal 0 0 1
    outer loop
      vertex 41.2234 43.9197 7.4
      vertex 40.9101 46.2992 7.4
      vertex 41.0694 43.8891 7.4
    endloop
  endfacet
  facet normal -0 0 1
    outer loop
      vertex 40.4482 46.2073 7.4
      vertex 41.0694 43.8891 7.4
      vertex 40.9101 46.2992 7.4
    endloop
  endfacet
  facet normal 0 0 1
    outer loop
      vertex 41.0694 43.8891 7.4
      vertex 40.4482 46.2073 7.4
      vertex 40.9208 43.8387 7.4
    endloop
  endfacet
  facet normal -0 0 1
    outer loop
      vertex 40.0023 46.056 7.4
      vertex 40.9208 43.8387 7.4
      vertex 40.4482 46.2073 7.4
    endloop
  endfacet
  facet normal 0 0 1
    outer loop
      vertex 40.9208 43.8387 7.4
      vertex 40.0023 46.056 7.4
      vertex 40.78 43.7692 7.4
    endloop
  endfacet
  facet normal -0 0 1
    outer loop
      vertex 39.58 45.8477 7.4
      vertex 40.78 43.7692 7.4
      vertex 40.0023 46.056 7.4
    endloop
  endfacet
  facet normal 0 0 1
    outer loop
      vertex 40.78 43.7692 7.4
      vertex 39.58 45.8477 7.4
      vertex 40.6495 43.682 7.4
    endloop
  endfacet
  facet normal -0 0 1
    outer loop
      vertex 39.1885 45.5861 7.4
      vertex 40.6495 43.682 7.4
      vertex 39.58 45.8477 7.4
    endloop
  endfacet
  facet normal 0 0 1
    outer loop
      vertex 40.6495 43.682 7.4
      vertex 39.1885 45.5861 7.4
      vertex 40.5315 43.5785 7.4
    endloop
  endfacet
  facet normal -0 0 1
    outer loop
      vertex 38.8344 45.2756 7.4
      vertex 40.5315 43.5785 7.4
      vertex 39.1885 45.5861 7.4
    endloop
  endfacet
  facet normal 0 0 1
    outer loop
      vertex 40.5315 43.5785 7.4
      vertex 38.8344 45.2756 7.4
      vertex 40.428 43.4605 7.4
    endloop
  endfacet
  facet normal 0 0 1
    outer loop
      vertex 40.428 43.4605 7.4
      vertex 38.5239 44.9215 7.4
      vertex 40.3408 43.33 7.4
    endloop
  endfacet
  facet normal -0 0 1
    outer loop
      vertex 38.5239 44.9215 7.4
      vertex 40.428 43.4605 7.4
      vertex 38.8344 45.2756 7.4
    endloop
  endfacet
  facet normal -0 0 1
    outer loop
      vertex 42.332 41.9995 7.4
      vertex 44.2361 40.5385 7.4
      vertex 42.4192 42.13 7.4
    endloop
  endfacet
  facet normal 0 0 1
    outer loop
      vertex 44.2361 40.5385 7.4
      vertex 42.332 41.9995 7.4
      vertex 43.9256 40.1844 7.4
    endloop
  endfacet
  facet normal -0 0 1
    outer loop
      vertex 42.2285 41.8815 7.4
      vertex 43.9256 40.1844 7.4
      vertex 42.332 41.9995 7.4
    endloop
  endfacet
  facet normal 0 0 1
    outer loop
      vertex 43.9256 40.1844 7.4
      vertex 42.2285 41.8815 7.4
      vertex 43.5715 39.8739 7.4
    endloop
  endfacet
  facet normal -0 0 1
    outer loop
      vertex 42.1105 41.778 7.4
      vertex 43.5715 39.8739 7.4
      vertex 42.2285 41.8815 7.4
    endloop
  endfacet
  facet normal 0 0 1
    outer loop
      vertex 43.5715 39.8739 7.4
      vertex 42.1105 41.778 7.4
      vertex 43.18 39.6123 7.4
    endloop
  endfacet
  facet normal -0 0 1
    outer loop
      vertex 41.98 41.6908 7.4
      vertex 43.18 39.6123 7.4
      vertex 42.1105 41.778 7.4
    endloop
  endfacet
  facet normal 0 0 1
    outer loop
      vertex 43.18 39.6123 7.4
      vertex 41.98 41.6908 7.4
      vertex 42.7577 39.404 7.4
    endloop
  endfacet
  facet normal -0 0 1
    outer loop
      vertex 41.8392 41.6213 7.4
      vertex 42.7577 39.404 7.4
      vertex 41.98 41.6908 7.4
    endloop
  endfacet
  facet normal 0 0 1
    outer loop
      vertex 42.7577 39.404 7.4
      vertex 41.8392 41.6213 7.4
      vertex 42.3117 39.2527 7.4
    endloop
  endfacet
  facet normal -0 0 1
    outer loop
      vertex 41.6906 41.5709 7.4
      vertex 42.3117 39.2527 7.4
      vertex 41.8392 41.6213 7.4
    endloop
  endfacet
  facet normal 0 0 1
    outer loop
      vertex 42.3117 39.2527 7.4
      vertex 41.6906 41.5709 7.4
      vertex 41.8499 39.1608 7.4
    endloop
  endfacet
  facet normal -0 0 1
    outer loop
      vertex 41.5366 41.5403 7.4
      vertex 41.8499 39.1608 7.4
      vertex 41.6906 41.5709 7.4
    endloop
  endfacet
  facet normal -0 0 1
    outer loop
      vertex 41.38 41.53 7.4
      vertex 41.8499 39.1608 7.4
      vertex 41.5366 41.5403 7.4
    endloop
  endfacet
  facet normal 0 0 1
    outer loop
      vertex 41.38 41.53 7.4
      vertex 41.38 39.13 7.4
      vertex 41.8499 39.1608 7.4
    endloop
  endfacet
  facet normal 0 0 1
    outer loop
      vertex 41.2234 41.5403 7.4
      vertex 41.38 39.13 7.4
      vertex 41.38 41.53 7.4
    endloop
  endfacet
  facet normal 0 0 1
    outer loop
      vertex 40.9101 39.1608 7.4
      vertex 41.2234 41.5403 7.4
      vertex 41.0694 41.5709 7.4
    endloop
  endfacet
  facet normal 0 0 1
    outer loop
      vertex 40.4482 39.2527 7.4
      vertex 41.0694 41.5709 7.4
      vertex 40.9208 41.6213 7.4
    endloop
  endfacet
  facet normal 0 0 1
    outer loop
      vertex 41.2234 41.5403 7.4
      vertex 40.9101 39.1608 7.4
      vertex 41.38 39.13 7.4
    endloop
  endfacet
  facet normal 0 0 1
    outer loop
      vertex 40.0023 39.404 7.4
      vertex 40.9208 41.6213 7.4
      vertex 40.78 41.6908 7.4
    endloop
  endfacet
  facet normal 0 0 1
    outer loop
      vertex 39.58 39.6123 7.4
      vertex 40.78 41.6908 7.4
      vertex 40.6495 41.778 7.4
    endloop
  endfacet
  facet normal 0 0 1
    outer loop
      vertex 39.1885 39.8739 7.4
      vertex 40.6495 41.778 7.4
      vertex 40.5315 41.8815 7.4
    endloop
  endfacet
  facet normal 0 0 1
    outer loop
      vertex 41.0694 41.5709 7.4
      vertex 40.4482 39.2527 7.4
      vertex 40.9101 39.1608 7.4
    endloop
  endfacet
  facet normal 0 0 1
    outer loop
      vertex 38.8344 40.1844 7.4
      vertex 40.5315 41.8815 7.4
      vertex 40.428 41.9995 7.4
    endloop
  endfacet
  facet normal 0 0 1
    outer loop
      vertex 38.5239 40.5385 7.4
      vertex 40.428 41.9995 7.4
      vertex 40.3408 42.13 7.4
    endloop
  endfacet
  facet normal 0 0 1
    outer loop
      vertex 38.2623 40.93 7.4
      vertex 40.3408 42.13 7.4
      vertex 40.2713 42.2708 7.4
    endloop
  endfacet
  facet normal 0 0 1
    outer loop
      vertex 38.054 41.3523 7.4
      vertex 40.2713 42.2708 7.4
      vertex 40.2209 42.4194 7.4
    endloop
  endfacet
  facet normal 0 0 1
    outer loop
      vertex 37.9027 41.7983 7.4
      vertex 40.2209 42.4194 7.4
      vertex 40.1903 42.5734 7.4
    endloop
  endfacet
  facet normal 0 0 1
    outer loop
      vertex 40.9208 41.6213 7.4
      vertex 40.0023 39.404 7.4
      vertex 40.4482 39.2527 7.4
    endloop
  endfacet
  facet normal 0 0 1
    outer loop
      vertex 37.8108 42.2601 7.4
      vertex 40.1903 42.5734 7.4
      vertex 40.18 42.73 7.4
    endloop
  endfacet
  facet normal -0 0 1
    outer loop
      vertex 38.2623 44.53 7.4
      vertex 40.3408 43.33 7.4
      vertex 38.5239 44.9215 7.4
    endloop
  endfacet
  facet normal 0 0 1
    outer loop
      vertex 40.3408 43.33 7.4
      vertex 38.2623 44.53 7.4
      vertex 40.2713 43.1892 7.4
    endloop
  endfacet
  facet normal 0 0 1
    outer loop
      vertex 40.78 41.6908 7.4
      vertex 39.58 39.6123 7.4
      vertex 40.0023 39.404 7.4
    endloop
  endfacet
  facet normal -0 0 1
    outer loop
      vertex 38.054 44.1077 7.4
      vertex 40.2713 43.1892 7.4
      vertex 38.2623 44.53 7.4
    endloop
  endfacet
  facet normal 0 0 1
    outer loop
      vertex 40.6495 41.778 7.4
      vertex 39.1885 39.8739 7.4
      vertex 39.58 39.6123 7.4
    endloop
  endfacet
  facet normal 0 0 1
    outer loop
      vertex 40.2713 43.1892 7.4
      vertex 38.054 44.1077 7.4
      vertex 40.2209 43.0406 7.4
    endloop
  endfacet
  facet normal 0 0 1
    outer loop
      vertex 40.5315 41.8815 7.4
      vertex 38.8344 40.1844 7.4
      vertex 39.1885 39.8739 7.4
    endloop
  endfacet
  facet normal -0 0 1
    outer loop
      vertex 37.9027 43.6617 7.4
      vertex 40.2209 43.0406 7.4
      vertex 38.054 44.1077 7.4
    endloop
  endfacet
  facet normal 0 0 1
    outer loop
      vertex 40.428 41.9995 7.4
      vertex 38.5239 40.5385 7.4
      vertex 38.8344 40.1844 7.4
    endloop
  endfacet
  facet normal 0 0 1
    outer loop
      vertex 40.2209 43.0406 7.4
      vertex 37.9027 43.6617 7.4
      vertex 40.1903 42.8866 7.4
    endloop
  endfacet
  facet normal 0 0 1
    outer loop
      vertex 40.3408 42.13 7.4
      vertex 38.2623 40.93 7.4
      vertex 38.5239 40.5385 7.4
    endloop
  endfacet
  facet normal -0 0 1
    outer loop
      vertex 37.8108 43.1999 7.4
      vertex 40.1903 42.8866 7.4
      vertex 37.9027 43.6617 7.4
    endloop
  endfacet
  facet normal 0 0 1
    outer loop
      vertex 40.2713 42.2708 7.4
      vertex 38.054 41.3523 7.4
      vertex 38.2623 40.93 7.4
    endloop
  endfacet
  facet normal 0 0 1
    outer loop
      vertex 40.1903 42.8866 7.4
      vertex 37.8108 43.1999 7.4
      vertex 40.18 42.73 7.4
    endloop
  endfacet
  facet normal 0 0 1
    outer loop
      vertex 40.2209 42.4194 7.4
      vertex 37.9027 41.7983 7.4
      vertex 38.054 41.3523 7.4
    endloop
  endfacet
  facet normal 0 0 1
    outer loop
      vertex 37.78 42.73 7.4
      vertex 40.18 42.73 7.4
      vertex 37.8108 43.1999 7.4
    endloop
  endfacet
  facet normal 0 0 1
    outer loop
      vertex 40.1903 42.5734 7.4
      vertex 37.8108 42.2601 7.4
      vertex 37.9027 41.7983 7.4
    endloop
  endfacet
  facet normal 0 0 1
    outer loop
      vertex 40.18 42.73 7.4
      vertex 37.78 42.73 7.4
      vertex 37.8108 42.2601 7.4
    endloop
  endfacet
  facet normal -0.555582 0.831462 0
    outer loop
      vertex 39.58 45.8477 2.4
      vertex 39.1885 45.5861 7.4
      vertex 39.58 45.8477 7.4
    endloop
  endfacet
  facet normal -0.555582 0.831462 0
    outer loop
      vertex 39.1885 45.5861 7.4
      vertex 39.58 45.8477 2.4
      vertex 39.1885 45.5861 2.4
    endloop
  endfacet
  facet normal -0.32132 0.946971 0
    outer loop
      vertex 40.4482 46.2073 2.4
      vertex 40.0023 46.056 7.4
      vertex 40.4482 46.2073 7.4
    endloop
  endfacet
  facet normal -0.32132 0.946971 0
    outer loop
      vertex 40.0023 46.056 7.4
      vertex 40.4482 46.2073 2.4
      vertex 40.0023 46.056 2.4
    endloop
  endfacet
  facet normal 0 0 -1
    outer loop
      vertex 42.58 42.73 2.4
      vertex 44.98 42.73 2.4
      vertex 44.9492 42.2601 2.4
    endloop
  endfacet
  facet normal 0 0 -1
    outer loop
      vertex 42.5697 42.5734 2.4
      vertex 44.9492 42.2601 2.4
      vertex 44.8573 41.7983 2.4
    endloop
  endfacet
  facet normal 0 0 -1
    outer loop
      vertex 44.98 42.73 2.4
      vertex 42.58 42.73 2.4
      vertex 44.9492 43.1999 2.4
    endloop
  endfacet
  facet normal 0 0 -1
    outer loop
      vertex 42.5391 42.4194 2.4
      vertex 44.8573 41.7983 2.4
      vertex 44.706 41.3523 2.4
    endloop
  endfacet
  facet normal 0 0 -1
    outer loop
      vertex 42.5697 42.8866 2.4
      vertex 44.9492 43.1999 2.4
      vertex 42.58 42.73 2.4
    endloop
  endfacet
  facet normal 0 0 -1
    outer loop
      vertex 42.4887 42.2708 2.4
      vertex 44.706 41.3523 2.4
      vertex 44.4977 40.93 2.4
    endloop
  endfacet
  facet normal -0 0 -1
    outer loop
      vertex 44.9492 43.1999 2.4
      vertex 42.5697 42.8866 2.4
      vertex 44.8573 43.6617 2.4
    endloop
  endfacet
  facet normal 0 0 -1
    outer loop
      vertex 42.4192 42.13 2.4
      vertex 44.4977 40.93 2.4
      vertex 44.2361 40.5385 2.4
    endloop
  endfacet
  facet normal 0 0 -1
    outer loop
      vertex 42.5391 43.0406 2.4
      vertex 44.8573 43.6617 2.4
      vertex 42.5697 42.8866 2.4
    endloop
  endfacet
  facet normal 0 0 -1
    outer loop
      vertex 42.332 41.9995 2.4
      vertex 44.2361 40.5385 2.4
      vertex 43.9256 40.1844 2.4
    endloop
  endfacet
  facet normal -0 0 -1
    outer loop
      vertex 44.8573 43.6617 2.4
      vertex 42.5391 43.0406 2.4
      vertex 44.706 44.1077 2.4
    endloop
  endfacet
  facet normal 0 0 -1
    outer loop
      vertex 42.2285 41.8815 2.4
      vertex 43.9256 40.1844 2.4
      vertex 43.5715 39.8739 2.4
    endloop
  endfacet
  facet normal 0 0 -1
    outer loop
      vertex 42.4887 43.1892 2.4
      vertex 44.706 44.1077 2.4
      vertex 42.5391 43.0406 2.4
    endloop
  endfacet
  facet normal 0 0 -1
    outer loop
      vertex 42.1105 41.778 2.4
      vertex 43.5715 39.8739 2.4
      vertex 43.18 39.6123 2.4
    endloop
  endfacet
  facet normal -0 0 -1
    outer loop
      vertex 44.706 44.1077 2.4
      vertex 42.4887 43.1892 2.4
      vertex 44.4977 44.53 2.4
    endloop
  endfacet
  facet normal 0 0 -1
    outer loop
      vertex 41.98 41.6908 2.4
      vertex 43.18 39.6123 2.4
      vertex 42.7577 39.404 2.4
    endloop
  endfacet
  facet normal 0 0 -1
    outer loop
      vertex 42.4192 43.33 2.4
      vertex 44.4977 44.53 2.4
      vertex 42.4887 43.1892 2.4
    endloop
  endfacet
  facet normal -0 0 -1
    outer loop
      vertex 44.4977 44.53 2.4
      vertex 42.4192 43.33 2.4
      vertex 44.2361 44.9215 2.4
    endloop
  endfacet
  facet normal 0 0 -1
    outer loop
      vertex 44.9492 42.2601 2.4
      vertex 42.5697 42.5734 2.4
      vertex 42.58 42.73 2.4
    endloop
  endfacet
  facet normal 0 0 -1
    outer loop
      vertex 44.8573 41.7983 2.4
      vertex 42.5391 42.4194 2.4
      vertex 42.5697 42.5734 2.4
    endloop
  endfacet
  facet normal 0 0 -1
    outer loop
      vertex 44.706 41.3523 2.4
      vertex 42.4887 42.2708 2.4
      vertex 42.5391 42.4194 2.4
    endloop
  endfacet
  facet normal 0 0 -1
    outer loop
      vertex 44.4977 40.93 2.4
      vertex 42.4192 42.13 2.4
      vertex 42.4887 42.2708 2.4
    endloop
  endfacet
  facet normal 0 0 -1
    outer loop
      vertex 44.2361 40.5385 2.4
      vertex 42.332 41.9995 2.4
      vertex 42.4192 42.13 2.4
    endloop
  endfacet
  facet normal 0 0 -1
    outer loop
      vertex 41.8392 41.6213 2.4
      vertex 42.7577 39.404 2.4
      vertex 42.3117 39.2527 2.4
    endloop
  endfacet
  facet normal 0 0 -1
    outer loop
      vertex 43.9256 40.1844 2.4
      vertex 42.2285 41.8815 2.4
      vertex 42.332 41.9995 2.4
    endloop
  endfacet
  facet normal 0 0 -1
    outer loop
      vertex 43.5715 39.8739 2.4
      vertex 42.1105 41.778 2.4
      vertex 42.2285 41.8815 2.4
    endloop
  endfacet
  facet normal 0 0 -1
    outer loop
      vertex 43.18 39.6123 2.4
      vertex 41.98 41.6908 2.4
      vertex 42.1105 41.778 2.4
    endloop
  endfacet
  facet normal 0 0 -1
    outer loop
      vertex 41.6906 41.5709 2.4
      vertex 42.3117 39.2527 2.4
      vertex 41.8499 39.1608 2.4
    endloop
  endfacet
  facet normal 0 0 -1
    outer loop
      vertex 42.7577 39.404 2.4
      vertex 41.8392 41.6213 2.4
      vertex 41.98 41.6908 2.4
    endloop
  endfacet
  facet normal 0 0 -1
    outer loop
      vertex 42.3117 39.2527 2.4
      vertex 41.6906 41.5709 2.4
      vertex 41.8392 41.6213 2.4
    endloop
  endfacet
  facet normal 0 0 -1
    outer loop
      vertex 41.8499 39.1608 2.4
      vertex 41.5366 41.5403 2.4
      vertex 41.6906 41.5709 2.4
    endloop
  endfacet
  facet normal 0 0 -1
    outer loop
      vertex 41.38 39.13 2.4
      vertex 41.5366 41.5403 2.4
      vertex 41.8499 39.1608 2.4
    endloop
  endfacet
  facet normal 0 0 -1
    outer loop
      vertex 41.38 39.13 2.4
      vertex 41.38 41.53 2.4
      vertex 41.5366 41.5403 2.4
    endloop
  endfacet
  facet normal 0 0 -1
    outer loop
      vertex 41.38 39.13 2.4
      vertex 41.2234 41.5403 2.4
      vertex 41.38 41.53 2.4
    endloop
  endfacet
  facet normal 0 0 -1
    outer loop
      vertex 40.9101 39.1608 2.4
      vertex 41.2234 41.5403 2.4
      vertex 41.38 39.13 2.4
    endloop
  endfacet
  facet normal -0 0 -1
    outer loop
      vertex 41.2234 41.5403 2.4
      vertex 40.9101 39.1608 2.4
      vertex 41.0694 41.5709 2.4
    endloop
  endfacet
  facet normal 0 0 -1
    outer loop
      vertex 40.4482 39.2527 2.4
      vertex 41.0694 41.5709 2.4
      vertex 40.9101 39.1608 2.4
    endloop
  endfacet
  facet normal -0 0 -1
    outer loop
      vertex 41.0694 41.5709 2.4
      vertex 40.4482 39.2527 2.4
      vertex 40.9208 41.6213 2.4
    endloop
  endfacet
  facet normal 0 0 -1
    outer loop
      vertex 40.0023 39.404 2.4
      vertex 40.9208 41.6213 2.4
      vertex 40.4482 39.2527 2.4
    endloop
  endfacet
  facet normal -0 0 -1
    outer loop
      vertex 40.9208 41.6213 2.4
      vertex 40.0023 39.404 2.4
      vertex 40.78 41.6908 2.4
    endloop
  endfacet
  facet normal 0 0 -1
    outer loop
      vertex 39.58 39.6123 2.4
      vertex 40.78 41.6908 2.4
      vertex 40.0023 39.404 2.4
    endloop
  endfacet
  facet normal -0 0 -1
    outer loop
      vertex 40.78 41.6908 2.4
      vertex 39.58 39.6123 2.4
      vertex 40.6495 41.778 2.4
    endloop
  endfacet
  facet normal 0 0 -1
    outer loop
      vertex 39.1885 39.8739 2.4
      vertex 40.6495 41.778 2.4
      vertex 39.58 39.6123 2.4
    endloop
  endfacet
  facet normal -0 0 -1
    outer loop
      vertex 40.6495 41.778 2.4
      vertex 39.1885 39.8739 2.4
      vertex 40.5315 41.8815 2.4
    endloop
  endfacet
  facet normal 0 0 -1
    outer loop
      vertex 38.8344 40.1844 2.4
      vertex 40.5315 41.8815 2.4
      vertex 39.1885 39.8739 2.4
    endloop
  endfacet
  facet normal -0 0 -1
    outer loop
      vertex 40.5315 41.8815 2.4
      vertex 38.8344 40.1844 2.4
      vertex 40.428 41.9995 2.4
    endloop
  endfacet
  facet normal -0 0 -1
    outer loop
      vertex 40.428 41.9995 2.4
      vertex 38.5239 40.5385 2.4
      vertex 40.3408 42.13 2.4
    endloop
  endfacet
  facet normal 0 0 -1
    outer loop
      vertex 38.5239 40.5385 2.4
      vertex 40.428 41.9995 2.4
      vertex 38.8344 40.1844 2.4
    endloop
  endfacet
  facet normal 0 0 -1
    outer loop
      vertex 42.332 43.4605 2.4
      vertex 44.2361 44.9215 2.4
      vertex 42.4192 43.33 2.4
    endloop
  endfacet
  facet normal -0 0 -1
    outer loop
      vertex 44.2361 44.9215 2.4
      vertex 42.332 43.4605 2.4
      vertex 43.9256 45.2756 2.4
    endloop
  endfacet
  facet normal 0 0 -1
    outer loop
      vertex 42.2285 43.5785 2.4
      vertex 43.9256 45.2756 2.4
      vertex 42.332 43.4605 2.4
    endloop
  endfacet
  facet normal -0 0 -1
    outer loop
      vertex 43.9256 45.2756 2.4
      vertex 42.2285 43.5785 2.4
      vertex 43.5715 45.5861 2.4
    endloop
  endfacet
  facet normal 0 0 -1
    outer loop
      vertex 42.1105 43.682 2.4
      vertex 43.5715 45.5861 2.4
      vertex 42.2285 43.5785 2.4
    endloop
  endfacet
  facet normal -0 0 -1
    outer loop
      vertex 43.5715 45.5861 2.4
      vertex 42.1105 43.682 2.4
      vertex 43.18 45.8477 2.4
    endloop
  endfacet
  facet normal 0 0 -1
    outer loop
      vertex 41.98 43.7692 2.4
      vertex 43.18 45.8477 2.4
      vertex 42.1105 43.682 2.4
    endloop
  endfacet
  facet normal -0 0 -1
    outer loop
      vertex 43.18 45.8477 2.4
      vertex 41.98 43.7692 2.4
      vertex 42.7577 46.056 2.4
    endloop
  endfacet
  facet normal 0 0 -1
    outer loop
      vertex 41.8392 43.8387 2.4
      vertex 42.7577 46.056 2.4
      vertex 41.98 43.7692 2.4
    endloop
  endfacet
  facet normal -0 0 -1
    outer loop
      vertex 42.7577 46.056 2.4
      vertex 41.8392 43.8387 2.4
      vertex 42.3117 46.2073 2.4
    endloop
  endfacet
  facet normal 0 0 -1
    outer loop
      vertex 41.6906 43.8891 2.4
      vertex 42.3117 46.2073 2.4
      vertex 41.8392 43.8387 2.4
    endloop
  endfacet
  facet normal -0 0 -1
    outer loop
      vertex 42.3117 46.2073 2.4
      vertex 41.6906 43.8891 2.4
      vertex 41.8499 46.2992 2.4
    endloop
  endfacet
  facet normal 0 0 -1
    outer loop
      vertex 41.5366 43.9197 2.4
      vertex 41.8499 46.2992 2.4
      vertex 41.6906 43.8891 2.4
    endloop
  endfacet
  facet normal 0 0 -1
    outer loop
      vertex 41.38 43.93 2.4
      vertex 41.8499 46.2992 2.4
      vertex 41.5366 43.9197 2.4
    endloop
  endfacet
  facet normal 0 0 -1
    outer loop
      vertex 41.38 43.93 2.4
      vertex 41.38 46.33 2.4
      vertex 41.8499 46.2992 2.4
    endloop
  endfacet
  facet normal 0 0 -1
    outer loop
      vertex 41.2234 43.9197 2.4
      vertex 41.38 46.33 2.4
      vertex 41.38 43.93 2.4
    endloop
  endfacet
  facet normal 0 0 -1
    outer loop
      vertex 40.9101 46.2992 2.4
      vertex 41.2234 43.9197 2.4
      vertex 41.0694 43.8891 2.4
    endloop
  endfacet
  facet normal 0 0 -1
    outer loop
      vertex 40.4482 46.2073 2.4
      vertex 41.0694 43.8891 2.4
      vertex 40.9208 43.8387 2.4
    endloop
  endfacet
  facet normal 0 0 -1
    outer loop
      vertex 41.2234 43.9197 2.4
      vertex 40.9101 46.2992 2.4
      vertex 41.38 46.33 2.4
    endloop
  endfacet
  facet normal 0 0 -1
    outer loop
      vertex 40.0023 46.056 2.4
      vertex 40.9208 43.8387 2.4
      vertex 40.78 43.7692 2.4
    endloop
  endfacet
  facet normal 0 0 -1
    outer loop
      vertex 39.58 45.8477 2.4
      vertex 40.78 43.7692 2.4
      vertex 40.6495 43.682 2.4
    endloop
  endfacet
  facet normal 0 0 -1
    outer loop
      vertex 39.1885 45.5861 2.4
      vertex 40.6495 43.682 2.4
      vertex 40.5315 43.5785 2.4
    endloop
  endfacet
  facet normal 0 0 -1
    outer loop
      vertex 41.0694 43.8891 2.4
      vertex 40.4482 46.2073 2.4
      vertex 40.9101 46.2992 2.4
    endloop
  endfacet
  facet normal 0 0 -1
    outer loop
      vertex 38.8344 45.2756 2.4
      vertex 40.5315 43.5785 2.4
      vertex 40.428 43.4605 2.4
    endloop
  endfacet
  facet normal 0 0 -1
    outer loop
      vertex 38.5239 44.9215 2.4
      vertex 40.428 43.4605 2.4
      vertex 40.3408 43.33 2.4
    endloop
  endfacet
  facet normal 0 0 -1
    outer loop
      vertex 38.2623 44.53 2.4
      vertex 40.3408 43.33 2.4
      vertex 40.2713 43.1892 2.4
    endloop
  endfacet
  facet normal 0 0 -1
    outer loop
      vertex 38.054 44.1077 2.4
      vertex 40.2713 43.1892 2.4
      vertex 40.2209 43.0406 2.4
    endloop
  endfacet
  facet normal 0 0 -1
    outer loop
      vertex 37.9027 43.6617 2.4
      vertex 40.2209 43.0406 2.4
      vertex 40.1903 42.8866 2.4
    endloop
  endfacet
  facet normal 0 0 -1
    outer loop
      vertex 40.9208 43.8387 2.4
      vertex 40.0023 46.056 2.4
      vertex 40.4482 46.2073 2.4
    endloop
  endfacet
  facet normal 0 0 -1
    outer loop
      vertex 37.8108 43.1999 2.4
      vertex 40.1903 42.8866 2.4
      vertex 40.18 42.73 2.4
    endloop
  endfacet
  facet normal 0 0 -1
    outer loop
      vertex 38.2623 40.93 2.4
      vertex 40.3408 42.13 2.4
      vertex 38.5239 40.5385 2.4
    endloop
  endfacet
  facet normal -0 0 -1
    outer loop
      vertex 40.3408 42.13 2.4
      vertex 38.2623 40.93 2.4
      vertex 40.2713 42.2708 2.4
    endloop
  endfacet
  facet normal 0 0 -1
    outer loop
      vertex 40.78 43.7692 2.4
      vertex 39.58 45.8477 2.4
      vertex 40.0023 46.056 2.4
    endloop
  endfacet
  facet normal 0 0 -1
    outer loop
      vertex 38.054 41.3523 2.4
      vertex 40.2713 42.2708 2.4
      vertex 38.2623 40.93 2.4
    endloop
  endfacet
  facet normal 0 0 -1
    outer loop
      vertex 40.6495 43.682 2.4
      vertex 39.1885 45.5861 2.4
      vertex 39.58 45.8477 2.4
    endloop
  endfacet
  facet normal -0 0 -1
    outer loop
      vertex 40.2713 42.2708 2.4
      vertex 38.054 41.3523 2.4
      vertex 40.2209 42.4194 2.4
    endloop
  endfacet
  facet normal 0 0 -1
    outer loop
      vertex 40.5315 43.5785 2.4
      vertex 38.8344 45.2756 2.4
      vertex 39.1885 45.5861 2.4
    endloop
  endfacet
  facet normal 0 0 -1
    outer loop
      vertex 37.9027 41.7983 2.4
      vertex 40.2209 42.4194 2.4
      vertex 38.054 41.3523 2.4
    endloop
  endfacet
  facet normal 0 0 -1
    outer loop
      vertex 40.428 43.4605 2.4
      vertex 38.5239 44.9215 2.4
      vertex 38.8344 45.2756 2.4
    endloop
  endfacet
  facet normal -0 0 -1
    outer loop
      vertex 40.2209 42.4194 2.4
      vertex 37.9027 41.7983 2.4
      vertex 40.1903 42.5734 2.4
    endloop
  endfacet
  facet normal 0 0 -1
    outer loop
      vertex 40.3408 43.33 2.4
      vertex 38.2623 44.53 2.4
      vertex 38.5239 44.9215 2.4
    endloop
  endfacet
  facet normal 0 0 -1
    outer loop
      vertex 37.8108 42.2601 2.4
      vertex 40.1903 42.5734 2.4
      vertex 37.9027 41.7983 2.4
    endloop
  endfacet
  facet normal 0 0 -1
    outer loop
      vertex 40.2713 43.1892 2.4
      vertex 38.054 44.1077 2.4
      vertex 38.2623 44.53 2.4
    endloop
  endfacet
  facet normal -0 0 -1
    outer loop
      vertex 40.1903 42.5734 2.4
      vertex 37.8108 42.2601 2.4
      vertex 40.18 42.73 2.4
    endloop
  endfacet
  facet normal 0 0 -1
    outer loop
      vertex 40.2209 43.0406 2.4
      vertex 37.9027 43.6617 2.4
      vertex 38.054 44.1077 2.4
    endloop
  endfacet
  facet normal 0 0 -1
    outer loop
      vertex 37.78 42.73 2.4
      vertex 40.18 42.73 2.4
      vertex 37.8108 42.2601 2.4
    endloop
  endfacet
  facet normal 0 0 -1
    outer loop
      vertex 40.1903 42.8866 2.4
      vertex 37.8108 43.1999 2.4
      vertex 37.9027 43.6617 2.4
    endloop
  endfacet
  facet normal 0 0 -1
    outer loop
      vertex 40.18 42.73 2.4
      vertex 37.78 42.73 2.4
      vertex 37.8108 43.1999 2.4
    endloop
  endfacet
  facet normal 0.195177 -0.980768 0
    outer loop
      vertex 41.8499 39.1608 2.4
      vertex 42.3117 39.2527 7.4
      vertex 41.8499 39.1608 7.4
    endloop
  endfacet
  facet normal 0.195177 -0.980768 0
    outer loop
      vertex 42.3117 39.2527 7.4
      vertex 41.8499 39.1608 2.4
      vertex 42.3117 39.2527 2.4
    endloop
  endfacet
  facet normal 0.946993 0.321256 0
    outer loop
      vertex 44.8573 43.6617 7.4
      vertex 44.706 44.1077 2.4
      vertex 44.706 44.1077 7.4
    endloop
  endfacet
  facet normal 0.946993 0.321256 0
    outer loop
      vertex 44.706 44.1077 2.4
      vertex 44.8573 43.6617 7.4
      vertex 44.8573 43.6617 2.4
    endloop
  endfacet
  facet normal 0.980768 0.195177 0
    outer loop
      vertex 44.9492 43.1999 7.4
      vertex 44.8573 43.6617 2.4
      vertex 44.8573 43.6617 7.4
    endloop
  endfacet
  facet normal 0.980768 0.195177 0
    outer loop
      vertex 44.8573 43.6617 2.4
      vertex 44.9492 43.1999 7.4
      vertex 44.9492 43.1999 2.4
    endloop
  endfacet
  facet normal 0.751879 0.659301 0
    outer loop
      vertex 44.2361 44.9215 7.4
      vertex 43.9256 45.2756 2.4
      vertex 43.9256 45.2756 7.4
    endloop
  endfacet
  facet normal 0.751879 0.659301 0
    outer loop
      vertex 43.9256 45.2756 2.4
      vertex 44.2361 44.9215 7.4
      vertex 44.2361 44.9215 2.4
    endloop
  endfacet
  facet normal 0.0654055 0.997859 -0
    outer loop
      vertex 41.8499 46.2992 2.4
      vertex 41.38 46.33 7.4
      vertex 41.8499 46.2992 7.4
    endloop
  endfacet
  facet normal 0.0654055 0.997859 0
    outer loop
      vertex 41.38 46.33 7.4
      vertex 41.8499 46.2992 2.4
      vertex 41.38 46.33 2.4
    endloop
  endfacet
  facet normal 0.555582 0.831462 -0
    outer loop
      vertex 43.5715 45.5861 2.4
      vertex 43.18 45.8477 7.4
      vertex 43.5715 45.5861 7.4
    endloop
  endfacet
  facet normal 0.555582 0.831462 0
    outer loop
      vertex 43.18 45.8477 7.4
      vertex 43.5715 45.5861 2.4
      vertex 43.18 45.8477 2.4
    endloop
  endfacet
  facet normal -0.980768 0.195177 0
    outer loop
      vertex 37.8108 43.1999 2.4
      vertex 37.9027 43.6617 7.4
      vertex 37.9027 43.6617 2.4
    endloop
  endfacet
  facet normal -0.980768 0.195177 0
    outer loop
      vertex 37.9027 43.6617 7.4
      vertex 37.8108 43.1999 2.4
      vertex 37.8108 43.1999 7.4
    endloop
  endfacet
  facet normal -0.195136 0.980776 0
    outer loop
      vertex 40.9101 46.2992 2.4
      vertex 40.4482 46.2073 7.4
      vertex 40.9101 46.2992 7.4
    endloop
  endfacet
  facet normal -0.195136 0.980776 0
    outer loop
      vertex 40.4482 46.2073 7.4
      vertex 40.9101 46.2992 2.4
      vertex 40.4482 46.2073 2.4
    endloop
  endfacet
  facet normal 0.946993 -0.321256 0
    outer loop
      vertex 44.706 41.3523 7.4
      vertex 44.8573 41.7983 2.4
      vertex 44.8573 41.7983 7.4
    endloop
  endfacet
  facet normal 0.946993 -0.321256 0
    outer loop
      vertex 44.8573 41.7983 2.4
      vertex 44.706 41.3523 7.4
      vertex 44.706 41.3523 2.4
    endloop
  endfacet
  facet normal 0.980768 -0.195177 0
    outer loop
      vertex 44.8573 41.7983 7.4
      vertex 44.9492 42.2601 2.4
      vertex 44.9492 42.2601 7.4
    endloop
  endfacet
  facet normal 0.980768 -0.195177 0
    outer loop
      vertex 44.9492 42.2601 2.4
      vertex 44.8573 41.7983 7.4
      vertex 44.8573 41.7983 2.4
    endloop
  endfacet
  facet normal -0.997859 -0.0654055 0
    outer loop
      vertex 37.8108 42.2601 2.4
      vertex 37.78 42.73 7.4
      vertex 37.78 42.73 2.4
    endloop
  endfacet
  facet normal -0.997859 -0.0654055 0
    outer loop
      vertex 37.78 42.73 7.4
      vertex 37.8108 42.2601 2.4
      vertex 37.8108 42.2601 7.4
    endloop
  endfacet
  facet normal 0.555582 -0.831462 0
    outer loop
      vertex 43.18 39.6123 2.4
      vertex 43.5715 39.8739 7.4
      vertex 43.18 39.6123 7.4
    endloop
  endfacet
  facet normal 0.555582 -0.831462 0
    outer loop
      vertex 43.5715 39.8739 7.4
      vertex 43.18 39.6123 2.4
      vertex 43.5715 39.8739 2.4
    endloop
  endfacet
  facet normal 0.442365 -0.896835 0
    outer loop
      vertex 42.7577 39.404 2.4
      vertex 43.18 39.6123 7.4
      vertex 42.7577 39.404 7.4
    endloop
  endfacet
  facet normal 0.442365 -0.896835 0
    outer loop
      vertex 43.18 39.6123 7.4
      vertex 42.7577 39.404 2.4
      vertex 43.18 39.6123 2.4
    endloop
  endfacet
  facet normal -0.946993 0.321256 0
    outer loop
      vertex 37.9027 43.6617 2.4
      vertex 38.054 44.1077 7.4
      vertex 38.054 44.1077 2.4
    endloop
  endfacet
  facet normal -0.946993 0.321256 0
    outer loop
      vertex 38.054 44.1077 7.4
      vertex 37.9027 43.6617 2.4
      vertex 37.9027 43.6617 7.4
    endloop
  endfacet
  facet normal -0.659301 0.751879 0
    outer loop
      vertex 39.1885 45.5861 2.4
      vertex 38.8344 45.2756 7.4
      vertex 39.1885 45.5861 7.4
    endloop
  endfacet
  facet normal -0.659301 0.751879 0
    outer loop
      vertex 38.8344 45.2756 7.4
      vertex 39.1885 45.5861 2.4
      vertex 38.8344 45.2756 2.4
    endloop
  endfacet
  facet normal 0.997859 -0.0654055 0
    outer loop
      vertex 44.9492 42.2601 7.4
      vertex 44.98 42.73 2.4
      vertex 44.98 42.73 7.4
    endloop
  endfacet
  facet normal 0.997859 -0.0654055 0
    outer loop
      vertex 44.98 42.73 2.4
      vertex 44.9492 42.2601 7.4
      vertex 44.9492 42.2601 2.4
    endloop
  endfacet
  facet normal -0.32132 -0.946971 0
    outer loop
      vertex 40.0023 39.404 2.4
      vertex 40.4482 39.2527 7.4
      vertex 40.0023 39.404 7.4
    endloop
  endfacet
  facet normal -0.32132 -0.946971 -0
    outer loop
      vertex 40.4482 39.2527 7.4
      vertex 40.0023 39.404 2.4
      vertex 40.4482 39.2527 2.4
    endloop
  endfacet
  facet normal -0.751879 -0.659301 0
    outer loop
      vertex 38.8344 40.1844 2.4
      vertex 38.5239 40.5385 7.4
      vertex 38.5239 40.5385 2.4
    endloop
  endfacet
  facet normal -0.751879 -0.659301 0
    outer loop
      vertex 38.5239 40.5385 7.4
      vertex 38.8344 40.1844 2.4
      vertex 38.8344 40.1844 7.4
    endloop
  endfacet
  facet normal -0.980768 -0.195177 0
    outer loop
      vertex 37.9027 41.7983 2.4
      vertex 37.8108 42.2601 7.4
      vertex 37.8108 42.2601 2.4
    endloop
  endfacet
  facet normal -0.980768 -0.195177 0
    outer loop
      vertex 37.8108 42.2601 7.4
      vertex 37.9027 41.7983 2.4
      vertex 37.9027 41.7983 7.4
    endloop
  endfacet
  facet normal -0.946993 -0.321256 0
    outer loop
      vertex 38.054 41.3523 2.4
      vertex 37.9027 41.7983 7.4
      vertex 37.9027 41.7983 2.4
    endloop
  endfacet
  facet normal -0.946993 -0.321256 0
    outer loop
      vertex 37.9027 41.7983 7.4
      vertex 38.054 41.3523 2.4
      vertex 38.054 41.3523 7.4
    endloop
  endfacet
  facet normal 0.659301 -0.751879 0
    outer loop
      vertex 43.5715 39.8739 2.4
      vertex 43.9256 40.1844 7.4
      vertex 43.5715 39.8739 7.4
    endloop
  endfacet
  facet normal 0.659301 -0.751879 0
    outer loop
      vertex 43.9256 40.1844 7.4
      vertex 43.5715 39.8739 2.4
      vertex 43.9256 40.1844 2.4
    endloop
  endfacet
  facet normal 0.321256 -0.946993 0
    outer loop
      vertex 42.3117 39.2527 2.4
      vertex 42.7577 39.404 7.4
      vertex 42.3117 39.2527 7.4
    endloop
  endfacet
  facet normal 0.321256 -0.946993 0
    outer loop
      vertex 42.7577 39.404 7.4
      vertex 42.3117 39.2527 2.4
      vertex 42.7577 39.404 2.4
    endloop
  endfacet
  facet normal 0.896835 -0.442365 0
    outer loop
      vertex 44.4977 40.93 7.4
      vertex 44.706 41.3523 2.4
      vertex 44.706 41.3523 7.4
    endloop
  endfacet
  facet normal 0.896835 -0.442365 0
    outer loop
      vertex 44.706 41.3523 2.4
      vertex 44.4977 40.93 7.4
      vertex 44.4977 40.93 2.4
    endloop
  endfacet
  facet normal 0.831462 -0.555582 0
    outer loop
      vertex 44.2361 40.5385 7.4
      vertex 44.4977 40.93 2.4
      vertex 44.4977 40.93 7.4
    endloop
  endfacet
  facet normal 0.831462 -0.555582 0
    outer loop
      vertex 44.4977 40.93 2.4
      vertex 44.2361 40.5385 7.4
      vertex 44.2361 40.5385 2.4
    endloop
  endfacet
  facet normal -0.0654055 -0.997859 0
    outer loop
      vertex 40.9101 39.1608 2.4
      vertex 41.38 39.13 7.4
      vertex 40.9101 39.1608 7.4
    endloop
  endfacet
  facet normal -0.0654055 -0.997859 -0
    outer loop
      vertex 41.38 39.13 7.4
      vertex 40.9101 39.1608 2.4
      vertex 41.38 39.13 2.4
    endloop
  endfacet
  facet normal -0.555582 -0.831462 0
    outer loop
      vertex 39.1885 39.8739 2.4
      vertex 39.58 39.6123 7.4
      vertex 39.1885 39.8739 7.4
    endloop
  endfacet
  facet normal -0.555582 -0.831462 -0
    outer loop
      vertex 39.58 39.6123 7.4
      vertex 39.1885 39.8739 2.4
      vertex 39.58 39.6123 2.4
    endloop
  endfacet
  facet normal -0.195136 -0.980776 0
    outer loop
      vertex 40.4482 39.2527 2.4
      vertex 40.9101 39.1608 7.4
      vertex 40.4482 39.2527 7.4
    endloop
  endfacet
  facet normal -0.195136 -0.980776 -0
    outer loop
      vertex 40.9101 39.1608 7.4
      vertex 40.4482 39.2527 2.4
      vertex 40.9101 39.1608 2.4
    endloop
  endfacet
  facet normal -0.659301 -0.751879 0
    outer loop
      vertex 38.8344 40.1844 2.4
      vertex 39.1885 39.8739 7.4
      vertex 38.8344 40.1844 7.4
    endloop
  endfacet
  facet normal -0.659301 -0.751879 -0
    outer loop
      vertex 39.1885 39.8739 7.4
      vertex 38.8344 40.1844 2.4
      vertex 39.1885 39.8739 2.4
    endloop
  endfacet
  facet normal -0.896835 -0.442365 0
    outer loop
      vertex 38.2623 40.93 2.4
      vertex 38.054 41.3523 7.4
      vertex 38.054 41.3523 2.4
    endloop
  endfacet
  facet normal -0.896835 -0.442365 0
    outer loop
      vertex 38.054 41.3523 7.4
      vertex 38.2623 40.93 2.4
      vertex 38.2623 40.93 7.4
    endloop
  endfacet
  facet normal -0.442365 -0.896835 0
    outer loop
      vertex 39.58 39.6123 2.4
      vertex 40.0023 39.404 7.4
      vertex 39.58 39.6123 7.4
    endloop
  endfacet
  facet normal -0.442365 -0.896835 -0
    outer loop
      vertex 40.0023 39.404 7.4
      vertex 39.58 39.6123 2.4
      vertex 40.0023 39.404 2.4
    endloop
  endfacet
  facet normal -0.831462 -0.555582 0
    outer loop
      vertex 38.5239 40.5385 2.4
      vertex 38.2623 40.93 7.4
      vertex 38.2623 40.93 2.4
    endloop
  endfacet
  facet normal -0.831462 -0.555582 0
    outer loop
      vertex 38.2623 40.93 7.4
      vertex 38.5239 40.5385 2.4
      vertex 38.5239 40.5385 7.4
    endloop
  endfacet
  facet normal -0.997844 -0.0656309 0
    outer loop
      vertex 42.58 42.73 2.4
      vertex 42.5697 42.8866 7.4
      vertex 42.5697 42.8866 2.4
    endloop
  endfacet
  facet normal -0.997844 -0.0656309 0
    outer loop
      vertex 42.5697 42.8866 7.4
      vertex 42.58 42.73 2.4
      vertex 42.58 42.73 7.4
    endloop
  endfacet
  facet normal 0.997844 -0.0656309 0
    outer loop
      vertex 40.18 42.73 7.4
      vertex 40.1903 42.8866 2.4
      vertex 40.1903 42.8866 7.4
    endloop
  endfacet
  facet normal 0.997844 -0.0656309 0
    outer loop
      vertex 40.1903 42.8866 2.4
      vertex 40.18 42.73 7.4
      vertex 40.18 42.73 2.4
    endloop
  endfacet
  facet normal -0.0656309 -0.997844 0
    outer loop
      vertex 41.38 43.93 2.4
      vertex 41.5366 43.9197 7.4
      vertex 41.38 43.93 7.4
    endloop
  endfacet
  facet normal -0.0656309 -0.997844 -0
    outer loop
      vertex 41.5366 43.9197 7.4
      vertex 41.38 43.93 2.4
      vertex 41.5366 43.9197 2.4
    endloop
  endfacet
  facet normal -0.751787 -0.659406 0
    outer loop
      vertex 42.332 43.4605 2.4
      vertex 42.2285 43.5785 7.4
      vertex 42.2285 43.5785 2.4
    endloop
  endfacet
  facet normal -0.751787 -0.659406 0
    outer loop
      vertex 42.2285 43.5785 7.4
      vertex 42.332 43.4605 2.4
      vertex 42.332 43.4605 7.4
    endloop
  endfacet
  facet normal 0.659406 -0.751787 0
    outer loop
      vertex 40.5315 43.5785 2.4
      vertex 40.6495 43.682 7.4
      vertex 40.5315 43.5785 7.4
    endloop
  endfacet
  facet normal 0.659406 -0.751787 0
    outer loop
      vertex 40.6495 43.682 7.4
      vertex 40.5315 43.5785 2.4
      vertex 40.6495 43.682 2.4
    endloop
  endfacet
  facet normal 0.321194 -0.947013 0
    outer loop
      vertex 40.9208 43.8387 2.4
      vertex 41.0694 43.8891 7.4
      vertex 40.9208 43.8387 7.4
    endloop
  endfacet
  facet normal 0.321194 -0.947013 0
    outer loop
      vertex 41.0694 43.8891 7.4
      vertex 40.9208 43.8387 2.4
      vertex 41.0694 43.8891 2.4
    endloop
  endfacet
  facet normal 0.980825 0.194891 0
    outer loop
      vertex 40.2209 42.4194 7.4
      vertex 40.1903 42.5734 2.4
      vertex 40.1903 42.5734 7.4
    endloop
  endfacet
  facet normal 0.980825 0.194891 0
    outer loop
      vertex 40.1903 42.5734 2.4
      vertex 40.2209 42.4194 7.4
      vertex 40.2209 42.4194 2.4
    endloop
  endfacet
  facet normal -0.896708 -0.442622 0
    outer loop
      vertex 42.4887 43.1892 2.4
      vertex 42.4192 43.33 7.4
      vertex 42.4192 43.33 2.4
    endloop
  endfacet
  facet normal -0.896708 -0.442622 0
    outer loop
      vertex 42.4192 43.33 7.4
      vertex 42.4887 43.1892 2.4
      vertex 42.4887 43.1892 7.4
    endloop
  endfacet
  facet normal -0.831462 -0.555582 0
    outer loop
      vertex 42.4192 43.33 2.4
      vertex 42.332 43.4605 7.4
      vertex 42.332 43.4605 2.4
    endloop
  endfacet
  facet normal -0.831462 -0.555582 0
    outer loop
      vertex 42.332 43.4605 7.4
      vertex 42.4192 43.33 2.4
      vertex 42.4192 43.33 7.4
    endloop
  endfacet
  facet normal -0.442622 -0.896708 0
    outer loop
      vertex 41.8392 43.8387 2.4
      vertex 41.98 43.7692 7.4
      vertex 41.8392 43.8387 7.4
    endloop
  endfacet
  facet normal -0.442622 -0.896708 -0
    outer loop
      vertex 41.98 43.7692 7.4
      vertex 41.8392 43.8387 2.4
      vertex 41.98 43.7692 2.4
    endloop
  endfacet
  facet normal -0.555582 -0.831462 0
    outer loop
      vertex 41.98 43.7692 2.4
      vertex 42.1105 43.682 7.4
      vertex 41.98 43.7692 7.4
    endloop
  endfacet
  facet normal -0.555582 -0.831462 -0
    outer loop
      vertex 42.1105 43.682 7.4
      vertex 41.98 43.7692 2.4
      vertex 42.1105 43.682 2.4
    endloop
  endfacet
  facet normal 0.896708 -0.442622 0
    outer loop
      vertex 40.2713 43.1892 7.4
      vertex 40.3408 43.33 2.4
      vertex 40.3408 43.33 7.4
    endloop
  endfacet
  facet normal 0.896708 -0.442622 0
    outer loop
      vertex 40.3408 43.33 2.4
      vertex 40.2713 43.1892 7.4
      vertex 40.2713 43.1892 2.4
    endloop
  endfacet
  facet normal 0.831462 -0.555582 0
    outer loop
      vertex 40.3408 43.33 7.4
      vertex 40.428 43.4605 2.4
      vertex 40.428 43.4605 7.4
    endloop
  endfacet
  facet normal 0.831462 -0.555582 0
    outer loop
      vertex 40.428 43.4605 2.4
      vertex 40.3408 43.33 7.4
      vertex 40.3408 43.33 2.4
    endloop
  endfacet
  facet normal 0.442622 -0.896708 0
    outer loop
      vertex 40.78 43.7692 2.4
      vertex 40.9208 43.8387 7.4
      vertex 40.78 43.7692 7.4
    endloop
  endfacet
  facet normal 0.442622 -0.896708 0
    outer loop
      vertex 40.9208 43.8387 7.4
      vertex 40.78 43.7692 2.4
      vertex 40.9208 43.8387 2.4
    endloop
  endfacet
  facet normal 0.0656309 -0.997844 0
    outer loop
      vertex 41.2234 43.9197 2.4
      vertex 41.38 43.93 7.4
      vertex 41.2234 43.9197 7.4
    endloop
  endfacet
  facet normal 0.0656309 -0.997844 0
    outer loop
      vertex 41.38 43.93 7.4
      vertex 41.2234 43.9197 2.4
      vertex 41.38 43.93 2.4
    endloop
  endfacet
  facet normal -0.194891 0.980825 0
    outer loop
      vertex 41.6906 41.5709 2.4
      vertex 41.5366 41.5403 7.4
      vertex 41.6906 41.5709 7.4
    endloop
  endfacet
  facet normal -0.194891 0.980825 0
    outer loop
      vertex 41.5366 41.5403 7.4
      vertex 41.6906 41.5709 2.4
      vertex 41.5366 41.5403 2.4
    endloop
  endfacet
  facet normal -0.0656309 0.997844 0
    outer loop
      vertex 41.5366 41.5403 2.4
      vertex 41.38 41.53 7.4
      vertex 41.5366 41.5403 7.4
    endloop
  endfacet
  facet normal -0.0656309 0.997844 0
    outer loop
      vertex 41.38 41.53 7.4
      vertex 41.5366 41.5403 2.4
      vertex 41.38 41.53 2.4
    endloop
  endfacet
  facet normal -0.659406 0.751787 0
    outer loop
      vertex 42.2285 41.8815 2.4
      vertex 42.1105 41.778 7.4
      vertex 42.2285 41.8815 7.4
    endloop
  endfacet
  facet normal -0.659406 0.751787 0
    outer loop
      vertex 42.1105 41.778 7.4
      vertex 42.2285 41.8815 2.4
      vertex 42.1105 41.778 2.4
    endloop
  endfacet
  facet normal -0.442622 0.896708 0
    outer loop
      vertex 41.98 41.6908 2.4
      vertex 41.8392 41.6213 7.4
      vertex 41.98 41.6908 7.4
    endloop
  endfacet
  facet normal -0.442622 0.896708 0
    outer loop
      vertex 41.8392 41.6213 7.4
      vertex 41.98 41.6908 2.4
      vertex 41.8392 41.6213 2.4
    endloop
  endfacet
  facet normal -0.947013 0.321194 0
    outer loop
      vertex 42.4887 42.2708 2.4
      vertex 42.5391 42.4194 7.4
      vertex 42.5391 42.4194 2.4
    endloop
  endfacet
  facet normal -0.947013 0.321194 0
    outer loop
      vertex 42.5391 42.4194 7.4
      vertex 42.4887 42.2708 2.4
      vertex 42.4887 42.2708 7.4
    endloop
  endfacet
  facet normal 0.442622 0.896708 -0
    outer loop
      vertex 40.9208 41.6213 2.4
      vertex 40.78 41.6908 7.4
      vertex 40.9208 41.6213 7.4
    endloop
  endfacet
  facet normal 0.442622 0.896708 0
    outer loop
      vertex 40.78 41.6908 7.4
      vertex 40.9208 41.6213 2.4
      vertex 40.78 41.6908 2.4
    endloop
  endfacet
  facet normal 0.321194 0.947013 -0
    outer loop
      vertex 41.0694 41.5709 2.4
      vertex 40.9208 41.6213 7.4
      vertex 41.0694 41.5709 7.4
    endloop
  endfacet
  facet normal 0.321194 0.947013 0
    outer loop
      vertex 40.9208 41.6213 7.4
      vertex 41.0694 41.5709 2.4
      vertex 40.9208 41.6213 2.4
    endloop
  endfacet
  facet normal 0.896708 0.442622 0
    outer loop
      vertex 40.3408 42.13 7.4
      vertex 40.2713 42.2708 2.4
      vertex 40.2713 42.2708 7.4
    endloop
  endfacet
  facet normal 0.896708 0.442622 0
    outer loop
      vertex 40.2713 42.2708 2.4
      vertex 40.3408 42.13 7.4
      vertex 40.3408 42.13 2.4
    endloop
  endfacet
  facet normal 0.831462 0.555582 0
    outer loop
      vertex 40.428 41.9995 7.4
      vertex 40.3408 42.13 2.4
      vertex 40.3408 42.13 7.4
    endloop
  endfacet
  facet normal 0.831462 0.555582 0
    outer loop
      vertex 40.3408 42.13 2.4
      vertex 40.428 41.9995 7.4
      vertex 40.428 41.9995 2.4
    endloop
  endfacet
  facet normal 0.997844 0.0656309 0
    outer loop
      vertex 40.1903 42.5734 7.4
      vertex 40.18 42.73 2.4
      vertex 40.18 42.73 7.4
    endloop
  endfacet
  facet normal 0.997844 0.0656309 0
    outer loop
      vertex 40.18 42.73 2.4
      vertex 40.1903 42.5734 7.4
      vertex 40.1903 42.5734 2.4
    endloop
  endfacet
  facet normal -0.947013 -0.321194 0
    outer loop
      vertex 42.5391 43.0406 2.4
      vertex 42.4887 43.1892 7.4
      vertex 42.4887 43.1892 2.4
    endloop
  endfacet
  facet normal -0.947013 -0.321194 0
    outer loop
      vertex 42.4887 43.1892 7.4
      vertex 42.5391 43.0406 2.4
      vertex 42.5391 43.0406 7.4
    endloop
  endfacet
  facet normal -0.980825 -0.194891 0
    outer loop
      vertex 42.5697 42.8866 2.4
      vertex 42.5391 43.0406 7.4
      vertex 42.5391 43.0406 2.4
    endloop
  endfacet
  facet normal -0.980825 -0.194891 0
    outer loop
      vertex 42.5391 43.0406 7.4
      vertex 42.5697 42.8866 2.4
      vertex 42.5697 42.8866 7.4
    endloop
  endfacet
  facet normal -0.194891 -0.980825 0
    outer loop
      vertex 41.5366 43.9197 2.4
      vertex 41.6906 43.8891 7.4
      vertex 41.5366 43.9197 7.4
    endloop
  endfacet
  facet normal -0.194891 -0.980825 -0
    outer loop
      vertex 41.6906 43.8891 7.4
      vertex 41.5366 43.9197 2.4
      vertex 41.6906 43.8891 2.4
    endloop
  endfacet
  facet normal -0.659406 -0.751787 0
    outer loop
      vertex 42.1105 43.682 2.4
      vertex 42.2285 43.5785 7.4
      vertex 42.1105 43.682 7.4
    endloop
  endfacet
  facet normal -0.659406 -0.751787 -0
    outer loop
      vertex 42.2285 43.5785 7.4
      vertex 42.1105 43.682 2.4
      vertex 42.2285 43.5785 2.4
    endloop
  endfacet
  facet normal 0.980825 -0.194891 0
    outer loop
      vertex 40.1903 42.8866 7.4
      vertex 40.2209 43.0406 2.4
      vertex 40.2209 43.0406 7.4
    endloop
  endfacet
  facet normal 0.980825 -0.194891 0
    outer loop
      vertex 40.2209 43.0406 2.4
      vertex 40.1903 42.8866 7.4
      vertex 40.1903 42.8866 2.4
    endloop
  endfacet
  facet normal -0.997844 0.0656309 0
    outer loop
      vertex 42.5697 42.5734 2.4
      vertex 42.58 42.73 7.4
      vertex 42.58 42.73 2.4
    endloop
  endfacet
  facet normal -0.997844 0.0656309 0
    outer loop
      vertex 42.58 42.73 7.4
      vertex 42.5697 42.5734 2.4
      vertex 42.5697 42.5734 7.4
    endloop
  endfacet
  facet normal -0.555582 0.831462 0
    outer loop
      vertex 42.1105 41.778 2.4
      vertex 41.98 41.6908 7.4
      vertex 42.1105 41.778 7.4
    endloop
  endfacet
  facet normal -0.555582 0.831462 0
    outer loop
      vertex 41.98 41.6908 7.4
      vertex 42.1105 41.778 2.4
      vertex 41.98 41.6908 2.4
    endloop
  endfacet
  facet normal -0.896708 0.442622 0
    outer loop
      vertex 42.4192 42.13 2.4
      vertex 42.4887 42.2708 7.4
      vertex 42.4887 42.2708 2.4
    endloop
  endfacet
  facet normal -0.896708 0.442622 0
    outer loop
      vertex 42.4887 42.2708 7.4
      vertex 42.4192 42.13 2.4
      vertex 42.4192 42.13 7.4
    endloop
  endfacet
  facet normal -0.751787 0.659406 0
    outer loop
      vertex 42.2285 41.8815 2.4
      vertex 42.332 41.9995 7.4
      vertex 42.332 41.9995 2.4
    endloop
  endfacet
  facet normal -0.751787 0.659406 0
    outer loop
      vertex 42.332 41.9995 7.4
      vertex 42.2285 41.8815 2.4
      vertex 42.2285 41.8815 7.4
    endloop
  endfacet
  facet normal -0.831462 0.555582 0
    outer loop
      vertex 42.332 41.9995 2.4
      vertex 42.4192 42.13 7.4
      vertex 42.4192 42.13 2.4
    endloop
  endfacet
  facet normal -0.831462 0.555582 0
    outer loop
      vertex 42.4192 42.13 7.4
      vertex 42.332 41.9995 2.4
      vertex 42.332 41.9995 7.4
    endloop
  endfacet
  facet normal 0.659406 0.751787 -0
    outer loop
      vertex 40.6495 41.778 2.4
      vertex 40.5315 41.8815 7.4
      vertex 40.6495 41.778 7.4
    endloop
  endfacet
  facet normal 0.659406 0.751787 0
    outer loop
      vertex 40.5315 41.8815 7.4
      vertex 40.6495 41.778 2.4
      vertex 40.5315 41.8815 2.4
    endloop
  endfacet
  facet normal 0.555582 0.831462 -0
    outer loop
      vertex 40.78 41.6908 2.4
      vertex 40.6495 41.778 7.4
      vertex 40.78 41.6908 7.4
    endloop
  endfacet
  facet normal 0.555582 0.831462 0
    outer loop
      vertex 40.6495 41.778 7.4
      vertex 40.78 41.6908 2.4
      vertex 40.6495 41.778 2.4
    endloop
  endfacet
  facet normal 0.0656309 0.997844 -0
    outer loop
      vertex 41.38 41.53 2.4
      vertex 41.2234 41.5403 7.4
      vertex 41.38 41.53 7.4
    endloop
  endfacet
  facet normal 0.0656309 0.997844 0
    outer loop
      vertex 41.2234 41.5403 7.4
      vertex 41.38 41.53 2.4
      vertex 41.2234 41.5403 2.4
    endloop
  endfacet
  facet normal 0.751787 0.659406 0
    outer loop
      vertex 40.5315 41.8815 7.4
      vertex 40.428 41.9995 2.4
      vertex 40.428 41.9995 7.4
    endloop
  endfacet
  facet normal 0.751787 0.659406 0
    outer loop
      vertex 40.428 41.9995 2.4
      vertex 40.5315 41.8815 7.4
      vertex 40.5315 41.8815 2.4
    endloop
  endfacet
  facet normal 0.947013 0.321194 0
    outer loop
      vertex 40.2713 42.2708 7.4
      vertex 40.2209 42.4194 2.4
      vertex 40.2209 42.4194 7.4
    endloop
  endfacet
  facet normal 0.947013 0.321194 0
    outer loop
      vertex 40.2209 42.4194 2.4
      vertex 40.2713 42.2708 7.4
      vertex 40.2713 42.2708 2.4
    endloop
  endfacet
  facet normal -0.321194 -0.947013 0
    outer loop
      vertex 41.6906 43.8891 2.4
      vertex 41.8392 43.8387 7.4
      vertex 41.6906 43.8891 7.4
    endloop
  endfacet
  facet normal -0.321194 -0.947013 -0
    outer loop
      vertex 41.8392 43.8387 7.4
      vertex 41.6906 43.8891 2.4
      vertex 41.8392 43.8387 2.4
    endloop
  endfacet
  facet normal 0.751787 -0.659406 0
    outer loop
      vertex 40.428 43.4605 7.4
      vertex 40.5315 43.5785 2.4
      vertex 40.5315 43.5785 7.4
    endloop
  endfacet
  facet normal 0.751787 -0.659406 0
    outer loop
      vertex 40.5315 43.5785 2.4
      vertex 40.428 43.4605 7.4
      vertex 40.428 43.4605 2.4
    endloop
  endfacet
  facet normal 0.947013 -0.321194 0
    outer loop
      vertex 40.2209 43.0406 7.4
      vertex 40.2713 43.1892 2.4
      vertex 40.2713 43.1892 7.4
    endloop
  endfacet
  facet normal 0.947013 -0.321194 0
    outer loop
      vertex 40.2713 43.1892 2.4
      vertex 40.2209 43.0406 7.4
      vertex 40.2209 43.0406 2.4
    endloop
  endfacet
  facet normal 0.555582 -0.831462 0
    outer loop
      vertex 40.6495 43.682 2.4
      vertex 40.78 43.7692 7.4
      vertex 40.6495 43.682 7.4
    endloop
  endfacet
  facet normal 0.555582 -0.831462 0
    outer loop
      vertex 40.78 43.7692 7.4
      vertex 40.6495 43.682 2.4
      vertex 40.78 43.7692 2.4
    endloop
  endfacet
  facet normal 0.194891 -0.980825 0
    outer loop
      vertex 41.0694 43.8891 2.4
      vertex 41.2234 43.9197 7.4
      vertex 41.0694 43.8891 7.4
    endloop
  endfacet
  facet normal 0.194891 -0.980825 0
    outer loop
      vertex 41.2234 43.9197 7.4
      vertex 41.0694 43.8891 2.4
      vertex 41.2234 43.9197 2.4
    endloop
  endfacet
  facet normal -0.321194 0.947013 0
    outer loop
      vertex 41.8392 41.6213 2.4
      vertex 41.6906 41.5709 7.4
      vertex 41.8392 41.6213 7.4
    endloop
  endfacet
  facet normal -0.321194 0.947013 0
    outer loop
      vertex 41.6906 41.5709 7.4
      vertex 41.8392 41.6213 2.4
      vertex 41.6906 41.5709 2.4
    endloop
  endfacet
  facet normal -0.980825 0.194891 0
    outer loop
      vertex 42.5391 42.4194 2.4
      vertex 42.5697 42.5734 7.4
      vertex 42.5697 42.5734 2.4
    endloop
  endfacet
  facet normal -0.980825 0.194891 0
    outer loop
      vertex 42.5697 42.5734 7.4
      vertex 42.5391 42.4194 2.4
      vertex 42.5391 42.4194 7.4
    endloop
  endfacet
  facet normal 0.194891 0.980825 -0
    outer loop
      vertex 41.2234 41.5403 2.4
      vertex 41.0694 41.5709 7.4
      vertex 41.2234 41.5403 7.4
    endloop
  endfacet
  facet normal 0.194891 0.980825 0
    outer loop
      vertex 41.0694 41.5709 7.4
      vertex 41.2234 41.5403 2.4
      vertex 41.0694 41.5709 2.4
    endloop
  endfacet
  facet normal 1 0 0
    outer loop
      vertex -10.5 47.825 2.4
      vertex -10.5 50.825 7.5
      vertex -10.5 47.825 7.5
    endloop
  endfacet
  facet normal 1 0 0
    outer loop
      vertex -10.5 50.825 7.5
      vertex -10.5 47.825 2.4
      vertex -10.5 50.825 2.04
    endloop
  endfacet
  facet normal 1 0 0
    outer loop
      vertex -10.5 46.825 2.04
      vertex -10.5 47.825 2.4
      vertex -10.5 46.825 2.4
    endloop
  endfacet
  facet normal 1 0 0
    outer loop
      vertex -10.5 47.825 2.4
      vertex -10.5 46.825 2.04
      vertex -10.5 50.825 2.04
    endloop
  endfacet
  facet normal 0 0 -1
    outer loop
      vertex -10.5 47.825 7.5
      vertex 0.0999994 50.825 7.5
      vertex 0.0999994 47.825 7.5
    endloop
  endfacet
  facet normal -0 0 -1
    outer loop
      vertex 0.0999994 50.825 7.5
      vertex -10.5 47.825 7.5
      vertex -10.5 50.825 7.5
    endloop
  endfacet
  facet normal -1 0 0
    outer loop
      vertex 0.0999994 50.825 2.04
      vertex 0.0999994 47.825 2.4
      vertex 0.0999994 50.825 7.5
    endloop
  endfacet
  facet normal -1 0 0
    outer loop
      vertex 0.0999994 46.825 2.04
      vertex 0.0999994 47.825 2.4
      vertex 0.0999994 50.825 2.04
    endloop
  endfacet
  facet normal -1 -0 0
    outer loop
      vertex 0.0999994 47.825 2.4
      vertex 0.0999994 46.825 2.04
      vertex 0.0999994 46.825 2.4
    endloop
  endfacet
  facet normal -1 -0 0
    outer loop
      vertex 0.0999994 50.825 7.5
      vertex 0.0999994 47.825 2.4
      vertex 0.0999994 47.825 7.5
    endloop
  endfacet
  facet normal -0 0 1
    outer loop
      vertex -10.5 50.825 2.04
      vertex 0.0999994 46.825 2.04
      vertex 0.0999994 50.825 2.04
    endloop
  endfacet
  facet normal 0 0 1
    outer loop
      vertex 0.0999994 46.825 2.04
      vertex -10.5 50.825 2.04
      vertex -10.5 46.825 2.04
    endloop
  endfacet
  facet normal 0 1 -0
    outer loop
      vertex 0.0999994 46.825 2.04
      vertex -10.5 46.825 2.4
      vertex 0.0999994 46.825 2.4
    endloop
  endfacet
  facet normal 0 1 0
    outer loop
      vertex -10.5 46.825 2.4
      vertex 0.0999994 46.825 2.04
      vertex -10.5 46.825 2.04
    endloop
  endfacet
  facet normal 0.947026 0.321156 0
    outer loop
      vertex 113.814 47.8603 1.5
      vertex 113.646 48.3557 0
      vertex 113.646 48.3557 1.5
    endloop
  endfacet
  facet normal 0.947026 0.321156 0
    outer loop
      vertex 113.646 48.3557 0
      vertex 113.814 47.8603 1.5
      vertex 113.814 47.8603 0
    endloop
  endfacet
  facet normal 0.997886 -0.064984 0
    outer loop
      vertex 113.916 -47.3471 1.5
      vertex 113.95 -46.825 0
      vertex 113.95 -46.825 1.5
    endloop
  endfacet
  facet normal 0.997886 -0.064984 0
    outer loop
      vertex 113.95 -46.825 0
      vertex 113.916 -47.3471 1.5
      vertex 113.916 -47.3471 0
    endloop
  endfacet
  facet normal 1 -0 0
    outer loop
      vertex 113.95 -46.825 1.5
      vertex 113.95 46.825 0
      vertex 113.95 46.825 1.5
    endloop
  endfacet
  facet normal 1 0 0
    outer loop
      vertex 113.95 46.825 0
      vertex 113.95 -46.825 1.5
      vertex 113.95 -46.825 0
    endloop
  endfacet
  facet normal 0.751842 0.659343 0
    outer loop
      vertex 113.123 49.26 1.5
      vertex 112.778 49.6534 0
      vertex 112.778 49.6534 1.5
    endloop
  endfacet
  facet normal 0.751842 0.659343 0
    outer loop
      vertex 112.778 49.6534 0
      vertex 113.123 49.26 1.5
      vertex 113.123 49.26 0
    endloop
  endfacet
  facet normal 0.659722 0.75151 -0
    outer loop
      vertex 112.778 49.6534 0
      vertex 112.385 49.9984 1.5
      vertex 112.778 49.6534 1.5
    endloop
  endfacet
  facet normal 0.659722 0.75151 0
    outer loop
      vertex 112.385 49.9984 1.5
      vertex 112.778 49.6534 0
      vertex 112.385 49.9984 0
    endloop
  endfacet
  facet normal -0 0 1
    outer loop
      vertex 49.475 -12.67 1.5
      vertex 56.755 -17.72 1.5
      vertex 56.755 -12.67 1.5
    endloop
  endfacet
  facet normal 0 0 1
    outer loop
      vertex 56.755 -17.72 1.5
      vertex 49.475 -12.67 1.5
      vertex 49.475 -17.72 1.5
    endloop
  endfacet
  facet normal -0 0 1
    outer loop
      vertex 49.475 6.38 1.5
      vertex 56.755 1.33 1.5
      vertex 56.755 6.38 1.5
    endloop
  endfacet
  facet normal 0 0 1
    outer loop
      vertex 56.755 1.33 1.5
      vertex 49.475 6.38 1.5
      vertex 49.475 1.33 1.5
    endloop
  endfacet
  facet normal 0 0 1
    outer loop
      vertex 56.755 20.38 1.5
      vertex 49.475 46.825 1.5
      vertex 49.475 20.38 1.5
    endloop
  endfacet
  facet normal -0 0 1
    outer loop
      vertex 61.795 6.38 1.5
      vertex 75.795 1.33 1.5
      vertex 75.795 6.38 1.5
    endloop
  endfacet
  facet normal 0 0 1
    outer loop
      vertex 75.795 1.33 1.5
      vertex 61.795 6.38 1.5
      vertex 61.795 1.33 1.5
    endloop
  endfacet
  facet normal -0 0 1
    outer loop
      vertex 80.855 6.38 1.5
      vertex 94.855 1.33 1.5
      vertex 94.855 6.38 1.5
    endloop
  endfacet
  facet normal 0 0 1
    outer loop
      vertex 94.855 1.33 1.5
      vertex 80.855 6.38 1.5
      vertex 80.855 1.33 1.5
    endloop
  endfacet
  facet normal 0 0 1
    outer loop
      vertex 106.964 42.2708 1.5
      vertex 113.95 46.825 1.5
      vertex 107.014 42.4194 1.5
    endloop
  endfacet
  facet normal 0 0 1
    outer loop
      vertex 113.95 -46.825 1.5
      vertex 107.045 -42.5634 1.5
      vertex 107.055 -42.72 1.5
    endloop
  endfacet
  facet normal 0 0 1
    outer loop
      vertex 106.894 42.13 1.5
      vertex 113.95 46.825 1.5
      vertex 106.964 42.2708 1.5
    endloop
  endfacet
  facet normal 0 0 1
    outer loop
      vertex 113.95 -46.825 1.5
      vertex 107.014 -42.4094 1.5
      vertex 107.045 -42.5634 1.5
    endloop
  endfacet
  facet normal 0 0 1
    outer loop
      vertex 106.807 41.9995 1.5
      vertex 113.95 46.825 1.5
      vertex 106.894 42.13 1.5
    endloop
  endfacet
  facet normal 0 0 1
    outer loop
      vertex 113.95 -46.825 1.5
      vertex 106.964 -42.2608 1.5
      vertex 107.014 -42.4094 1.5
    endloop
  endfacet
  facet normal 0 0 1
    outer loop
      vertex 113.95 46.825 1.5
      vertex 100.855 -20.72 1.5
      vertex 113.95 -46.825 1.5
    endloop
  endfacet
  facet normal -0 0 1
    outer loop
      vertex 100.855 -28.72 1.5
      vertex 113.95 -46.825 1.5
      vertex 100.855 -20.72 1.5
    endloop
  endfacet
  facet normal 0 0 1
    outer loop
      vertex 106.704 41.8815 1.5
      vertex 113.95 46.825 1.5
      vertex 106.807 41.9995 1.5
    endloop
  endfacet
  facet normal 0 0 1
    outer loop
      vertex 113.95 -46.825 1.5
      vertex 106.894 -42.12 1.5
      vertex 106.964 -42.2608 1.5
    endloop
  endfacet
  facet normal 0 0 1
    outer loop
      vertex 94.855 20.38 1.5
      vertex 113.95 46.825 1.5
      vertex 106.704 41.8815 1.5
    endloop
  endfacet
  facet normal 0 0 1
    outer loop
      vertex 113.95 -46.825 1.5
      vertex 106.807 -41.9895 1.5
      vertex 106.894 -42.12 1.5
    endloop
  endfacet
  facet normal 0 0 1
    outer loop
      vertex 94.855 20.38 1.5
      vertex 106.704 41.8815 1.5
      vertex 106.586 41.778 1.5
    endloop
  endfacet
  facet normal -0 -0 1
    outer loop
      vertex 106.704 -41.8715 1.5
      vertex 113.95 -46.825 1.5
      vertex 100.855 -28.72 1.5
    endloop
  endfacet
  facet normal 0 0 1
    outer loop
      vertex 94.855 20.38 1.5
      vertex 106.586 41.778 1.5
      vertex 106.455 41.6908 1.5
    endloop
  endfacet
  facet normal 0 0 1
    outer loop
      vertex 113.95 -46.825 1.5
      vertex 106.704 -41.8715 1.5
      vertex 106.807 -41.9895 1.5
    endloop
  endfacet
  facet normal 0 0 1
    outer loop
      vertex 94.855 20.38 1.5
      vertex 106.455 41.6908 1.5
      vertex 106.314 41.6213 1.5
    endloop
  endfacet
  facet normal 0 0 1
    outer loop
      vertex 106.704 -41.8715 1.5
      vertex 100.855 -28.72 1.5
      vertex 106.586 -41.768 1.5
    endloop
  endfacet
  facet normal 0 0 1
    outer loop
      vertex 94.855 20.38 1.5
      vertex 106.314 41.6213 1.5
      vertex 106.166 41.5709 1.5
    endloop
  endfacet
  facet normal 0 0 1
    outer loop
      vertex 106.586 -41.768 1.5
      vertex 100.855 -28.72 1.5
      vertex 106.455 -41.6808 1.5
    endloop
  endfacet
  facet normal 0 0 1
    outer loop
      vertex 94.855 20.38 1.5
      vertex 106.166 41.5709 1.5
      vertex 106.012 41.5403 1.5
    endloop
  endfacet
  facet normal 0 0 1
    outer loop
      vertex 106.455 -41.6808 1.5
      vertex 100.855 -28.72 1.5
      vertex 106.314 -41.6113 1.5
    endloop
  endfacet
  facet normal 0 0 1
    outer loop
      vertex 94.855 20.38 1.5
      vertex 106.012 41.5403 1.5
      vertex 105.855 41.53 1.5
    endloop
  endfacet
  facet normal 0 0 1
    outer loop
      vertex 106.314 -41.6113 1.5
      vertex 100.855 -28.72 1.5
      vertex 106.166 -41.5609 1.5
    endloop
  endfacet
  facet normal 0 0 1
    outer loop
      vertex 94.855 20.38 1.5
      vertex 105.855 41.53 1.5
      vertex 105.698 41.5403 1.5
    endloop
  endfacet
  facet normal 0 0 1
    outer loop
      vertex 106.166 -41.5609 1.5
      vertex 100.855 -28.72 1.5
      vertex 106.012 -41.5303 1.5
    endloop
  endfacet
  facet normal 0 0 1
    outer loop
      vertex 94.855 20.38 1.5
      vertex 105.698 41.5403 1.5
      vertex 105.544 41.5709 1.5
    endloop
  endfacet
  facet normal 0 0 1
    outer loop
      vertex 106.012 -41.5303 1.5
      vertex 100.855 -28.72 1.5
      vertex 105.855 -41.52 1.5
    endloop
  endfacet
  facet normal 0 0 1
    outer loop
      vertex 94.855 20.38 1.5
      vertex 105.544 41.5709 1.5
      vertex 105.396 41.6213 1.5
    endloop
  endfacet
  facet normal 0 0 1
    outer loop
      vertex 105.855 -41.52 1.5
      vertex 100.855 -28.72 1.5
      vertex 105.698 -41.5303 1.5
    endloop
  endfacet
  facet normal 0 0 1
    outer loop
      vertex 94.855 20.38 1.5
      vertex 105.396 41.6213 1.5
      vertex 105.255 41.6908 1.5
    endloop
  endfacet
  facet normal 0 0 1
    outer loop
      vertex 105.698 -41.5303 1.5
      vertex 100.855 -28.72 1.5
      vertex 105.544 -41.5609 1.5
    endloop
  endfacet
  facet normal 0 0 1
    outer loop
      vertex 94.855 20.38 1.5
      vertex 105.255 41.6908 1.5
      vertex 105.124 41.778 1.5
    endloop
  endfacet
  facet normal 0 0 1
    outer loop
      vertex 105.544 -41.5609 1.5
      vertex 100.855 -28.72 1.5
      vertex 105.396 -41.6113 1.5
    endloop
  endfacet
  facet normal 0 0 1
    outer loop
      vertex 94.855 20.38 1.5
      vertex 105.124 41.778 1.5
      vertex 105.006 41.8815 1.5
    endloop
  endfacet
  facet normal 0 0 1
    outer loop
      vertex 105.396 -41.6113 1.5
      vertex 100.855 -28.72 1.5
      vertex 105.255 -41.6808 1.5
    endloop
  endfacet
  facet normal 0 0 1
    outer loop
      vertex 94.855 20.38 1.5
      vertex 105.006 41.8815 1.5
      vertex 104.903 41.9995 1.5
    endloop
  endfacet
  facet normal 0 0 1
    outer loop
      vertex 105.255 -41.6808 1.5
      vertex 100.855 -28.72 1.5
      vertex 105.124 -41.768 1.5
    endloop
  endfacet
  facet normal 0 0 1
    outer loop
      vertex 94.855 20.38 1.5
      vertex 104.903 41.9995 1.5
      vertex 104.816 42.13 1.5
    endloop
  endfacet
  facet normal 0 0 1
    outer loop
      vertex 105.124 -41.768 1.5
      vertex 100.855 -28.72 1.5
      vertex 105.006 -41.8715 1.5
    endloop
  endfacet
  facet normal 0 0 1
    outer loop
      vertex 94.855 20.38 1.5
      vertex 104.816 42.13 1.5
      vertex 104.746 42.2708 1.5
    endloop
  endfacet
  facet normal 0 0 1
    outer loop
      vertex 105.006 -41.8715 1.5
      vertex 100.855 -28.72 1.5
      vertex 104.903 -41.9895 1.5
    endloop
  endfacet
  facet normal 0 0 1
    outer loop
      vertex 94.855 20.38 1.5
      vertex 104.746 42.2708 1.5
      vertex 104.696 42.4194 1.5
    endloop
  endfacet
  facet normal 0 0 1
    outer loop
      vertex 104.903 -41.9895 1.5
      vertex 100.855 -28.72 1.5
      vertex 104.816 -42.12 1.5
    endloop
  endfacet
  facet normal 0 0 1
    outer loop
      vertex 80.855 20.38 1.5
      vertex 104.696 42.4194 1.5
      vertex 104.665 42.5734 1.5
    endloop
  endfacet
  facet normal 0 0 1
    outer loop
      vertex 104.816 -42.12 1.5
      vertex 100.855 -28.72 1.5
      vertex 104.746 -42.2608 1.5
    endloop
  endfacet
  facet normal 0 0 1
    outer loop
      vertex 80.855 20.38 1.5
      vertex 104.665 42.5734 1.5
      vertex 104.655 42.73 1.5
    endloop
  endfacet
  facet normal 0 0 1
    outer loop
      vertex 104.746 -42.2608 1.5
      vertex 100.855 -28.72 1.5
      vertex 104.696 -42.4094 1.5
    endloop
  endfacet
  facet normal 0 0 1
    outer loop
      vertex 109.95 50.825 1.5
      vertex 113.95 46.825 1.5
      vertex 113.916 47.3471 1.5
    endloop
  endfacet
  facet normal 0 0 1
    outer loop
      vertex 107.045 42.5734 1.5
      vertex 113.95 46.825 1.5
      vertex 107.055 42.73 1.5
    endloop
  endfacet
  facet normal 0 0 1
    outer loop
      vertex 109.95 50.825 1.5
      vertex 113.916 47.3471 1.5
      vertex 113.814 47.8603 1.5
    endloop
  endfacet
  facet normal 0 0 1
    outer loop
      vertex 107.014 42.4194 1.5
      vertex 113.95 46.825 1.5
      vertex 107.045 42.5734 1.5
    endloop
  endfacet
  facet normal 0 0 1
    outer loop
      vertex 109.95 50.825 1.5
      vertex 113.814 47.8603 1.5
      vertex 113.646 48.3557 1.5
    endloop
  endfacet
  facet normal -0 0 1
    outer loop
      vertex 107.045 -42.8766 1.5
      vertex 113.95 -46.825 1.5
      vertex 107.055 -42.72 1.5
    endloop
  endfacet
  facet normal 0 0 1
    outer loop
      vertex 109.95 50.825 1.5
      vertex 113.646 48.3557 1.5
      vertex 113.414 48.825 1.5
    endloop
  endfacet
  facet normal -0 0 1
    outer loop
      vertex 107.014 -43.0306 1.5
      vertex 113.95 -46.825 1.5
      vertex 107.045 -42.8766 1.5
    endloop
  endfacet
  facet normal 0 0 1
    outer loop
      vertex 109.95 50.825 1.5
      vertex 113.414 48.825 1.5
      vertex 113.123 49.26 1.5
    endloop
  endfacet
  facet normal -0 0 1
    outer loop
      vertex 106.964 -43.1792 1.5
      vertex 113.95 -46.825 1.5
      vertex 107.014 -43.0306 1.5
    endloop
  endfacet
  facet normal 0 0 1
    outer loop
      vertex 109.95 50.825 1.5
      vertex 113.123 49.26 1.5
      vertex 112.778 49.6534 1.5
    endloop
  endfacet
  facet normal -0 0 1
    outer loop
      vertex 106.894 -43.32 1.5
      vertex 113.95 -46.825 1.5
      vertex 106.964 -43.1792 1.5
    endloop
  endfacet
  facet normal 0 0 1
    outer loop
      vertex 109.95 50.825 1.5
      vertex 112.778 49.6534 1.5
      vertex 112.385 49.9984 1.5
    endloop
  endfacet
  facet normal -0 0 1
    outer loop
      vertex 106.807 -43.4505 1.5
      vertex 113.95 -46.825 1.5
      vertex 106.894 -43.32 1.5
    endloop
  endfacet
  facet normal 0 0 1
    outer loop
      vertex 109.95 50.825 1.5
      vertex 112.385 49.9984 1.5
      vertex 111.95 50.2891 1.5
    endloop
  endfacet
  facet normal -0 0 1
    outer loop
      vertex 106.704 -43.5685 1.5
      vertex 113.95 -46.825 1.5
      vertex 106.807 -43.4505 1.5
    endloop
  endfacet
  facet normal 0 0 1
    outer loop
      vertex 109.95 50.825 1.5
      vertex 111.95 50.2891 1.5
      vertex 111.481 50.5205 1.5
    endloop
  endfacet
  facet normal 0 -0 1
    outer loop
      vertex 109.95 -50.825 1.5
      vertex 113.95 -46.825 1.5
      vertex 106.704 -43.5685 1.5
    endloop
  endfacet
  facet normal 0 0 1
    outer loop
      vertex 109.95 50.825 1.5
      vertex 111.481 50.5205 1.5
      vertex 110.985 50.6887 1.5
    endloop
  endfacet
  facet normal 0 0 1
    outer loop
      vertex 113.95 -46.825 1.5
      vertex 109.95 -50.825 1.5
      vertex 113.916 -47.3471 1.5
    endloop
  endfacet
  facet normal 0 0 1
    outer loop
      vertex 109.95 50.825 1.5
      vertex 110.985 50.6887 1.5
      vertex 110.472 50.7908 1.5
    endloop
  endfacet
  facet normal 0 0 1
    outer loop
      vertex 113.916 -47.3471 1.5
      vertex 109.95 -50.825 1.5
      vertex 113.814 -47.8603 1.5
    endloop
  endfacet
  facet normal 0 0 1
    outer loop
      vertex 113.95 46.825 1.5
      vertex 109.95 50.825 1.5
      vertex 106.704 43.5785 1.5
    endloop
  endfacet
  facet normal 0 0 1
    outer loop
      vertex 113.814 -47.8603 1.5
      vertex 109.95 -50.825 1.5
      vertex 113.646 -48.3557 1.5
    endloop
  endfacet
  facet normal 0 0 1
    outer loop
      vertex 113.646 -48.3557 1.5
      vertex 109.95 -50.825 1.5
      vertex 113.414 -48.825 1.5
    endloop
  endfacet
  facet normal 0 0 1
    outer loop
      vertex 113.95 46.825 1.5
      vertex 107.045 42.8866 1.5
      vertex 107.055 42.73 1.5
    endloop
  endfacet
  facet normal 0 0 1
    outer loop
      vertex 113.95 46.825 1.5
      vertex 107.014 43.0406 1.5
      vertex 107.045 42.8866 1.5
    endloop
  endfacet
  facet normal 0 0 1
    outer loop
      vertex 113.95 46.825 1.5
      vertex 106.964 43.1892 1.5
      vertex 107.014 43.0406 1.5
    endloop
  endfacet
  facet normal 0 0 1
    outer loop
      vertex 113.95 46.825 1.5
      vertex 106.894 43.33 1.5
      vertex 106.964 43.1892 1.5
    endloop
  endfacet
  facet normal 0 0 1
    outer loop
      vertex 113.95 46.825 1.5
      vertex 106.807 43.4605 1.5
      vertex 106.894 43.33 1.5
    endloop
  endfacet
  facet normal 0 0 1
    outer loop
      vertex 113.95 46.825 1.5
      vertex 106.704 43.5785 1.5
      vertex 106.807 43.4605 1.5
    endloop
  endfacet
  facet normal 0 0 1
    outer loop
      vertex 109.95 50.825 1.5
      vertex 106.586 43.682 1.5
      vertex 106.704 43.5785 1.5
    endloop
  endfacet
  facet normal 0 0 1
    outer loop
      vertex 109.95 50.825 1.5
      vertex 106.455 43.7692 1.5
      vertex 106.586 43.682 1.5
    endloop
  endfacet
  facet normal 0 0 1
    outer loop
      vertex 109.95 50.825 1.5
      vertex 106.314 43.8387 1.5
      vertex 106.455 43.7692 1.5
    endloop
  endfacet
  facet normal 0 0 1
    outer loop
      vertex 109.95 50.825 1.5
      vertex 106.166 43.8891 1.5
      vertex 106.314 43.8387 1.5
    endloop
  endfacet
  facet normal 0 0 1
    outer loop
      vertex 109.95 50.825 1.5
      vertex 106.012 43.9197 1.5
      vertex 106.166 43.8891 1.5
    endloop
  endfacet
  facet normal 0 0 1
    outer loop
      vertex 109.95 50.825 1.5
      vertex 105.855 43.93 1.5
      vertex 106.012 43.9197 1.5
    endloop
  endfacet
  facet normal 0 0 1
    outer loop
      vertex 109.95 50.825 1.5
      vertex 105.698 43.9197 1.5
      vertex 105.855 43.93 1.5
    endloop
  endfacet
  facet normal 0 0 1
    outer loop
      vertex 109.95 50.825 1.5
      vertex 105.544 43.8891 1.5
      vertex 105.698 43.9197 1.5
    endloop
  endfacet
  facet normal 0 0 1
    outer loop
      vertex 109.95 50.825 1.5
      vertex 105.396 43.8387 1.5
      vertex 105.544 43.8891 1.5
    endloop
  endfacet
  facet normal 0 0 1
    outer loop
      vertex 109.95 50.825 1.5
      vertex 105.255 43.7692 1.5
      vertex 105.396 43.8387 1.5
    endloop
  endfacet
  facet normal 0 0 1
    outer loop
      vertex 109.95 50.825 1.5
      vertex 105.124 43.682 1.5
      vertex 105.255 43.7692 1.5
    endloop
  endfacet
  facet normal 0 0 1
    outer loop
      vertex 109.95 50.825 1.5
      vertex 105.006 43.5785 1.5
      vertex 105.124 43.682 1.5
    endloop
  endfacet
  facet normal 0 0 1
    outer loop
      vertex 109.95 50.825 1.5
      vertex 104.903 43.4605 1.5
      vertex 105.006 43.5785 1.5
    endloop
  endfacet
  facet normal 0 0 1
    outer loop
      vertex 104.696 -42.4094 1.5
      vertex 100.855 -28.72 1.5
      vertex 104.665 -42.5634 1.5
    endloop
  endfacet
  facet normal 0 0 1
    outer loop
      vertex 113.95 46.825 1.5
      vertex 94.855 20.38 1.5
      vertex 94.855 6.38 1.5
    endloop
  endfacet
  facet normal 0 0 1
    outer loop
      vertex 80.855 20.38 1.5
      vertex 104.655 42.73 1.5
      vertex 104.665 42.8866 1.5
    endloop
  endfacet
  facet normal 0 0 1
    outer loop
      vertex 75.795 20.38 1.5
      vertex 104.665 42.8866 1.5
      vertex 104.696 43.0406 1.5
    endloop
  endfacet
  facet normal 0 0 1
    outer loop
      vertex 49.4408 47.3471 1.5
      vertex 104.696 43.0406 1.5
      vertex 104.746 43.1892 1.5
    endloop
  endfacet
  facet normal 0 0 1
    outer loop
      vertex 104.696 42.4194 1.5
      vertex 80.855 20.38 1.5
      vertex 94.855 20.38 1.5
    endloop
  endfacet
  facet normal 0 0 1
    outer loop
      vertex 49.3387 47.8603 1.5
      vertex 104.746 43.1892 1.5
      vertex 104.816 43.33 1.5
    endloop
  endfacet
  facet normal 0 0 1
    outer loop
      vertex 49.1705 48.3557 1.5
      vertex 104.816 43.33 1.5
      vertex 104.903 43.4605 1.5
    endloop
  endfacet
  facet normal -0 0 1
    outer loop
      vertex 48.9391 48.825 1.5
      vertex 104.903 43.4605 1.5
      vertex 109.95 50.825 1.5
    endloop
  endfacet
  facet normal 0 0 1
    outer loop
      vertex 75.795 6.38 1.5
      vertex 80.855 6.38 1.5
      vertex 80.855 20.38 1.5
    endloop
  endfacet
  facet normal 0 0 1
    outer loop
      vertex 80.855 6.38 1.5
      vertex 75.795 6.38 1.5
      vertex 80.855 1.33 1.5
    endloop
  endfacet
  facet normal 0 0 1
    outer loop
      vertex 75.795 6.38 1.5
      vertex 80.855 20.38 1.5
      vertex 75.795 20.38 1.5
    endloop
  endfacet
  facet normal 0 0 1
    outer loop
      vertex 104.696 43.0406 1.5
      vertex 49.4408 47.3471 1.5
      vertex 49.475 46.825 1.5
    endloop
  endfacet
  facet normal 0 0 1
    outer loop
      vertex 104.665 42.8866 1.5
      vertex 75.795 20.38 1.5
      vertex 80.855 20.38 1.5
    endloop
  endfacet
  facet normal 0 0 1
    outer loop
      vertex 56.755 6.38 1.5
      vertex 61.795 6.38 1.5
      vertex 61.795 20.38 1.5
    endloop
  endfacet
  facet normal 0 0 1
    outer loop
      vertex 61.795 6.38 1.5
      vertex 56.755 6.38 1.5
      vertex 61.795 1.33 1.5
    endloop
  endfacet
  facet normal 0 0 1
    outer loop
      vertex 56.755 6.38 1.5
      vertex 61.795 20.38 1.5
      vertex 56.755 20.38 1.5
    endloop
  endfacet
  facet normal 0 0 1
    outer loop
      vertex 75.795 20.38 1.5
      vertex 49.475 46.825 1.5
      vertex 61.795 20.38 1.5
    endloop
  endfacet
  facet normal 0 0 1
    outer loop
      vertex 61.795 20.38 1.5
      vertex 49.475 46.825 1.5
      vertex 56.755 20.38 1.5
    endloop
  endfacet
  facet normal 0 0 1
    outer loop
      vertex 104.696 43.0406 1.5
      vertex 49.475 46.825 1.5
      vertex 75.795 20.38 1.5
    endloop
  endfacet
  facet normal 0 0 1
    outer loop
      vertex 104.746 43.1892 1.5
      vertex 49.3387 47.8603 1.5
      vertex 49.4408 47.3471 1.5
    endloop
  endfacet
  facet normal 0 0 1
    outer loop
      vertex 104.816 43.33 1.5
      vertex 49.1705 48.3557 1.5
      vertex 49.3387 47.8603 1.5
    endloop
  endfacet
  facet normal 0 0 1
    outer loop
      vertex 104.903 43.4605 1.5
      vertex 48.9391 48.825 1.5
      vertex 49.1705 48.3557 1.5
    endloop
  endfacet
  facet normal 0 0 1
    outer loop
      vertex 109.95 50.825 1.5
      vertex 48.6484 49.26 1.5
      vertex 48.9391 48.825 1.5
    endloop
  endfacet
  facet normal 0 0 1
    outer loop
      vertex 109.95 50.825 1.5
      vertex 48.3034 49.6534 1.5
      vertex 48.6484 49.26 1.5
    endloop
  endfacet
  facet normal 0 0 1
    outer loop
      vertex 109.95 50.825 1.5
      vertex 47.91 49.9984 1.5
      vertex 48.3034 49.6534 1.5
    endloop
  endfacet
  facet normal 0 0 1
    outer loop
      vertex 109.95 50.825 1.5
      vertex 47.475 50.2891 1.5
      vertex 47.91 49.9984 1.5
    endloop
  endfacet
  facet normal 0 0 1
    outer loop
      vertex 109.95 50.825 1.5
      vertex 47.0057 50.5205 1.5
      vertex 47.475 50.2891 1.5
    endloop
  endfacet
  facet normal 0 0 1
    outer loop
      vertex 109.95 50.825 1.5
      vertex 46.5103 50.6887 1.5
      vertex 47.0057 50.5205 1.5
    endloop
  endfacet
  facet normal 0 0 1
    outer loop
      vertex 109.95 50.825 1.5
      vertex 45.9971 50.7908 1.5
      vertex 46.5103 50.6887 1.5
    endloop
  endfacet
  facet normal 0 -0 1
    outer loop
      vertex 45.9971 50.7908 1.5
      vertex 109.95 50.825 1.5
      vertex 45.475 50.825 1.5
    endloop
  endfacet
  facet normal 0 0 1
    outer loop
      vertex 113.414 -48.825 1.5
      vertex 109.95 -50.825 1.5
      vertex 113.123 -49.26 1.5
    endloop
  endfacet
  facet normal 0 0 1
    outer loop
      vertex 113.123 -49.26 1.5
      vertex 109.95 -50.825 1.5
      vertex 112.778 -49.6534 1.5
    endloop
  endfacet
  facet normal 0 0 1
    outer loop
      vertex 112.778 -49.6534 1.5
      vertex 109.95 -50.825 1.5
      vertex 112.385 -49.9984 1.5
    endloop
  endfacet
  facet normal 0 0 1
    outer loop
      vertex 112.385 -49.9984 1.5
      vertex 109.95 -50.825 1.5
      vertex 111.95 -50.2891 1.5
    endloop
  endfacet
  facet normal 0 0 1
    outer loop
      vertex 111.95 -50.2891 1.5
      vertex 109.95 -50.825 1.5
      vertex 111.481 -50.5205 1.5
    endloop
  endfacet
  facet normal 0 0 1
    outer loop
      vertex 111.481 -50.5205 1.5
      vertex 109.95 -50.825 1.5
      vertex 110.985 -50.6887 1.5
    endloop
  endfacet
  facet normal 0 0 1
    outer loop
      vertex 110.985 -50.6887 1.5
      vertex 109.95 -50.825 1.5
      vertex 110.472 -50.7908 1.5
    endloop
  endfacet
  facet normal -0 0 1
    outer loop
      vertex 106.586 -43.672 1.5
      vertex 109.95 -50.825 1.5
      vertex 106.704 -43.5685 1.5
    endloop
  endfacet
  facet normal -0 0 1
    outer loop
      vertex 106.455 -43.7592 1.5
      vertex 109.95 -50.825 1.5
      vertex 106.586 -43.672 1.5
    endloop
  endfacet
  facet normal -0 0 1
    outer loop
      vertex 106.314 -43.8287 1.5
      vertex 109.95 -50.825 1.5
      vertex 106.455 -43.7592 1.5
    endloop
  endfacet
  facet normal -0 0 1
    outer loop
      vertex 106.166 -43.8791 1.5
      vertex 109.95 -50.825 1.5
      vertex 106.314 -43.8287 1.5
    endloop
  endfacet
  facet normal -0 0 1
    outer loop
      vertex 106.012 -43.9097 1.5
      vertex 109.95 -50.825 1.5
      vertex 106.166 -43.8791 1.5
    endloop
  endfacet
  facet normal -0 0 1
    outer loop
      vertex 105.855 -43.92 1.5
      vertex 109.95 -50.825 1.5
      vertex 106.012 -43.9097 1.5
    endloop
  endfacet
  facet normal 0 0 1
    outer loop
      vertex 105.698 -43.9097 1.5
      vertex 109.95 -50.825 1.5
      vertex 105.855 -43.92 1.5
    endloop
  endfacet
  facet normal 0 0 1
    outer loop
      vertex 105.544 -43.8791 1.5
      vertex 109.95 -50.825 1.5
      vertex 105.698 -43.9097 1.5
    endloop
  endfacet
  facet normal 0 0 1
    outer loop
      vertex 105.396 -43.8287 1.5
      vertex 109.95 -50.825 1.5
      vertex 105.544 -43.8791 1.5
    endloop
  endfacet
  facet normal 0 0 1
    outer loop
      vertex 105.255 -43.7592 1.5
      vertex 109.95 -50.825 1.5
      vertex 105.396 -43.8287 1.5
    endloop
  endfacet
  facet normal 0 0 1
    outer loop
      vertex 105.124 -43.672 1.5
      vertex 109.95 -50.825 1.5
      vertex 105.255 -43.7592 1.5
    endloop
  endfacet
  facet normal 0 0 1
    outer loop
      vertex 105.006 -43.5685 1.5
      vertex 109.95 -50.825 1.5
      vertex 105.124 -43.672 1.5
    endloop
  endfacet
  facet normal 0 0 1
    outer loop
      vertex 104.903 -43.4505 1.5
      vertex 109.95 -50.825 1.5
      vertex 105.006 -43.5685 1.5
    endloop
  endfacet
  facet normal -0 0 1
    outer loop
      vertex 74.855 -28.72 1.5
      vertex 104.665 -42.5634 1.5
      vertex 100.855 -28.72 1.5
    endloop
  endfacet
  facet normal 0 0 1
    outer loop
      vertex 104.665 -42.5634 1.5
      vertex 74.855 -28.72 1.5
      vertex 104.655 -42.72 1.5
    endloop
  endfacet
  facet normal 0 0 1
    outer loop
      vertex 104.655 -42.72 1.5
      vertex 74.855 -28.72 1.5
      vertex 104.665 -42.8766 1.5
    endloop
  endfacet
  facet normal 0 0 1
    outer loop
      vertex 104.665 -42.8766 1.5
      vertex 74.855 -28.72 1.5
      vertex 104.696 -43.0306 1.5
    endloop
  endfacet
  facet normal 0 0 1
    outer loop
      vertex 74.855 -28.72 1.5
      vertex 104.746 -43.1792 1.5
      vertex 104.696 -43.0306 1.5
    endloop
  endfacet
  facet normal 0 0 1
    outer loop
      vertex 74.855 -28.72 1.5
      vertex 104.816 -43.32 1.5
      vertex 104.746 -43.1792 1.5
    endloop
  endfacet
  facet normal 0 0 1
    outer loop
      vertex 49.1705 -48.3557 1.5
      vertex 104.816 -43.32 1.5
      vertex 74.855 -28.72 1.5
    endloop
  endfacet
  facet normal 0 0 1
    outer loop
      vertex 104.816 -43.32 1.5
      vertex 49.1705 -48.3557 1.5
      vertex 104.903 -43.4505 1.5
    endloop
  endfacet
  facet normal -0 0 1
    outer loop
      vertex 73.7522 -25.3726 1.5
      vertex 74.855 -28.72 1.5
      vertex 73.795 -24.72 1.5
    endloop
  endfacet
  facet normal -0 0 1
    outer loop
      vertex 73.6246 -26.0141 1.5
      vertex 74.855 -28.72 1.5
      vertex 73.7522 -25.3726 1.5
    endloop
  endfacet
  facet normal -0 0 1
    outer loop
      vertex 73.4144 -26.6334 1.5
      vertex 74.855 -28.72 1.5
      vertex 73.6246 -26.0141 1.5
    endloop
  endfacet
  facet normal -0 0 1
    outer loop
      vertex 73.1251 -27.22 1.5
      vertex 74.855 -28.72 1.5
      vertex 73.4144 -26.6334 1.5
    endloop
  endfacet
  facet normal -0 0 1
    outer loop
      vertex 72.7618 -27.7638 1.5
      vertex 74.855 -28.72 1.5
      vertex 73.1251 -27.22 1.5
    endloop
  endfacet
  facet normal -0 0 1
    outer loop
      vertex 72.3305 -28.2555 1.5
      vertex 74.855 -28.72 1.5
      vertex 72.7618 -27.7638 1.5
    endloop
  endfacet
  facet normal -0 0 1
    outer loop
      vertex 71.8388 -28.6868 1.5
      vertex 74.855 -28.72 1.5
      vertex 72.3305 -28.2555 1.5
    endloop
  endfacet
  facet normal 0 0 1
    outer loop
      vertex 71.295 -29.0501 1.5
      vertex 74.855 -28.72 1.5
      vertex 71.8388 -28.6868 1.5
    endloop
  endfacet
  facet normal 0 0 1
    outer loop
      vertex 70.7084 -29.3394 1.5
      vertex 74.855 -28.72 1.5
      vertex 71.295 -29.0501 1.5
    endloop
  endfacet
  facet normal 0 0 1
    outer loop
      vertex 70.0891 -29.5496 1.5
      vertex 74.855 -28.72 1.5
      vertex 70.7084 -29.3394 1.5
    endloop
  endfacet
  facet normal 0 0 1
    outer loop
      vertex 49.1705 -48.3557 1.5
      vertex 74.855 -28.72 1.5
      vertex 70.0891 -29.5496 1.5
    endloop
  endfacet
  facet normal 0 0 1
    outer loop
      vertex 49.3387 -47.8603 1.5
      vertex 70.0891 -29.5496 1.5
      vertex 69.4476 -29.6772 1.5
    endloop
  endfacet
  facet normal 0 0 1
    outer loop
      vertex 49.4408 -47.3471 1.5
      vertex 69.4476 -29.6772 1.5
      vertex 68.795 -29.72 1.5
    endloop
  endfacet
  facet normal 0 0 1
    outer loop
      vertex 49.475 -46.825 1.5
      vertex 68.795 -29.72 1.5
      vertex 68.1424 -29.6772 1.5
    endloop
  endfacet
  facet normal 0 0 1
    outer loop
      vertex 56.755 -31.72 1.5
      vertex 68.1424 -29.6772 1.5
      vertex 67.5009 -29.5496 1.5
    endloop
  endfacet
  facet normal 0 0 1
    outer loop
      vertex 56.755 -31.72 1.5
      vertex 67.5009 -29.5496 1.5
      vertex 66.8816 -29.3394 1.5
    endloop
  endfacet
  facet normal 0 0 1
    outer loop
      vertex 56.755 -31.72 1.5
      vertex 66.8816 -29.3394 1.5
      vertex 66.295 -29.0501 1.5
    endloop
  endfacet
  facet normal 0 0 1
    outer loop
      vertex 63.8378 -24.0674 1.5
      vertex 56.755 -17.72 1.5
      vertex 63.795 -24.72 1.5
    endloop
  endfacet
  facet normal 0 0 1
    outer loop
      vertex 56.755 1.33 1.5
      vertex 61.795 1.33 1.5
      vertex 56.755 6.38 1.5
    endloop
  endfacet
  facet normal 0 0 1
    outer loop
      vertex 61.795 1.33 1.5
      vertex 56.755 1.33 1.5
      vertex 61.795 -12.67 1.5
    endloop
  endfacet
  facet normal 0 0 1
    outer loop
      vertex 56.755 -12.67 1.5
      vertex 61.795 -12.67 1.5
      vertex 56.755 1.33 1.5
    endloop
  endfacet
  facet normal 0 0 1
    outer loop
      vertex 56.755 -17.72 1.5
      vertex 61.795 -12.67 1.5
      vertex 56.755 -12.67 1.5
    endloop
  endfacet
  facet normal 0 0 1
    outer loop
      vertex 56.755 -31.72 1.5
      vertex 63.795 -24.72 1.5
      vertex 56.755 -17.72 1.5
    endloop
  endfacet
  facet normal 0 0 1
    outer loop
      vertex 63.795 -24.72 1.5
      vertex 56.755 -31.72 1.5
      vertex 63.8378 -25.3726 1.5
    endloop
  endfacet
  facet normal 0 0 1
    outer loop
      vertex 63.8378 -25.3726 1.5
      vertex 56.755 -31.72 1.5
      vertex 63.9654 -26.0141 1.5
    endloop
  endfacet
  facet normal 0 0 1
    outer loop
      vertex 63.9654 -26.0141 1.5
      vertex 56.755 -31.72 1.5
      vertex 64.1756 -26.6334 1.5
    endloop
  endfacet
  facet normal 0 0 1
    outer loop
      vertex 64.1756 -26.6334 1.5
      vertex 56.755 -31.72 1.5
      vertex 64.4649 -27.22 1.5
    endloop
  endfacet
  facet normal 0 0 1
    outer loop
      vertex 64.4649 -27.22 1.5
      vertex 56.755 -31.72 1.5
      vertex 64.8282 -27.7638 1.5
    endloop
  endfacet
  facet normal 0 0 1
    outer loop
      vertex 56.755 -31.72 1.5
      vertex 65.2595 -28.2555 1.5
      vertex 64.8282 -27.7638 1.5
    endloop
  endfacet
  facet normal 0 0 1
    outer loop
      vertex 56.755 -31.72 1.5
      vertex 65.7512 -28.6868 1.5
      vertex 65.2595 -28.2555 1.5
    endloop
  endfacet
  facet normal 0 0 1
    outer loop
      vertex 56.755 -31.72 1.5
      vertex 66.295 -29.0501 1.5
      vertex 65.7512 -28.6868 1.5
    endloop
  endfacet
  facet normal 0 0 1
    outer loop
      vertex 68.1424 -29.6772 1.5
      vertex 56.755 -31.72 1.5
      vertex 49.475 -46.825 1.5
    endloop
  endfacet
  facet normal 0 0 1
    outer loop
      vertex 49.475 -46.825 1.5
      vertex 56.755 -31.72 1.5
      vertex 49.475 -31.72 1.5
    endloop
  endfacet
  facet normal 0 0 1
    outer loop
      vertex 68.795 -29.72 1.5
      vertex 49.475 -46.825 1.5
      vertex 49.4408 -47.3471 1.5
    endloop
  endfacet
  facet normal 0 0 1
    outer loop
      vertex 69.4476 -29.6772 1.5
      vertex 49.4408 -47.3471 1.5
      vertex 49.3387 -47.8603 1.5
    endloop
  endfacet
  facet normal 0 0 1
    outer loop
      vertex 70.0891 -29.5496 1.5
      vertex 49.3387 -47.8603 1.5
      vertex 49.1705 -48.3557 1.5
    endloop
  endfacet
  facet normal 0 0 1
    outer loop
      vertex 48.9391 -48.825 1.5
      vertex 104.903 -43.4505 1.5
      vertex 49.1705 -48.3557 1.5
    endloop
  endfacet
  facet normal 0 0 1
    outer loop
      vertex 104.903 -43.4505 1.5
      vertex 48.9391 -48.825 1.5
      vertex 109.95 -50.825 1.5
    endloop
  endfacet
  facet normal -0 0 1
    outer loop
      vertex 48.6484 -49.26 1.5
      vertex 109.95 -50.825 1.5
      vertex 48.9391 -48.825 1.5
    endloop
  endfacet
  facet normal -0 0 1
    outer loop
      vertex 48.3034 -49.6534 1.5
      vertex 109.95 -50.825 1.5
      vertex 48.6484 -49.26 1.5
    endloop
  endfacet
  facet normal -0 0 1
    outer loop
      vertex 47.91 -49.9984 1.5
      vertex 109.95 -50.825 1.5
      vertex 48.3034 -49.6534 1.5
    endloop
  endfacet
  facet normal -0 0 1
    outer loop
      vertex 47.475 -50.2891 1.5
      vertex 109.95 -50.825 1.5
      vertex 47.91 -49.9984 1.5
    endloop
  endfacet
  facet normal -0 0 1
    outer loop
      vertex 47.0057 -50.5205 1.5
      vertex 109.95 -50.825 1.5
      vertex 47.475 -50.2891 1.5
    endloop
  endfacet
  facet normal -0 0 1
    outer loop
      vertex 46.5103 -50.6887 1.5
      vertex 109.95 -50.825 1.5
      vertex 47.0057 -50.5205 1.5
    endloop
  endfacet
  facet normal -0 0 1
    outer loop
      vertex 45.9971 -50.7908 1.5
      vertex 109.95 -50.825 1.5
      vertex 46.5103 -50.6887 1.5
    endloop
  endfacet
  facet normal 0 0 1
    outer loop
      vertex 109.95 -50.825 1.5
      vertex 45.9971 -50.7908 1.5
      vertex 45.475 -50.825 1.5
    endloop
  endfacet
  facet normal 0 0 1
    outer loop
      vertex 113.95 46.825 1.5
      vertex 94.855 6.38 1.5
      vertex 100.855 -20.72 1.5
    endloop
  endfacet
  facet normal -0 0 1
    outer loop
      vertex 94.855 1.33 1.5
      vertex 100.855 -20.72 1.5
      vertex 94.855 6.38 1.5
    endloop
  endfacet
  facet normal -0 0 1
    outer loop
      vertex 94.855 -12.67 1.5
      vertex 100.855 -20.72 1.5
      vertex 94.855 1.33 1.5
    endloop
  endfacet
  facet normal -0 0 1
    outer loop
      vertex 80.855 -12.67 1.5
      vertex 100.855 -20.72 1.5
      vertex 94.855 -12.67 1.5
    endloop
  endfacet
  facet normal 0 0 1
    outer loop
      vertex 75.795 1.33 1.5
      vertex 80.855 1.33 1.5
      vertex 75.795 6.38 1.5
    endloop
  endfacet
  facet normal 0 0 1
    outer loop
      vertex 80.855 1.33 1.5
      vertex 75.795 1.33 1.5
      vertex 80.855 -12.67 1.5
    endloop
  endfacet
  facet normal 0 0 1
    outer loop
      vertex 75.795 -12.67 1.5
      vertex 80.855 -12.67 1.5
      vertex 75.795 1.33 1.5
    endloop
  endfacet
  facet normal 0 0 1
    outer loop
      vertex 74.855 -20.72 1.5
      vertex 80.855 -12.67 1.5
      vertex 75.795 -12.67 1.5
    endloop
  endfacet
  facet normal 0 0 1
    outer loop
      vertex 80.855 -12.67 1.5
      vertex 74.855 -20.72 1.5
      vertex 100.855 -20.72 1.5
    endloop
  endfacet
  facet normal 0 0 1
    outer loop
      vertex 74.855 -20.72 1.5
      vertex 73.795 -24.72 1.5
      vertex 74.855 -28.72 1.5
    endloop
  endfacet
  facet normal -0 0 1
    outer loop
      vertex 71.295 -20.3899 1.5
      vertex 74.855 -20.72 1.5
      vertex 75.795 -12.67 1.5
    endloop
  endfacet
  facet normal 0 0 1
    outer loop
      vertex 74.855 -20.72 1.5
      vertex 73.7522 -24.0674 1.5
      vertex 73.795 -24.72 1.5
    endloop
  endfacet
  facet normal 0 0 1
    outer loop
      vertex 74.855 -20.72 1.5
      vertex 73.6246 -23.4259 1.5
      vertex 73.7522 -24.0674 1.5
    endloop
  endfacet
  facet normal 0 0 1
    outer loop
      vertex 74.855 -20.72 1.5
      vertex 73.4144 -22.8066 1.5
      vertex 73.6246 -23.4259 1.5
    endloop
  endfacet
  facet normal 0 0 1
    outer loop
      vertex 74.855 -20.72 1.5
      vertex 73.1251 -22.22 1.5
      vertex 73.4144 -22.8066 1.5
    endloop
  endfacet
  facet normal 0 0 1
    outer loop
      vertex 74.855 -20.72 1.5
      vertex 72.7618 -21.6762 1.5
      vertex 73.1251 -22.22 1.5
    endloop
  endfacet
  facet normal 0 0 1
    outer loop
      vertex 74.855 -20.72 1.5
      vertex 72.3305 -21.1845 1.5
      vertex 72.7618 -21.6762 1.5
    endloop
  endfacet
  facet normal 0 0 1
    outer loop
      vertex 74.855 -20.72 1.5
      vertex 71.8388 -20.7532 1.5
      vertex 72.3305 -21.1845 1.5
    endloop
  endfacet
  facet normal 0 0 1
    outer loop
      vertex 74.855 -20.72 1.5
      vertex 71.295 -20.3899 1.5
      vertex 71.8388 -20.7532 1.5
    endloop
  endfacet
  facet normal 0 0 1
    outer loop
      vertex 75.795 -12.67 1.5
      vertex 70.7084 -20.1006 1.5
      vertex 71.295 -20.3899 1.5
    endloop
  endfacet
  facet normal 0 0 1
    outer loop
      vertex 75.795 -12.67 1.5
      vertex 70.0891 -19.8904 1.5
      vertex 70.7084 -20.1006 1.5
    endloop
  endfacet
  facet normal 0 0 1
    outer loop
      vertex 75.795 -12.67 1.5
      vertex 69.4476 -19.7628 1.5
      vertex 70.0891 -19.8904 1.5
    endloop
  endfacet
  facet normal 0 0 1
    outer loop
      vertex 75.795 -12.67 1.5
      vertex 68.795 -19.72 1.5
      vertex 69.4476 -19.7628 1.5
    endloop
  endfacet
  facet normal -0 0 1
    outer loop
      vertex 61.795 -12.67 1.5
      vertex 68.795 -19.72 1.5
      vertex 75.795 -12.67 1.5
    endloop
  endfacet
  facet normal 0 0 1
    outer loop
      vertex 68.795 -19.72 1.5
      vertex 61.795 -12.67 1.5
      vertex 68.1424 -19.7628 1.5
    endloop
  endfacet
  facet normal 0 0 1
    outer loop
      vertex 68.1424 -19.7628 1.5
      vertex 61.795 -12.67 1.5
      vertex 67.5009 -19.8904 1.5
    endloop
  endfacet
  facet normal 0 0 1
    outer loop
      vertex 67.5009 -19.8904 1.5
      vertex 61.795 -12.67 1.5
      vertex 66.8816 -20.1006 1.5
    endloop
  endfacet
  facet normal 0 0 1
    outer loop
      vertex 66.8816 -20.1006 1.5
      vertex 61.795 -12.67 1.5
      vertex 66.295 -20.3899 1.5
    endloop
  endfacet
  facet normal 0 0 1
    outer loop
      vertex 63.9654 -23.4259 1.5
      vertex 56.755 -17.72 1.5
      vertex 63.8378 -24.0674 1.5
    endloop
  endfacet
  facet normal 0 0 1
    outer loop
      vertex 64.1756 -22.8066 1.5
      vertex 56.755 -17.72 1.5
      vertex 63.9654 -23.4259 1.5
    endloop
  endfacet
  facet normal 0 0 1
    outer loop
      vertex 64.4649 -22.22 1.5
      vertex 56.755 -17.72 1.5
      vertex 64.1756 -22.8066 1.5
    endloop
  endfacet
  facet normal 0 0 1
    outer loop
      vertex 64.8282 -21.6762 1.5
      vertex 56.755 -17.72 1.5
      vertex 64.4649 -22.22 1.5
    endloop
  endfacet
  facet normal 0 0 1
    outer loop
      vertex 65.2595 -21.1845 1.5
      vertex 56.755 -17.72 1.5
      vertex 64.8282 -21.6762 1.5
    endloop
  endfacet
  facet normal -0 0 1
    outer loop
      vertex 56.755 -17.72 1.5
      vertex 65.2595 -21.1845 1.5
      vertex 61.795 -12.67 1.5
    endloop
  endfacet
  facet normal 0 0 1
    outer loop
      vertex 65.7512 -20.7532 1.5
      vertex 61.795 -12.67 1.5
      vertex 65.2595 -21.1845 1.5
    endloop
  endfacet
  facet normal 0 0 1
    outer loop
      vertex 66.295 -20.3899 1.5
      vertex 61.795 -12.67 1.5
      vertex 65.7512 -20.7532 1.5
    endloop
  endfacet
  facet normal 0.997886 0.064984 0
    outer loop
      vertex 113.95 46.825 1.5
      vertex 113.916 47.3471 0
      vertex 113.916 47.3471 1.5
    endloop
  endfacet
  facet normal 0.997886 0.064984 0
    outer loop
      vertex 113.916 47.3471 0
      vertex 113.95 46.825 1.5
      vertex 113.95 46.825 0
    endloop
  endfacet
  facet normal 0.659722 -0.75151 0
    outer loop
      vertex 112.385 -49.9984 0
      vertex 112.778 -49.6534 1.5
      vertex 112.385 -49.9984 1.5
    endloop
  endfacet
  facet normal 0.659722 -0.75151 0
    outer loop
      vertex 112.778 -49.6534 1.5
      vertex 112.385 -49.9984 0
      vertex 112.778 -49.6534 0
    endloop
  endfacet
  facet normal 0.751842 -0.659343 0
    outer loop
      vertex 112.778 -49.6534 1.5
      vertex 113.123 -49.26 0
      vertex 113.123 -49.26 1.5
    endloop
  endfacet
  facet normal 0.751842 -0.659343 0
    outer loop
      vertex 113.123 -49.26 0
      vertex 112.778 -49.6534 1.5
      vertex 112.778 -49.6534 0
    endloop
  endfacet
  facet normal 0.0653771 0.997861 -0
    outer loop
      vertex 110.472 50.7908 0
      vertex 109.95 50.825 1.5
      vertex 110.472 50.7908 1.5
    endloop
  endfacet
  facet normal 0.0653771 0.997861 0
    outer loop
      vertex 109.95 50.825 1.5
      vertex 110.472 50.7908 0
      vertex 109.95 50.825 0
    endloop
  endfacet
  facet normal 0.980815 0.19494 0
    outer loop
      vertex 113.916 47.3471 1.5
      vertex 113.814 47.8603 0
      vertex 113.814 47.8603 1.5
    endloop
  endfacet
  facet normal 0.980815 0.19494 0
    outer loop
      vertex 113.814 47.8603 0
      vertex 113.916 47.3471 1.5
      vertex 113.916 47.3471 0
    endloop
  endfacet
  facet normal 0.0653771 -0.997861 0
    outer loop
      vertex 109.95 -50.825 0
      vertex 110.472 -50.7908 1.5
      vertex 109.95 -50.825 1.5
    endloop
  endfacet
  facet normal 0.0653771 -0.997861 0
    outer loop
      vertex 110.472 -50.7908 1.5
      vertex 109.95 -50.825 0
      vertex 110.472 -50.7908 0
    endloop
  endfacet
  facet normal 0.947026 -0.321156 0
    outer loop
      vertex 113.646 -48.3557 1.5
      vertex 113.814 -47.8603 0
      vertex 113.814 -47.8603 1.5
    endloop
  endfacet
  facet normal 0.947026 -0.321156 0
    outer loop
      vertex 113.814 -47.8603 0
      vertex 113.646 -48.3557 1.5
      vertex 113.646 -48.3557 0
    endloop
  endfacet
  facet normal 0.896443 -0.443159 0
    outer loop
      vertex 113.414 -48.825 1.5
      vertex 113.646 -48.3557 0
      vertex 113.646 -48.3557 1.5
    endloop
  endfacet
  facet normal 0.896443 -0.443159 0
    outer loop
      vertex 113.646 -48.3557 0
      vertex 113.414 -48.825 1.5
      vertex 113.414 -48.825 0
    endloop
  endfacet
  facet normal 0.831167 -0.556022 0
    outer loop
      vertex 113.123 -49.26 1.5
      vertex 113.414 -48.825 0
      vertex 113.414 -48.825 1.5
    endloop
  endfacet
  facet normal 0.831167 -0.556022 0
    outer loop
      vertex 113.414 -48.825 0
      vertex 113.123 -49.26 1.5
      vertex 113.123 -49.26 0
    endloop
  endfacet
  facet normal 0.32115 0.947028 -0
    outer loop
      vertex 111.481 50.5205 0
      vertex 110.985 50.6887 1.5
      vertex 111.481 50.5205 1.5
    endloop
  endfacet
  facet normal 0.32115 0.947028 0
    outer loop
      vertex 110.985 50.6887 1.5
      vertex 111.481 50.5205 0
      vertex 110.985 50.6887 0
    endloop
  endfacet
  facet normal 0.195197 0.980764 -0
    outer loop
      vertex 110.985 50.6887 0
      vertex 110.472 50.7908 1.5
      vertex 110.985 50.6887 1.5
    endloop
  endfacet
  facet normal 0.195197 0.980764 0
    outer loop
      vertex 110.472 50.7908 1.5
      vertex 110.985 50.6887 0
      vertex 110.472 50.7908 0
    endloop
  endfacet
  facet normal 0.442465 -0.896786 0
    outer loop
      vertex 111.481 -50.5205 0
      vertex 111.95 -50.2891 1.5
      vertex 111.481 -50.5205 1.5
    endloop
  endfacet
  facet normal 0.442465 -0.896786 0
    outer loop
      vertex 111.95 -50.2891 1.5
      vertex 111.481 -50.5205 0
      vertex 111.95 -50.2891 0
    endloop
  endfacet
  facet normal 0.980815 -0.19494 0
    outer loop
      vertex 113.814 -47.8603 1.5
      vertex 113.916 -47.3471 0
      vertex 113.916 -47.3471 1.5
    endloop
  endfacet
  facet normal 0.980815 -0.19494 0
    outer loop
      vertex 113.916 -47.3471 0
      vertex 113.814 -47.8603 1.5
      vertex 113.814 -47.8603 0
    endloop
  endfacet
  facet normal 0.442465 0.896786 -0
    outer loop
      vertex 111.95 50.2891 0
      vertex 111.481 50.5205 1.5
      vertex 111.95 50.2891 1.5
    endloop
  endfacet
  facet normal 0.442465 0.896786 0
    outer loop
      vertex 111.481 50.5205 1.5
      vertex 111.95 50.2891 0
      vertex 111.481 50.5205 0
    endloop
  endfacet
  facet normal 0.195197 -0.980764 0
    outer loop
      vertex 110.472 -50.7908 0
      vertex 110.985 -50.6887 1.5
      vertex 110.472 -50.7908 1.5
    endloop
  endfacet
  facet normal 0.195197 -0.980764 0
    outer loop
      vertex 110.985 -50.6887 1.5
      vertex 110.472 -50.7908 0
      vertex 110.985 -50.6887 0
    endloop
  endfacet
  facet normal 0.32115 -0.947028 0
    outer loop
      vertex 110.985 -50.6887 0
      vertex 111.481 -50.5205 1.5
      vertex 110.985 -50.6887 1.5
    endloop
  endfacet
  facet normal 0.32115 -0.947028 0
    outer loop
      vertex 111.481 -50.5205 1.5
      vertex 110.985 -50.6887 0
      vertex 111.481 -50.5205 0
    endloop
  endfacet
  facet normal 0.555626 0.831432 -0
    outer loop
      vertex 112.385 49.9984 0
      vertex 111.95 50.2891 1.5
      vertex 112.385 49.9984 1.5
    endloop
  endfacet
  facet normal 0.555626 0.831432 0
    outer loop
      vertex 111.95 50.2891 1.5
      vertex 112.385 49.9984 0
      vertex 111.95 50.2891 0
    endloop
  endfacet
  facet normal 0.831167 0.556022 0
    outer loop
      vertex 113.414 48.825 1.5
      vertex 113.123 49.26 0
      vertex 113.123 49.26 1.5
    endloop
  endfacet
  facet normal 0.831167 0.556022 0
    outer loop
      vertex 113.123 49.26 0
      vertex 113.414 48.825 1.5
      vertex 113.414 48.825 0
    endloop
  endfacet
  facet normal 0.896443 0.443159 0
    outer loop
      vertex 113.646 48.3557 1.5
      vertex 113.414 48.825 0
      vertex 113.414 48.825 1.5
    endloop
  endfacet
  facet normal 0.896443 0.443159 0
    outer loop
      vertex 113.414 48.825 0
      vertex 113.646 48.3557 1.5
      vertex 113.646 48.3557 0
    endloop
  endfacet
  facet normal 0.555626 -0.831432 0
    outer loop
      vertex 111.95 -50.2891 0
      vertex 112.385 -49.9984 1.5
      vertex 111.95 -50.2891 1.5
    endloop
  endfacet
  facet normal 0.555626 -0.831432 0
    outer loop
      vertex 112.385 -49.9984 1.5
      vertex 111.95 -50.2891 0
      vertex 112.385 -49.9984 0
    endloop
  endfacet
  facet normal -1 0 0
    outer loop
      vertex 56.755 -31.72 0
      vertex 56.755 -17.72 1.5
      vertex 56.755 -17.72 0
    endloop
  endfacet
  facet normal -1 -0 0
    outer loop
      vertex 56.755 -17.72 1.5
      vertex 56.755 -31.72 0
      vertex 56.755 -31.72 1.5
    endloop
  endfacet
  facet normal 0 1 -0
    outer loop
      vertex 56.755 -31.72 0
      vertex 49.475 -31.72 1.5
      vertex 56.755 -31.72 1.5
    endloop
  endfacet
  facet normal 0 1 0
    outer loop
      vertex 49.475 -31.72 1.5
      vertex 56.755 -31.72 0
      vertex 49.475 -31.72 0
    endloop
  endfacet
  facet normal 0 -1 0
    outer loop
      vertex 49.475 -17.72 0
      vertex 56.755 -17.72 1.5
      vertex 49.475 -17.72 1.5
    endloop
  endfacet
  facet normal 0 -1 -0
    outer loop
      vertex 56.755 -17.72 1.5
      vertex 49.475 -17.72 0
      vertex 56.755 -17.72 0
    endloop
  endfacet
  facet normal -1 0 0
    outer loop
      vertex 56.755 -12.67 0
      vertex 56.755 1.33 1.5
      vertex 56.755 1.33 0
    endloop
  endfacet
  facet normal -1 -0 0
    outer loop
      vertex 56.755 1.33 1.5
      vertex 56.755 -12.67 0
      vertex 56.755 -12.67 1.5
    endloop
  endfacet
  facet normal 0 1 -0
    outer loop
      vertex 56.755 -12.67 0
      vertex 49.475 -12.67 1.5
      vertex 56.755 -12.67 1.5
    endloop
  endfacet
  facet normal 0 1 0
    outer loop
      vertex 49.475 -12.67 1.5
      vertex 56.755 -12.67 0
      vertex 49.475 -12.67 0
    endloop
  endfacet
  facet normal 0 -1 0
    outer loop
      vertex 49.475 1.33 0
      vertex 56.755 1.33 1.5
      vertex 49.475 1.33 1.5
    endloop
  endfacet
  facet normal 0 -1 -0
    outer loop
      vertex 56.755 1.33 1.5
      vertex 49.475 1.33 0
      vertex 56.755 1.33 0
    endloop
  endfacet
  facet normal 1 -0 0
    outer loop
      vertex 61.795 -12.67 1.5
      vertex 61.795 1.33 0
      vertex 61.795 1.33 1.5
    endloop
  endfacet
  facet normal 1 0 0
    outer loop
      vertex 61.795 1.33 0
      vertex 61.795 -12.67 1.5
      vertex 61.795 -12.67 0
    endloop
  endfacet
  facet normal -1 0 0
    outer loop
      vertex 75.795 -12.67 0
      vertex 75.795 1.33 1.5
      vertex 75.795 1.33 0
    endloop
  endfacet
  facet normal -1 -0 0
    outer loop
      vertex 75.795 1.33 1.5
      vertex 75.795 -12.67 0
      vertex 75.795 -12.67 1.5
    endloop
  endfacet
  facet normal 0 1 -0
    outer loop
      vertex 75.795 -12.67 0
      vertex 61.795 -12.67 1.5
      vertex 75.795 -12.67 1.5
    endloop
  endfacet
  facet normal 0 1 0
    outer loop
      vertex 61.795 -12.67 1.5
      vertex 75.795 -12.67 0
      vertex 61.795 -12.67 0
    endloop
  endfacet
  facet normal 0 -1 0
    outer loop
      vertex 61.795 1.33 0
      vertex 75.795 1.33 1.5
      vertex 61.795 1.33 1.5
    endloop
  endfacet
  facet normal 0 -1 -0
    outer loop
      vertex 75.795 1.33 1.5
      vertex 61.795 1.33 0
      vertex 75.795 1.33 0
    endloop
  endfacet
  facet normal 1 -0 0
    outer loop
      vertex 80.855 -12.67 1.5
      vertex 80.855 1.33 0
      vertex 80.855 1.33 1.5
    endloop
  endfacet
  facet normal 1 0 0
    outer loop
      vertex 80.855 1.33 0
      vertex 80.855 -12.67 1.5
      vertex 80.855 -12.67 0
    endloop
  endfacet
  facet normal -1 0 0
    outer loop
      vertex 94.855 -12.67 0
      vertex 94.855 1.33 1.5
      vertex 94.855 1.33 0
    endloop
  endfacet
  facet normal -1 -0 0
    outer loop
      vertex 94.855 1.33 1.5
      vertex 94.855 -12.67 0
      vertex 94.855 -12.67 1.5
    endloop
  endfacet
  facet normal 0 1 -0
    outer loop
      vertex 94.855 -12.67 0
      vertex 80.855 -12.67 1.5
      vertex 94.855 -12.67 1.5
    endloop
  endfacet
  facet normal 0 1 0
    outer loop
      vertex 80.855 -12.67 1.5
      vertex 94.855 -12.67 0
      vertex 80.855 -12.67 0
    endloop
  endfacet
  facet normal 0 -1 0
    outer loop
      vertex 80.855 1.33 0
      vertex 94.855 1.33 1.5
      vertex 80.855 1.33 1.5
    endloop
  endfacet
  facet normal 0 -1 -0
    outer loop
      vertex 94.855 1.33 1.5
      vertex 80.855 1.33 0
      vertex 94.855 1.33 0
    endloop
  endfacet
  facet normal -1 0 0
    outer loop
      vertex 56.755 6.38 0
      vertex 56.755 20.38 1.5
      vertex 56.755 20.38 0
    endloop
  endfacet
  facet normal -1 -0 0
    outer loop
      vertex 56.755 20.38 1.5
      vertex 56.755 6.38 0
      vertex 56.755 6.38 1.5
    endloop
  endfacet
  facet normal 0 -1 0
    outer loop
      vertex 49.475 20.38 0
      vertex 56.755 20.38 1.5
      vertex 49.475 20.38 1.5
    endloop
  endfacet
  facet normal 0 -1 -0
    outer loop
      vertex 56.755 20.38 1.5
      vertex 49.475 20.38 0
      vertex 56.755 20.38 0
    endloop
  endfacet
  facet normal 0 1 -0
    outer loop
      vertex 56.755 6.38 0
      vertex 49.475 6.38 1.5
      vertex 56.755 6.38 1.5
    endloop
  endfacet
  facet normal 0 1 0
    outer loop
      vertex 49.475 6.38 1.5
      vertex 56.755 6.38 0
      vertex 49.475 6.38 0
    endloop
  endfacet
  facet normal 1 -0 0
    outer loop
      vertex 61.795 6.38 1.5
      vertex 61.795 20.38 0
      vertex 61.795 20.38 1.5
    endloop
  endfacet
  facet normal 1 0 0
    outer loop
      vertex 61.795 20.38 0
      vertex 61.795 6.38 1.5
      vertex 61.795 6.38 0
    endloop
  endfacet
  facet normal -1 0 0
    outer loop
      vertex 75.795 6.38 0
      vertex 75.795 20.38 1.5
      vertex 75.795 20.38 0
    endloop
  endfacet
  facet normal -1 -0 0
    outer loop
      vertex 75.795 20.38 1.5
      vertex 75.795 6.38 0
      vertex 75.795 6.38 1.5
    endloop
  endfacet
  facet normal 0 1 -0
    outer loop
      vertex 75.795 6.38 0
      vertex 61.795 6.38 1.5
      vertex 75.795 6.38 1.5
    endloop
  endfacet
  facet normal 0 1 0
    outer loop
      vertex 61.795 6.38 1.5
      vertex 75.795 6.38 0
      vertex 61.795 6.38 0
    endloop
  endfacet
  facet normal 0 -1 0
    outer loop
      vertex 61.795 20.38 0
      vertex 75.795 20.38 1.5
      vertex 61.795 20.38 1.5
    endloop
  endfacet
  facet normal 0 -1 -0
    outer loop
      vertex 75.795 20.38 1.5
      vertex 61.795 20.38 0
      vertex 75.795 20.38 0
    endloop
  endfacet
  facet normal 1 -0 0
    outer loop
      vertex 80.855 6.38 1.5
      vertex 80.855 20.38 0
      vertex 80.855 20.38 1.5
    endloop
  endfacet
  facet normal 1 0 0
    outer loop
      vertex 80.855 20.38 0
      vertex 80.855 6.38 1.5
      vertex 80.855 6.38 0
    endloop
  endfacet
  facet normal -1 0 0
    outer loop
      vertex 94.855 6.38 0
      vertex 94.855 20.38 1.5
      vertex 94.855 20.38 0
    endloop
  endfacet
  facet normal -1 -0 0
    outer loop
      vertex 94.855 20.38 1.5
      vertex 94.855 6.38 0
      vertex 94.855 6.38 1.5
    endloop
  endfacet
  facet normal 0 -1 0
    outer loop
      vertex 80.855 20.38 0
      vertex 94.855 20.38 1.5
      vertex 80.855 20.38 1.5
    endloop
  endfacet
  facet normal 0 -1 -0
    outer loop
      vertex 94.855 20.38 1.5
      vertex 80.855 20.38 0
      vertex 94.855 20.38 0
    endloop
  endfacet
  facet normal 0 1 -0
    outer loop
      vertex 94.855 6.38 0
      vertex 80.855 6.38 1.5
      vertex 94.855 6.38 1.5
    endloop
  endfacet
  facet normal 0 1 0
    outer loop
      vertex 80.855 6.38 1.5
      vertex 94.855 6.38 0
      vertex 80.855 6.38 0
    endloop
  endfacet
  facet normal -0.997856 -0.0654432 0
    outer loop
      vertex 73.795 -24.72 0
      vertex 73.7522 -24.0674 1.5
      vertex 73.7522 -24.0674 0
    endloop
  endfacet
  facet normal -0.997856 -0.0654432 0
    outer loop
      vertex 73.7522 -24.0674 1.5
      vertex 73.795 -24.72 0
      vertex 73.795 -24.72 1.5
    endloop
  endfacet
  facet normal 0.0654432 -0.997856 0
    outer loop
      vertex 68.1424 -19.7628 0
      vertex 68.795 -19.72 1.5
      vertex 68.1424 -19.7628 1.5
    endloop
  endfacet
  facet normal 0.0654432 -0.997856 0
    outer loop
      vertex 68.795 -19.72 1.5
      vertex 68.1424 -19.7628 0
      vertex 68.795 -19.72 0
    endloop
  endfacet
  facet normal -0.659424 -0.751771 0
    outer loop
      vertex 71.8388 -20.7532 0
      vertex 72.3305 -21.1845 1.5
      vertex 71.8388 -20.7532 1.5
    endloop
  endfacet
  facet normal -0.659424 -0.751771 -0
    outer loop
      vertex 72.3305 -21.1845 1.5
      vertex 71.8388 -20.7532 0
      vertex 72.3305 -21.1845 0
    endloop
  endfacet
  facet normal 0.751771 -0.659424 0
    outer loop
      vertex 64.8282 -21.6762 1.5
      vertex 65.2595 -21.1845 0
      vertex 65.2595 -21.1845 1.5
    endloop
  endfacet
  facet normal 0.751771 -0.659424 0
    outer loop
      vertex 65.2595 -21.1845 0
      vertex 64.8282 -21.6762 1.5
      vertex 64.8282 -21.6762 0
    endloop
  endfacet
  facet normal 0.442314 -0.89686 0
    outer loop
      vertex 66.295 -20.3899 0
      vertex 66.8816 -20.1006 1.5
      vertex 66.295 -20.3899 1.5
    endloop
  endfacet
  facet normal 0.442314 -0.89686 0
    outer loop
      vertex 66.8816 -20.1006 1.5
      vertex 66.295 -20.3899 0
      vertex 66.8816 -20.1006 0
    endloop
  endfacet
  facet normal 0.751771 0.659424 0
    outer loop
      vertex 65.2595 -28.2555 1.5
      vertex 64.8282 -27.7638 0
      vertex 64.8282 -27.7638 1.5
    endloop
  endfacet
  facet normal 0.751771 0.659424 0
    outer loop
      vertex 64.8282 -27.7638 0
      vertex 65.2595 -28.2555 1.5
      vertex 65.2595 -28.2555 0
    endloop
  endfacet
  facet normal -0.946941 -0.321407 0
    outer loop
      vertex 73.6246 -23.4259 0
      vertex 73.4144 -22.8066 1.5
      vertex 73.4144 -22.8066 0
    endloop
  endfacet
  facet normal -0.946941 -0.321407 0
    outer loop
      vertex 73.4144 -22.8066 1.5
      vertex 73.6246 -23.4259 0
      vertex 73.6246 -23.4259 1.5
    endloop
  endfacet
  facet normal -0.980786 -0.195087 0
    outer loop
      vertex 73.7522 -24.0674 0
      vertex 73.6246 -23.4259 1.5
      vertex 73.6246 -23.4259 0
    endloop
  endfacet
  facet normal -0.980786 -0.195087 0
    outer loop
      vertex 73.6246 -23.4259 1.5
      vertex 73.7522 -24.0674 0
      vertex 73.7522 -24.0674 1.5
    endloop
  endfacet
  facet normal -0.321407 -0.946941 0
    outer loop
      vertex 70.0891 -19.8904 0
      vertex 70.7084 -20.1006 1.5
      vertex 70.0891 -19.8904 1.5
    endloop
  endfacet
  facet normal -0.321407 -0.946941 -0
    outer loop
      vertex 70.7084 -20.1006 1.5
      vertex 70.0891 -19.8904 0
      vertex 70.7084 -20.1006 0
    endloop
  endfacet
  facet normal -0.0654432 -0.997856 0
    outer loop
      vertex 68.795 -19.72 0
      vertex 69.4476 -19.7628 1.5
      vertex 68.795 -19.72 1.5
    endloop
  endfacet
  facet normal -0.0654432 -0.997856 -0
    outer loop
      vertex 69.4476 -19.7628 1.5
      vertex 68.795 -19.72 0
      vertex 69.4476 -19.7628 0
    endloop
  endfacet
  facet normal -0.555512 -0.831509 0
    outer loop
      vertex 71.295 -20.3899 0
      vertex 71.8388 -20.7532 1.5
      vertex 71.295 -20.3899 1.5
    endloop
  endfacet
  facet normal -0.555512 -0.831509 -0
    outer loop
      vertex 71.8388 -20.7532 1.5
      vertex 71.295 -20.3899 0
      vertex 71.8388 -20.7532 0
    endloop
  endfacet
  facet normal 0.946941 -0.321407 0
    outer loop
      vertex 63.9654 -23.4259 1.5
      vertex 64.1756 -22.8066 0
      vertex 64.1756 -22.8066 1.5
    endloop
  endfacet
  facet normal 0.946941 -0.321407 0
    outer loop
      vertex 64.1756 -22.8066 0
      vertex 63.9654 -23.4259 1.5
      vertex 63.9654 -23.4259 0
    endloop
  endfacet
  facet normal 0.89686 -0.442314 0
    outer loop
      vertex 64.1756 -22.8066 1.5
      vertex 64.4649 -22.22 0
      vertex 64.4649 -22.22 1.5
    endloop
  endfacet
  facet normal 0.89686 -0.442314 0
    outer loop
      vertex 64.4649 -22.22 0
      vertex 64.1756 -22.8066 1.5
      vertex 64.1756 -22.8066 0
    endloop
  endfacet
  facet normal 0.980786 -0.195087 0
    outer loop
      vertex 63.8378 -24.0674 1.5
      vertex 63.9654 -23.4259 0
      vertex 63.9654 -23.4259 1.5
    endloop
  endfacet
  facet normal 0.980786 -0.195087 0
    outer loop
      vertex 63.9654 -23.4259 0
      vertex 63.8378 -24.0674 1.5
      vertex 63.8378 -24.0674 0
    endloop
  endfacet
  facet normal 0.997856 0.0654432 0
    outer loop
      vertex 63.8378 -25.3726 1.5
      vertex 63.795 -24.72 0
      vertex 63.795 -24.72 1.5
    endloop
  endfacet
  facet normal 0.997856 0.0654432 0
    outer loop
      vertex 63.795 -24.72 0
      vertex 63.8378 -25.3726 1.5
      vertex 63.8378 -25.3726 0
    endloop
  endfacet
  facet normal 0.659424 -0.751771 0
    outer loop
      vertex 65.2595 -21.1845 0
      vertex 65.7512 -20.7532 1.5
      vertex 65.2595 -21.1845 1.5
    endloop
  endfacet
  facet normal 0.659424 -0.751771 0
    outer loop
      vertex 65.7512 -20.7532 1.5
      vertex 65.2595 -21.1845 0
      vertex 65.7512 -20.7532 0
    endloop
  endfacet
  facet normal 0.195087 -0.980786 0
    outer loop
      vertex 67.5009 -19.8904 0
      vertex 68.1424 -19.7628 1.5
      vertex 67.5009 -19.8904 1.5
    endloop
  endfacet
  facet normal 0.195087 -0.980786 0
    outer loop
      vertex 68.1424 -19.7628 1.5
      vertex 67.5009 -19.8904 0
      vertex 68.1424 -19.7628 0
    endloop
  endfacet
  facet normal -0.751771 0.659424 0
    outer loop
      vertex 72.3305 -28.2555 0
      vertex 72.7618 -27.7638 1.5
      vertex 72.7618 -27.7638 0
    endloop
  endfacet
  facet normal -0.751771 0.659424 0
    outer loop
      vertex 72.7618 -27.7638 1.5
      vertex 72.3305 -28.2555 0
      vertex 72.3305 -28.2555 1.5
    endloop
  endfacet
  facet normal -0.555512 0.831509 0
    outer loop
      vertex 71.8388 -28.6868 0
      vertex 71.295 -29.0501 1.5
      vertex 71.8388 -28.6868 1.5
    endloop
  endfacet
  facet normal -0.555512 0.831509 0
    outer loop
      vertex 71.295 -29.0501 1.5
      vertex 71.8388 -28.6868 0
      vertex 71.295 -29.0501 0
    endloop
  endfacet
  facet normal -0.831509 0.555512 0
    outer loop
      vertex 72.7618 -27.7638 0
      vertex 73.1251 -27.22 1.5
      vertex 73.1251 -27.22 0
    endloop
  endfacet
  facet normal -0.831509 0.555512 0
    outer loop
      vertex 73.1251 -27.22 1.5
      vertex 72.7618 -27.7638 0
      vertex 72.7618 -27.7638 1.5
    endloop
  endfacet
  facet normal 0.195087 0.980786 -0
    outer loop
      vertex 68.1424 -29.6772 0
      vertex 67.5009 -29.5496 1.5
      vertex 68.1424 -29.6772 1.5
    endloop
  endfacet
  facet normal 0.195087 0.980786 0
    outer loop
      vertex 67.5009 -29.5496 1.5
      vertex 68.1424 -29.6772 0
      vertex 67.5009 -29.5496 0
    endloop
  endfacet
  facet normal 0.946941 0.321407 0
    outer loop
      vertex 64.1756 -26.6334 1.5
      vertex 63.9654 -26.0141 0
      vertex 63.9654 -26.0141 1.5
    endloop
  endfacet
  facet normal 0.946941 0.321407 0
    outer loop
      vertex 63.9654 -26.0141 0
      vertex 64.1756 -26.6334 1.5
      vertex 64.1756 -26.6334 0
    endloop
  endfacet
  facet normal 0.831509 0.555512 0
    outer loop
      vertex 64.8282 -27.7638 1.5
      vertex 64.4649 -27.22 0
      vertex 64.4649 -27.22 1.5
    endloop
  endfacet
  facet normal 0.831509 0.555512 0
    outer loop
      vertex 64.4649 -27.22 0
      vertex 64.8282 -27.7638 1.5
      vertex 64.8282 -27.7638 0
    endloop
  endfacet
  facet normal -0.89686 -0.442314 0
    outer loop
      vertex 73.4144 -22.8066 0
      vertex 73.1251 -22.22 1.5
      vertex 73.1251 -22.22 0
    endloop
  endfacet
  facet normal -0.89686 -0.442314 0
    outer loop
      vertex 73.1251 -22.22 1.5
      vertex 73.4144 -22.8066 0
      vertex 73.4144 -22.8066 1.5
    endloop
  endfacet
  facet normal -0.831509 -0.555512 0
    outer loop
      vertex 73.1251 -22.22 0
      vertex 72.7618 -21.6762 1.5
      vertex 72.7618 -21.6762 0
    endloop
  endfacet
  facet normal -0.831509 -0.555512 0
    outer loop
      vertex 72.7618 -21.6762 1.5
      vertex 73.1251 -22.22 0
      vertex 73.1251 -22.22 1.5
    endloop
  endfacet
  facet normal -0.751771 -0.659424 0
    outer loop
      vertex 72.7618 -21.6762 0
      vertex 72.3305 -21.1845 1.5
      vertex 72.3305 -21.1845 0
    endloop
  endfacet
  facet normal -0.751771 -0.659424 0
    outer loop
      vertex 72.3305 -21.1845 1.5
      vertex 72.7618 -21.6762 0
      vertex 72.7618 -21.6762 1.5
    endloop
  endfacet
  facet normal 0.831509 -0.555512 0
    outer loop
      vertex 64.4649 -22.22 1.5
      vertex 64.8282 -21.6762 0
      vertex 64.8282 -21.6762 1.5
    endloop
  endfacet
  facet normal 0.831509 -0.555512 0
    outer loop
      vertex 64.8282 -21.6762 0
      vertex 64.4649 -22.22 1.5
      vertex 64.4649 -22.22 0
    endloop
  endfacet
  facet normal 0.555512 -0.831509 0
    outer loop
      vertex 65.7512 -20.7532 0
      vertex 66.295 -20.3899 1.5
      vertex 65.7512 -20.7532 1.5
    endloop
  endfacet
  facet normal 0.555512 -0.831509 0
    outer loop
      vertex 66.295 -20.3899 1.5
      vertex 65.7512 -20.7532 0
      vertex 66.295 -20.3899 0
    endloop
  endfacet
  facet normal -0.442314 0.89686 0
    outer loop
      vertex 71.295 -29.0501 0
      vertex 70.7084 -29.3394 1.5
      vertex 71.295 -29.0501 1.5
    endloop
  endfacet
  facet normal -0.442314 0.89686 0
    outer loop
      vertex 70.7084 -29.3394 1.5
      vertex 71.295 -29.0501 0
      vertex 70.7084 -29.3394 0
    endloop
  endfacet
  facet normal -0.195087 0.980786 0
    outer loop
      vertex 70.0891 -29.5496 0
      vertex 69.4476 -29.6772 1.5
      vertex 70.0891 -29.5496 1.5
    endloop
  endfacet
  facet normal -0.195087 0.980786 0
    outer loop
      vertex 69.4476 -29.6772 1.5
      vertex 70.0891 -29.5496 0
      vertex 69.4476 -29.6772 0
    endloop
  endfacet
  facet normal -0.321407 0.946941 0
    outer loop
      vertex 70.7084 -29.3394 0
      vertex 70.0891 -29.5496 1.5
      vertex 70.7084 -29.3394 1.5
    endloop
  endfacet
  facet normal -0.321407 0.946941 0
    outer loop
      vertex 70.0891 -29.5496 1.5
      vertex 70.7084 -29.3394 0
      vertex 70.0891 -29.5496 0
    endloop
  endfacet
  facet normal -0.659424 0.751771 0
    outer loop
      vertex 72.3305 -28.2555 0
      vertex 71.8388 -28.6868 1.5
      vertex 72.3305 -28.2555 1.5
    endloop
  endfacet
  facet normal -0.659424 0.751771 0
    outer loop
      vertex 71.8388 -28.6868 1.5
      vertex 72.3305 -28.2555 0
      vertex 71.8388 -28.6868 0
    endloop
  endfacet
  facet normal -0.946941 0.321407 0
    outer loop
      vertex 73.4144 -26.6334 0
      vertex 73.6246 -26.0141 1.5
      vertex 73.6246 -26.0141 0
    endloop
  endfacet
  facet normal -0.946941 0.321407 0
    outer loop
      vertex 73.6246 -26.0141 1.5
      vertex 73.4144 -26.6334 0
      vertex 73.4144 -26.6334 1.5
    endloop
  endfacet
  facet normal -0.997856 0.0654432 0
    outer loop
      vertex 73.7522 -25.3726 0
      vertex 73.795 -24.72 1.5
      vertex 73.795 -24.72 0
    endloop
  endfacet
  facet normal -0.997856 0.0654432 0
    outer loop
      vertex 73.795 -24.72 1.5
      vertex 73.7522 -25.3726 0
      vertex 73.7522 -25.3726 1.5
    endloop
  endfacet
  facet normal 0.0654432 0.997856 -0
    outer loop
      vertex 68.795 -29.72 0
      vertex 68.1424 -29.6772 1.5
      vertex 68.795 -29.72 1.5
    endloop
  endfacet
  facet normal 0.0654432 0.997856 0
    outer loop
      vertex 68.1424 -29.6772 1.5
      vertex 68.795 -29.72 0
      vertex 68.1424 -29.6772 0
    endloop
  endfacet
  facet normal 0.442314 0.89686 -0
    outer loop
      vertex 66.8816 -29.3394 0
      vertex 66.295 -29.0501 1.5
      vertex 66.8816 -29.3394 1.5
    endloop
  endfacet
  facet normal 0.442314 0.89686 0
    outer loop
      vertex 66.295 -29.0501 1.5
      vertex 66.8816 -29.3394 0
      vertex 66.295 -29.0501 0
    endloop
  endfacet
  facet normal 0.555512 0.831509 -0
    outer loop
      vertex 66.295 -29.0501 0
      vertex 65.7512 -28.6868 1.5
      vertex 66.295 -29.0501 1.5
    endloop
  endfacet
  facet normal 0.555512 0.831509 0
    outer loop
      vertex 65.7512 -28.6868 1.5
      vertex 66.295 -29.0501 0
      vertex 65.7512 -28.6868 0
    endloop
  endfacet
  facet normal 0.321407 0.946941 -0
    outer loop
      vertex 67.5009 -29.5496 0
      vertex 66.8816 -29.3394 1.5
      vertex 67.5009 -29.5496 1.5
    endloop
  endfacet
  facet normal 0.321407 0.946941 0
    outer loop
      vertex 66.8816 -29.3394 1.5
      vertex 67.5009 -29.5496 0
      vertex 66.8816 -29.3394 0
    endloop
  endfacet
  facet normal -0.0654432 0.997856 0
    outer loop
      vertex 69.4476 -29.6772 0
      vertex 68.795 -29.72 1.5
      vertex 69.4476 -29.6772 1.5
    endloop
  endfacet
  facet normal -0.0654432 0.997856 0
    outer loop
      vertex 68.795 -29.72 1.5
      vertex 69.4476 -29.6772 0
      vertex 68.795 -29.72 0
    endloop
  endfacet
  facet normal 0.659424 0.751771 -0
    outer loop
      vertex 65.7512 -28.6868 0
      vertex 65.2595 -28.2555 1.5
      vertex 65.7512 -28.6868 1.5
    endloop
  endfacet
  facet normal 0.659424 0.751771 0
    outer loop
      vertex 65.2595 -28.2555 1.5
      vertex 65.7512 -28.6868 0
      vertex 65.2595 -28.2555 0
    endloop
  endfacet
  facet normal 0.89686 0.442314 0
    outer loop
      vertex 64.4649 -27.22 1.5
      vertex 64.1756 -26.6334 0
      vertex 64.1756 -26.6334 1.5
    endloop
  endfacet
  facet normal 0.89686 0.442314 0
    outer loop
      vertex 64.1756 -26.6334 0
      vertex 64.4649 -27.22 1.5
      vertex 64.4649 -27.22 0
    endloop
  endfacet
  facet normal 0.980786 0.195087 0
    outer loop
      vertex 63.9654 -26.0141 1.5
      vertex 63.8378 -25.3726 0
      vertex 63.8378 -25.3726 1.5
    endloop
  endfacet
  facet normal 0.980786 0.195087 0
    outer loop
      vertex 63.8378 -25.3726 0
      vertex 63.9654 -26.0141 1.5
      vertex 63.9654 -26.0141 0
    endloop
  endfacet
  facet normal -0.195087 -0.980786 0
    outer loop
      vertex 69.4476 -19.7628 0
      vertex 70.0891 -19.8904 1.5
      vertex 69.4476 -19.7628 1.5
    endloop
  endfacet
  facet normal -0.195087 -0.980786 -0
    outer loop
      vertex 70.0891 -19.8904 1.5
      vertex 69.4476 -19.7628 0
      vertex 70.0891 -19.8904 0
    endloop
  endfacet
  facet normal -0.442314 -0.89686 0
    outer loop
      vertex 70.7084 -20.1006 0
      vertex 71.295 -20.3899 1.5
      vertex 70.7084 -20.1006 1.5
    endloop
  endfacet
  facet normal -0.442314 -0.89686 -0
    outer loop
      vertex 71.295 -20.3899 1.5
      vertex 70.7084 -20.1006 0
      vertex 71.295 -20.3899 0
    endloop
  endfacet
  facet normal 0.997856 -0.0654432 0
    outer loop
      vertex 63.795 -24.72 1.5
      vertex 63.8378 -24.0674 0
      vertex 63.8378 -24.0674 1.5
    endloop
  endfacet
  facet normal 0.997856 -0.0654432 0
    outer loop
      vertex 63.8378 -24.0674 0
      vertex 63.795 -24.72 1.5
      vertex 63.795 -24.72 0
    endloop
  endfacet
  facet normal 0.321407 -0.946941 0
    outer loop
      vertex 66.8816 -20.1006 0
      vertex 67.5009 -19.8904 1.5
      vertex 66.8816 -20.1006 1.5
    endloop
  endfacet
  facet normal 0.321407 -0.946941 0
    outer loop
      vertex 67.5009 -19.8904 1.5
      vertex 66.8816 -20.1006 0
      vertex 67.5009 -19.8904 0
    endloop
  endfacet
  facet normal -0.980786 0.195087 0
    outer loop
      vertex 73.6246 -26.0141 0
      vertex 73.7522 -25.3726 1.5
      vertex 73.7522 -25.3726 0
    endloop
  endfacet
  facet normal -0.980786 0.195087 0
    outer loop
      vertex 73.7522 -25.3726 1.5
      vertex 73.6246 -26.0141 0
      vertex 73.6246 -26.0141 1.5
    endloop
  endfacet
  facet normal -0.89686 0.442314 0
    outer loop
      vertex 73.1251 -27.22 0
      vertex 73.4144 -26.6334 1.5
      vertex 73.4144 -26.6334 0
    endloop
  endfacet
  facet normal -0.89686 0.442314 0
    outer loop
      vertex 73.4144 -26.6334 1.5
      vertex 73.1251 -27.22 0
      vertex 73.1251 -27.22 1.5
    endloop
  endfacet
  facet normal 1 -0 0
    outer loop
      vertex 74.855 -28.72 1.5
      vertex 74.855 -20.72 0
      vertex 74.855 -20.72 1.5
    endloop
  endfacet
  facet normal 1 0 0
    outer loop
      vertex 74.855 -20.72 0
      vertex 74.855 -28.72 1.5
      vertex 74.855 -28.72 0
    endloop
  endfacet
  facet normal -1 0 0
    outer loop
      vertex 100.855 -28.72 0
      vertex 100.855 -20.72 1.5
      vertex 100.855 -20.72 0
    endloop
  endfacet
  facet normal -1 -0 0
    outer loop
      vertex 100.855 -20.72 1.5
      vertex 100.855 -28.72 0
      vertex 100.855 -28.72 1.5
    endloop
  endfacet
  facet normal 0 -1 0
    outer loop
      vertex 74.855 -20.72 0
      vertex 100.855 -20.72 1.5
      vertex 74.855 -20.72 1.5
    endloop
  endfacet
  facet normal 0 -1 -0
    outer loop
      vertex 100.855 -20.72 1.5
      vertex 74.855 -20.72 0
      vertex 100.855 -20.72 0
    endloop
  endfacet
  facet normal 0 1 -0
    outer loop
      vertex 100.855 -28.72 0
      vertex 74.855 -28.72 1.5
      vertex 100.855 -28.72 1.5
    endloop
  endfacet
  facet normal 0 1 0
    outer loop
      vertex 74.855 -28.72 1.5
      vertex 100.855 -28.72 0
      vertex 74.855 -28.72 0
    endloop
  endfacet
  facet normal -0.997967 -0.0637272 0
    outer loop
      vertex 107.055 -42.72 0
      vertex 107.045 -42.5634 1.5
      vertex 107.045 -42.5634 0
    endloop
  endfacet
  facet normal -0.997967 -0.0637272 0
    outer loop
      vertex 107.045 -42.5634 1.5
      vertex 107.055 -42.72 0
      vertex 107.055 -42.72 1.5
    endloop
  endfacet
  facet normal 0.997967 -0.0637272 0
    outer loop
      vertex 104.655 -42.72 1.5
      vertex 104.665 -42.5634 0
      vertex 104.665 -42.5634 1.5
    endloop
  endfacet
  facet normal 0.997967 -0.0637272 0
    outer loop
      vertex 104.665 -42.5634 0
      vertex 104.655 -42.72 1.5
      vertex 104.655 -42.72 0
    endloop
  endfacet
  facet normal -0.0654644 -0.997855 0
    outer loop
      vertex 105.855 -41.52 0
      vertex 106.012 -41.5303 1.5
      vertex 105.855 -41.52 1.5
    endloop
  endfacet
  facet normal -0.0654644 -0.997855 -0
    outer loop
      vertex 106.012 -41.5303 1.5
      vertex 105.855 -41.52 0
      vertex 106.012 -41.5303 0
    endloop
  endfacet
  facet normal -0.0654644 0.997855 0
    outer loop
      vertex 106.012 -43.9097 0
      vertex 105.855 -43.92 1.5
      vertex 106.012 -43.9097 1.5
    endloop
  endfacet
  facet normal -0.0654644 0.997855 0
    outer loop
      vertex 105.855 -43.92 1.5
      vertex 106.012 -43.9097 0
      vertex 105.855 -43.92 0
    endloop
  endfacet
  facet normal -0.753367 -0.6576 0
    outer loop
      vertex 106.807 -41.9895 0
      vertex 106.704 -41.8715 1.5
      vertex 106.704 -41.8715 0
    endloop
  endfacet
  facet normal -0.753367 -0.6576 0
    outer loop
      vertex 106.704 -41.8715 1.5
      vertex 106.807 -41.9895 0
      vertex 106.807 -41.9895 1.5
    endloop
  endfacet
  facet normal 0.659406 -0.751787 0
    outer loop
      vertex 105.006 -41.8715 0
      vertex 105.124 -41.768 1.5
      vertex 105.006 -41.8715 1.5
    endloop
  endfacet
  facet normal 0.659406 -0.751787 0
    outer loop
      vertex 105.124 -41.768 1.5
      vertex 105.006 -41.8715 0
      vertex 105.124 -41.768 0
    endloop
  endfacet
  facet normal 0.322361 -0.946617 0
    outer loop
      vertex 105.396 -41.6113 0
      vertex 105.544 -41.5609 1.5
      vertex 105.396 -41.6113 1.5
    endloop
  endfacet
  facet normal 0.322361 -0.946617 0
    outer loop
      vertex 105.544 -41.5609 1.5
      vertex 105.396 -41.6113 0
      vertex 105.544 -41.5609 0
    endloop
  endfacet
  facet normal -0.83205 0.5547 0
    outer loop
      vertex 106.807 -43.4505 0
      vertex 106.894 -43.32 1.5
      vertex 106.894 -43.32 0
    endloop
  endfacet
  facet normal -0.83205 0.5547 0
    outer loop
      vertex 106.894 -43.32 1.5
      vertex 106.807 -43.4505 0
      vertex 106.807 -43.4505 1.5
    endloop
  endfacet
  facet normal -0.895442 -0.445177 0
    outer loop
      vertex 106.964 -42.2608 0
      vertex 106.894 -42.12 1.5
      vertex 106.894 -42.12 0
    endloop
  endfacet
  facet normal -0.895442 -0.445177 0
    outer loop
      vertex 106.894 -42.12 1.5
      vertex 106.964 -42.2608 0
      vertex 106.964 -42.2608 1.5
    endloop
  endfacet
  facet normal -0.83205 -0.5547 0
    outer loop
      vertex 106.894 -42.12 0
      vertex 106.807 -41.9895 1.5
      vertex 106.807 -41.9895 0
    endloop
  endfacet
  facet normal -0.83205 -0.5547 0
    outer loop
      vertex 106.807 -41.9895 1.5
      vertex 106.894 -42.12 0
      vertex 106.894 -42.12 1.5
    endloop
  endfacet
  facet normal -0.442117 -0.896957 0
    outer loop
      vertex 106.314 -41.6113 0
      vertex 106.455 -41.6808 1.5
      vertex 106.314 -41.6113 1.5
    endloop
  endfacet
  facet normal -0.442117 -0.896957 -0
    outer loop
      vertex 106.455 -41.6808 1.5
      vertex 106.314 -41.6113 0
      vertex 106.455 -41.6808 0
    endloop
  endfacet
  facet normal -0.322361 -0.946617 0
    outer loop
      vertex 106.166 -41.5609 0
      vertex 106.314 -41.6113 1.5
      vertex 106.166 -41.5609 1.5
    endloop
  endfacet
  facet normal -0.322361 -0.946617 -0
    outer loop
      vertex 106.314 -41.6113 1.5
      vertex 106.166 -41.5609 0
      vertex 106.314 -41.6113 0
    endloop
  endfacet
  facet normal -0.554113 -0.832441 0
    outer loop
      vertex 106.455 -41.6808 0
      vertex 106.586 -41.768 1.5
      vertex 106.455 -41.6808 1.5
    endloop
  endfacet
  facet normal -0.554113 -0.832441 -0
    outer loop
      vertex 106.586 -41.768 1.5
      vertex 106.455 -41.6808 0
      vertex 106.586 -41.768 0
    endloop
  endfacet
  facet normal 0.895442 -0.445177 0
    outer loop
      vertex 104.746 -42.2608 1.5
      vertex 104.816 -42.12 0
      vertex 104.816 -42.12 1.5
    endloop
  endfacet
  facet normal 0.895442 -0.445177 0
    outer loop
      vertex 104.816 -42.12 0
      vertex 104.746 -42.2608 1.5
      vertex 104.746 -42.2608 0
    endloop
  endfacet
  facet normal 0.83205 -0.5547 0
    outer loop
      vertex 104.816 -42.12 1.5
      vertex 104.903 -41.9895 0
      vertex 104.903 -41.9895 1.5
    endloop
  endfacet
  facet normal 0.83205 -0.5547 0
    outer loop
      vertex 104.903 -41.9895 0
      vertex 104.816 -42.12 1.5
      vertex 104.816 -42.12 0
    endloop
  endfacet
  facet normal 0.947787 -0.318905 0
    outer loop
      vertex 104.696 -42.4094 1.5
      vertex 104.746 -42.2608 0
      vertex 104.746 -42.2608 1.5
    endloop
  endfacet
  facet normal 0.947787 -0.318905 0
    outer loop
      vertex 104.746 -42.2608 0
      vertex 104.696 -42.4094 1.5
      vertex 104.696 -42.4094 0
    endloop
  endfacet
  facet normal 0.442117 -0.896957 0
    outer loop
      vertex 105.255 -41.6808 0
      vertex 105.396 -41.6113 1.5
      vertex 105.255 -41.6808 1.5
    endloop
  endfacet
  facet normal 0.442117 -0.896957 0
    outer loop
      vertex 105.396 -41.6113 1.5
      vertex 105.255 -41.6808 0
      vertex 105.396 -41.6113 0
    endloop
  endfacet
  facet normal 0.194891 -0.980825 0
    outer loop
      vertex 105.544 -41.5609 0
      vertex 105.698 -41.5303 1.5
      vertex 105.544 -41.5609 1.5
    endloop
  endfacet
  facet normal 0.194891 -0.980825 0
    outer loop
      vertex 105.698 -41.5303 1.5
      vertex 105.544 -41.5609 0
      vertex 105.698 -41.5303 0
    endloop
  endfacet
  facet normal -0.194891 0.980825 0
    outer loop
      vertex 106.166 -43.8791 0
      vertex 106.012 -43.9097 1.5
      vertex 106.166 -43.8791 1.5
    endloop
  endfacet
  facet normal -0.194891 0.980825 0
    outer loop
      vertex 106.012 -43.9097 1.5
      vertex 106.166 -43.8791 0
      vertex 106.012 -43.9097 0
    endloop
  endfacet
  facet normal -0.947787 -0.318905 0
    outer loop
      vertex 107.014 -42.4094 0
      vertex 106.964 -42.2608 1.5
      vertex 106.964 -42.2608 0
    endloop
  endfacet
  facet normal -0.947787 -0.318905 0
    outer loop
      vertex 106.964 -42.2608 1.5
      vertex 107.014 -42.4094 0
      vertex 107.014 -42.4094 1.5
    endloop
  endfacet
  facet normal -0.980335 -0.19734 0
    outer loop
      vertex 107.045 -42.5634 0
      vertex 107.014 -42.4094 1.5
      vertex 107.014 -42.4094 0
    endloop
  endfacet
  facet normal -0.980335 -0.19734 0
    outer loop
      vertex 107.014 -42.4094 1.5
      vertex 107.045 -42.5634 0
      vertex 107.045 -42.5634 1.5
    endloop
  endfacet
  facet normal -0.194891 -0.980825 0
    outer loop
      vertex 106.012 -41.5303 0
      vertex 106.166 -41.5609 1.5
      vertex 106.012 -41.5303 1.5
    endloop
  endfacet
  facet normal -0.194891 -0.980825 -0
    outer loop
      vertex 106.166 -41.5609 1.5
      vertex 106.012 -41.5303 0
      vertex 106.166 -41.5609 0
    endloop
  endfacet
  facet normal -0.659406 -0.751787 0
    outer loop
      vertex 106.586 -41.768 0
      vertex 106.704 -41.8715 1.5
      vertex 106.586 -41.768 1.5
    endloop
  endfacet
  facet normal -0.659406 -0.751787 -0
    outer loop
      vertex 106.704 -41.8715 1.5
      vertex 106.586 -41.768 0
      vertex 106.704 -41.8715 0
    endloop
  endfacet
  facet normal 0.753367 -0.6576 0
    outer loop
      vertex 104.903 -41.9895 1.5
      vertex 105.006 -41.8715 0
      vertex 105.006 -41.8715 1.5
    endloop
  endfacet
  facet normal 0.753367 -0.6576 0
    outer loop
      vertex 105.006 -41.8715 0
      vertex 104.903 -41.9895 1.5
      vertex 104.903 -41.9895 0
    endloop
  endfacet
  facet normal 0.980335 -0.19734 0
    outer loop
      vertex 104.665 -42.5634 1.5
      vertex 104.696 -42.4094 0
      vertex 104.696 -42.4094 1.5
    endloop
  endfacet
  facet normal 0.980335 -0.19734 0
    outer loop
      vertex 104.696 -42.4094 0
      vertex 104.665 -42.5634 1.5
      vertex 104.665 -42.5634 0
    endloop
  endfacet
  facet normal 0.0654644 -0.997855 0
    outer loop
      vertex 105.698 -41.5303 0
      vertex 105.855 -41.52 1.5
      vertex 105.698 -41.5303 1.5
    endloop
  endfacet
  facet normal 0.0654644 -0.997855 0
    outer loop
      vertex 105.855 -41.52 1.5
      vertex 105.698 -41.5303 0
      vertex 105.855 -41.52 0
    endloop
  endfacet
  facet normal -0.997967 0.0637272 0
    outer loop
      vertex 107.045 -42.8766 0
      vertex 107.055 -42.72 1.5
      vertex 107.055 -42.72 0
    endloop
  endfacet
  facet normal -0.997967 0.0637272 0
    outer loop
      vertex 107.055 -42.72 1.5
      vertex 107.045 -42.8766 0
      vertex 107.045 -42.8766 1.5
    endloop
  endfacet
  facet normal -0.753367 0.6576 0
    outer loop
      vertex 106.704 -43.5685 0
      vertex 106.807 -43.4505 1.5
      vertex 106.807 -43.4505 0
    endloop
  endfacet
  facet normal -0.753367 0.6576 0
    outer loop
      vertex 106.807 -43.4505 1.5
      vertex 106.704 -43.5685 0
      vertex 106.704 -43.5685 1.5
    endloop
  endfacet
  facet normal -0.895442 0.445177 0
    outer loop
      vertex 106.894 -43.32 0
      vertex 106.964 -43.1792 1.5
      vertex 106.964 -43.1792 0
    endloop
  endfacet
  facet normal -0.895442 0.445177 0
    outer loop
      vertex 106.964 -43.1792 1.5
      vertex 106.894 -43.32 0
      vertex 106.894 -43.32 1.5
    endloop
  endfacet
  facet normal 0.895442 0.445177 0
    outer loop
      vertex 104.816 -43.32 1.5
      vertex 104.746 -43.1792 0
      vertex 104.746 -43.1792 1.5
    endloop
  endfacet
  facet normal 0.895442 0.445177 0
    outer loop
      vertex 104.746 -43.1792 0
      vertex 104.816 -43.32 1.5
      vertex 104.816 -43.32 0
    endloop
  endfacet
  facet normal -0.442117 0.896957 0
    outer loop
      vertex 106.455 -43.7592 0
      vertex 106.314 -43.8287 1.5
      vertex 106.455 -43.7592 1.5
    endloop
  endfacet
  facet normal -0.442117 0.896957 0
    outer loop
      vertex 106.314 -43.8287 1.5
      vertex 106.455 -43.7592 0
      vertex 106.314 -43.8287 0
    endloop
  endfacet
  facet normal 0.554113 -0.832441 0
    outer loop
      vertex 105.124 -41.768 0
      vertex 105.255 -41.6808 1.5
      vertex 105.124 -41.768 1.5
    endloop
  endfacet
  facet normal 0.554113 -0.832441 0
    outer loop
      vertex 105.255 -41.6808 1.5
      vertex 105.124 -41.768 0
      vertex 105.255 -41.6808 0
    endloop
  endfacet
  facet normal -0.554113 0.832441 0
    outer loop
      vertex 106.586 -43.672 0
      vertex 106.455 -43.7592 1.5
      vertex 106.586 -43.672 1.5
    endloop
  endfacet
  facet normal -0.554113 0.832441 0
    outer loop
      vertex 106.455 -43.7592 1.5
      vertex 106.586 -43.672 0
      vertex 106.455 -43.7592 0
    endloop
  endfacet
  facet normal -0.659406 0.751787 0
    outer loop
      vertex 106.704 -43.5685 0
      vertex 106.586 -43.672 1.5
      vertex 106.704 -43.5685 1.5
    endloop
  endfacet
  facet normal -0.659406 0.751787 0
    outer loop
      vertex 106.586 -43.672 1.5
      vertex 106.704 -43.5685 0
      vertex 106.586 -43.672 0
    endloop
  endfacet
  facet normal 0.322361 0.946617 -0
    outer loop
      vertex 105.544 -43.8791 0
      vertex 105.396 -43.8287 1.5
      vertex 105.544 -43.8791 1.5
    endloop
  endfacet
  facet normal 0.322361 0.946617 0
    outer loop
      vertex 105.396 -43.8287 1.5
      vertex 105.544 -43.8791 0
      vertex 105.396 -43.8287 0
    endloop
  endfacet
  facet normal 0.659406 0.751787 -0
    outer loop
      vertex 105.124 -43.672 0
      vertex 105.006 -43.5685 1.5
      vertex 105.124 -43.672 1.5
    endloop
  endfacet
  facet normal 0.659406 0.751787 0
    outer loop
      vertex 105.006 -43.5685 1.5
      vertex 105.124 -43.672 0
      vertex 105.006 -43.5685 0
    endloop
  endfacet
  facet normal 0.947787 0.318905 0
    outer loop
      vertex 104.746 -43.1792 1.5
      vertex 104.696 -43.0306 0
      vertex 104.696 -43.0306 1.5
    endloop
  endfacet
  facet normal 0.947787 0.318905 0
    outer loop
      vertex 104.696 -43.0306 0
      vertex 104.746 -43.1792 1.5
      vertex 104.746 -43.1792 0
    endloop
  endfacet
  facet normal -0.322361 0.946617 0
    outer loop
      vertex 106.314 -43.8287 0
      vertex 106.166 -43.8791 1.5
      vertex 106.314 -43.8287 1.5
    endloop
  endfacet
  facet normal -0.322361 0.946617 0
    outer loop
      vertex 106.166 -43.8791 1.5
      vertex 106.314 -43.8287 0
      vertex 106.166 -43.8791 0
    endloop
  endfacet
  facet normal -0.947787 0.318905 0
    outer loop
      vertex 106.964 -43.1792 0
      vertex 107.014 -43.0306 1.5
      vertex 107.014 -43.0306 0
    endloop
  endfacet
  facet normal -0.947787 0.318905 0
    outer loop
      vertex 107.014 -43.0306 1.5
      vertex 106.964 -43.1792 0
      vertex 106.964 -43.1792 1.5
    endloop
  endfacet
  facet normal -0.980335 0.19734 0
    outer loop
      vertex 107.014 -43.0306 0
      vertex 107.045 -42.8766 1.5
      vertex 107.045 -42.8766 0
    endloop
  endfacet
  facet normal -0.980335 0.19734 0
    outer loop
      vertex 107.045 -42.8766 1.5
      vertex 107.014 -43.0306 0
      vertex 107.014 -43.0306 1.5
    endloop
  endfacet
  facet normal 0.0654644 0.997855 -0
    outer loop
      vertex 105.855 -43.92 0
      vertex 105.698 -43.9097 1.5
      vertex 105.855 -43.92 1.5
    endloop
  endfacet
  facet normal 0.0654644 0.997855 0
    outer loop
      vertex 105.698 -43.9097 1.5
      vertex 105.855 -43.92 0
      vertex 105.698 -43.9097 0
    endloop
  endfacet
  facet normal 0.554113 0.832441 -0
    outer loop
      vertex 105.255 -43.7592 0
      vertex 105.124 -43.672 1.5
      vertex 105.255 -43.7592 1.5
    endloop
  endfacet
  facet normal 0.554113 0.832441 0
    outer loop
      vertex 105.124 -43.672 1.5
      vertex 105.255 -43.7592 0
      vertex 105.124 -43.672 0
    endloop
  endfacet
  facet normal 0.194891 0.980825 -0
    outer loop
      vertex 105.698 -43.9097 0
      vertex 105.544 -43.8791 1.5
      vertex 105.698 -43.9097 1.5
    endloop
  endfacet
  facet normal 0.194891 0.980825 0
    outer loop
      vertex 105.544 -43.8791 1.5
      vertex 105.698 -43.9097 0
      vertex 105.544 -43.8791 0
    endloop
  endfacet
  facet normal 0.83205 0.5547 0
    outer loop
      vertex 104.903 -43.4505 1.5
      vertex 104.816 -43.32 0
      vertex 104.816 -43.32 1.5
    endloop
  endfacet
  facet normal 0.83205 0.5547 0
    outer loop
      vertex 104.816 -43.32 0
      vertex 104.903 -43.4505 1.5
      vertex 104.903 -43.4505 0
    endloop
  endfacet
  facet normal 0.980335 0.19734 0
    outer loop
      vertex 104.696 -43.0306 1.5
      vertex 104.665 -42.8766 0
      vertex 104.665 -42.8766 1.5
    endloop
  endfacet
  facet normal 0.980335 0.19734 0
    outer loop
      vertex 104.665 -42.8766 0
      vertex 104.696 -43.0306 1.5
      vertex 104.696 -43.0306 0
    endloop
  endfacet
  facet normal 0.997967 0.0637272 0
    outer loop
      vertex 104.665 -42.8766 1.5
      vertex 104.655 -42.72 0
      vertex 104.655 -42.72 1.5
    endloop
  endfacet
  facet normal 0.997967 0.0637272 0
    outer loop
      vertex 104.655 -42.72 0
      vertex 104.665 -42.8766 1.5
      vertex 104.665 -42.8766 0
    endloop
  endfacet
  facet normal 0.442117 0.896957 -0
    outer loop
      vertex 105.396 -43.8287 0
      vertex 105.255 -43.7592 1.5
      vertex 105.396 -43.8287 1.5
    endloop
  endfacet
  facet normal 0.442117 0.896957 0
    outer loop
      vertex 105.255 -43.7592 1.5
      vertex 105.396 -43.8287 0
      vertex 105.255 -43.7592 0
    endloop
  endfacet
  facet normal 0.753367 0.6576 0
    outer loop
      vertex 105.006 -43.5685 1.5
      vertex 104.903 -43.4505 0
      vertex 104.903 -43.4505 1.5
    endloop
  endfacet
  facet normal 0.753367 0.6576 0
    outer loop
      vertex 104.903 -43.4505 0
      vertex 105.006 -43.5685 1.5
      vertex 105.006 -43.5685 0
    endloop
  endfacet
  facet normal -0.947787 -0.318905 0
    outer loop
      vertex 107.014 43.0406 0
      vertex 106.964 43.1892 1.5
      vertex 106.964 43.1892 0
    endloop
  endfacet
  facet normal -0.947787 -0.318905 0
    outer loop
      vertex 106.964 43.1892 1.5
      vertex 107.014 43.0406 0
      vertex 107.014 43.0406 1.5
    endloop
  endfacet
  facet normal -0.997967 -0.0637272 0
    outer loop
      vertex 107.055 42.73 0
      vertex 107.045 42.8866 1.5
      vertex 107.045 42.8866 0
    endloop
  endfacet
  facet normal -0.997967 -0.0637272 0
    outer loop
      vertex 107.045 42.8866 1.5
      vertex 107.055 42.73 0
      vertex 107.055 42.73 1.5
    endloop
  endfacet
  facet normal 0.997967 -0.0637272 0
    outer loop
      vertex 104.655 42.73 1.5
      vertex 104.665 42.8866 0
      vertex 104.665 42.8866 1.5
    endloop
  endfacet
  facet normal 0.997967 -0.0637272 0
    outer loop
      vertex 104.665 42.8866 0
      vertex 104.655 42.73 1.5
      vertex 104.655 42.73 0
    endloop
  endfacet
  facet normal -0.0654644 -0.997855 0
    outer loop
      vertex 105.855 43.93 0
      vertex 106.012 43.9197 1.5
      vertex 105.855 43.93 1.5
    endloop
  endfacet
  facet normal -0.0654644 -0.997855 -0
    outer loop
      vertex 106.012 43.9197 1.5
      vertex 105.855 43.93 0
      vertex 106.012 43.9197 0
    endloop
  endfacet
  facet normal -0.659406 -0.751787 0
    outer loop
      vertex 106.586 43.682 0
      vertex 106.704 43.5785 1.5
      vertex 106.586 43.682 1.5
    endloop
  endfacet
  facet normal -0.659406 -0.751787 -0
    outer loop
      vertex 106.704 43.5785 1.5
      vertex 106.586 43.682 0
      vertex 106.704 43.5785 0
    endloop
  endfacet
  facet normal 0.659406 -0.751787 0
    outer loop
      vertex 105.006 43.5785 0
      vertex 105.124 43.682 1.5
      vertex 105.006 43.5785 1.5
    endloop
  endfacet
  facet normal 0.659406 -0.751787 0
    outer loop
      vertex 105.124 43.682 1.5
      vertex 105.006 43.5785 0
      vertex 105.124 43.682 0
    endloop
  endfacet
  facet normal 0.322361 -0.946617 0
    outer loop
      vertex 105.396 43.8387 0
      vertex 105.544 43.8891 1.5
      vertex 105.396 43.8387 1.5
    endloop
  endfacet
  facet normal 0.322361 -0.946617 0
    outer loop
      vertex 105.544 43.8891 1.5
      vertex 105.396 43.8387 0
      vertex 105.544 43.8891 0
    endloop
  endfacet
  facet normal 0.83205 0.5547 0
    outer loop
      vertex 104.903 41.9995 1.5
      vertex 104.816 42.13 0
      vertex 104.816 42.13 1.5
    endloop
  endfacet
  facet normal 0.83205 0.5547 0
    outer loop
      vertex 104.816 42.13 0
      vertex 104.903 41.9995 1.5
      vertex 104.903 41.9995 0
    endloop
  endfacet
  facet normal -0.895442 -0.445177 0
    outer loop
      vertex 106.964 43.1892 0
      vertex 106.894 43.33 1.5
      vertex 106.894 43.33 0
    endloop
  endfacet
  facet normal -0.895442 -0.445177 0
    outer loop
      vertex 106.894 43.33 1.5
      vertex 106.964 43.1892 0
      vertex 106.964 43.1892 1.5
    endloop
  endfacet
  facet normal -0.322361 -0.946617 0
    outer loop
      vertex 106.166 43.8891 0
      vertex 106.314 43.8387 1.5
      vertex 106.166 43.8891 1.5
    endloop
  endfacet
  facet normal -0.322361 -0.946617 -0
    outer loop
      vertex 106.314 43.8387 1.5
      vertex 106.166 43.8891 0
      vertex 106.314 43.8387 0
    endloop
  endfacet
  facet normal -0.194891 -0.980825 0
    outer loop
      vertex 106.012 43.9197 0
      vertex 106.166 43.8891 1.5
      vertex 106.012 43.9197 1.5
    endloop
  endfacet
  facet normal -0.194891 -0.980825 -0
    outer loop
      vertex 106.166 43.8891 1.5
      vertex 106.012 43.9197 0
      vertex 106.166 43.8891 0
    endloop
  endfacet
  facet normal -0.554113 -0.832441 0
    outer loop
      vertex 106.455 43.7692 0
      vertex 106.586 43.682 1.5
      vertex 106.455 43.7692 1.5
    endloop
  endfacet
  facet normal -0.554113 -0.832441 -0
    outer loop
      vertex 106.586 43.682 1.5
      vertex 106.455 43.7692 0
      vertex 106.586 43.682 0
    endloop
  endfacet
  facet normal 0.895442 -0.445177 0
    outer loop
      vertex 104.746 43.1892 1.5
      vertex 104.816 43.33 0
      vertex 104.816 43.33 1.5
    endloop
  endfacet
  facet normal 0.895442 -0.445177 0
    outer loop
      vertex 104.816 43.33 0
      vertex 104.746 43.1892 1.5
      vertex 104.746 43.1892 0
    endloop
  endfacet
  facet normal 0.83205 -0.5547 0
    outer loop
      vertex 104.816 43.33 1.5
      vertex 104.903 43.4605 0
      vertex 104.903 43.4605 1.5
    endloop
  endfacet
  facet normal 0.83205 -0.5547 0
    outer loop
      vertex 104.903 43.4605 0
      vertex 104.816 43.33 1.5
      vertex 104.816 43.33 0
    endloop
  endfacet
  facet normal 0.947787 -0.318905 0
    outer loop
      vertex 104.696 43.0406 1.5
      vertex 104.746 43.1892 0
      vertex 104.746 43.1892 1.5
    endloop
  endfacet
  facet normal 0.947787 -0.318905 0
    outer loop
      vertex 104.746 43.1892 0
      vertex 104.696 43.0406 1.5
      vertex 104.696 43.0406 0
    endloop
  endfacet
  facet normal 0.554113 -0.832441 0
    outer loop
      vertex 105.124 43.682 0
      vertex 105.255 43.7692 1.5
      vertex 105.124 43.682 1.5
    endloop
  endfacet
  facet normal 0.554113 -0.832441 0
    outer loop
      vertex 105.255 43.7692 1.5
      vertex 105.124 43.682 0
      vertex 105.255 43.7692 0
    endloop
  endfacet
  facet normal 0.0654644 -0.997855 0
    outer loop
      vertex 105.698 43.9197 0
      vertex 105.855 43.93 1.5
      vertex 105.698 43.9197 1.5
    endloop
  endfacet
  facet normal 0.0654644 -0.997855 0
    outer loop
      vertex 105.855 43.93 1.5
      vertex 105.698 43.9197 0
      vertex 105.855 43.93 0
    endloop
  endfacet
  facet normal -0.947787 0.318905 0
    outer loop
      vertex 106.964 42.2708 0
      vertex 107.014 42.4194 1.5
      vertex 107.014 42.4194 0
    endloop
  endfacet
  facet normal -0.947787 0.318905 0
    outer loop
      vertex 107.014 42.4194 1.5
      vertex 106.964 42.2708 0
      vertex 106.964 42.2708 1.5
    endloop
  endfacet
  facet normal 0.322361 0.946617 -0
    outer loop
      vertex 105.544 41.5709 0
      vertex 105.396 41.6213 1.5
      vertex 105.544 41.5709 1.5
    endloop
  endfacet
  facet normal 0.322361 0.946617 0
    outer loop
      vertex 105.396 41.6213 1.5
      vertex 105.544 41.5709 0
      vertex 105.396 41.6213 0
    endloop
  endfacet
  facet normal 0.659406 0.751787 -0
    outer loop
      vertex 105.124 41.778 0
      vertex 105.006 41.8815 1.5
      vertex 105.124 41.778 1.5
    endloop
  endfacet
  facet normal 0.659406 0.751787 0
    outer loop
      vertex 105.006 41.8815 1.5
      vertex 105.124 41.778 0
      vertex 105.006 41.8815 0
    endloop
  endfacet
  facet normal 0.554113 0.832441 -0
    outer loop
      vertex 105.255 41.6908 0
      vertex 105.124 41.778 1.5
      vertex 105.255 41.6908 1.5
    endloop
  endfacet
  facet normal 0.554113 0.832441 0
    outer loop
      vertex 105.124 41.778 1.5
      vertex 105.255 41.6908 0
      vertex 105.124 41.778 0
    endloop
  endfacet
  facet normal 0.980335 0.19734 0
    outer loop
      vertex 104.696 42.4194 1.5
      vertex 104.665 42.5734 0
      vertex 104.665 42.5734 1.5
    endloop
  endfacet
  facet normal 0.980335 0.19734 0
    outer loop
      vertex 104.665 42.5734 0
      vertex 104.696 42.4194 1.5
      vertex 104.696 42.4194 0
    endloop
  endfacet
  facet normal 0.895442 0.445177 0
    outer loop
      vertex 104.816 42.13 1.5
      vertex 104.746 42.2708 0
      vertex 104.746 42.2708 1.5
    endloop
  endfacet
  facet normal 0.895442 0.445177 0
    outer loop
      vertex 104.746 42.2708 0
      vertex 104.816 42.13 1.5
      vertex 104.816 42.13 0
    endloop
  endfacet
  facet normal -0.980335 -0.19734 0
    outer loop
      vertex 107.045 42.8866 0
      vertex 107.014 43.0406 1.5
      vertex 107.014 43.0406 0
    endloop
  endfacet
  facet normal -0.980335 -0.19734 0
    outer loop
      vertex 107.014 43.0406 1.5
      vertex 107.045 42.8866 0
      vertex 107.045 42.8866 1.5
    endloop
  endfacet
  facet normal -0.83205 -0.5547 0
    outer loop
      vertex 106.894 43.33 0
      vertex 106.807 43.4605 1.5
      vertex 106.807 43.4605 0
    endloop
  endfacet
  facet normal -0.83205 -0.5547 0
    outer loop
      vertex 106.807 43.4605 1.5
      vertex 106.894 43.33 0
      vertex 106.894 43.33 1.5
    endloop
  endfacet
  facet normal -0.753367 -0.6576 0
    outer loop
      vertex 106.807 43.4605 0
      vertex 106.704 43.5785 1.5
      vertex 106.704 43.5785 0
    endloop
  endfacet
  facet normal -0.753367 -0.6576 0
    outer loop
      vertex 106.704 43.5785 1.5
      vertex 106.807 43.4605 0
      vertex 106.807 43.4605 1.5
    endloop
  endfacet
  facet normal -0.442117 -0.896957 0
    outer loop
      vertex 106.314 43.8387 0
      vertex 106.455 43.7692 1.5
      vertex 106.314 43.8387 1.5
    endloop
  endfacet
  facet normal -0.442117 -0.896957 -0
    outer loop
      vertex 106.455 43.7692 1.5
      vertex 106.314 43.8387 0
      vertex 106.455 43.7692 0
    endloop
  endfacet
  facet normal 0.753367 -0.6576 0
    outer loop
      vertex 104.903 43.4605 1.5
      vertex 105.006 43.5785 0
      vertex 105.006 43.5785 1.5
    endloop
  endfacet
  facet normal 0.753367 -0.6576 0
    outer loop
      vertex 105.006 43.5785 0
      vertex 104.903 43.4605 1.5
      vertex 104.903 43.4605 0
    endloop
  endfacet
  facet normal 0.980335 -0.19734 0
    outer loop
      vertex 104.665 42.8866 1.5
      vertex 104.696 43.0406 0
      vertex 104.696 43.0406 1.5
    endloop
  endfacet
  facet normal 0.980335 -0.19734 0
    outer loop
      vertex 104.696 43.0406 0
      vertex 104.665 42.8866 1.5
      vertex 104.665 42.8866 0
    endloop
  endfacet
  facet normal 0.194891 -0.980825 0
    outer loop
      vertex 105.544 43.8891 0
      vertex 105.698 43.9197 1.5
      vertex 105.544 43.8891 1.5
    endloop
  endfacet
  facet normal 0.194891 -0.980825 0
    outer loop
      vertex 105.698 43.9197 1.5
      vertex 105.544 43.8891 0
      vertex 105.698 43.9197 0
    endloop
  endfacet
  facet normal -0.322361 0.946617 0
    outer loop
      vertex 106.314 41.6213 0
      vertex 106.166 41.5709 1.5
      vertex 106.314 41.6213 1.5
    endloop
  endfacet
  facet normal -0.322361 0.946617 0
    outer loop
      vertex 106.166 41.5709 1.5
      vertex 106.314 41.6213 0
      vertex 106.166 41.5709 0
    endloop
  endfacet
  facet normal -0.0654644 0.997855 0
    outer loop
      vertex 106.012 41.5403 0
      vertex 105.855 41.53 1.5
      vertex 106.012 41.5403 1.5
    endloop
  endfacet
  facet normal -0.0654644 0.997855 0
    outer loop
      vertex 105.855 41.53 1.5
      vertex 106.012 41.5403 0
      vertex 105.855 41.53 0
    endloop
  endfacet
  facet normal -0.194891 0.980825 0
    outer loop
      vertex 106.166 41.5709 0
      vertex 106.012 41.5403 1.5
      vertex 106.166 41.5709 1.5
    endloop
  endfacet
  facet normal -0.194891 0.980825 0
    outer loop
      vertex 106.012 41.5403 1.5
      vertex 106.166 41.5709 0
      vertex 106.012 41.5403 0
    endloop
  endfacet
  facet normal -0.442117 0.896957 0
    outer loop
      vertex 106.455 41.6908 0
      vertex 106.314 41.6213 1.5
      vertex 106.455 41.6908 1.5
    endloop
  endfacet
  facet normal -0.442117 0.896957 0
    outer loop
      vertex 106.314 41.6213 1.5
      vertex 106.455 41.6908 0
      vertex 106.314 41.6213 0
    endloop
  endfacet
  facet normal -0.659406 0.751787 0
    outer loop
      vertex 106.704 41.8815 0
      vertex 106.586 41.778 1.5
      vertex 106.704 41.8815 1.5
    endloop
  endfacet
  facet normal -0.659406 0.751787 0
    outer loop
      vertex 106.586 41.778 1.5
      vertex 106.704 41.8815 0
      vertex 106.586 41.778 0
    endloop
  endfacet
  facet normal -0.554113 0.832441 0
    outer loop
      vertex 106.586 41.778 0
      vertex 106.455 41.6908 1.5
      vertex 106.586 41.778 1.5
    endloop
  endfacet
  facet normal -0.554113 0.832441 0
    outer loop
      vertex 106.455 41.6908 1.5
      vertex 106.586 41.778 0
      vertex 106.455 41.6908 0
    endloop
  endfacet
  facet normal -0.895442 0.445177 0
    outer loop
      vertex 106.894 42.13 0
      vertex 106.964 42.2708 1.5
      vertex 106.964 42.2708 0
    endloop
  endfacet
  facet normal -0.895442 0.445177 0
    outer loop
      vertex 106.964 42.2708 1.5
      vertex 106.894 42.13 0
      vertex 106.894 42.13 1.5
    endloop
  endfacet
  facet normal -0.753367 0.6576 0
    outer loop
      vertex 106.704 41.8815 0
      vertex 106.807 41.9995 1.5
      vertex 106.807 41.9995 0
    endloop
  endfacet
  facet normal -0.753367 0.6576 0
    outer loop
      vertex 106.807 41.9995 1.5
      vertex 106.704 41.8815 0
      vertex 106.704 41.8815 1.5
    endloop
  endfacet
  facet normal -0.83205 0.5547 0
    outer loop
      vertex 106.807 41.9995 0
      vertex 106.894 42.13 1.5
      vertex 106.894 42.13 0
    endloop
  endfacet
  facet normal -0.83205 0.5547 0
    outer loop
      vertex 106.894 42.13 1.5
      vertex 106.807 41.9995 0
      vertex 106.807 41.9995 1.5
    endloop
  endfacet
  facet normal 0.0654644 0.997855 -0
    outer loop
      vertex 105.855 41.53 0
      vertex 105.698 41.5403 1.5
      vertex 105.855 41.53 1.5
    endloop
  endfacet
  facet normal 0.0654644 0.997855 0
    outer loop
      vertex 105.698 41.5403 1.5
      vertex 105.855 41.53 0
      vertex 105.698 41.5403 0
    endloop
  endfacet
  facet normal 0.753367 0.6576 0
    outer loop
      vertex 105.006 41.8815 1.5
      vertex 104.903 41.9995 0
      vertex 104.903 41.9995 1.5
    endloop
  endfacet
  facet normal 0.753367 0.6576 0
    outer loop
      vertex 104.903 41.9995 0
      vertex 105.006 41.8815 1.5
      vertex 105.006 41.8815 0
    endloop
  endfacet
  facet normal 0.947787 0.318905 0
    outer loop
      vertex 104.746 42.2708 1.5
      vertex 104.696 42.4194 0
      vertex 104.696 42.4194 1.5
    endloop
  endfacet
  facet normal 0.947787 0.318905 0
    outer loop
      vertex 104.696 42.4194 0
      vertex 104.746 42.2708 1.5
      vertex 104.746 42.2708 0
    endloop
  endfacet
  facet normal 0.997967 0.0637272 0
    outer loop
      vertex 104.665 42.5734 1.5
      vertex 104.655 42.73 0
      vertex 104.655 42.73 1.5
    endloop
  endfacet
  facet normal 0.997967 0.0637272 0
    outer loop
      vertex 104.655 42.73 0
      vertex 104.665 42.5734 1.5
      vertex 104.665 42.5734 0
    endloop
  endfacet
  facet normal 0.442117 -0.896957 0
    outer loop
      vertex 105.255 43.7692 0
      vertex 105.396 43.8387 1.5
      vertex 105.255 43.7692 1.5
    endloop
  endfacet
  facet normal 0.442117 -0.896957 0
    outer loop
      vertex 105.396 43.8387 1.5
      vertex 105.255 43.7692 0
      vertex 105.396 43.8387 0
    endloop
  endfacet
  facet normal -0.980335 0.19734 0
    outer loop
      vertex 107.014 42.4194 0
      vertex 107.045 42.5734 1.5
      vertex 107.045 42.5734 0
    endloop
  endfacet
  facet normal -0.980335 0.19734 0
    outer loop
      vertex 107.045 42.5734 1.5
      vertex 107.014 42.4194 0
      vertex 107.014 42.4194 1.5
    endloop
  endfacet
  facet normal -0.997967 0.0637272 0
    outer loop
      vertex 107.045 42.5734 0
      vertex 107.055 42.73 1.5
      vertex 107.055 42.73 0
    endloop
  endfacet
  facet normal -0.997967 0.0637272 0
    outer loop
      vertex 107.055 42.73 1.5
      vertex 107.045 42.5734 0
      vertex 107.045 42.5734 1.5
    endloop
  endfacet
  facet normal 0.194891 0.980825 -0
    outer loop
      vertex 105.698 41.5403 0
      vertex 105.544 41.5709 1.5
      vertex 105.698 41.5403 1.5
    endloop
  endfacet
  facet normal 0.194891 0.980825 0
    outer loop
      vertex 105.544 41.5709 1.5
      vertex 105.698 41.5403 0
      vertex 105.544 41.5709 0
    endloop
  endfacet
  facet normal 0.442117 0.896957 -0
    outer loop
      vertex 105.396 41.6213 0
      vertex 105.255 41.6908 1.5
      vertex 105.396 41.6213 1.5
    endloop
  endfacet
  facet normal 0.442117 0.896957 0
    outer loop
      vertex 105.255 41.6908 1.5
      vertex 105.396 41.6213 0
      vertex 105.255 41.6908 0
    endloop
  endfacet
endsolid OpenSCAD_Model
