solid OpenSCAD_Model
  facet normal -0.980779 -0.195124 0
    outer loop
      vertex -33.0137 -41.8603 0
      vertex -33.1158 -41.3471 10
      vertex -33.1158 -41.3471 0
    endloop
  endfacet
  facet normal -0.980779 -0.195124 0
    outer loop
      vertex -33.1158 -41.3471 10
      vertex -33.0137 -41.8603 0
      vertex -33.0137 -41.8603 10
    endloop
  endfacet
  facet normal -0.94691 -0.321498 0
    outer loop
      vertex -32.8455 -42.3557 0
      vertex -33.0137 -41.8603 10
      vertex -33.0137 -41.8603 0
    endloop
  endfacet
  facet normal -0.94691 -0.321498 0
    outer loop
      vertex -33.0137 -41.8603 10
      vertex -32.8455 -42.3557 0
      vertex -32.8455 -42.3557 10
    endloop
  endfacet
  facet normal 0 0 -1
    outer loop
      vertex 33.15 -4.77 0
      vertex 36 0.469999 0
      vertex 36 -4.77 0
    endloop
  endfacet
  facet normal -0 0 -1
    outer loop
      vertex 36 0.469999 0
      vertex 33.15 -4.77 0
      vertex 33.15 0.469999 0
    endloop
  endfacet
  facet normal 0 0 -1
    outer loop
      vertex 33.15 -23.82 0
      vertex 36 -18.57 0
      vertex 36 -23.82 0
    endloop
  endfacet
  facet normal -0 0 -1
    outer loop
      vertex 36 -18.57 0
      vertex 33.15 -23.82 0
      vertex 33.15 -18.57 0
    endloop
  endfacet
  facet normal 0 0 -1
    outer loop
      vertex 41.25 -4.77 0
      vertex 55.05 0.469999 0
      vertex 55.05 -4.77 0
    endloop
  endfacet
  facet normal -0 0 -1
    outer loop
      vertex 55.05 0.469999 0
      vertex 41.25 -4.77 0
      vertex 41.25 0.469999 0
    endloop
  endfacet
  facet normal 0 0 -1
    outer loop
      vertex 41.25 -23.82 0
      vertex 55.05 -18.57 0
      vertex 55.05 -23.82 0
    endloop
  endfacet
  facet normal -0 0 -1
    outer loop
      vertex 55.05 -18.57 0
      vertex 41.25 -23.82 0
      vertex 41.25 -18.57 0
    endloop
  endfacet
  facet normal 0 0 -1
    outer loop
      vertex 60.3 -4.77 0
      vertex 74.1 0.469999 0
      vertex 74.1 -4.77 0
    endloop
  endfacet
  facet normal -0 0 -1
    outer loop
      vertex 74.1 0.469999 0
      vertex 60.3 -4.77 0
      vertex 60.3 0.469999 0
    endloop
  endfacet
  facet normal 0 0 -1
    outer loop
      vertex 60.3 -23.82 0
      vertex 74.1 -18.57 0
      vertex 74.1 -23.82 0
    endloop
  endfacet
  facet normal -0 0 -1
    outer loop
      vertex 74.1 -18.57 0
      vertex 60.3 -23.82 0
      vertex 60.3 -18.57 0
    endloop
  endfacet
  facet normal 0 0 -1
    outer loop
      vertex 74.1 -4.77 0
      vertex 81.3 -40.825 0
      vertex 74.1 -18.57 0
    endloop
  endfacet
  facet normal 0 0 -1
    outer loop
      vertex 74.1 0.469999 0
      vertex 81.3 -40.825 0
      vertex 74.1 -4.77 0
    endloop
  endfacet
  facet normal 0 0 -1
    outer loop
      vertex 74.1 -23.82 0
      vertex 74.3897 -36.5634 0
      vertex 74.3591 -36.4094 0
    endloop
  endfacet
  facet normal 0 0 -1
    outer loop
      vertex 81.3 -40.825 0
      vertex 74.1 0.469999 0
      vertex 81.3 40.825 0
    endloop
  endfacet
  facet normal 0 0 -1
    outer loop
      vertex 74.1 -23.82 0
      vertex 74.3591 -36.4094 0
      vertex 74.3087 -36.2608 0
    endloop
  endfacet
  facet normal 0 0 -1
    outer loop
      vertex 74.1 14.27 0
      vertex 81.3 40.825 0
      vertex 74.1 0.469999 0
    endloop
  endfacet
  facet normal 0 0 -1
    outer loop
      vertex 74.1 -23.82 0
      vertex 74.3087 -36.2608 0
      vertex 74.2392 -36.12 0
    endloop
  endfacet
  facet normal 0 0 -1
    outer loop
      vertex 74.3897 -36.5634 0
      vertex 74.1 -23.82 0
      vertex 74.1 -18.57 0
    endloop
  endfacet
  facet normal 0 0 -1
    outer loop
      vertex 74.1 -23.82 0
      vertex 74.2392 -36.12 0
      vertex 74.152 -35.9895 0
    endloop
  endfacet
  facet normal 0 -0 -1
    outer loop
      vertex 74.152 35.9995 0
      vertex 81.3 40.825 0
      vertex 74.1 14.27 0
    endloop
  endfacet
  facet normal 0 0 -1
    outer loop
      vertex 74.1 -23.82 0
      vertex 74.152 -35.9895 0
      vertex 74.1 -35.9302 0
    endloop
  endfacet
  facet normal 0 0 -1
    outer loop
      vertex 81.3 40.825 0
      vertex 74.3897 36.5734 0
      vertex 74.4 36.73 0
    endloop
  endfacet
  facet normal 0 0 -1
    outer loop
      vertex 81.3 40.825 0
      vertex 74.3591 36.4194 0
      vertex 74.3897 36.5734 0
    endloop
  endfacet
  facet normal 0 0 -1
    outer loop
      vertex 81.3 40.825 0
      vertex 74.3087 36.2708 0
      vertex 74.3591 36.4194 0
    endloop
  endfacet
  facet normal 0 0 -1
    outer loop
      vertex 81.3 40.825 0
      vertex 74.2392 36.13 0
      vertex 74.3087 36.2708 0
    endloop
  endfacet
  facet normal 0 0 -1
    outer loop
      vertex 81.3 40.825 0
      vertex 74.152 35.9995 0
      vertex 74.2392 36.13 0
    endloop
  endfacet
  facet normal 0 0 -1
    outer loop
      vertex 74.1 14.27 0
      vertex 74.0485 35.8815 0
      vertex 74.152 35.9995 0
    endloop
  endfacet
  facet normal 0 0 -1
    outer loop
      vertex 74.1 14.27 0
      vertex 73.9305 35.778 0
      vertex 74.0485 35.8815 0
    endloop
  endfacet
  facet normal 0 0 -1
    outer loop
      vertex 74.1 14.27 0
      vertex 73.8 35.6908 0
      vertex 73.9305 35.778 0
    endloop
  endfacet
  facet normal 0 0 -1
    outer loop
      vertex 74.1 14.27 0
      vertex 73.6592 35.6213 0
      vertex 73.8 35.6908 0
    endloop
  endfacet
  facet normal 0 0 -1
    outer loop
      vertex 74.1 14.27 0
      vertex 73.5106 35.5709 0
      vertex 73.6592 35.6213 0
    endloop
  endfacet
  facet normal 0 0 -1
    outer loop
      vertex 74.1 14.27 0
      vertex 73.3566 35.5403 0
      vertex 73.5106 35.5709 0
    endloop
  endfacet
  facet normal 0 0 -1
    outer loop
      vertex 74.1 14.27 0
      vertex 73.2 35.53 0
      vertex 73.3566 35.5403 0
    endloop
  endfacet
  facet normal 0 0 -1
    outer loop
      vertex 74.1 14.27 0
      vertex 73.0434 35.5403 0
      vertex 73.2 35.53 0
    endloop
  endfacet
  facet normal 0 0 -1
    outer loop
      vertex 74.1 14.27 0
      vertex 72.8894 35.5709 0
      vertex 73.0434 35.5403 0
    endloop
  endfacet
  facet normal 0 0 -1
    outer loop
      vertex 74.1 14.27 0
      vertex 72.7408 35.6213 0
      vertex 72.8894 35.5709 0
    endloop
  endfacet
  facet normal 0 0 -1
    outer loop
      vertex 74.1 14.27 0
      vertex 72.6 35.6908 0
      vertex 72.7408 35.6213 0
    endloop
  endfacet
  facet normal 0 0 -1
    outer loop
      vertex 60.3 14.27 0
      vertex 72.6 35.6908 0
      vertex 74.1 14.27 0
    endloop
  endfacet
  facet normal -0 0 -1
    outer loop
      vertex 72.6 35.6908 0
      vertex 60.3 14.27 0
      vertex 72.4695 35.778 0
    endloop
  endfacet
  facet normal -0 0 -1
    outer loop
      vertex 72.4695 35.778 0
      vertex 60.3 14.27 0
      vertex 72.3515 35.8815 0
    endloop
  endfacet
  facet normal -0 0 -1
    outer loop
      vertex 72.3515 35.8815 0
      vertex 60.3 14.27 0
      vertex 72.248 35.9995 0
    endloop
  endfacet
  facet normal -0 0 -1
    outer loop
      vertex 72.248 35.9995 0
      vertex 60.3 14.27 0
      vertex 72.1608 36.13 0
    endloop
  endfacet
  facet normal -0 0 -1
    outer loop
      vertex 72.1608 36.13 0
      vertex 60.3 14.27 0
      vertex 72.0913 36.2708 0
    endloop
  endfacet
  facet normal 0 0 -1
    outer loop
      vertex 55.05 14.27 0
      vertex 72.0913 36.2708 0
      vertex 60.3 14.27 0
    endloop
  endfacet
  facet normal -0 0 -1
    outer loop
      vertex 72.0409 36.4194 0
      vertex 55.05 14.27 0
      vertex 72.0103 36.5734 0
    endloop
  endfacet
  facet normal -0 0 -1
    outer loop
      vertex 72.0913 36.2708 0
      vertex 55.05 14.27 0
      vertex 72.0409 36.4194 0
    endloop
  endfacet
  facet normal 0 0 -1
    outer loop
      vertex 74.1 -37.62 0
      vertex 81.3 -40.825 0
      vertex 81.2658 -41.3471 0
    endloop
  endfacet
  facet normal 0 0 -1
    outer loop
      vertex 74.3897 -36.5634 0
      vertex 81.3 -40.825 0
      vertex 74.4 -36.72 0
    endloop
  endfacet
  facet normal 0 0 -1
    outer loop
      vertex 74.1 -37.62 0
      vertex 81.2658 -41.3471 0
      vertex 81.1637 -41.8603 0
    endloop
  endfacet
  facet normal 0 0 -1
    outer loop
      vertex 74.1 -18.57 0
      vertex 81.3 -40.825 0
      vertex 74.3897 -36.5634 0
    endloop
  endfacet
  facet normal 0 0 -1
    outer loop
      vertex 74.1 -37.62 0
      vertex 81.1637 -41.8603 0
      vertex 80.9955 -42.3557 0
    endloop
  endfacet
  facet normal 0 0 -1
    outer loop
      vertex 74.3897 36.8866 0
      vertex 81.3 40.825 0
      vertex 74.4 36.73 0
    endloop
  endfacet
  facet normal 0 0 -1
    outer loop
      vertex 74.1 -37.62 0
      vertex 80.9955 -42.3557 0
      vertex 80.7641 -42.825 0
    endloop
  endfacet
  facet normal 0 0 -1
    outer loop
      vertex 74.3591 37.0406 0
      vertex 81.3 40.825 0
      vertex 74.3897 36.8866 0
    endloop
  endfacet
  facet normal 0 0 -1
    outer loop
      vertex 74.1 -37.62 0
      vertex 80.7641 -42.825 0
      vertex 80.4734 -43.26 0
    endloop
  endfacet
  facet normal 0 0 -1
    outer loop
      vertex 74.3087 37.1892 0
      vertex 81.3 40.825 0
      vertex 74.3591 37.0406 0
    endloop
  endfacet
  facet normal 0 0 -1
    outer loop
      vertex 74.1 -37.62 0
      vertex 80.4734 -43.26 0
      vertex 80.1284 -43.6534 0
    endloop
  endfacet
  facet normal 0 0 -1
    outer loop
      vertex 74.2392 37.33 0
      vertex 81.3 40.825 0
      vertex 74.3087 37.1892 0
    endloop
  endfacet
  facet normal 0 0 -1
    outer loop
      vertex 74.1 -37.62 0
      vertex 80.1284 -43.6534 0
      vertex 79.735 -43.9984 0
    endloop
  endfacet
  facet normal 0 0 -1
    outer loop
      vertex 74.152 37.4605 0
      vertex 81.3 40.825 0
      vertex 74.2392 37.33 0
    endloop
  endfacet
  facet normal 0 0 -1
    outer loop
      vertex 74.1 -37.62 0
      vertex 79.735 -43.9984 0
      vertex 79.3 -44.2891 0
    endloop
  endfacet
  facet normal 0 0 -1
    outer loop
      vertex 74.0485 37.5785 0
      vertex 81.3 40.825 0
      vertex 74.152 37.4605 0
    endloop
  endfacet
  facet normal 0 0 -1
    outer loop
      vertex 74.1 -37.62 0
      vertex 79.3 -44.2891 0
      vertex 78.8307 -44.5205 0
    endloop
  endfacet
  facet normal 0 -0 -1
    outer loop
      vertex 77.3 44.825 0
      vertex 81.3 40.825 0
      vertex 74.0485 37.5785 0
    endloop
  endfacet
  facet normal 0 0 -1
    outer loop
      vertex 74.1 -37.62 0
      vertex 78.8307 -44.5205 0
      vertex 78.3353 -44.6887 0
    endloop
  endfacet
  facet normal 0 0 -1
    outer loop
      vertex 81.3 40.825 0
      vertex 77.3 44.825 0
      vertex 81.2658 41.3471 0
    endloop
  endfacet
  facet normal 0 0 -1
    outer loop
      vertex 74.1 -37.62 0
      vertex 78.3353 -44.6887 0
      vertex 77.8221 -44.7908 0
    endloop
  endfacet
  facet normal 0 0 -1
    outer loop
      vertex 81.2658 41.3471 0
      vertex 77.3 44.825 0
      vertex 81.1637 41.8603 0
    endloop
  endfacet
  facet normal 0 0 -1
    outer loop
      vertex 74.1 -37.62 0
      vertex 77.8221 -44.7908 0
      vertex 77.3 -44.825 0
    endloop
  endfacet
  facet normal 0 0 -1
    outer loop
      vertex 81.1637 41.8603 0
      vertex 77.3 44.825 0
      vertex 80.9955 42.3557 0
    endloop
  endfacet
  facet normal 0 0 -1
    outer loop
      vertex 80.9955 42.3557 0
      vertex 77.3 44.825 0
      vertex 80.7641 42.825 0
    endloop
  endfacet
  facet normal 0 0 -1
    outer loop
      vertex 81.3 -40.825 0
      vertex 74.3897 -36.8766 0
      vertex 74.4 -36.72 0
    endloop
  endfacet
  facet normal 0 0 -1
    outer loop
      vertex 81.3 -40.825 0
      vertex 74.3591 -37.0306 0
      vertex 74.3897 -36.8766 0
    endloop
  endfacet
  facet normal 0 0 -1
    outer loop
      vertex 81.3 -40.825 0
      vertex 74.3087 -37.1792 0
      vertex 74.3591 -37.0306 0
    endloop
  endfacet
  facet normal 0 0 -1
    outer loop
      vertex 81.3 -40.825 0
      vertex 74.2392 -37.32 0
      vertex 74.3087 -37.1792 0
    endloop
  endfacet
  facet normal 0 0 -1
    outer loop
      vertex 81.3 -40.825 0
      vertex 74.1 -37.62 0
      vertex 74.2392 -37.32 0
    endloop
  endfacet
  facet normal 0 0 -1
    outer loop
      vertex 74.2392 -37.32 0
      vertex 74.1 -37.62 0
      vertex 74.152 -37.4505 0
    endloop
  endfacet
  facet normal 0 0 -1
    outer loop
      vertex 73.8 -37.7592 0
      vertex 74.1 -37.62 0
      vertex 77.3 -44.825 0
    endloop
  endfacet
  facet normal -0 0 -1
    outer loop
      vertex 74.1 -37.62 0
      vertex 73.9305 -37.672 0
      vertex 73.9898 -37.62 0
    endloop
  endfacet
  facet normal 0 0 -1
    outer loop
      vertex 74.1 -37.62 0
      vertex 73.8 -37.7592 0
      vertex 73.9305 -37.672 0
    endloop
  endfacet
  facet normal 0 0 -1
    outer loop
      vertex 77.3 -44.825 0
      vertex 73.6592 -37.8287 0
      vertex 73.8 -37.7592 0
    endloop
  endfacet
  facet normal 0 0 -1
    outer loop
      vertex 77.3 -44.825 0
      vertex 73.5106 -37.8791 0
      vertex 73.6592 -37.8287 0
    endloop
  endfacet
  facet normal 0 0 -1
    outer loop
      vertex 77.3 -44.825 0
      vertex 73.3566 -37.9097 0
      vertex 73.5106 -37.8791 0
    endloop
  endfacet
  facet normal 0 0 -1
    outer loop
      vertex 77.3 -44.825 0
      vertex 73.2 -37.92 0
      vertex 73.3566 -37.9097 0
    endloop
  endfacet
  facet normal 0 0 -1
    outer loop
      vertex 77.3 -44.825 0
      vertex 73.0434 -37.9097 0
      vertex 73.2 -37.92 0
    endloop
  endfacet
  facet normal 0 0 -1
    outer loop
      vertex 77.3 -44.825 0
      vertex 72.8894 -37.8791 0
      vertex 73.0434 -37.9097 0
    endloop
  endfacet
  facet normal 0 0 -1
    outer loop
      vertex 77.3 -44.825 0
      vertex 72.7408 -37.8287 0
      vertex 72.8894 -37.8791 0
    endloop
  endfacet
  facet normal 0 0 -1
    outer loop
      vertex 77.3 -44.825 0
      vertex 72.6 -37.7592 0
      vertex 72.7408 -37.8287 0
    endloop
  endfacet
  facet normal 0 0 -1
    outer loop
      vertex 77.3 -44.825 0
      vertex 72.4695 -37.672 0
      vertex 72.6 -37.7592 0
    endloop
  endfacet
  facet normal 0 0 -1
    outer loop
      vertex 60.3 -37.62 0
      vertex 72.4695 -37.672 0
      vertex 77.3 -44.825 0
    endloop
  endfacet
  facet normal 0 0 -1
    outer loop
      vertex 72.4695 -37.672 0
      vertex 60.3 -37.62 0
      vertex 72.4102 -37.62 0
    endloop
  endfacet
  facet normal 0 0 -1
    outer loop
      vertex 55.05 -23.82 0
      vertex 60.3 -23.82 0
      vertex 60.3 -37.62 0
    endloop
  endfacet
  facet normal 0 0 -1
    outer loop
      vertex 60.3 -23.82 0
      vertex 55.05 -23.82 0
      vertex 60.3 -18.57 0
    endloop
  endfacet
  facet normal 0 0 -1
    outer loop
      vertex 60.3 -18.57 0
      vertex 55.05 -18.57 0
      vertex 60.3 -4.77 0
    endloop
  endfacet
  facet normal 0 0 -1
    outer loop
      vertex 55.05 -4.77 0
      vertex 60.3 -4.77 0
      vertex 55.05 -18.57 0
    endloop
  endfacet
  facet normal 0 0 -1
    outer loop
      vertex 55.05 -23.82 0
      vertex 60.3 -37.62 0
      vertex 55.05 -37.62 0
    endloop
  endfacet
  facet normal 0 0 -1
    outer loop
      vertex 77.3 -44.825 0
      vertex 55.05 -37.62 0
      vertex 60.3 -37.62 0
    endloop
  endfacet
  facet normal 0 0 -1
    outer loop
      vertex 77.3 -44.825 0
      vertex 41.25 -37.62 0
      vertex 55.05 -37.62 0
    endloop
  endfacet
  facet normal 0 0 -1
    outer loop
      vertex 36 -23.82 0
      vertex 41.25 -23.82 0
      vertex 41.25 -37.62 0
    endloop
  endfacet
  facet normal 0 0 -1
    outer loop
      vertex 41.25 -23.82 0
      vertex 36 -23.82 0
      vertex 41.25 -18.57 0
    endloop
  endfacet
  facet normal 0 0 -1
    outer loop
      vertex 41.25 -18.57 0
      vertex 36 -18.57 0
      vertex 41.25 -4.77 0
    endloop
  endfacet
  facet normal 0 0 -1
    outer loop
      vertex 36 -4.77 0
      vertex 41.25 -4.77 0
      vertex 36 -18.57 0
    endloop
  endfacet
  facet normal 0 0 -1
    outer loop
      vertex 36 -23.82 0
      vertex 41.25 -37.62 0
      vertex 36 -37.62 0
    endloop
  endfacet
  facet normal 0 0 -1
    outer loop
      vertex 77.3 -44.825 0
      vertex 36 -37.62 0
      vertex 41.25 -37.62 0
    endloop
  endfacet
  facet normal 0 0 -1
    outer loop
      vertex 77.3 -44.825 0
      vertex 33.15 -37.62 0
      vertex 36 -37.62 0
    endloop
  endfacet
  facet normal 0 0 -1
    outer loop
      vertex -29.15 -44.825 0
      vertex 33.15 -23.82 0
      vertex 33.15 -37.62 0
    endloop
  endfacet
  facet normal -0 0 -1
    outer loop
      vertex 33.15 -23.82 0
      vertex -29.15 -44.825 0
      vertex 33.15 -18.57 0
    endloop
  endfacet
  facet normal 0 0 -1
    outer loop
      vertex -33.15 -40.825 0
      vertex 33.15 -18.57 0
      vertex -29.15 -44.825 0
    endloop
  endfacet
  facet normal -0 0 -1
    outer loop
      vertex 33.15 -18.57 0
      vertex -33.15 -40.825 0
      vertex 33.15 -4.77 0
    endloop
  endfacet
  facet normal -0 0 -1
    outer loop
      vertex 33.15 -4.77 0
      vertex -33.15 -40.825 0
      vertex 33.15 0.469999 0
    endloop
  endfacet
  facet normal 0 0 -1
    outer loop
      vertex -29.15 -44.825 0
      vertex 33.15 -37.62 0
      vertex 77.3 -44.825 0
    endloop
  endfacet
  facet normal 0 0 -1
    outer loop
      vertex 80.7641 42.825 0
      vertex 77.3 44.825 0
      vertex 80.4734 43.26 0
    endloop
  endfacet
  facet normal 0 0 -1
    outer loop
      vertex 80.4734 43.26 0
      vertex 77.3 44.825 0
      vertex 80.1284 43.6534 0
    endloop
  endfacet
  facet normal 0 0 -1
    outer loop
      vertex 80.1284 43.6534 0
      vertex 77.3 44.825 0
      vertex 79.735 43.9984 0
    endloop
  endfacet
  facet normal 0 0 -1
    outer loop
      vertex 79.735 43.9984 0
      vertex 77.3 44.825 0
      vertex 79.3 44.2891 0
    endloop
  endfacet
  facet normal 0 0 -1
    outer loop
      vertex 79.3 44.2891 0
      vertex 77.3 44.825 0
      vertex 78.8307 44.5205 0
    endloop
  endfacet
  facet normal 0 0 -1
    outer loop
      vertex 78.8307 44.5205 0
      vertex 77.3 44.825 0
      vertex 78.3353 44.6887 0
    endloop
  endfacet
  facet normal 0 0 -1
    outer loop
      vertex 78.3353 44.6887 0
      vertex 77.3 44.825 0
      vertex 77.8221 44.7908 0
    endloop
  endfacet
  facet normal 0 0 -1
    outer loop
      vertex 73.9305 37.682 0
      vertex 77.3 44.825 0
      vertex 74.0485 37.5785 0
    endloop
  endfacet
  facet normal 0 0 -1
    outer loop
      vertex 73.8 37.7692 0
      vertex 77.3 44.825 0
      vertex 73.9305 37.682 0
    endloop
  endfacet
  facet normal 0 0 -1
    outer loop
      vertex 73.6592 37.8387 0
      vertex 77.3 44.825 0
      vertex 73.8 37.7692 0
    endloop
  endfacet
  facet normal 0 0 -1
    outer loop
      vertex 73.5106 37.8891 0
      vertex 77.3 44.825 0
      vertex 73.6592 37.8387 0
    endloop
  endfacet
  facet normal 0 0 -1
    outer loop
      vertex 73.3566 37.9197 0
      vertex 77.3 44.825 0
      vertex 73.5106 37.8891 0
    endloop
  endfacet
  facet normal 0 0 -1
    outer loop
      vertex 73.2 37.93 0
      vertex 77.3 44.825 0
      vertex 73.3566 37.9197 0
    endloop
  endfacet
  facet normal 0 0 -1
    outer loop
      vertex 73.0434 37.9197 0
      vertex 77.3 44.825 0
      vertex 73.2 37.93 0
    endloop
  endfacet
  facet normal 0 0 -1
    outer loop
      vertex 72.8894 37.8891 0
      vertex 77.3 44.825 0
      vertex 73.0434 37.9197 0
    endloop
  endfacet
  facet normal 0 0 -1
    outer loop
      vertex 72.7408 37.8387 0
      vertex 77.3 44.825 0
      vertex 72.8894 37.8891 0
    endloop
  endfacet
  facet normal 0 0 -1
    outer loop
      vertex 72.6 37.7692 0
      vertex 77.3 44.825 0
      vertex 72.7408 37.8387 0
    endloop
  endfacet
  facet normal 0 0 -1
    outer loop
      vertex 72.4695 37.682 0
      vertex 77.3 44.825 0
      vertex 72.6 37.7692 0
    endloop
  endfacet
  facet normal 0 0 -1
    outer loop
      vertex 72.3515 37.5785 0
      vertex 77.3 44.825 0
      vertex 72.4695 37.682 0
    endloop
  endfacet
  facet normal 0 0 -1
    outer loop
      vertex 72.248 37.4605 0
      vertex 77.3 44.825 0
      vertex 72.3515 37.5785 0
    endloop
  endfacet
  facet normal -0 0 -1
    outer loop
      vertex 72.0103 36.5734 0
      vertex 55.05 14.27 0
      vertex 72 36.73 0
    endloop
  endfacet
  facet normal 0 0 -1
    outer loop
      vertex 41.25 14.27 0
      vertex 72 36.73 0
      vertex 55.05 14.27 0
    endloop
  endfacet
  facet normal -0 0 -1
    outer loop
      vertex 72 36.73 0
      vertex 41.25 14.27 0
      vertex 72.0103 36.8866 0
    endloop
  endfacet
  facet normal -0 0 -1
    outer loop
      vertex 72.0103 36.8866 0
      vertex 41.25 14.27 0
      vertex 72.0409 37.0406 0
    endloop
  endfacet
  facet normal -0 0 -1
    outer loop
      vertex 60.3 -18.57 0
      vertex 55.05 -23.82 0
      vertex 55.05 -18.57 0
    endloop
  endfacet
  facet normal 0 0 -1
    outer loop
      vertex 60.3 -4.77 0
      vertex 55.05 -4.77 0
      vertex 60.3 0.469999 0
    endloop
  endfacet
  facet normal 0 0 -1
    outer loop
      vertex 55.05 0.469999 0
      vertex 60.3 0.469999 0
      vertex 55.05 -4.77 0
    endloop
  endfacet
  facet normal 0 0 -1
    outer loop
      vertex 60.3 0.469999 0
      vertex 55.05 0.469999 0
      vertex 60.3 14.27 0
    endloop
  endfacet
  facet normal 0 0 -1
    outer loop
      vertex 55.05 14.27 0
      vertex 60.3 14.27 0
      vertex 55.05 0.469999 0
    endloop
  endfacet
  facet normal -0 0 -1
    outer loop
      vertex 72.0409 37.0406 0
      vertex 41.25 14.27 0
      vertex 72.0913 37.1892 0
    endloop
  endfacet
  facet normal 0 0 -1
    outer loop
      vertex 36 14.27 0
      vertex 72.0913 37.1892 0
      vertex 41.25 14.27 0
    endloop
  endfacet
  facet normal -0 0 -1
    outer loop
      vertex 72.0913 37.1892 0
      vertex 36 14.27 0
      vertex 72.1608 37.33 0
    endloop
  endfacet
  facet normal 0 0 -1
    outer loop
      vertex 33.15 14.27 0
      vertex 72.1608 37.33 0
      vertex 36 14.27 0
    endloop
  endfacet
  facet normal -0 0 -1
    outer loop
      vertex 41.25 -18.57 0
      vertex 36 -23.82 0
      vertex 36 -18.57 0
    endloop
  endfacet
  facet normal 0 0 -1
    outer loop
      vertex 41.25 -4.77 0
      vertex 36 -4.77 0
      vertex 41.25 0.469999 0
    endloop
  endfacet
  facet normal 0 0 -1
    outer loop
      vertex 36 0.469999 0
      vertex 41.25 0.469999 0
      vertex 36 -4.77 0
    endloop
  endfacet
  facet normal 0 0 -1
    outer loop
      vertex 41.25 0.469999 0
      vertex 36 0.469999 0
      vertex 41.25 14.27 0
    endloop
  endfacet
  facet normal 0 0 -1
    outer loop
      vertex 36 14.27 0
      vertex 41.25 14.27 0
      vertex 36 0.469999 0
    endloop
  endfacet
  facet normal -0 0 -1
    outer loop
      vertex 72.1608 37.33 0
      vertex 33.15 14.27 0
      vertex 72.248 37.4605 0
    endloop
  endfacet
  facet normal 0 0 -1
    outer loop
      vertex -29.15 44.825 0
      vertex 72.248 37.4605 0
      vertex 33.15 14.27 0
    endloop
  endfacet
  facet normal 0 0 -1
    outer loop
      vertex 72.248 37.4605 0
      vertex -29.15 44.825 0
      vertex 77.3 44.825 0
    endloop
  endfacet
  facet normal 0 0 -1
    outer loop
      vertex -33.15 40.825 0
      vertex 33.15 0.469999 0
      vertex -33.15 -40.825 0
    endloop
  endfacet
  facet normal 0 0 -1
    outer loop
      vertex -33.15 -40.825 0
      vertex -29.15 -44.825 0
      vertex -29.6721 -44.7908 0
    endloop
  endfacet
  facet normal 0 0 -1
    outer loop
      vertex 33.15 0.469999 0
      vertex -33.15 40.825 0
      vertex 33.15 14.27 0
    endloop
  endfacet
  facet normal 0 0 -1
    outer loop
      vertex -33.15 -40.825 0
      vertex -29.6721 -44.7908 0
      vertex -30.1853 -44.6887 0
    endloop
  endfacet
  facet normal 0 0 -1
    outer loop
      vertex 33.15 14.27 0
      vertex -33.15 40.825 0
      vertex -29.15 44.825 0
    endloop
  endfacet
  facet normal 0 0 -1
    outer loop
      vertex -33.15 -40.825 0
      vertex -30.1853 -44.6887 0
      vertex -30.6807 -44.5205 0
    endloop
  endfacet
  facet normal 0 0 -1
    outer loop
      vertex -29.15 44.825 0
      vertex -33.15 40.825 0
      vertex -29.6721 44.7908 0
    endloop
  endfacet
  facet normal 0 0 -1
    outer loop
      vertex -33.15 -40.825 0
      vertex -30.6807 -44.5205 0
      vertex -31.15 -44.2891 0
    endloop
  endfacet
  facet normal 0 0 -1
    outer loop
      vertex -29.6721 44.7908 0
      vertex -33.15 40.825 0
      vertex -30.1853 44.6887 0
    endloop
  endfacet
  facet normal 0 0 -1
    outer loop
      vertex -33.15 -40.825 0
      vertex -31.15 -44.2891 0
      vertex -31.585 -43.9984 0
    endloop
  endfacet
  facet normal 0 0 -1
    outer loop
      vertex -30.1853 44.6887 0
      vertex -33.15 40.825 0
      vertex -30.6807 44.5205 0
    endloop
  endfacet
  facet normal 0 0 -1
    outer loop
      vertex -33.15 -40.825 0
      vertex -31.585 -43.9984 0
      vertex -31.9784 -43.6534 0
    endloop
  endfacet
  facet normal 0 0 -1
    outer loop
      vertex -30.6807 44.5205 0
      vertex -33.15 40.825 0
      vertex -31.15 44.2891 0
    endloop
  endfacet
  facet normal 0 0 -1
    outer loop
      vertex -33.15 -40.825 0
      vertex -31.9784 -43.6534 0
      vertex -32.3234 -43.26 0
    endloop
  endfacet
  facet normal 0 0 -1
    outer loop
      vertex -31.15 44.2891 0
      vertex -33.15 40.825 0
      vertex -31.585 43.9984 0
    endloop
  endfacet
  facet normal 0 0 -1
    outer loop
      vertex -33.15 -40.825 0
      vertex -32.3234 -43.26 0
      vertex -32.6141 -42.825 0
    endloop
  endfacet
  facet normal 0 0 -1
    outer loop
      vertex -31.585 43.9984 0
      vertex -33.15 40.825 0
      vertex -31.9784 43.6534 0
    endloop
  endfacet
  facet normal 0 0 -1
    outer loop
      vertex -33.15 -40.825 0
      vertex -32.6141 -42.825 0
      vertex -32.8455 -42.3557 0
    endloop
  endfacet
  facet normal 0 0 -1
    outer loop
      vertex -31.9784 43.6534 0
      vertex -33.15 40.825 0
      vertex -32.3234 43.26 0
    endloop
  endfacet
  facet normal 0 0 -1
    outer loop
      vertex -33.15 -40.825 0
      vertex -32.8455 -42.3557 0
      vertex -33.0137 -41.8603 0
    endloop
  endfacet
  facet normal 0 0 -1
    outer loop
      vertex -32.3234 43.26 0
      vertex -33.15 40.825 0
      vertex -32.6141 42.825 0
    endloop
  endfacet
  facet normal 0 0 -1
    outer loop
      vertex -33.15 -40.825 0
      vertex -33.0137 -41.8603 0
      vertex -33.1158 -41.3471 0
    endloop
  endfacet
  facet normal 0 0 -1
    outer loop
      vertex -32.6141 42.825 0
      vertex -33.15 40.825 0
      vertex -32.8455 42.3557 0
    endloop
  endfacet
  facet normal 0 0 -1
    outer loop
      vertex -32.8455 42.3557 0
      vertex -33.15 40.825 0
      vertex -33.0137 41.8603 0
    endloop
  endfacet
  facet normal 0 0 -1
    outer loop
      vertex -33.0137 41.8603 0
      vertex -33.15 40.825 0
      vertex -33.1158 41.3471 0
    endloop
  endfacet
  facet normal 0 0 -1
    outer loop
      vertex 74.152 -37.4505 0
      vertex 74.1 -37.62 0
      vertex 74.1 -37.5098 0
    endloop
  endfacet
  facet normal 0.997861 0.0653646 0
    outer loop
      vertex 33.15 40.825 10
      vertex 33.1158 41.3471 1.2
      vertex 33.1158 41.3471 10
    endloop
  endfacet
  facet normal 0.997861 0.0653646 0
    outer loop
      vertex 33.1158 41.3471 1.2
      vertex 33.15 40.825 10
      vertex 33.15 40.825 1.2
    endloop
  endfacet
  facet normal 0 -1 0
    outer loop
      vertex -29.15 -44.825 10
      vertex 29.15 -44.825 1.2
      vertex 29.15 -44.825 10
    endloop
  endfacet
  facet normal 0 -1 0
    outer loop
      vertex -29.15 -44.825 0
      vertex 29.15 -44.825 1.2
      vertex -29.15 -44.825 10
    endloop
  endfacet
  facet normal 0 -1 0
    outer loop
      vertex 77.3 -44.825 0
      vertex 29.15 -44.825 1.2
      vertex -29.15 -44.825 0
    endloop
  endfacet
  facet normal 0 -1 0
    outer loop
      vertex 29.15 -44.825 1.2
      vertex 77.3 -44.825 0
      vertex 77.3 -44.825 1.2
    endloop
  endfacet
  facet normal 0 0 1
    outer loop
      vertex 30.15 40.825 10
      vertex 33.15 40.825 10
      vertex 33.1158 41.3471 10
    endloop
  endfacet
  facet normal 0 0 1
    outer loop
      vertex 33.15 40.825 10
      vertex 30.15 40.825 10
      vertex 33.15 -40.825 10
    endloop
  endfacet
  facet normal 0 0 1
    outer loop
      vertex 30.1414 40.9555 10
      vertex 33.1158 41.3471 10
      vertex 33.0137 41.8603 10
    endloop
  endfacet
  facet normal 0 0 1
    outer loop
      vertex 30.15 -40.825 10
      vertex 33.15 -40.825 10
      vertex 30.15 40.825 10
    endloop
  endfacet
  facet normal 0 0 1
    outer loop
      vertex 30.1159 41.0838 10
      vertex 33.0137 41.8603 10
      vertex 32.8455 42.3557 10
    endloop
  endfacet
  facet normal 0 0 1
    outer loop
      vertex 33.15 -40.825 10
      vertex 30.15 -40.825 10
      vertex 33.1158 -41.3471 10
    endloop
  endfacet
  facet normal 0 0 1
    outer loop
      vertex 30.0739 41.2077 10
      vertex 32.8455 42.3557 10
      vertex 32.6141 42.825 10
    endloop
  endfacet
  facet normal -0 0 1
    outer loop
      vertex 30.1414 -40.9555 10
      vertex 33.1158 -41.3471 10
      vertex 30.15 -40.825 10
    endloop
  endfacet
  facet normal 0 0 1
    outer loop
      vertex 30.016 41.325 10
      vertex 32.6141 42.825 10
      vertex 32.3234 43.26 10
    endloop
  endfacet
  facet normal 0 0 1
    outer loop
      vertex 33.1158 -41.3471 10
      vertex 30.1414 -40.9555 10
      vertex 33.0137 -41.8603 10
    endloop
  endfacet
  facet normal 0 0 1
    outer loop
      vertex 29.9433 41.4337 10
      vertex 32.3234 43.26 10
      vertex 31.9784 43.6534 10
    endloop
  endfacet
  facet normal -0 0 1
    outer loop
      vertex 30.1159 -41.0838 10
      vertex 33.0137 -41.8603 10
      vertex 30.1414 -40.9555 10
    endloop
  endfacet
  facet normal 0 0 1
    outer loop
      vertex 29.8571 41.5321 10
      vertex 31.9784 43.6534 10
      vertex 31.585 43.9984 10
    endloop
  endfacet
  facet normal 0 0 1
    outer loop
      vertex 33.0137 -41.8603 10
      vertex 30.1159 -41.0838 10
      vertex 32.8455 -42.3557 10
    endloop
  endfacet
  facet normal 0 0 1
    outer loop
      vertex 29.7588 41.6183 10
      vertex 31.585 43.9984 10
      vertex 31.15 44.2891 10
    endloop
  endfacet
  facet normal -0 0 1
    outer loop
      vertex 30.0739 -41.2077 10
      vertex 32.8455 -42.3557 10
      vertex 30.1159 -41.0838 10
    endloop
  endfacet
  facet normal 0 0 1
    outer loop
      vertex 29.65 41.691 10
      vertex 31.15 44.2891 10
      vertex 30.6807 44.5205 10
    endloop
  endfacet
  facet normal 0 0 1
    outer loop
      vertex 32.8455 -42.3557 10
      vertex 30.0739 -41.2077 10
      vertex 32.6141 -42.825 10
    endloop
  endfacet
  facet normal 0 0 1
    outer loop
      vertex 29.5327 41.7489 10
      vertex 30.6807 44.5205 10
      vertex 30.1853 44.6887 10
    endloop
  endfacet
  facet normal -0 0 1
    outer loop
      vertex 30.016 -41.325 10
      vertex 32.6141 -42.825 10
      vertex 30.0739 -41.2077 10
    endloop
  endfacet
  facet normal 0 0 1
    outer loop
      vertex 32.6141 -42.825 10
      vertex 30.016 -41.325 10
      vertex 32.3234 -43.26 10
    endloop
  endfacet
  facet normal 0 0 1
    outer loop
      vertex 33.1158 41.3471 10
      vertex 30.1414 40.9555 10
      vertex 30.15 40.825 10
    endloop
  endfacet
  facet normal 0 0 1
    outer loop
      vertex 33.0137 41.8603 10
      vertex 30.1159 41.0838 10
      vertex 30.1414 40.9555 10
    endloop
  endfacet
  facet normal 0 0 1
    outer loop
      vertex 32.8455 42.3557 10
      vertex 30.0739 41.2077 10
      vertex 30.1159 41.0838 10
    endloop
  endfacet
  facet normal 0 0 1
    outer loop
      vertex 32.6141 42.825 10
      vertex 30.016 41.325 10
      vertex 30.0739 41.2077 10
    endloop
  endfacet
  facet normal 0 0 1
    outer loop
      vertex 32.3234 43.26 10
      vertex 29.9433 41.4337 10
      vertex 30.016 41.325 10
    endloop
  endfacet
  facet normal 0 0 1
    outer loop
      vertex 31.9784 43.6534 10
      vertex 29.8571 41.5321 10
      vertex 29.9433 41.4337 10
    endloop
  endfacet
  facet normal 0 0 1
    outer loop
      vertex 31.585 43.9984 10
      vertex 29.7588 41.6183 10
      vertex 29.8571 41.5321 10
    endloop
  endfacet
  facet normal 0 0 1
    outer loop
      vertex 29.4088 41.7909 10
      vertex 30.1853 44.6887 10
      vertex 29.6721 44.7908 10
    endloop
  endfacet
  facet normal 0 0 1
    outer loop
      vertex 31.15 44.2891 10
      vertex 29.65 41.691 10
      vertex 29.7588 41.6183 10
    endloop
  endfacet
  facet normal 0 0 1
    outer loop
      vertex 30.6807 44.5205 10
      vertex 29.5327 41.7489 10
      vertex 29.65 41.691 10
    endloop
  endfacet
  facet normal 0 0 1
    outer loop
      vertex 30.1853 44.6887 10
      vertex 29.4088 41.7909 10
      vertex 29.5327 41.7489 10
    endloop
  endfacet
  facet normal 0 0 1
    outer loop
      vertex 29.6721 44.7908 10
      vertex 29.2805 41.8164 10
      vertex 29.4088 41.7909 10
    endloop
  endfacet
  facet normal 0 0 1
    outer loop
      vertex 29.15 44.825 10
      vertex 29.2805 41.8164 10
      vertex 29.6721 44.7908 10
    endloop
  endfacet
  facet normal 0 0 1
    outer loop
      vertex 29.15 44.825 10
      vertex 29.15 41.825 10
      vertex 29.2805 41.8164 10
    endloop
  endfacet
  facet normal -0 0 1
    outer loop
      vertex -29.15 44.825 10
      vertex 29.15 41.825 10
      vertex 29.15 44.825 10
    endloop
  endfacet
  facet normal 0 0 1
    outer loop
      vertex -29.15 44.825 10
      vertex -29.15 41.825 10
      vertex 29.15 41.825 10
    endloop
  endfacet
  facet normal 0 0 1
    outer loop
      vertex -29.15 44.825 10
      vertex -29.2805 41.8164 10
      vertex -29.15 41.825 10
    endloop
  endfacet
  facet normal -0 0 1
    outer loop
      vertex -29.6721 44.7908 10
      vertex -29.2805 41.8164 10
      vertex -29.15 44.825 10
    endloop
  endfacet
  facet normal 0 0 1
    outer loop
      vertex -29.2805 41.8164 10
      vertex -29.6721 44.7908 10
      vertex -29.4088 41.7909 10
    endloop
  endfacet
  facet normal -0 0 1
    outer loop
      vertex -30.1853 44.6887 10
      vertex -29.4088 41.7909 10
      vertex -29.6721 44.7908 10
    endloop
  endfacet
  facet normal 0 0 1
    outer loop
      vertex -29.4088 41.7909 10
      vertex -30.1853 44.6887 10
      vertex -29.5327 41.7489 10
    endloop
  endfacet
  facet normal -0 0 1
    outer loop
      vertex -30.6807 44.5205 10
      vertex -29.5327 41.7489 10
      vertex -30.1853 44.6887 10
    endloop
  endfacet
  facet normal 0 0 1
    outer loop
      vertex -29.5327 41.7489 10
      vertex -30.6807 44.5205 10
      vertex -29.65 41.691 10
    endloop
  endfacet
  facet normal -0 0 1
    outer loop
      vertex -31.15 44.2891 10
      vertex -29.65 41.691 10
      vertex -30.6807 44.5205 10
    endloop
  endfacet
  facet normal 0 0 1
    outer loop
      vertex -29.65 41.691 10
      vertex -31.15 44.2891 10
      vertex -29.7588 41.6183 10
    endloop
  endfacet
  facet normal -0 0 1
    outer loop
      vertex -31.585 43.9984 10
      vertex -29.7588 41.6183 10
      vertex -31.15 44.2891 10
    endloop
  endfacet
  facet normal 0 0 1
    outer loop
      vertex -29.7588 41.6183 10
      vertex -31.585 43.9984 10
      vertex -29.8571 41.5321 10
    endloop
  endfacet
  facet normal -0 0 1
    outer loop
      vertex -31.9784 43.6534 10
      vertex -29.8571 41.5321 10
      vertex -31.585 43.9984 10
    endloop
  endfacet
  facet normal 0 0 1
    outer loop
      vertex -29.9433 41.4337 10
      vertex -32.3234 43.26 10
      vertex -30.016 41.325 10
    endloop
  endfacet
  facet normal -0 0 1
    outer loop
      vertex -32.3234 43.26 10
      vertex -29.9433 41.4337 10
      vertex -31.9784 43.6534 10
    endloop
  endfacet
  facet normal 0 0 1
    outer loop
      vertex -29.8571 41.5321 10
      vertex -31.9784 43.6534 10
      vertex -29.9433 41.4337 10
    endloop
  endfacet
  facet normal -0 0 1
    outer loop
      vertex 29.9433 -41.4337 10
      vertex 32.3234 -43.26 10
      vertex 30.016 -41.325 10
    endloop
  endfacet
  facet normal 0 0 1
    outer loop
      vertex 32.3234 -43.26 10
      vertex 29.9433 -41.4337 10
      vertex 31.9784 -43.6534 10
    endloop
  endfacet
  facet normal -0 0 1
    outer loop
      vertex 29.8571 -41.5321 10
      vertex 31.9784 -43.6534 10
      vertex 29.9433 -41.4337 10
    endloop
  endfacet
  facet normal 0 0 1
    outer loop
      vertex 31.9784 -43.6534 10
      vertex 29.8571 -41.5321 10
      vertex 31.585 -43.9984 10
    endloop
  endfacet
  facet normal -0 0 1
    outer loop
      vertex 29.7588 -41.6183 10
      vertex 31.585 -43.9984 10
      vertex 29.8571 -41.5321 10
    endloop
  endfacet
  facet normal 0 0 1
    outer loop
      vertex 31.585 -43.9984 10
      vertex 29.7588 -41.6183 10
      vertex 31.15 -44.2891 10
    endloop
  endfacet
  facet normal -0 0 1
    outer loop
      vertex 29.65 -41.691 10
      vertex 31.15 -44.2891 10
      vertex 29.7588 -41.6183 10
    endloop
  endfacet
  facet normal 0 0 1
    outer loop
      vertex 31.15 -44.2891 10
      vertex 29.65 -41.691 10
      vertex 30.6807 -44.5205 10
    endloop
  endfacet
  facet normal -0 0 1
    outer loop
      vertex 29.5327 -41.7489 10
      vertex 30.6807 -44.5205 10
      vertex 29.65 -41.691 10
    endloop
  endfacet
  facet normal 0 0 1
    outer loop
      vertex 30.6807 -44.5205 10
      vertex 29.5327 -41.7489 10
      vertex 30.1853 -44.6887 10
    endloop
  endfacet
  facet normal -0 0 1
    outer loop
      vertex 29.4088 -41.7909 10
      vertex 30.1853 -44.6887 10
      vertex 29.5327 -41.7489 10
    endloop
  endfacet
  facet normal 0 0 1
    outer loop
      vertex 30.1853 -44.6887 10
      vertex 29.4088 -41.7909 10
      vertex 29.6721 -44.7908 10
    endloop
  endfacet
  facet normal -0 0 1
    outer loop
      vertex 29.2805 -41.8164 10
      vertex 29.6721 -44.7908 10
      vertex 29.4088 -41.7909 10
    endloop
  endfacet
  facet normal -0 0 1
    outer loop
      vertex 29.15 -41.825 10
      vertex 29.6721 -44.7908 10
      vertex 29.2805 -41.8164 10
    endloop
  endfacet
  facet normal 0 0 1
    outer loop
      vertex 29.15 -41.825 10
      vertex 29.15 -44.825 10
      vertex 29.6721 -44.7908 10
    endloop
  endfacet
  facet normal -0 0 1
    outer loop
      vertex -29.15 -41.825 10
      vertex 29.15 -44.825 10
      vertex 29.15 -41.825 10
    endloop
  endfacet
  facet normal 0 0 1
    outer loop
      vertex -29.15 -41.825 10
      vertex -29.15 -44.825 10
      vertex 29.15 -44.825 10
    endloop
  endfacet
  facet normal 0 0 1
    outer loop
      vertex -29.2805 -41.8164 10
      vertex -29.15 -44.825 10
      vertex -29.15 -41.825 10
    endloop
  endfacet
  facet normal 0 0 1
    outer loop
      vertex -29.6721 -44.7908 10
      vertex -29.2805 -41.8164 10
      vertex -29.4088 -41.7909 10
    endloop
  endfacet
  facet normal 0 0 1
    outer loop
      vertex -30.1853 -44.6887 10
      vertex -29.4088 -41.7909 10
      vertex -29.5327 -41.7489 10
    endloop
  endfacet
  facet normal 0 0 1
    outer loop
      vertex -30.6807 -44.5205 10
      vertex -29.5327 -41.7489 10
      vertex -29.65 -41.691 10
    endloop
  endfacet
  facet normal 0 0 1
    outer loop
      vertex -29.2805 -41.8164 10
      vertex -29.6721 -44.7908 10
      vertex -29.15 -44.825 10
    endloop
  endfacet
  facet normal 0 0 1
    outer loop
      vertex -31.15 -44.2891 10
      vertex -29.65 -41.691 10
      vertex -29.7588 -41.6183 10
    endloop
  endfacet
  facet normal 0 0 1
    outer loop
      vertex -31.585 -43.9984 10
      vertex -29.7588 -41.6183 10
      vertex -29.8571 -41.5321 10
    endloop
  endfacet
  facet normal 0 0 1
    outer loop
      vertex -31.9784 -43.6534 10
      vertex -29.8571 -41.5321 10
      vertex -29.9433 -41.4337 10
    endloop
  endfacet
  facet normal 0 0 1
    outer loop
      vertex -32.3234 -43.26 10
      vertex -29.9433 -41.4337 10
      vertex -30.016 -41.325 10
    endloop
  endfacet
  facet normal 0 0 1
    outer loop
      vertex -32.6141 -42.825 10
      vertex -30.016 -41.325 10
      vertex -30.0739 -41.2077 10
    endloop
  endfacet
  facet normal 0 0 1
    outer loop
      vertex -32.8455 -42.3557 10
      vertex -30.0739 -41.2077 10
      vertex -30.1159 -41.0838 10
    endloop
  endfacet
  facet normal 0 0 1
    outer loop
      vertex -33.0137 -41.8603 10
      vertex -30.1159 -41.0838 10
      vertex -30.1414 -40.9555 10
    endloop
  endfacet
  facet normal 0 0 1
    outer loop
      vertex -29.4088 -41.7909 10
      vertex -30.1853 -44.6887 10
      vertex -29.6721 -44.7908 10
    endloop
  endfacet
  facet normal 0 0 1
    outer loop
      vertex -33.1158 -41.3471 10
      vertex -30.1414 -40.9555 10
      vertex -30.15 -40.825 10
    endloop
  endfacet
  facet normal 0 0 1
    outer loop
      vertex -30.15 40.825 10
      vertex -33.15 40.825 10
      vertex -30.15 -40.825 10
    endloop
  endfacet
  facet normal -0 0 1
    outer loop
      vertex -32.6141 42.825 10
      vertex -30.016 41.325 10
      vertex -32.3234 43.26 10
    endloop
  endfacet
  facet normal 0 0 1
    outer loop
      vertex -33.15 -40.825 10
      vertex -30.15 -40.825 10
      vertex -33.15 40.825 10
    endloop
  endfacet
  facet normal 0 0 1
    outer loop
      vertex -30.016 41.325 10
      vertex -32.6141 42.825 10
      vertex -30.0739 41.2077 10
    endloop
  endfacet
  facet normal 0 -0 1
    outer loop
      vertex -33.1158 -41.3471 10
      vertex -30.15 -40.825 10
      vertex -33.15 -40.825 10
    endloop
  endfacet
  facet normal -0 0 1
    outer loop
      vertex -32.8455 42.3557 10
      vertex -30.0739 41.2077 10
      vertex -32.6141 42.825 10
    endloop
  endfacet
  facet normal 0 0 1
    outer loop
      vertex -29.5327 -41.7489 10
      vertex -30.6807 -44.5205 10
      vertex -30.1853 -44.6887 10
    endloop
  endfacet
  facet normal 0 0 1
    outer loop
      vertex -30.0739 41.2077 10
      vertex -32.8455 42.3557 10
      vertex -30.1159 41.0838 10
    endloop
  endfacet
  facet normal 0 0 1
    outer loop
      vertex -29.65 -41.691 10
      vertex -31.15 -44.2891 10
      vertex -30.6807 -44.5205 10
    endloop
  endfacet
  facet normal -0 0 1
    outer loop
      vertex -33.0137 41.8603 10
      vertex -30.1159 41.0838 10
      vertex -32.8455 42.3557 10
    endloop
  endfacet
  facet normal 0 0 1
    outer loop
      vertex -29.7588 -41.6183 10
      vertex -31.585 -43.9984 10
      vertex -31.15 -44.2891 10
    endloop
  endfacet
  facet normal 0 0 1
    outer loop
      vertex -30.1159 41.0838 10
      vertex -33.0137 41.8603 10
      vertex -30.1414 40.9555 10
    endloop
  endfacet
  facet normal 0 0 1
    outer loop
      vertex -29.8571 -41.5321 10
      vertex -31.9784 -43.6534 10
      vertex -31.585 -43.9984 10
    endloop
  endfacet
  facet normal -0 0 1
    outer loop
      vertex -33.1158 41.3471 10
      vertex -30.1414 40.9555 10
      vertex -33.0137 41.8603 10
    endloop
  endfacet
  facet normal 0 0 1
    outer loop
      vertex -29.9433 -41.4337 10
      vertex -32.3234 -43.26 10
      vertex -31.9784 -43.6534 10
    endloop
  endfacet
  facet normal 0 0 1
    outer loop
      vertex -30.1414 40.9555 10
      vertex -33.1158 41.3471 10
      vertex -30.15 40.825 10
    endloop
  endfacet
  facet normal 0 0 1
    outer loop
      vertex -30.016 -41.325 10
      vertex -32.6141 -42.825 10
      vertex -32.3234 -43.26 10
    endloop
  endfacet
  facet normal 0 0 1
    outer loop
      vertex -30.15 40.825 10
      vertex -33.1158 41.3471 10
      vertex -33.15 40.825 10
    endloop
  endfacet
  facet normal 0 0 1
    outer loop
      vertex -30.0739 -41.2077 10
      vertex -32.8455 -42.3557 10
      vertex -32.6141 -42.825 10
    endloop
  endfacet
  facet normal 0 0 1
    outer loop
      vertex -30.1159 -41.0838 10
      vertex -33.0137 -41.8603 10
      vertex -32.8455 -42.3557 10
    endloop
  endfacet
  facet normal 0 0 1
    outer loop
      vertex -30.1414 -40.9555 10
      vertex -33.1158 -41.3471 10
      vertex -33.0137 -41.8603 10
    endloop
  endfacet
  facet normal -0.997861 0.0653646 0
    outer loop
      vertex -33.15 40.825 0
      vertex -33.1158 41.3471 10
      vertex -33.1158 41.3471 0
    endloop
  endfacet
  facet normal -0.997861 0.0653646 0
    outer loop
      vertex -33.1158 41.3471 10
      vertex -33.15 40.825 0
      vertex -33.15 40.825 10
    endloop
  endfacet
  facet normal 1 0 0
    outer loop
      vertex 33.15 40.825 10
      vertex 33.15 14.27 1.2
      vertex 33.15 40.825 1.2
    endloop
  endfacet
  facet normal 1 0 0
    outer loop
      vertex 33.15 14.27 1.2
      vertex 33.15 0.469999 1.2
      vertex 33.15 14.27 0
    endloop
  endfacet
  facet normal 1 0 0
    outer loop
      vertex 33.15 40.825 10
      vertex 33.15 0.469999 1.2
      vertex 33.15 14.27 1.2
    endloop
  endfacet
  facet normal 1 -0 0
    outer loop
      vertex 33.15 -40.825 10
      vertex 33.15 0.469999 1.2
      vertex 33.15 40.825 10
    endloop
  endfacet
  facet normal 1 0 0
    outer loop
      vertex 33.15 -4.77 1.2
      vertex 33.15 -18.57 1.2
      vertex 33.15 -4.77 0
    endloop
  endfacet
  facet normal 1 0 0
    outer loop
      vertex 33.15 0.469999 1.2
      vertex 33.15 -40.825 10
      vertex 33.15 -4.77 1.2
    endloop
  endfacet
  facet normal 1 0 0
    outer loop
      vertex 33.15 -4.77 1.2
      vertex 33.15 -40.825 10
      vertex 33.15 -18.57 1.2
    endloop
  endfacet
  facet normal 1 0 0
    outer loop
      vertex 33.15 -23.82 1.2
      vertex 33.15 -37.62 1.2
      vertex 33.15 -23.82 0
    endloop
  endfacet
  facet normal 1 0 0
    outer loop
      vertex 33.15 -18.57 1.2
      vertex 33.15 -40.825 10
      vertex 33.15 -23.82 1.2
    endloop
  endfacet
  facet normal 1 0 0
    outer loop
      vertex 33.15 -23.82 1.2
      vertex 33.15 -40.825 10
      vertex 33.15 -37.62 1.2
    endloop
  endfacet
  facet normal 1 0 0
    outer loop
      vertex 33.15 -37.62 1.2
      vertex 33.15 -40.825 10
      vertex 33.15 -40.825 1.2
    endloop
  endfacet
  facet normal 1 0 0
    outer loop
      vertex 33.15 14.27 0
      vertex 33.15 0.469999 1.2
      vertex 33.15 0.469999 0
    endloop
  endfacet
  facet normal 1 0 0
    outer loop
      vertex 33.15 -4.77 0
      vertex 33.15 -18.57 1.2
      vertex 33.15 -18.57 0
    endloop
  endfacet
  facet normal 1 0 0
    outer loop
      vertex 33.15 -23.82 0
      vertex 33.15 -37.62 1.2
      vertex 33.15 -37.62 0
    endloop
  endfacet
  facet normal -0.997861 -0.0653646 0
    outer loop
      vertex -33.1158 -41.3471 0
      vertex -33.15 -40.825 10
      vertex -33.15 -40.825 0
    endloop
  endfacet
  facet normal -0.997861 -0.0653646 0
    outer loop
      vertex -33.15 -40.825 10
      vertex -33.1158 -41.3471 0
      vertex -33.1158 -41.3471 10
    endloop
  endfacet
  facet normal -1 0 0
    outer loop
      vertex -33.15 -40.825 0
      vertex -33.15 40.825 10
      vertex -33.15 40.825 0
    endloop
  endfacet
  facet normal -1 -0 0
    outer loop
      vertex -33.15 40.825 10
      vertex -33.15 -40.825 0
      vertex -33.15 -40.825 10
    endloop
  endfacet
  facet normal -0.831432 0.555626 0
    outer loop
      vertex -32.6141 42.825 0
      vertex -32.3234 43.26 10
      vertex -32.3234 43.26 0
    endloop
  endfacet
  facet normal -0.831432 0.555626 0
    outer loop
      vertex -32.3234 43.26 10
      vertex -32.6141 42.825 0
      vertex -32.6141 42.825 10
    endloop
  endfacet
  facet normal 0 1 0
    outer loop
      vertex 77.3 44.825 1.2
      vertex 77.3 44.825 0
      vertex 29.15 44.825 1.2
    endloop
  endfacet
  facet normal 0 1 0
    outer loop
      vertex 29.15 44.825 10
      vertex 5.3 44.825 7.5
      vertex -29.15 44.825 10
    endloop
  endfacet
  facet normal 0 1 -0
    outer loop
      vertex 29.15 44.825 1.2
      vertex 5.3 44.825 7.5
      vertex 29.15 44.825 10
    endloop
  endfacet
  facet normal 0 1 0
    outer loop
      vertex -29.15 44.825 0
      vertex 5.3 44.825 2.04
      vertex 29.15 44.825 1.2
    endloop
  endfacet
  facet normal 0 1 0
    outer loop
      vertex 5.3 44.825 7.5
      vertex 29.15 44.825 1.2
      vertex 5.3 44.825 2.04
    endloop
  endfacet
  facet normal 0 1 -0
    outer loop
      vertex -5.3 44.825 7.5
      vertex -29.15 44.825 10
      vertex 5.3 44.825 7.5
    endloop
  endfacet
  facet normal 0 1 0
    outer loop
      vertex -29.15 44.825 0
      vertex -5.3 44.825 7.5
      vertex -5.3 44.825 2.04
    endloop
  endfacet
  facet normal 0 1 0
    outer loop
      vertex -29.15 44.825 0
      vertex 29.15 44.825 1.2
      vertex 77.3 44.825 0
    endloop
  endfacet
  facet normal 0 1 0
    outer loop
      vertex -5.3 44.825 7.5
      vertex -29.15 44.825 0
      vertex -29.15 44.825 10
    endloop
  endfacet
  facet normal 0 1 0
    outer loop
      vertex 5.3 44.825 2.04
      vertex -29.15 44.825 0
      vertex -5.3 44.825 2.04
    endloop
  endfacet
  facet normal 0.980779 0.195124 0
    outer loop
      vertex 33.1158 41.3471 10
      vertex 33.0137 41.8603 1.2
      vertex 33.0137 41.8603 10
    endloop
  endfacet
  facet normal 0.980779 0.195124 0
    outer loop
      vertex 33.0137 41.8603 1.2
      vertex 33.1158 41.3471 10
      vertex 33.1158 41.3471 1.2
    endloop
  endfacet
  facet normal 0.751842 -0.659343 0
    outer loop
      vertex 31.9784 -43.6534 10
      vertex 32.3234 -43.26 1.2
      vertex 32.3234 -43.26 10
    endloop
  endfacet
  facet normal 0.751842 -0.659343 0
    outer loop
      vertex 32.3234 -43.26 1.2
      vertex 31.9784 -43.6534 10
      vertex 31.9784 -43.6534 1.2
    endloop
  endfacet
  facet normal -0.980779 0.195124 0
    outer loop
      vertex -33.1158 41.3471 0
      vertex -33.0137 41.8603 10
      vertex -33.0137 41.8603 0
    endloop
  endfacet
  facet normal -0.980779 0.195124 0
    outer loop
      vertex -33.0137 41.8603 10
      vertex -33.1158 41.3471 0
      vertex -33.1158 41.3471 10
    endloop
  endfacet
  facet normal -0.94691 0.321498 0
    outer loop
      vertex -33.0137 41.8603 0
      vertex -32.8455 42.3557 10
      vertex -32.8455 42.3557 0
    endloop
  endfacet
  facet normal -0.94691 0.321498 0
    outer loop
      vertex -32.8455 42.3557 10
      vertex -33.0137 41.8603 0
      vertex -33.0137 41.8603 10
    endloop
  endfacet
  facet normal 0.659343 0.751842 -0
    outer loop
      vertex 31.9784 43.6534 1.2
      vertex 31.585 43.9984 10
      vertex 31.9784 43.6534 10
    endloop
  endfacet
  facet normal 0.659343 0.751842 0
    outer loop
      vertex 31.585 43.9984 10
      vertex 31.9784 43.6534 1.2
      vertex 31.585 43.9984 1.2
    endloop
  endfacet
  facet normal 0.0653646 0.997861 -0
    outer loop
      vertex 29.6721 44.7908 1.2
      vertex 29.15 44.825 10
      vertex 29.6721 44.7908 10
    endloop
  endfacet
  facet normal 0.0653646 0.997861 0
    outer loop
      vertex 29.15 44.825 10
      vertex 29.6721 44.7908 1.2
      vertex 29.15 44.825 1.2
    endloop
  endfacet
  facet normal -0.751842 0.659343 0
    outer loop
      vertex -32.3234 43.26 0
      vertex -31.9784 43.6534 10
      vertex -31.9784 43.6534 0
    endloop
  endfacet
  facet normal -0.751842 0.659343 0
    outer loop
      vertex -31.9784 43.6534 10
      vertex -32.3234 43.26 0
      vertex -32.3234 43.26 10
    endloop
  endfacet
  facet normal 0.94691 -0.321498 0
    outer loop
      vertex 32.8455 -42.3557 10
      vertex 33.0137 -41.8603 1.2
      vertex 33.0137 -41.8603 10
    endloop
  endfacet
  facet normal 0.94691 -0.321498 0
    outer loop
      vertex 33.0137 -41.8603 1.2
      vertex 32.8455 -42.3557 10
      vertex 32.8455 -42.3557 1.2
    endloop
  endfacet
  facet normal -0.896898 -0.442238 0
    outer loop
      vertex -32.6141 -42.825 0
      vertex -32.8455 -42.3557 10
      vertex -32.8455 -42.3557 0
    endloop
  endfacet
  facet normal -0.896898 -0.442238 0
    outer loop
      vertex -32.8455 -42.3557 10
      vertex -32.6141 -42.825 0
      vertex -32.6141 -42.825 10
    endloop
  endfacet
  facet normal -0.896898 0.442238 0
    outer loop
      vertex -32.8455 42.3557 0
      vertex -32.6141 42.825 10
      vertex -32.6141 42.825 0
    endloop
  endfacet
  facet normal -0.896898 0.442238 0
    outer loop
      vertex -32.6141 42.825 10
      vertex -32.8455 42.3557 0
      vertex -32.8455 42.3557 10
    endloop
  endfacet
  facet normal 0.831432 0.555626 0
    outer loop
      vertex 32.6141 42.825 10
      vertex 32.3234 43.26 1.2
      vertex 32.3234 43.26 10
    endloop
  endfacet
  facet normal 0.831432 0.555626 0
    outer loop
      vertex 32.3234 43.26 1.2
      vertex 32.6141 42.825 10
      vertex 32.6141 42.825 1.2
    endloop
  endfacet
  facet normal 0.751842 0.659343 0
    outer loop
      vertex 32.3234 43.26 10
      vertex 31.9784 43.6534 1.2
      vertex 31.9784 43.6534 10
    endloop
  endfacet
  facet normal 0.751842 0.659343 0
    outer loop
      vertex 31.9784 43.6534 1.2
      vertex 32.3234 43.26 10
      vertex 32.3234 43.26 1.2
    endloop
  endfacet
  facet normal 0.442238 0.896898 -0
    outer loop
      vertex 31.15 44.2891 1.2
      vertex 30.6807 44.5205 10
      vertex 31.15 44.2891 10
    endloop
  endfacet
  facet normal 0.442238 0.896898 0
    outer loop
      vertex 30.6807 44.5205 10
      vertex 31.15 44.2891 1.2
      vertex 30.6807 44.5205 1.2
    endloop
  endfacet
  facet normal 0.555626 0.831432 -0
    outer loop
      vertex 31.585 43.9984 1.2
      vertex 31.15 44.2891 10
      vertex 31.585 43.9984 10
    endloop
  endfacet
  facet normal 0.555626 0.831432 0
    outer loop
      vertex 31.15 44.2891 10
      vertex 31.585 43.9984 1.2
      vertex 31.15 44.2891 1.2
    endloop
  endfacet
  facet normal -0.442238 0.896898 0
    outer loop
      vertex -30.6807 44.5205 0
      vertex -31.15 44.2891 10
      vertex -30.6807 44.5205 10
    endloop
  endfacet
  facet normal -0.442238 0.896898 0
    outer loop
      vertex -31.15 44.2891 10
      vertex -30.6807 44.5205 0
      vertex -31.15 44.2891 0
    endloop
  endfacet
  facet normal 0.896898 -0.442238 0
    outer loop
      vertex 32.6141 -42.825 10
      vertex 32.8455 -42.3557 1.2
      vertex 32.8455 -42.3557 10
    endloop
  endfacet
  facet normal 0.896898 -0.442238 0
    outer loop
      vertex 32.8455 -42.3557 1.2
      vertex 32.6141 -42.825 10
      vertex 32.6141 -42.825 1.2
    endloop
  endfacet
  facet normal 0.831432 -0.555626 0
    outer loop
      vertex 32.3234 -43.26 10
      vertex 32.6141 -42.825 1.2
      vertex 32.6141 -42.825 10
    endloop
  endfacet
  facet normal 0.831432 -0.555626 0
    outer loop
      vertex 32.6141 -42.825 1.2
      vertex 32.3234 -43.26 10
      vertex 32.3234 -43.26 1.2
    endloop
  endfacet
  facet normal 0.997861 -0.0653646 0
    outer loop
      vertex 33.1158 -41.3471 10
      vertex 33.15 -40.825 1.2
      vertex 33.15 -40.825 10
    endloop
  endfacet
  facet normal 0.997861 -0.0653646 0
    outer loop
      vertex 33.15 -40.825 1.2
      vertex 33.1158 -41.3471 10
      vertex 33.1158 -41.3471 1.2
    endloop
  endfacet
  facet normal 0.980779 -0.195124 0
    outer loop
      vertex 33.0137 -41.8603 10
      vertex 33.1158 -41.3471 1.2
      vertex 33.1158 -41.3471 10
    endloop
  endfacet
  facet normal 0.980779 -0.195124 0
    outer loop
      vertex 33.1158 -41.3471 1.2
      vertex 33.0137 -41.8603 10
      vertex 33.0137 -41.8603 1.2
    endloop
  endfacet
  facet normal 0.442238 -0.896898 0
    outer loop
      vertex 30.6807 -44.5205 1.2
      vertex 31.15 -44.2891 10
      vertex 30.6807 -44.5205 10
    endloop
  endfacet
  facet normal 0.442238 -0.896898 0
    outer loop
      vertex 31.15 -44.2891 10
      vertex 30.6807 -44.5205 1.2
      vertex 31.15 -44.2891 1.2
    endloop
  endfacet
  facet normal 0.659343 -0.751842 0
    outer loop
      vertex 31.585 -43.9984 1.2
      vertex 31.9784 -43.6534 10
      vertex 31.585 -43.9984 10
    endloop
  endfacet
  facet normal 0.659343 -0.751842 0
    outer loop
      vertex 31.9784 -43.6534 10
      vertex 31.585 -43.9984 1.2
      vertex 31.9784 -43.6534 1.2
    endloop
  endfacet
  facet normal -0.751842 -0.659343 0
    outer loop
      vertex -31.9784 -43.6534 0
      vertex -32.3234 -43.26 10
      vertex -32.3234 -43.26 0
    endloop
  endfacet
  facet normal -0.751842 -0.659343 0
    outer loop
      vertex -32.3234 -43.26 10
      vertex -31.9784 -43.6534 0
      vertex -31.9784 -43.6534 10
    endloop
  endfacet
  facet normal -0.0653646 -0.997861 0
    outer loop
      vertex -29.6721 -44.7908 0
      vertex -29.15 -44.825 10
      vertex -29.6721 -44.7908 10
    endloop
  endfacet
  facet normal -0.0653646 -0.997861 -0
    outer loop
      vertex -29.15 -44.825 10
      vertex -29.6721 -44.7908 0
      vertex -29.15 -44.825 0
    endloop
  endfacet
  facet normal -0.321498 -0.94691 0
    outer loop
      vertex -30.6807 -44.5205 0
      vertex -30.1853 -44.6887 10
      vertex -30.6807 -44.5205 10
    endloop
  endfacet
  facet normal -0.321498 -0.94691 -0
    outer loop
      vertex -30.1853 -44.6887 10
      vertex -30.6807 -44.5205 0
      vertex -30.1853 -44.6887 0
    endloop
  endfacet
  facet normal 0.896898 0.442238 0
    outer loop
      vertex 32.8455 42.3557 10
      vertex 32.6141 42.825 1.2
      vertex 32.6141 42.825 10
    endloop
  endfacet
  facet normal 0.896898 0.442238 0
    outer loop
      vertex 32.6141 42.825 1.2
      vertex 32.8455 42.3557 10
      vertex 32.8455 42.3557 1.2
    endloop
  endfacet
  facet normal 0.94691 0.321498 0
    outer loop
      vertex 33.0137 41.8603 10
      vertex 32.8455 42.3557 1.2
      vertex 32.8455 42.3557 10
    endloop
  endfacet
  facet normal 0.94691 0.321498 0
    outer loop
      vertex 32.8455 42.3557 1.2
      vertex 33.0137 41.8603 10
      vertex 33.0137 41.8603 1.2
    endloop
  endfacet
  facet normal 0.195124 0.980779 -0
    outer loop
      vertex 30.1853 44.6887 1.2
      vertex 29.6721 44.7908 10
      vertex 30.1853 44.6887 10
    endloop
  endfacet
  facet normal 0.195124 0.980779 0
    outer loop
      vertex 29.6721 44.7908 10
      vertex 30.1853 44.6887 1.2
      vertex 29.6721 44.7908 1.2
    endloop
  endfacet
  facet normal 0.321498 0.94691 -0
    outer loop
      vertex 30.6807 44.5205 1.2
      vertex 30.1853 44.6887 10
      vertex 30.6807 44.5205 10
    endloop
  endfacet
  facet normal 0.321498 0.94691 0
    outer loop
      vertex 30.1853 44.6887 10
      vertex 30.6807 44.5205 1.2
      vertex 30.1853 44.6887 1.2
    endloop
  endfacet
  facet normal -0.321498 0.94691 0
    outer loop
      vertex -30.1853 44.6887 0
      vertex -30.6807 44.5205 10
      vertex -30.1853 44.6887 10
    endloop
  endfacet
  facet normal -0.321498 0.94691 0
    outer loop
      vertex -30.6807 44.5205 10
      vertex -30.1853 44.6887 0
      vertex -30.6807 44.5205 0
    endloop
  endfacet
  facet normal -0.195124 0.980779 0
    outer loop
      vertex -29.6721 44.7908 0
      vertex -30.1853 44.6887 10
      vertex -29.6721 44.7908 10
    endloop
  endfacet
  facet normal -0.195124 0.980779 0
    outer loop
      vertex -30.1853 44.6887 10
      vertex -29.6721 44.7908 0
      vertex -30.1853 44.6887 0
    endloop
  endfacet
  facet normal -0.0653646 0.997861 0
    outer loop
      vertex -29.15 44.825 0
      vertex -29.6721 44.7908 10
      vertex -29.15 44.825 10
    endloop
  endfacet
  facet normal -0.0653646 0.997861 0
    outer loop
      vertex -29.6721 44.7908 10
      vertex -29.15 44.825 0
      vertex -29.6721 44.7908 0
    endloop
  endfacet
  facet normal -0.659343 0.751842 0
    outer loop
      vertex -31.585 43.9984 0
      vertex -31.9784 43.6534 10
      vertex -31.585 43.9984 10
    endloop
  endfacet
  facet normal -0.659343 0.751842 0
    outer loop
      vertex -31.9784 43.6534 10
      vertex -31.585 43.9984 0
      vertex -31.9784 43.6534 0
    endloop
  endfacet
  facet normal -0.555626 0.831432 0
    outer loop
      vertex -31.15 44.2891 0
      vertex -31.585 43.9984 10
      vertex -31.15 44.2891 10
    endloop
  endfacet
  facet normal -0.555626 0.831432 0
    outer loop
      vertex -31.585 43.9984 10
      vertex -31.15 44.2891 0
      vertex -31.585 43.9984 0
    endloop
  endfacet
  facet normal 0.0653646 -0.997861 0
    outer loop
      vertex 29.15 -44.825 1.2
      vertex 29.6721 -44.7908 10
      vertex 29.15 -44.825 10
    endloop
  endfacet
  facet normal 0.0653646 -0.997861 0
    outer loop
      vertex 29.6721 -44.7908 10
      vertex 29.15 -44.825 1.2
      vertex 29.6721 -44.7908 1.2
    endloop
  endfacet
  facet normal -0.831432 -0.555626 0
    outer loop
      vertex -32.3234 -43.26 0
      vertex -32.6141 -42.825 10
      vertex -32.6141 -42.825 0
    endloop
  endfacet
  facet normal -0.831432 -0.555626 0
    outer loop
      vertex -32.6141 -42.825 10
      vertex -32.3234 -43.26 0
      vertex -32.3234 -43.26 10
    endloop
  endfacet
  facet normal -0.659343 -0.751842 0
    outer loop
      vertex -31.9784 -43.6534 0
      vertex -31.585 -43.9984 10
      vertex -31.9784 -43.6534 10
    endloop
  endfacet
  facet normal -0.659343 -0.751842 -0
    outer loop
      vertex -31.585 -43.9984 10
      vertex -31.9784 -43.6534 0
      vertex -31.585 -43.9984 0
    endloop
  endfacet
  facet normal -0.195124 -0.980779 0
    outer loop
      vertex -30.1853 -44.6887 0
      vertex -29.6721 -44.7908 10
      vertex -30.1853 -44.6887 10
    endloop
  endfacet
  facet normal -0.195124 -0.980779 -0
    outer loop
      vertex -29.6721 -44.7908 10
      vertex -30.1853 -44.6887 0
      vertex -29.6721 -44.7908 0
    endloop
  endfacet
  facet normal -0.442238 -0.896898 0
    outer loop
      vertex -31.15 -44.2891 0
      vertex -30.6807 -44.5205 10
      vertex -31.15 -44.2891 10
    endloop
  endfacet
  facet normal -0.442238 -0.896898 -0
    outer loop
      vertex -30.6807 -44.5205 10
      vertex -31.15 -44.2891 0
      vertex -30.6807 -44.5205 0
    endloop
  endfacet
  facet normal -0.555626 -0.831432 0
    outer loop
      vertex -31.585 -43.9984 0
      vertex -31.15 -44.2891 10
      vertex -31.585 -43.9984 10
    endloop
  endfacet
  facet normal -0.555626 -0.831432 -0
    outer loop
      vertex -31.15 -44.2891 10
      vertex -31.585 -43.9984 0
      vertex -31.15 -44.2891 0
    endloop
  endfacet
  facet normal 0.555626 -0.831432 0
    outer loop
      vertex 31.15 -44.2891 1.2
      vertex 31.585 -43.9984 10
      vertex 31.15 -44.2891 10
    endloop
  endfacet
  facet normal 0.555626 -0.831432 0
    outer loop
      vertex 31.585 -43.9984 10
      vertex 31.15 -44.2891 1.2
      vertex 31.585 -43.9984 1.2
    endloop
  endfacet
  facet normal 0.321498 -0.94691 0
    outer loop
      vertex 30.1853 -44.6887 1.2
      vertex 30.6807 -44.5205 10
      vertex 30.1853 -44.6887 10
    endloop
  endfacet
  facet normal 0.321498 -0.94691 0
    outer loop
      vertex 30.6807 -44.5205 10
      vertex 30.1853 -44.6887 1.2
      vertex 30.6807 -44.5205 1.2
    endloop
  endfacet
  facet normal 0.195124 -0.980779 0
    outer loop
      vertex 29.6721 -44.7908 1.2
      vertex 30.1853 -44.6887 10
      vertex 29.6721 -44.7908 10
    endloop
  endfacet
  facet normal 0.195124 -0.980779 0
    outer loop
      vertex 30.1853 -44.6887 10
      vertex 29.6721 -44.7908 1.2
      vertex 30.1853 -44.6887 1.2
    endloop
  endfacet
  facet normal 0.980815 0.19494 0
    outer loop
      vertex -30.1159 -41.0838 10
      vertex -30.1414 -40.9555 2.4
      vertex -30.1414 -40.9555 10
    endloop
  endfacet
  facet normal 0.980815 0.19494 0
    outer loop
      vertex -30.1414 -40.9555 2.4
      vertex -30.1159 -41.0838 10
      vertex -30.1159 -41.0838 2.4
    endloop
  endfacet
  facet normal 0.947066 0.321039 0
    outer loop
      vertex -30.0739 -41.2077 10
      vertex -30.1159 -41.0838 2.4
      vertex -30.1159 -41.0838 10
    endloop
  endfacet
  facet normal 0.947066 0.321039 0
    outer loop
      vertex -30.1159 -41.0838 2.4
      vertex -30.0739 -41.2077 10
      vertex -30.0739 -41.2077 2.4
    endloop
  endfacet
  facet normal 0.997836 0.0657577 0
    outer loop
      vertex -30.1414 -40.9555 10
      vertex -30.15 -40.825 2.4
      vertex -30.15 -40.825 10
    endloop
  endfacet
  facet normal 0.997836 0.0657577 0
    outer loop
      vertex -30.15 -40.825 2.4
      vertex -30.1414 -40.9555 10
      vertex -30.1414 -40.9555 2.4
    endloop
  endfacet
  facet normal 0 1 -0
    outer loop
      vertex 29.15 -41.825 2.4
      vertex -29.15 -41.825 10
      vertex 29.15 -41.825 10
    endloop
  endfacet
  facet normal 0 1 0
    outer loop
      vertex -29.15 -41.825 10
      vertex 29.15 -41.825 2.4
      vertex -29.15 -41.825 2.4
    endloop
  endfacet
  facet normal -1 0 0
    outer loop
      vertex 30.15 -40.825 2.4
      vertex 30.15 40.825 10
      vertex 30.15 40.825 2.4
    endloop
  endfacet
  facet normal -1 -0 0
    outer loop
      vertex 30.15 40.825 10
      vertex 30.15 -40.825 2.4
      vertex 30.15 -40.825 10
    endloop
  endfacet
  facet normal 1 -0 0
    outer loop
      vertex -30.15 -40.825 10
      vertex -30.15 40.825 2.4
      vertex -30.15 40.825 10
    endloop
  endfacet
  facet normal 1 0 0
    outer loop
      vertex -30.15 40.825 2.4
      vertex -30.15 -40.825 10
      vertex -30.15 -40.825 2.4
    endloop
  endfacet
  facet normal 0 0 1
    outer loop
      vertex -5.3 41.825 2.4
      vertex -29.15 41.825 2.4
      vertex -5.3 40.825 2.4
    endloop
  endfacet
  facet normal 0 0 1
    outer loop
      vertex 29.15 41.825 2.4
      vertex 30.15 40.825 2.4
      vertex 30.1414 40.9555 2.4
    endloop
  endfacet
  facet normal 0 0 1
    outer loop
      vertex 30.15 40.825 2.4
      vertex 5.3 40.825 2.4
      vertex 30.15 -40.825 2.4
    endloop
  endfacet
  facet normal 0 0 1
    outer loop
      vertex 29.15 41.825 2.4
      vertex 30.1414 40.9555 2.4
      vertex 30.1159 41.0838 2.4
    endloop
  endfacet
  facet normal -0 0 1
    outer loop
      vertex -5.3 40.825 2.4
      vertex 30.15 -40.825 2.4
      vertex 5.3 40.825 2.4
    endloop
  endfacet
  facet normal 0 0 1
    outer loop
      vertex 29.15 41.825 2.4
      vertex 30.1159 41.0838 2.4
      vertex 30.0739 41.2077 2.4
    endloop
  endfacet
  facet normal 0 0 1
    outer loop
      vertex -30.15 -40.825 2.4
      vertex 30.15 -40.825 2.4
      vertex -5.3 40.825 2.4
    endloop
  endfacet
  facet normal 0 0 1
    outer loop
      vertex 29.15 41.825 2.4
      vertex 30.0739 41.2077 2.4
      vertex 30.016 41.325 2.4
    endloop
  endfacet
  facet normal 0 0 1
    outer loop
      vertex 30.1414 -40.9555 2.4
      vertex 29.15 -41.825 2.4
      vertex 30.1159 -41.0838 2.4
    endloop
  endfacet
  facet normal 0 0 1
    outer loop
      vertex 29.15 41.825 2.4
      vertex 30.016 41.325 2.4
      vertex 29.9433 41.4337 2.4
    endloop
  endfacet
  facet normal 0 0 1
    outer loop
      vertex 30.1159 -41.0838 2.4
      vertex 29.15 -41.825 2.4
      vertex 30.0739 -41.2077 2.4
    endloop
  endfacet
  facet normal 0 0 1
    outer loop
      vertex 29.15 41.825 2.4
      vertex 29.9433 41.4337 2.4
      vertex 29.8571 41.5321 2.4
    endloop
  endfacet
  facet normal 0 0 1
    outer loop
      vertex 30.0739 -41.2077 2.4
      vertex 29.15 -41.825 2.4
      vertex 30.016 -41.325 2.4
    endloop
  endfacet
  facet normal 0 0 1
    outer loop
      vertex 29.15 41.825 2.4
      vertex 29.8571 41.5321 2.4
      vertex 29.7588 41.6183 2.4
    endloop
  endfacet
  facet normal 0 0 1
    outer loop
      vertex 30.016 -41.325 2.4
      vertex 29.15 -41.825 2.4
      vertex 29.9433 -41.4337 2.4
    endloop
  endfacet
  facet normal 0 0 1
    outer loop
      vertex 29.15 41.825 2.4
      vertex 29.7588 41.6183 2.4
      vertex 29.65 41.691 2.4
    endloop
  endfacet
  facet normal 0 0 1
    outer loop
      vertex 29.9433 -41.4337 2.4
      vertex 29.15 -41.825 2.4
      vertex 29.8571 -41.5321 2.4
    endloop
  endfacet
  facet normal 0 0 1
    outer loop
      vertex 29.15 41.825 2.4
      vertex 29.65 41.691 2.4
      vertex 29.5327 41.7489 2.4
    endloop
  endfacet
  facet normal 0 0 1
    outer loop
      vertex 30.15 40.825 2.4
      vertex 29.15 41.825 2.4
      vertex 5.3 40.825 2.4
    endloop
  endfacet
  facet normal 0 0 1
    outer loop
      vertex 29.15 41.825 2.4
      vertex 29.5327 41.7489 2.4
      vertex 29.4088 41.7909 2.4
    endloop
  endfacet
  facet normal 0 0 1
    outer loop
      vertex 29.8571 -41.5321 2.4
      vertex 29.15 -41.825 2.4
      vertex 29.7588 -41.6183 2.4
    endloop
  endfacet
  facet normal 0 0 1
    outer loop
      vertex 29.15 41.825 2.4
      vertex 29.4088 41.7909 2.4
      vertex 29.2805 41.8164 2.4
    endloop
  endfacet
  facet normal 0 0 1
    outer loop
      vertex 29.65 -41.691 2.4
      vertex 29.15 -41.825 2.4
      vertex 29.5327 -41.7489 2.4
    endloop
  endfacet
  facet normal 0 0 1
    outer loop
      vertex 29.5327 -41.7489 2.4
      vertex 29.15 -41.825 2.4
      vertex 29.4088 -41.7909 2.4
    endloop
  endfacet
  facet normal 0 0 1
    outer loop
      vertex 29.4088 -41.7909 2.4
      vertex 29.15 -41.825 2.4
      vertex 29.2805 -41.8164 2.4
    endloop
  endfacet
  facet normal 0 0 1
    outer loop
      vertex 5.3 40.825 2.4
      vertex 29.15 41.825 2.4
      vertex 5.3 41.825 2.4
    endloop
  endfacet
  facet normal 0 0 1
    outer loop
      vertex 29.7588 -41.6183 2.4
      vertex 29.15 -41.825 2.4
      vertex 29.65 -41.691 2.4
    endloop
  endfacet
  facet normal 0 -0 1
    outer loop
      vertex 29.15 -41.825 2.4
      vertex 30.15 -40.825 2.4
      vertex -30.15 -40.825 2.4
    endloop
  endfacet
  facet normal 0 0 1
    outer loop
      vertex -30.15 40.825 2.4
      vertex -5.3 40.825 2.4
      vertex -29.15 41.825 2.4
    endloop
  endfacet
  facet normal 0 0 1
    outer loop
      vertex -30.15 -40.825 2.4
      vertex -5.3 40.825 2.4
      vertex -30.15 40.825 2.4
    endloop
  endfacet
  facet normal 0 0 1
    outer loop
      vertex -30.15 40.825 2.4
      vertex -29.15 41.825 2.4
      vertex -29.2805 41.8164 2.4
    endloop
  endfacet
  facet normal 0 0 1
    outer loop
      vertex 30.15 -40.825 2.4
      vertex 29.15 -41.825 2.4
      vertex 30.1414 -40.9555 2.4
    endloop
  endfacet
  facet normal 0 0 1
    outer loop
      vertex -30.15 40.825 2.4
      vertex -29.2805 41.8164 2.4
      vertex -29.4088 41.7909 2.4
    endloop
  endfacet
  facet normal 0 0 1
    outer loop
      vertex 29.15 -41.825 2.4
      vertex -30.15 -40.825 2.4
      vertex -29.15 -41.825 2.4
    endloop
  endfacet
  facet normal 0 0 1
    outer loop
      vertex -30.15 40.825 2.4
      vertex -29.4088 41.7909 2.4
      vertex -29.5327 41.7489 2.4
    endloop
  endfacet
  facet normal 0 0 1
    outer loop
      vertex -29.15 -41.825 2.4
      vertex -30.15 -40.825 2.4
      vertex -29.2805 -41.8164 2.4
    endloop
  endfacet
  facet normal 0 0 1
    outer loop
      vertex -30.15 40.825 2.4
      vertex -29.5327 41.7489 2.4
      vertex -29.65 41.691 2.4
    endloop
  endfacet
  facet normal 0 0 1
    outer loop
      vertex -29.2805 -41.8164 2.4
      vertex -30.15 -40.825 2.4
      vertex -29.4088 -41.7909 2.4
    endloop
  endfacet
  facet normal 0 0 1
    outer loop
      vertex -30.15 40.825 2.4
      vertex -29.65 41.691 2.4
      vertex -29.7588 41.6183 2.4
    endloop
  endfacet
  facet normal 0 0 1
    outer loop
      vertex -29.4088 -41.7909 2.4
      vertex -30.15 -40.825 2.4
      vertex -29.5327 -41.7489 2.4
    endloop
  endfacet
  facet normal 0 0 1
    outer loop
      vertex -30.15 40.825 2.4
      vertex -29.7588 41.6183 2.4
      vertex -29.8571 41.5321 2.4
    endloop
  endfacet
  facet normal 0 0 1
    outer loop
      vertex -29.5327 -41.7489 2.4
      vertex -30.15 -40.825 2.4
      vertex -29.65 -41.691 2.4
    endloop
  endfacet
  facet normal 0 0 1
    outer loop
      vertex -30.15 40.825 2.4
      vertex -29.8571 41.5321 2.4
      vertex -29.9433 41.4337 2.4
    endloop
  endfacet
  facet normal 0 0 1
    outer loop
      vertex -29.65 -41.691 2.4
      vertex -30.15 -40.825 2.4
      vertex -29.7588 -41.6183 2.4
    endloop
  endfacet
  facet normal 0 0 1
    outer loop
      vertex -30.15 40.825 2.4
      vertex -29.9433 41.4337 2.4
      vertex -30.016 41.325 2.4
    endloop
  endfacet
  facet normal 0 0 1
    outer loop
      vertex -29.7588 -41.6183 2.4
      vertex -30.15 -40.825 2.4
      vertex -29.8571 -41.5321 2.4
    endloop
  endfacet
  facet normal 0 0 1
    outer loop
      vertex -30.15 40.825 2.4
      vertex -30.016 41.325 2.4
      vertex -30.0739 41.2077 2.4
    endloop
  endfacet
  facet normal 0 0 1
    outer loop
      vertex -29.8571 -41.5321 2.4
      vertex -30.15 -40.825 2.4
      vertex -29.9433 -41.4337 2.4
    endloop
  endfacet
  facet normal 0 0 1
    outer loop
      vertex -30.15 40.825 2.4
      vertex -30.0739 41.2077 2.4
      vertex -30.1159 41.0838 2.4
    endloop
  endfacet
  facet normal 0 0 1
    outer loop
      vertex -29.9433 -41.4337 2.4
      vertex -30.15 -40.825 2.4
      vertex -30.016 -41.325 2.4
    endloop
  endfacet
  facet normal 0 0 1
    outer loop
      vertex -30.15 40.825 2.4
      vertex -30.1159 41.0838 2.4
      vertex -30.1414 40.9555 2.4
    endloop
  endfacet
  facet normal 0 0 1
    outer loop
      vertex -30.016 -41.325 2.4
      vertex -30.15 -40.825 2.4
      vertex -30.0739 -41.2077 2.4
    endloop
  endfacet
  facet normal 0 0 1
    outer loop
      vertex -30.0739 -41.2077 2.4
      vertex -30.15 -40.825 2.4
      vertex -30.1159 -41.0838 2.4
    endloop
  endfacet
  facet normal 0 0 1
    outer loop
      vertex -30.1159 -41.0838 2.4
      vertex -30.15 -40.825 2.4
      vertex -30.1414 -40.9555 2.4
    endloop
  endfacet
  facet normal 0.997836 -0.0657577 0
    outer loop
      vertex -30.15 40.825 10
      vertex -30.1414 40.9555 2.4
      vertex -30.1414 40.9555 10
    endloop
  endfacet
  facet normal 0.997836 -0.0657577 0
    outer loop
      vertex -30.1414 40.9555 2.4
      vertex -30.15 40.825 10
      vertex -30.15 40.825 2.4
    endloop
  endfacet
  facet normal -0.0657577 -0.997836 0
    outer loop
      vertex 29.15 41.825 2.4
      vertex 29.2805 41.8164 10
      vertex 29.15 41.825 10
    endloop
  endfacet
  facet normal -0.0657577 -0.997836 -0
    outer loop
      vertex 29.2805 41.8164 10
      vertex 29.15 41.825 2.4
      vertex 29.2805 41.8164 2.4
    endloop
  endfacet
  facet normal 0 -1 0
    outer loop
      vertex -29.15 41.825 10
      vertex -5.3 41.825 7.5
      vertex 29.15 41.825 10
    endloop
  endfacet
  facet normal 0 -1 0
    outer loop
      vertex -29.15 41.825 2.4
      vertex -5.3 41.825 7.5
      vertex -29.15 41.825 10
    endloop
  endfacet
  facet normal 0 -1 -0
    outer loop
      vertex -5.3 41.825 7.5
      vertex -29.15 41.825 2.4
      vertex -5.3 41.825 2.4
    endloop
  endfacet
  facet normal 0 -1 0
    outer loop
      vertex 5.3 41.825 7.5
      vertex 29.15 41.825 10
      vertex -5.3 41.825 7.5
    endloop
  endfacet
  facet normal 0 -1 0
    outer loop
      vertex 29.15 41.825 2.4
      vertex 5.3 41.825 7.5
      vertex 5.3 41.825 2.4
    endloop
  endfacet
  facet normal 0 -1 0
    outer loop
      vertex 5.3 41.825 7.5
      vertex 29.15 41.825 2.4
      vertex 29.15 41.825 10
    endloop
  endfacet
  facet normal -0.980815 -0.19494 0
    outer loop
      vertex 30.1414 40.9555 2.4
      vertex 30.1159 41.0838 10
      vertex 30.1159 41.0838 2.4
    endloop
  endfacet
  facet normal -0.980815 -0.19494 0
    outer loop
      vertex 30.1159 41.0838 10
      vertex 30.1414 40.9555 2.4
      vertex 30.1414 40.9555 10
    endloop
  endfacet
  facet normal -0.997836 -0.0657577 0
    outer loop
      vertex 30.15 40.825 2.4
      vertex 30.1414 40.9555 10
      vertex 30.1414 40.9555 2.4
    endloop
  endfacet
  facet normal -0.997836 -0.0657577 0
    outer loop
      vertex 30.1414 40.9555 10
      vertex 30.15 40.825 2.4
      vertex 30.15 40.825 10
    endloop
  endfacet
  facet normal -0.659316 0.751866 0
    outer loop
      vertex 29.8571 -41.5321 2.4
      vertex 29.7588 -41.6183 10
      vertex 29.8571 -41.5321 10
    endloop
  endfacet
  facet normal -0.659316 0.751866 0
    outer loop
      vertex 29.7588 -41.6183 10
      vertex 29.8571 -41.5321 2.4
      vertex 29.7588 -41.6183 2.4
    endloop
  endfacet
  facet normal 0.947066 -0.321039 0
    outer loop
      vertex -30.1159 41.0838 10
      vertex -30.0739 41.2077 2.4
      vertex -30.0739 41.2077 10
    endloop
  endfacet
  facet normal 0.947066 -0.321039 0
    outer loop
      vertex -30.0739 41.2077 2.4
      vertex -30.1159 41.0838 10
      vertex -30.1159 41.0838 2.4
    endloop
  endfacet
  facet normal 0.831226 -0.555935 0
    outer loop
      vertex -30.016 41.325 10
      vertex -29.9433 41.4337 2.4
      vertex -29.9433 41.4337 10
    endloop
  endfacet
  facet normal 0.831226 -0.555935 0
    outer loop
      vertex -29.9433 41.4337 2.4
      vertex -30.016 41.325 10
      vertex -30.016 41.325 2.4
    endloop
  endfacet
  facet normal 0.980815 -0.19494 0
    outer loop
      vertex -30.1414 40.9555 10
      vertex -30.1159 41.0838 2.4
      vertex -30.1159 41.0838 10
    endloop
  endfacet
  facet normal 0.980815 -0.19494 0
    outer loop
      vertex -30.1159 41.0838 2.4
      vertex -30.1414 40.9555 10
      vertex -30.1414 40.9555 2.4
    endloop
  endfacet
  facet normal -0.659316 -0.751866 0
    outer loop
      vertex 29.7588 41.6183 2.4
      vertex 29.8571 41.5321 10
      vertex 29.7588 41.6183 10
    endloop
  endfacet
  facet normal -0.659316 -0.751866 -0
    outer loop
      vertex 29.8571 41.5321 10
      vertex 29.7588 41.6183 2.4
      vertex 29.8571 41.5321 2.4
    endloop
  endfacet
  facet normal 0.752198 -0.658937 0
    outer loop
      vertex -29.9433 41.4337 10
      vertex -29.8571 41.5321 2.4
      vertex -29.8571 41.5321 10
    endloop
  endfacet
  facet normal 0.752198 -0.658937 0
    outer loop
      vertex -29.8571 41.5321 2.4
      vertex -29.9433 41.4337 10
      vertex -29.9433 41.4337 2.4
    endloop
  endfacet
  facet normal -0.980815 0.19494 0
    outer loop
      vertex 30.1159 -41.0838 2.4
      vertex 30.1414 -40.9555 10
      vertex 30.1414 -40.9555 2.4
    endloop
  endfacet
  facet normal -0.980815 0.19494 0
    outer loop
      vertex 30.1414 -40.9555 10
      vertex 30.1159 -41.0838 2.4
      vertex 30.1159 -41.0838 10
    endloop
  endfacet
  facet normal -0.997836 0.0657577 0
    outer loop
      vertex 30.1414 -40.9555 2.4
      vertex 30.15 -40.825 10
      vertex 30.15 -40.825 2.4
    endloop
  endfacet
  facet normal -0.997836 0.0657577 0
    outer loop
      vertex 30.15 -40.825 10
      vertex 30.1414 -40.9555 2.4
      vertex 30.1414 -40.9555 10
    endloop
  endfacet
  facet normal 0.896709 -0.442621 0
    outer loop
      vertex -30.0739 41.2077 10
      vertex -30.016 41.325 2.4
      vertex -30.016 41.325 10
    endloop
  endfacet
  facet normal 0.896709 -0.442621 0
    outer loop
      vertex -30.016 41.325 2.4
      vertex -30.0739 41.2077 10
      vertex -30.0739 41.2077 2.4
    endloop
  endfacet
  facet normal -0.19494 -0.980815 0
    outer loop
      vertex 29.2805 41.8164 2.4
      vertex 29.4088 41.7909 10
      vertex 29.2805 41.8164 10
    endloop
  endfacet
  facet normal -0.19494 -0.980815 -0
    outer loop
      vertex 29.4088 41.7909 10
      vertex 29.2805 41.8164 2.4
      vertex 29.4088 41.7909 2.4
    endloop
  endfacet
  facet normal -0.555582 -0.831462 0
    outer loop
      vertex 29.65 41.691 2.4
      vertex 29.7588 41.6183 10
      vertex 29.65 41.691 10
    endloop
  endfacet
  facet normal -0.555582 -0.831462 -0
    outer loop
      vertex 29.7588 41.6183 10
      vertex 29.65 41.691 2.4
      vertex 29.7588 41.6183 2.4
    endloop
  endfacet
  facet normal -0.321039 -0.947066 0
    outer loop
      vertex 29.4088 41.7909 2.4
      vertex 29.5327 41.7489 10
      vertex 29.4088 41.7909 10
    endloop
  endfacet
  facet normal -0.321039 -0.947066 -0
    outer loop
      vertex 29.5327 41.7489 10
      vertex 29.4088 41.7909 2.4
      vertex 29.5327 41.7489 2.4
    endloop
  endfacet
  facet normal -0.896709 -0.442621 0
    outer loop
      vertex 30.0739 41.2077 2.4
      vertex 30.016 41.325 10
      vertex 30.016 41.325 2.4
    endloop
  endfacet
  facet normal -0.896709 -0.442621 0
    outer loop
      vertex 30.016 41.325 10
      vertex 30.0739 41.2077 2.4
      vertex 30.0739 41.2077 10
    endloop
  endfacet
  facet normal -0.947066 -0.321039 0
    outer loop
      vertex 30.1159 41.0838 2.4
      vertex 30.0739 41.2077 10
      vertex 30.0739 41.2077 2.4
    endloop
  endfacet
  facet normal -0.947066 -0.321039 0
    outer loop
      vertex 30.0739 41.2077 10
      vertex 30.1159 41.0838 2.4
      vertex 30.1159 41.0838 10
    endloop
  endfacet
  facet normal 0.442621 -0.896709 0
    outer loop
      vertex -29.65 41.691 2.4
      vertex -29.5327 41.7489 10
      vertex -29.65 41.691 10
    endloop
  endfacet
  facet normal 0.442621 -0.896709 0
    outer loop
      vertex -29.5327 41.7489 10
      vertex -29.65 41.691 2.4
      vertex -29.5327 41.7489 2.4
    endloop
  endfacet
  facet normal -0.896709 0.442621 0
    outer loop
      vertex 30.016 -41.325 2.4
      vertex 30.0739 -41.2077 10
      vertex 30.0739 -41.2077 2.4
    endloop
  endfacet
  facet normal -0.896709 0.442621 0
    outer loop
      vertex 30.0739 -41.2077 10
      vertex 30.016 -41.325 2.4
      vertex 30.016 -41.325 10
    endloop
  endfacet
  facet normal -0.947066 0.321039 0
    outer loop
      vertex 30.0739 -41.2077 2.4
      vertex 30.1159 -41.0838 10
      vertex 30.1159 -41.0838 2.4
    endloop
  endfacet
  facet normal -0.947066 0.321039 0
    outer loop
      vertex 30.1159 -41.0838 10
      vertex 30.0739 -41.2077 2.4
      vertex 30.0739 -41.2077 10
    endloop
  endfacet
  facet normal -0.321039 0.947066 0
    outer loop
      vertex 29.5327 -41.7489 2.4
      vertex 29.4088 -41.7909 10
      vertex 29.5327 -41.7489 10
    endloop
  endfacet
  facet normal -0.321039 0.947066 0
    outer loop
      vertex 29.4088 -41.7909 10
      vertex 29.5327 -41.7489 2.4
      vertex 29.4088 -41.7909 2.4
    endloop
  endfacet
  facet normal 0.0657577 0.997836 -0
    outer loop
      vertex -29.15 -41.825 2.4
      vertex -29.2805 -41.8164 10
      vertex -29.15 -41.825 10
    endloop
  endfacet
  facet normal 0.0657577 0.997836 0
    outer loop
      vertex -29.2805 -41.8164 10
      vertex -29.15 -41.825 2.4
      vertex -29.2805 -41.8164 2.4
    endloop
  endfacet
  facet normal 0.555582 0.831462 -0
    outer loop
      vertex -29.65 -41.691 2.4
      vertex -29.7588 -41.6183 10
      vertex -29.65 -41.691 10
    endloop
  endfacet
  facet normal 0.555582 0.831462 0
    outer loop
      vertex -29.7588 -41.6183 10
      vertex -29.65 -41.691 2.4
      vertex -29.7588 -41.6183 2.4
    endloop
  endfacet
  facet normal -0.442621 -0.896709 0
    outer loop
      vertex 29.5327 41.7489 2.4
      vertex 29.65 41.691 10
      vertex 29.5327 41.7489 10
    endloop
  endfacet
  facet normal -0.442621 -0.896709 -0
    outer loop
      vertex 29.65 41.691 10
      vertex 29.5327 41.7489 2.4
      vertex 29.65 41.691 2.4
    endloop
  endfacet
  facet normal -0.752198 -0.658937 0
    outer loop
      vertex 29.9433 41.4337 2.4
      vertex 29.8571 41.5321 10
      vertex 29.8571 41.5321 2.4
    endloop
  endfacet
  facet normal -0.752198 -0.658937 0
    outer loop
      vertex 29.8571 41.5321 10
      vertex 29.9433 41.4337 2.4
      vertex 29.9433 41.4337 10
    endloop
  endfacet
  facet normal -0.831226 -0.555935 0
    outer loop
      vertex 30.016 41.325 2.4
      vertex 29.9433 41.4337 10
      vertex 29.9433 41.4337 2.4
    endloop
  endfacet
  facet normal -0.831226 -0.555935 0
    outer loop
      vertex 29.9433 41.4337 10
      vertex 30.016 41.325 2.4
      vertex 30.016 41.325 10
    endloop
  endfacet
  facet normal 0.321039 -0.947066 0
    outer loop
      vertex -29.5327 41.7489 2.4
      vertex -29.4088 41.7909 10
      vertex -29.5327 41.7489 10
    endloop
  endfacet
  facet normal 0.321039 -0.947066 0
    outer loop
      vertex -29.4088 41.7909 10
      vertex -29.5327 41.7489 2.4
      vertex -29.4088 41.7909 2.4
    endloop
  endfacet
  facet normal 0.19494 -0.980815 0
    outer loop
      vertex -29.4088 41.7909 2.4
      vertex -29.2805 41.8164 10
      vertex -29.4088 41.7909 10
    endloop
  endfacet
  facet normal 0.19494 -0.980815 0
    outer loop
      vertex -29.2805 41.8164 10
      vertex -29.4088 41.7909 2.4
      vertex -29.2805 41.8164 2.4
    endloop
  endfacet
  facet normal 0.0657577 -0.997836 0
    outer loop
      vertex -29.2805 41.8164 2.4
      vertex -29.15 41.825 10
      vertex -29.2805 41.8164 10
    endloop
  endfacet
  facet normal 0.0657577 -0.997836 0
    outer loop
      vertex -29.15 41.825 10
      vertex -29.2805 41.8164 2.4
      vertex -29.15 41.825 2.4
    endloop
  endfacet
  facet normal 0.659316 -0.751866 0
    outer loop
      vertex -29.8571 41.5321 2.4
      vertex -29.7588 41.6183 10
      vertex -29.8571 41.5321 10
    endloop
  endfacet
  facet normal 0.659316 -0.751866 0
    outer loop
      vertex -29.7588 41.6183 10
      vertex -29.8571 41.5321 2.4
      vertex -29.7588 41.6183 2.4
    endloop
  endfacet
  facet normal 0.555582 -0.831462 0
    outer loop
      vertex -29.7588 41.6183 2.4
      vertex -29.65 41.691 10
      vertex -29.7588 41.6183 10
    endloop
  endfacet
  facet normal 0.555582 -0.831462 0
    outer loop
      vertex -29.65 41.691 10
      vertex -29.7588 41.6183 2.4
      vertex -29.65 41.691 2.4
    endloop
  endfacet
  facet normal -0.831226 0.555935 0
    outer loop
      vertex 29.9433 -41.4337 2.4
      vertex 30.016 -41.325 10
      vertex 30.016 -41.325 2.4
    endloop
  endfacet
  facet normal -0.831226 0.555935 0
    outer loop
      vertex 30.016 -41.325 10
      vertex 29.9433 -41.4337 2.4
      vertex 29.9433 -41.4337 10
    endloop
  endfacet
  facet normal -0.0657577 0.997836 0
    outer loop
      vertex 29.2805 -41.8164 2.4
      vertex 29.15 -41.825 10
      vertex 29.2805 -41.8164 10
    endloop
  endfacet
  facet normal -0.0657577 0.997836 0
    outer loop
      vertex 29.15 -41.825 10
      vertex 29.2805 -41.8164 2.4
      vertex 29.15 -41.825 2.4
    endloop
  endfacet
  facet normal -0.442621 0.896709 0
    outer loop
      vertex 29.65 -41.691 2.4
      vertex 29.5327 -41.7489 10
      vertex 29.65 -41.691 10
    endloop
  endfacet
  facet normal -0.442621 0.896709 0
    outer loop
      vertex 29.5327 -41.7489 10
      vertex 29.65 -41.691 2.4
      vertex 29.5327 -41.7489 2.4
    endloop
  endfacet
  facet normal -0.555582 0.831462 0
    outer loop
      vertex 29.7588 -41.6183 2.4
      vertex 29.65 -41.691 10
      vertex 29.7588 -41.6183 10
    endloop
  endfacet
  facet normal -0.555582 0.831462 0
    outer loop
      vertex 29.65 -41.691 10
      vertex 29.7588 -41.6183 2.4
      vertex 29.65 -41.691 2.4
    endloop
  endfacet
  facet normal -0.752198 0.658937 0
    outer loop
      vertex 29.8571 -41.5321 2.4
      vertex 29.9433 -41.4337 10
      vertex 29.9433 -41.4337 2.4
    endloop
  endfacet
  facet normal -0.752198 0.658937 0
    outer loop
      vertex 29.9433 -41.4337 10
      vertex 29.8571 -41.5321 2.4
      vertex 29.8571 -41.5321 10
    endloop
  endfacet
  facet normal 0.19494 0.980815 -0
    outer loop
      vertex -29.2805 -41.8164 2.4
      vertex -29.4088 -41.7909 10
      vertex -29.2805 -41.8164 10
    endloop
  endfacet
  facet normal 0.19494 0.980815 0
    outer loop
      vertex -29.4088 -41.7909 10
      vertex -29.2805 -41.8164 2.4
      vertex -29.4088 -41.7909 2.4
    endloop
  endfacet
  facet normal 0.442621 0.896709 -0
    outer loop
      vertex -29.5327 -41.7489 2.4
      vertex -29.65 -41.691 10
      vertex -29.5327 -41.7489 10
    endloop
  endfacet
  facet normal 0.442621 0.896709 0
    outer loop
      vertex -29.65 -41.691 10
      vertex -29.5327 -41.7489 2.4
      vertex -29.65 -41.691 2.4
    endloop
  endfacet
  facet normal 0.659316 0.751866 -0
    outer loop
      vertex -29.7588 -41.6183 2.4
      vertex -29.8571 -41.5321 10
      vertex -29.7588 -41.6183 10
    endloop
  endfacet
  facet normal 0.659316 0.751866 0
    outer loop
      vertex -29.8571 -41.5321 10
      vertex -29.7588 -41.6183 2.4
      vertex -29.8571 -41.5321 2.4
    endloop
  endfacet
  facet normal -0.19494 0.980815 0
    outer loop
      vertex 29.4088 -41.7909 2.4
      vertex 29.2805 -41.8164 10
      vertex 29.4088 -41.7909 10
    endloop
  endfacet
  facet normal -0.19494 0.980815 0
    outer loop
      vertex 29.2805 -41.8164 10
      vertex 29.4088 -41.7909 2.4
      vertex 29.2805 -41.8164 2.4
    endloop
  endfacet
  facet normal 0.321039 0.947066 -0
    outer loop
      vertex -29.4088 -41.7909 2.4
      vertex -29.5327 -41.7489 10
      vertex -29.4088 -41.7909 10
    endloop
  endfacet
  facet normal 0.321039 0.947066 0
    outer loop
      vertex -29.5327 -41.7489 10
      vertex -29.4088 -41.7909 2.4
      vertex -29.5327 -41.7489 2.4
    endloop
  endfacet
  facet normal 0.752198 0.658937 0
    outer loop
      vertex -29.8571 -41.5321 10
      vertex -29.9433 -41.4337 2.4
      vertex -29.9433 -41.4337 10
    endloop
  endfacet
  facet normal 0.752198 0.658937 0
    outer loop
      vertex -29.9433 -41.4337 2.4
      vertex -29.8571 -41.5321 10
      vertex -29.8571 -41.5321 2.4
    endloop
  endfacet
  facet normal 0.831226 0.555935 0
    outer loop
      vertex -29.9433 -41.4337 10
      vertex -30.016 -41.325 2.4
      vertex -30.016 -41.325 10
    endloop
  endfacet
  facet normal 0.831226 0.555935 0
    outer loop
      vertex -30.016 -41.325 2.4
      vertex -29.9433 -41.4337 10
      vertex -29.9433 -41.4337 2.4
    endloop
  endfacet
  facet normal 0.896709 0.442621 0
    outer loop
      vertex -30.016 -41.325 10
      vertex -30.0739 -41.2077 2.4
      vertex -30.0739 -41.2077 10
    endloop
  endfacet
  facet normal 0.896709 0.442621 0
    outer loop
      vertex -30.0739 -41.2077 2.4
      vertex -30.016 -41.325 10
      vertex -30.016 -41.325 2.4
    endloop
  endfacet
  facet normal 0.997859 0.0654055 0
    outer loop
      vertex -21.45 -36.72 7.4
      vertex -21.4808 -36.2501 2.4
      vertex -21.4808 -36.2501 7.4
    endloop
  endfacet
  facet normal 0.997859 0.0654055 0
    outer loop
      vertex -21.4808 -36.2501 2.4
      vertex -21.45 -36.72 7.4
      vertex -21.45 -36.72 2.4
    endloop
  endfacet
  facet normal -0.997859 0.0654055 0
    outer loop
      vertex -28.65 -36.72 2.4
      vertex -28.6192 -36.2501 7.4
      vertex -28.6192 -36.2501 2.4
    endloop
  endfacet
  facet normal -0.997859 0.0654055 0
    outer loop
      vertex -28.6192 -36.2501 7.4
      vertex -28.65 -36.72 2.4
      vertex -28.65 -36.72 7.4
    endloop
  endfacet
  facet normal -0.0654055 0.997859 0
    outer loop
      vertex -25.05 -33.12 2.4
      vertex -25.5199 -33.1508 7.4
      vertex -25.05 -33.12 7.4
    endloop
  endfacet
  facet normal -0.0654055 0.997859 0
    outer loop
      vertex -25.5199 -33.1508 7.4
      vertex -25.05 -33.12 2.4
      vertex -25.5199 -33.1508 2.4
    endloop
  endfacet
  facet normal 0.0654055 -0.997859 0
    outer loop
      vertex -25.05 -40.32 2.4
      vertex -24.5801 -40.2892 7.4
      vertex -25.05 -40.32 7.4
    endloop
  endfacet
  facet normal 0.0654055 -0.997859 0
    outer loop
      vertex -24.5801 -40.2892 7.4
      vertex -25.05 -40.32 2.4
      vertex -24.5801 -40.2892 2.4
    endloop
  endfacet
  facet normal 0.659301 0.751879 -0
    outer loop
      vertex -22.5044 -34.1744 2.4
      vertex -22.8585 -33.8639 7.4
      vertex -22.5044 -34.1744 7.4
    endloop
  endfacet
  facet normal 0.659301 0.751879 0
    outer loop
      vertex -22.8585 -33.8639 7.4
      vertex -22.5044 -34.1744 2.4
      vertex -22.8585 -33.8639 2.4
    endloop
  endfacet
  facet normal -0.751879 0.659301 0
    outer loop
      vertex -27.9061 -34.5285 2.4
      vertex -27.5956 -34.1744 7.4
      vertex -27.5956 -34.1744 2.4
    endloop
  endfacet
  facet normal -0.751879 0.659301 0
    outer loop
      vertex -27.5956 -34.1744 7.4
      vertex -27.9061 -34.5285 2.4
      vertex -27.9061 -34.5285 7.4
    endloop
  endfacet
  facet normal -0.442365 0.896835 0
    outer loop
      vertex -26.4277 -33.394 2.4
      vertex -26.85 -33.6023 7.4
      vertex -26.4277 -33.394 7.4
    endloop
  endfacet
  facet normal -0.442365 0.896835 0
    outer loop
      vertex -26.85 -33.6023 7.4
      vertex -26.4277 -33.394 2.4
      vertex -26.85 -33.6023 2.4
    endloop
  endfacet
  facet normal 0.896835 0.442365 0
    outer loop
      vertex -21.724 -35.3423 7.4
      vertex -21.9323 -34.92 2.4
      vertex -21.9323 -34.92 7.4
    endloop
  endfacet
  facet normal 0.896835 0.442365 0
    outer loop
      vertex -21.9323 -34.92 2.4
      vertex -21.724 -35.3423 7.4
      vertex -21.724 -35.3423 2.4
    endloop
  endfacet
  facet normal 0.831462 0.555582 0
    outer loop
      vertex -21.9323 -34.92 7.4
      vertex -22.1939 -34.5285 2.4
      vertex -22.1939 -34.5285 7.4
    endloop
  endfacet
  facet normal 0.831462 0.555582 0
    outer loop
      vertex -22.1939 -34.5285 2.4
      vertex -21.9323 -34.92 7.4
      vertex -21.9323 -34.92 2.4
    endloop
  endfacet
  facet normal 0.321256 0.946993 -0
    outer loop
      vertex -23.6723 -33.394 2.4
      vertex -24.1183 -33.2427 7.4
      vertex -23.6723 -33.394 7.4
    endloop
  endfacet
  facet normal 0.321256 0.946993 0
    outer loop
      vertex -24.1183 -33.2427 7.4
      vertex -23.6723 -33.394 2.4
      vertex -24.1183 -33.2427 2.4
    endloop
  endfacet
  facet normal 0.195177 0.980768 -0
    outer loop
      vertex -24.1183 -33.2427 2.4
      vertex -24.5801 -33.1508 7.4
      vertex -24.1183 -33.2427 7.4
    endloop
  endfacet
  facet normal 0.195177 0.980768 0
    outer loop
      vertex -24.5801 -33.1508 7.4
      vertex -24.1183 -33.2427 2.4
      vertex -24.5801 -33.1508 2.4
    endloop
  endfacet
  facet normal 0.442365 0.896835 -0
    outer loop
      vertex -23.25 -33.6023 2.4
      vertex -23.6723 -33.394 7.4
      vertex -23.25 -33.6023 7.4
    endloop
  endfacet
  facet normal 0.442365 0.896835 0
    outer loop
      vertex -23.6723 -33.394 7.4
      vertex -23.25 -33.6023 2.4
      vertex -23.6723 -33.394 2.4
    endloop
  endfacet
  facet normal -0.896835 0.442365 0
    outer loop
      vertex -28.376 -35.3423 2.4
      vertex -28.1677 -34.92 7.4
      vertex -28.1677 -34.92 2.4
    endloop
  endfacet
  facet normal -0.896835 0.442365 0
    outer loop
      vertex -28.1677 -34.92 7.4
      vertex -28.376 -35.3423 2.4
      vertex -28.376 -35.3423 7.4
    endloop
  endfacet
  facet normal -0.831462 0.555582 0
    outer loop
      vertex -28.1677 -34.92 2.4
      vertex -27.9061 -34.5285 7.4
      vertex -27.9061 -34.5285 2.4
    endloop
  endfacet
  facet normal -0.831462 0.555582 0
    outer loop
      vertex -27.9061 -34.5285 7.4
      vertex -28.1677 -34.92 2.4
      vertex -28.1677 -34.92 7.4
    endloop
  endfacet
  facet normal 0 0 1
    outer loop
      vertex -23.85 -36.72 7.4
      vertex -21.45 -36.72 7.4
      vertex -21.4808 -36.2501 7.4
    endloop
  endfacet
  facet normal 0 0 1
    outer loop
      vertex -23.8603 -36.5634 7.4
      vertex -21.4808 -36.2501 7.4
      vertex -21.5727 -35.7882 7.4
    endloop
  endfacet
  facet normal 0 0 1
    outer loop
      vertex -21.45 -36.72 7.4
      vertex -23.85 -36.72 7.4
      vertex -21.4808 -37.1899 7.4
    endloop
  endfacet
  facet normal 0 0 1
    outer loop
      vertex -23.8909 -36.4094 7.4
      vertex -21.5727 -35.7882 7.4
      vertex -21.724 -35.3423 7.4
    endloop
  endfacet
  facet normal -0 0 1
    outer loop
      vertex -23.8603 -36.8766 7.4
      vertex -21.4808 -37.1899 7.4
      vertex -23.85 -36.72 7.4
    endloop
  endfacet
  facet normal 0 0 1
    outer loop
      vertex -23.9413 -36.2608 7.4
      vertex -21.724 -35.3423 7.4
      vertex -21.9323 -34.92 7.4
    endloop
  endfacet
  facet normal 0 0 1
    outer loop
      vertex -21.4808 -37.1899 7.4
      vertex -23.8603 -36.8766 7.4
      vertex -21.5727 -37.6517 7.4
    endloop
  endfacet
  facet normal 0 0 1
    outer loop
      vertex -24.0108 -36.12 7.4
      vertex -21.9323 -34.92 7.4
      vertex -22.1939 -34.5285 7.4
    endloop
  endfacet
  facet normal -0 0 1
    outer loop
      vertex -23.8909 -37.0306 7.4
      vertex -21.5727 -37.6517 7.4
      vertex -23.8603 -36.8766 7.4
    endloop
  endfacet
  facet normal 0 0 1
    outer loop
      vertex -24.098 -35.9895 7.4
      vertex -22.1939 -34.5285 7.4
      vertex -22.5044 -34.1744 7.4
    endloop
  endfacet
  facet normal 0 0 1
    outer loop
      vertex -21.5727 -37.6517 7.4
      vertex -23.8909 -37.0306 7.4
      vertex -21.724 -38.0977 7.4
    endloop
  endfacet
  facet normal 0 0 1
    outer loop
      vertex -24.2015 -35.8715 7.4
      vertex -22.5044 -34.1744 7.4
      vertex -22.8585 -33.8639 7.4
    endloop
  endfacet
  facet normal -0 0 1
    outer loop
      vertex -23.9413 -37.1792 7.4
      vertex -21.724 -38.0977 7.4
      vertex -23.8909 -37.0306 7.4
    endloop
  endfacet
  facet normal 0 0 1
    outer loop
      vertex -24.3195 -35.768 7.4
      vertex -22.8585 -33.8639 7.4
      vertex -23.25 -33.6023 7.4
    endloop
  endfacet
  facet normal 0 0 1
    outer loop
      vertex -21.724 -38.0977 7.4
      vertex -23.9413 -37.1792 7.4
      vertex -21.9323 -38.52 7.4
    endloop
  endfacet
  facet normal 0 0 1
    outer loop
      vertex -24.45 -35.6808 7.4
      vertex -23.25 -33.6023 7.4
      vertex -23.6723 -33.394 7.4
    endloop
  endfacet
  facet normal -0 0 1
    outer loop
      vertex -24.0108 -37.32 7.4
      vertex -21.9323 -38.52 7.4
      vertex -23.9413 -37.1792 7.4
    endloop
  endfacet
  facet normal 0 0 1
    outer loop
      vertex -21.9323 -38.52 7.4
      vertex -24.0108 -37.32 7.4
      vertex -22.1939 -38.9115 7.4
    endloop
  endfacet
  facet normal 0 0 1
    outer loop
      vertex -21.4808 -36.2501 7.4
      vertex -23.8603 -36.5634 7.4
      vertex -23.85 -36.72 7.4
    endloop
  endfacet
  facet normal 0 0 1
    outer loop
      vertex -21.5727 -35.7882 7.4
      vertex -23.8909 -36.4094 7.4
      vertex -23.8603 -36.5634 7.4
    endloop
  endfacet
  facet normal 0 0 1
    outer loop
      vertex -21.724 -35.3423 7.4
      vertex -23.9413 -36.2608 7.4
      vertex -23.8909 -36.4094 7.4
    endloop
  endfacet
  facet normal 0 0 1
    outer loop
      vertex -21.9323 -34.92 7.4
      vertex -24.0108 -36.12 7.4
      vertex -23.9413 -36.2608 7.4
    endloop
  endfacet
  facet normal 0 0 1
    outer loop
      vertex -22.1939 -34.5285 7.4
      vertex -24.098 -35.9895 7.4
      vertex -24.0108 -36.12 7.4
    endloop
  endfacet
  facet normal 0 0 1
    outer loop
      vertex -24.5908 -35.6113 7.4
      vertex -23.6723 -33.394 7.4
      vertex -24.1183 -33.2427 7.4
    endloop
  endfacet
  facet normal 0 0 1
    outer loop
      vertex -22.5044 -34.1744 7.4
      vertex -24.2015 -35.8715 7.4
      vertex -24.098 -35.9895 7.4
    endloop
  endfacet
  facet normal 0 0 1
    outer loop
      vertex -22.8585 -33.8639 7.4
      vertex -24.3195 -35.768 7.4
      vertex -24.2015 -35.8715 7.4
    endloop
  endfacet
  facet normal 0 0 1
    outer loop
      vertex -23.25 -33.6023 7.4
      vertex -24.45 -35.6808 7.4
      vertex -24.3195 -35.768 7.4
    endloop
  endfacet
  facet normal 0 0 1
    outer loop
      vertex -24.7394 -35.5609 7.4
      vertex -24.1183 -33.2427 7.4
      vertex -24.5801 -33.1508 7.4
    endloop
  endfacet
  facet normal 0 0 1
    outer loop
      vertex -23.6723 -33.394 7.4
      vertex -24.5908 -35.6113 7.4
      vertex -24.45 -35.6808 7.4
    endloop
  endfacet
  facet normal 0 0 1
    outer loop
      vertex -24.1183 -33.2427 7.4
      vertex -24.7394 -35.5609 7.4
      vertex -24.5908 -35.6113 7.4
    endloop
  endfacet
  facet normal 0 0 1
    outer loop
      vertex -24.5801 -33.1508 7.4
      vertex -24.8934 -35.5303 7.4
      vertex -24.7394 -35.5609 7.4
    endloop
  endfacet
  facet normal 0 0 1
    outer loop
      vertex -25.05 -33.12 7.4
      vertex -24.8934 -35.5303 7.4
      vertex -24.5801 -33.1508 7.4
    endloop
  endfacet
  facet normal 0 0 1
    outer loop
      vertex -25.05 -33.12 7.4
      vertex -25.05 -35.52 7.4
      vertex -24.8934 -35.5303 7.4
    endloop
  endfacet
  facet normal 0 0 1
    outer loop
      vertex -25.05 -33.12 7.4
      vertex -25.2066 -35.5303 7.4
      vertex -25.05 -35.52 7.4
    endloop
  endfacet
  facet normal -0 0 1
    outer loop
      vertex -25.5199 -33.1508 7.4
      vertex -25.2066 -35.5303 7.4
      vertex -25.05 -33.12 7.4
    endloop
  endfacet
  facet normal 0 0 1
    outer loop
      vertex -25.2066 -35.5303 7.4
      vertex -25.5199 -33.1508 7.4
      vertex -25.3606 -35.5609 7.4
    endloop
  endfacet
  facet normal -0 0 1
    outer loop
      vertex -25.9817 -33.2427 7.4
      vertex -25.3606 -35.5609 7.4
      vertex -25.5199 -33.1508 7.4
    endloop
  endfacet
  facet normal 0 0 1
    outer loop
      vertex -25.3606 -35.5609 7.4
      vertex -25.9817 -33.2427 7.4
      vertex -25.5092 -35.6113 7.4
    endloop
  endfacet
  facet normal -0 0 1
    outer loop
      vertex -26.4277 -33.394 7.4
      vertex -25.5092 -35.6113 7.4
      vertex -25.9817 -33.2427 7.4
    endloop
  endfacet
  facet normal 0 0 1
    outer loop
      vertex -25.5092 -35.6113 7.4
      vertex -26.4277 -33.394 7.4
      vertex -25.65 -35.6808 7.4
    endloop
  endfacet
  facet normal -0 0 1
    outer loop
      vertex -26.85 -33.6023 7.4
      vertex -25.65 -35.6808 7.4
      vertex -26.4277 -33.394 7.4
    endloop
  endfacet
  facet normal 0 0 1
    outer loop
      vertex -25.65 -35.6808 7.4
      vertex -26.85 -33.6023 7.4
      vertex -25.7805 -35.768 7.4
    endloop
  endfacet
  facet normal -0 0 1
    outer loop
      vertex -27.2415 -33.8639 7.4
      vertex -25.7805 -35.768 7.4
      vertex -26.85 -33.6023 7.4
    endloop
  endfacet
  facet normal 0 0 1
    outer loop
      vertex -25.7805 -35.768 7.4
      vertex -27.2415 -33.8639 7.4
      vertex -25.8985 -35.8715 7.4
    endloop
  endfacet
  facet normal -0 0 1
    outer loop
      vertex -27.5956 -34.1744 7.4
      vertex -25.8985 -35.8715 7.4
      vertex -27.2415 -33.8639 7.4
    endloop
  endfacet
  facet normal 0 0 1
    outer loop
      vertex -25.8985 -35.8715 7.4
      vertex -27.5956 -34.1744 7.4
      vertex -26.002 -35.9895 7.4
    endloop
  endfacet
  facet normal 0 0 1
    outer loop
      vertex -26.002 -35.9895 7.4
      vertex -27.9061 -34.5285 7.4
      vertex -26.0892 -36.12 7.4
    endloop
  endfacet
  facet normal -0 0 1
    outer loop
      vertex -27.9061 -34.5285 7.4
      vertex -26.002 -35.9895 7.4
      vertex -27.5956 -34.1744 7.4
    endloop
  endfacet
  facet normal -0 0 1
    outer loop
      vertex -24.098 -37.4505 7.4
      vertex -22.1939 -38.9115 7.4
      vertex -24.0108 -37.32 7.4
    endloop
  endfacet
  facet normal 0 0 1
    outer loop
      vertex -22.1939 -38.9115 7.4
      vertex -24.098 -37.4505 7.4
      vertex -22.5044 -39.2656 7.4
    endloop
  endfacet
  facet normal -0 0 1
    outer loop
      vertex -24.2015 -37.5685 7.4
      vertex -22.5044 -39.2656 7.4
      vertex -24.098 -37.4505 7.4
    endloop
  endfacet
  facet normal 0 0 1
    outer loop
      vertex -22.5044 -39.2656 7.4
      vertex -24.2015 -37.5685 7.4
      vertex -22.8585 -39.5761 7.4
    endloop
  endfacet
  facet normal -0 0 1
    outer loop
      vertex -24.3195 -37.672 7.4
      vertex -22.8585 -39.5761 7.4
      vertex -24.2015 -37.5685 7.4
    endloop
  endfacet
  facet normal 0 0 1
    outer loop
      vertex -22.8585 -39.5761 7.4
      vertex -24.3195 -37.672 7.4
      vertex -23.25 -39.8377 7.4
    endloop
  endfacet
  facet normal -0 0 1
    outer loop
      vertex -24.45 -37.7592 7.4
      vertex -23.25 -39.8377 7.4
      vertex -24.3195 -37.672 7.4
    endloop
  endfacet
  facet normal 0 0 1
    outer loop
      vertex -23.25 -39.8377 7.4
      vertex -24.45 -37.7592 7.4
      vertex -23.6723 -40.046 7.4
    endloop
  endfacet
  facet normal -0 0 1
    outer loop
      vertex -24.5908 -37.8287 7.4
      vertex -23.6723 -40.046 7.4
      vertex -24.45 -37.7592 7.4
    endloop
  endfacet
  facet normal 0 0 1
    outer loop
      vertex -23.6723 -40.046 7.4
      vertex -24.5908 -37.8287 7.4
      vertex -24.1183 -40.1973 7.4
    endloop
  endfacet
  facet normal -0 0 1
    outer loop
      vertex -24.7394 -37.8791 7.4
      vertex -24.1183 -40.1973 7.4
      vertex -24.5908 -37.8287 7.4
    endloop
  endfacet
  facet normal 0 0 1
    outer loop
      vertex -24.1183 -40.1973 7.4
      vertex -24.7394 -37.8791 7.4
      vertex -24.5801 -40.2892 7.4
    endloop
  endfacet
  facet normal -0 0 1
    outer loop
      vertex -24.8934 -37.9097 7.4
      vertex -24.5801 -40.2892 7.4
      vertex -24.7394 -37.8791 7.4
    endloop
  endfacet
  facet normal -0 0 1
    outer loop
      vertex -25.05 -37.92 7.4
      vertex -24.5801 -40.2892 7.4
      vertex -24.8934 -37.9097 7.4
    endloop
  endfacet
  facet normal 0 0 1
    outer loop
      vertex -25.05 -37.92 7.4
      vertex -25.05 -40.32 7.4
      vertex -24.5801 -40.2892 7.4
    endloop
  endfacet
  facet normal 0 0 1
    outer loop
      vertex -25.2066 -37.9097 7.4
      vertex -25.05 -40.32 7.4
      vertex -25.05 -37.92 7.4
    endloop
  endfacet
  facet normal 0 0 1
    outer loop
      vertex -25.5199 -40.2892 7.4
      vertex -25.2066 -37.9097 7.4
      vertex -25.3606 -37.8791 7.4
    endloop
  endfacet
  facet normal 0 0 1
    outer loop
      vertex -25.9817 -40.1973 7.4
      vertex -25.3606 -37.8791 7.4
      vertex -25.5092 -37.8287 7.4
    endloop
  endfacet
  facet normal 0 0 1
    outer loop
      vertex -25.2066 -37.9097 7.4
      vertex -25.5199 -40.2892 7.4
      vertex -25.05 -40.32 7.4
    endloop
  endfacet
  facet normal 0 0 1
    outer loop
      vertex -26.4277 -40.046 7.4
      vertex -25.5092 -37.8287 7.4
      vertex -25.65 -37.7592 7.4
    endloop
  endfacet
  facet normal 0 0 1
    outer loop
      vertex -26.85 -39.8377 7.4
      vertex -25.65 -37.7592 7.4
      vertex -25.7805 -37.672 7.4
    endloop
  endfacet
  facet normal 0 0 1
    outer loop
      vertex -27.2415 -39.5761 7.4
      vertex -25.7805 -37.672 7.4
      vertex -25.8985 -37.5685 7.4
    endloop
  endfacet
  facet normal 0 0 1
    outer loop
      vertex -25.3606 -37.8791 7.4
      vertex -25.9817 -40.1973 7.4
      vertex -25.5199 -40.2892 7.4
    endloop
  endfacet
  facet normal 0 0 1
    outer loop
      vertex -27.5956 -39.2656 7.4
      vertex -25.8985 -37.5685 7.4
      vertex -26.002 -37.4505 7.4
    endloop
  endfacet
  facet normal 0 0 1
    outer loop
      vertex -27.9061 -38.9115 7.4
      vertex -26.002 -37.4505 7.4
      vertex -26.0892 -37.32 7.4
    endloop
  endfacet
  facet normal 0 0 1
    outer loop
      vertex -28.1677 -38.52 7.4
      vertex -26.0892 -37.32 7.4
      vertex -26.1587 -37.1792 7.4
    endloop
  endfacet
  facet normal 0 0 1
    outer loop
      vertex -28.376 -38.0977 7.4
      vertex -26.1587 -37.1792 7.4
      vertex -26.2091 -37.0306 7.4
    endloop
  endfacet
  facet normal 0 0 1
    outer loop
      vertex -28.5273 -37.6517 7.4
      vertex -26.2091 -37.0306 7.4
      vertex -26.2397 -36.8766 7.4
    endloop
  endfacet
  facet normal 0 0 1
    outer loop
      vertex -25.5092 -37.8287 7.4
      vertex -26.4277 -40.046 7.4
      vertex -25.9817 -40.1973 7.4
    endloop
  endfacet
  facet normal 0 0 1
    outer loop
      vertex -28.6192 -37.1899 7.4
      vertex -26.2397 -36.8766 7.4
      vertex -26.25 -36.72 7.4
    endloop
  endfacet
  facet normal -0 0 1
    outer loop
      vertex -28.1677 -34.92 7.4
      vertex -26.0892 -36.12 7.4
      vertex -27.9061 -34.5285 7.4
    endloop
  endfacet
  facet normal 0 0 1
    outer loop
      vertex -26.0892 -36.12 7.4
      vertex -28.1677 -34.92 7.4
      vertex -26.1587 -36.2608 7.4
    endloop
  endfacet
  facet normal 0 0 1
    outer loop
      vertex -25.65 -37.7592 7.4
      vertex -26.85 -39.8377 7.4
      vertex -26.4277 -40.046 7.4
    endloop
  endfacet
  facet normal -0 0 1
    outer loop
      vertex -28.376 -35.3423 7.4
      vertex -26.1587 -36.2608 7.4
      vertex -28.1677 -34.92 7.4
    endloop
  endfacet
  facet normal 0 0 1
    outer loop
      vertex -25.7805 -37.672 7.4
      vertex -27.2415 -39.5761 7.4
      vertex -26.85 -39.8377 7.4
    endloop
  endfacet
  facet normal 0 0 1
    outer loop
      vertex -26.1587 -36.2608 7.4
      vertex -28.376 -35.3423 7.4
      vertex -26.2091 -36.4094 7.4
    endloop
  endfacet
  facet normal 0 0 1
    outer loop
      vertex -25.8985 -37.5685 7.4
      vertex -27.5956 -39.2656 7.4
      vertex -27.2415 -39.5761 7.4
    endloop
  endfacet
  facet normal -0 0 1
    outer loop
      vertex -28.5273 -35.7882 7.4
      vertex -26.2091 -36.4094 7.4
      vertex -28.376 -35.3423 7.4
    endloop
  endfacet
  facet normal 0 0 1
    outer loop
      vertex -26.002 -37.4505 7.4
      vertex -27.9061 -38.9115 7.4
      vertex -27.5956 -39.2656 7.4
    endloop
  endfacet
  facet normal 0 0 1
    outer loop
      vertex -26.2091 -36.4094 7.4
      vertex -28.5273 -35.7882 7.4
      vertex -26.2397 -36.5634 7.4
    endloop
  endfacet
  facet normal 0 0 1
    outer loop
      vertex -26.0892 -37.32 7.4
      vertex -28.1677 -38.52 7.4
      vertex -27.9061 -38.9115 7.4
    endloop
  endfacet
  facet normal -0 0 1
    outer loop
      vertex -28.6192 -36.2501 7.4
      vertex -26.2397 -36.5634 7.4
      vertex -28.5273 -35.7882 7.4
    endloop
  endfacet
  facet normal 0 0 1
    outer loop
      vertex -26.1587 -37.1792 7.4
      vertex -28.376 -38.0977 7.4
      vertex -28.1677 -38.52 7.4
    endloop
  endfacet
  facet normal 0 0 1
    outer loop
      vertex -26.2397 -36.5634 7.4
      vertex -28.6192 -36.2501 7.4
      vertex -26.25 -36.72 7.4
    endloop
  endfacet
  facet normal 0 0 1
    outer loop
      vertex -26.2091 -37.0306 7.4
      vertex -28.5273 -37.6517 7.4
      vertex -28.376 -38.0977 7.4
    endloop
  endfacet
  facet normal 0 0 1
    outer loop
      vertex -28.65 -36.72 7.4
      vertex -26.25 -36.72 7.4
      vertex -28.6192 -36.2501 7.4
    endloop
  endfacet
  facet normal 0 0 1
    outer loop
      vertex -26.2397 -36.8766 7.4
      vertex -28.6192 -37.1899 7.4
      vertex -28.5273 -37.6517 7.4
    endloop
  endfacet
  facet normal 0 0 1
    outer loop
      vertex -26.25 -36.72 7.4
      vertex -28.65 -36.72 7.4
      vertex -28.6192 -37.1899 7.4
    endloop
  endfacet
  facet normal -0.555582 0.831462 0
    outer loop
      vertex -26.85 -33.6023 2.4
      vertex -27.2415 -33.8639 7.4
      vertex -26.85 -33.6023 7.4
    endloop
  endfacet
  facet normal -0.555582 0.831462 0
    outer loop
      vertex -27.2415 -33.8639 7.4
      vertex -26.85 -33.6023 2.4
      vertex -27.2415 -33.8639 2.4
    endloop
  endfacet
  facet normal -0.321256 0.946993 0
    outer loop
      vertex -25.9817 -33.2427 2.4
      vertex -26.4277 -33.394 7.4
      vertex -25.9817 -33.2427 7.4
    endloop
  endfacet
  facet normal -0.321256 0.946993 0
    outer loop
      vertex -26.4277 -33.394 7.4
      vertex -25.9817 -33.2427 2.4
      vertex -26.4277 -33.394 2.4
    endloop
  endfacet
  facet normal 0 0 -1
    outer loop
      vertex -23.85 -36.72 2.4
      vertex -21.45 -36.72 2.4
      vertex -21.4808 -37.1899 2.4
    endloop
  endfacet
  facet normal 0 0 -1
    outer loop
      vertex -23.8603 -36.8766 2.4
      vertex -21.4808 -37.1899 2.4
      vertex -21.5727 -37.6517 2.4
    endloop
  endfacet
  facet normal 0 0 -1
    outer loop
      vertex -21.45 -36.72 2.4
      vertex -23.85 -36.72 2.4
      vertex -21.4808 -36.2501 2.4
    endloop
  endfacet
  facet normal 0 0 -1
    outer loop
      vertex -23.8909 -37.0306 2.4
      vertex -21.5727 -37.6517 2.4
      vertex -21.724 -38.0977 2.4
    endloop
  endfacet
  facet normal 0 0 -1
    outer loop
      vertex -23.8603 -36.5634 2.4
      vertex -21.4808 -36.2501 2.4
      vertex -23.85 -36.72 2.4
    endloop
  endfacet
  facet normal 0 0 -1
    outer loop
      vertex -23.9413 -37.1792 2.4
      vertex -21.724 -38.0977 2.4
      vertex -21.9323 -38.52 2.4
    endloop
  endfacet
  facet normal -0 0 -1
    outer loop
      vertex -21.4808 -36.2501 2.4
      vertex -23.8603 -36.5634 2.4
      vertex -21.5727 -35.7882 2.4
    endloop
  endfacet
  facet normal 0 0 -1
    outer loop
      vertex -24.0108 -37.32 2.4
      vertex -21.9323 -38.52 2.4
      vertex -22.1939 -38.9115 2.4
    endloop
  endfacet
  facet normal 0 0 -1
    outer loop
      vertex -23.8909 -36.4094 2.4
      vertex -21.5727 -35.7882 2.4
      vertex -23.8603 -36.5634 2.4
    endloop
  endfacet
  facet normal 0 0 -1
    outer loop
      vertex -24.098 -37.4505 2.4
      vertex -22.1939 -38.9115 2.4
      vertex -22.5044 -39.2656 2.4
    endloop
  endfacet
  facet normal -0 0 -1
    outer loop
      vertex -21.5727 -35.7882 2.4
      vertex -23.8909 -36.4094 2.4
      vertex -21.724 -35.3423 2.4
    endloop
  endfacet
  facet normal 0 0 -1
    outer loop
      vertex -24.2015 -37.5685 2.4
      vertex -22.5044 -39.2656 2.4
      vertex -22.8585 -39.5761 2.4
    endloop
  endfacet
  facet normal 0 0 -1
    outer loop
      vertex -23.9413 -36.2608 2.4
      vertex -21.724 -35.3423 2.4
      vertex -23.8909 -36.4094 2.4
    endloop
  endfacet
  facet normal 0 0 -1
    outer loop
      vertex -24.3195 -37.672 2.4
      vertex -22.8585 -39.5761 2.4
      vertex -23.25 -39.8377 2.4
    endloop
  endfacet
  facet normal -0 0 -1
    outer loop
      vertex -21.724 -35.3423 2.4
      vertex -23.9413 -36.2608 2.4
      vertex -21.9323 -34.92 2.4
    endloop
  endfacet
  facet normal 0 0 -1
    outer loop
      vertex -24.45 -37.7592 2.4
      vertex -23.25 -39.8377 2.4
      vertex -23.6723 -40.046 2.4
    endloop
  endfacet
  facet normal 0 0 -1
    outer loop
      vertex -24.0108 -36.12 2.4
      vertex -21.9323 -34.92 2.4
      vertex -23.9413 -36.2608 2.4
    endloop
  endfacet
  facet normal -0 0 -1
    outer loop
      vertex -21.9323 -34.92 2.4
      vertex -24.0108 -36.12 2.4
      vertex -22.1939 -34.5285 2.4
    endloop
  endfacet
  facet normal 0 0 -1
    outer loop
      vertex -21.4808 -37.1899 2.4
      vertex -23.8603 -36.8766 2.4
      vertex -23.85 -36.72 2.4
    endloop
  endfacet
  facet normal 0 0 -1
    outer loop
      vertex -21.5727 -37.6517 2.4
      vertex -23.8909 -37.0306 2.4
      vertex -23.8603 -36.8766 2.4
    endloop
  endfacet
  facet normal 0 0 -1
    outer loop
      vertex -21.724 -38.0977 2.4
      vertex -23.9413 -37.1792 2.4
      vertex -23.8909 -37.0306 2.4
    endloop
  endfacet
  facet normal 0 0 -1
    outer loop
      vertex -21.9323 -38.52 2.4
      vertex -24.0108 -37.32 2.4
      vertex -23.9413 -37.1792 2.4
    endloop
  endfacet
  facet normal 0 0 -1
    outer loop
      vertex -22.1939 -38.9115 2.4
      vertex -24.098 -37.4505 2.4
      vertex -24.0108 -37.32 2.4
    endloop
  endfacet
  facet normal 0 0 -1
    outer loop
      vertex -24.5908 -37.8287 2.4
      vertex -23.6723 -40.046 2.4
      vertex -24.1183 -40.1973 2.4
    endloop
  endfacet
  facet normal 0 0 -1
    outer loop
      vertex -22.5044 -39.2656 2.4
      vertex -24.2015 -37.5685 2.4
      vertex -24.098 -37.4505 2.4
    endloop
  endfacet
  facet normal 0 0 -1
    outer loop
      vertex -22.8585 -39.5761 2.4
      vertex -24.3195 -37.672 2.4
      vertex -24.2015 -37.5685 2.4
    endloop
  endfacet
  facet normal 0 0 -1
    outer loop
      vertex -23.25 -39.8377 2.4
      vertex -24.45 -37.7592 2.4
      vertex -24.3195 -37.672 2.4
    endloop
  endfacet
  facet normal 0 0 -1
    outer loop
      vertex -24.7394 -37.8791 2.4
      vertex -24.1183 -40.1973 2.4
      vertex -24.5801 -40.2892 2.4
    endloop
  endfacet
  facet normal 0 0 -1
    outer loop
      vertex -23.6723 -40.046 2.4
      vertex -24.5908 -37.8287 2.4
      vertex -24.45 -37.7592 2.4
    endloop
  endfacet
  facet normal 0 0 -1
    outer loop
      vertex -24.1183 -40.1973 2.4
      vertex -24.7394 -37.8791 2.4
      vertex -24.5908 -37.8287 2.4
    endloop
  endfacet
  facet normal 0 0 -1
    outer loop
      vertex -24.5801 -40.2892 2.4
      vertex -24.8934 -37.9097 2.4
      vertex -24.7394 -37.8791 2.4
    endloop
  endfacet
  facet normal 0 0 -1
    outer loop
      vertex -25.05 -40.32 2.4
      vertex -24.8934 -37.9097 2.4
      vertex -24.5801 -40.2892 2.4
    endloop
  endfacet
  facet normal 0 0 -1
    outer loop
      vertex -25.05 -40.32 2.4
      vertex -25.05 -37.92 2.4
      vertex -24.8934 -37.9097 2.4
    endloop
  endfacet
  facet normal 0 0 -1
    outer loop
      vertex -25.05 -40.32 2.4
      vertex -25.2066 -37.9097 2.4
      vertex -25.05 -37.92 2.4
    endloop
  endfacet
  facet normal 0 0 -1
    outer loop
      vertex -25.5199 -40.2892 2.4
      vertex -25.2066 -37.9097 2.4
      vertex -25.05 -40.32 2.4
    endloop
  endfacet
  facet normal -0 0 -1
    outer loop
      vertex -25.2066 -37.9097 2.4
      vertex -25.5199 -40.2892 2.4
      vertex -25.3606 -37.8791 2.4
    endloop
  endfacet
  facet normal 0 0 -1
    outer loop
      vertex -25.9817 -40.1973 2.4
      vertex -25.3606 -37.8791 2.4
      vertex -25.5199 -40.2892 2.4
    endloop
  endfacet
  facet normal -0 0 -1
    outer loop
      vertex -25.3606 -37.8791 2.4
      vertex -25.9817 -40.1973 2.4
      vertex -25.5092 -37.8287 2.4
    endloop
  endfacet
  facet normal 0 0 -1
    outer loop
      vertex -26.4277 -40.046 2.4
      vertex -25.5092 -37.8287 2.4
      vertex -25.9817 -40.1973 2.4
    endloop
  endfacet
  facet normal -0 0 -1
    outer loop
      vertex -25.5092 -37.8287 2.4
      vertex -26.4277 -40.046 2.4
      vertex -25.65 -37.7592 2.4
    endloop
  endfacet
  facet normal 0 0 -1
    outer loop
      vertex -26.85 -39.8377 2.4
      vertex -25.65 -37.7592 2.4
      vertex -26.4277 -40.046 2.4
    endloop
  endfacet
  facet normal -0 0 -1
    outer loop
      vertex -25.65 -37.7592 2.4
      vertex -26.85 -39.8377 2.4
      vertex -25.7805 -37.672 2.4
    endloop
  endfacet
  facet normal 0 0 -1
    outer loop
      vertex -27.2415 -39.5761 2.4
      vertex -25.7805 -37.672 2.4
      vertex -26.85 -39.8377 2.4
    endloop
  endfacet
  facet normal -0 0 -1
    outer loop
      vertex -25.7805 -37.672 2.4
      vertex -27.2415 -39.5761 2.4
      vertex -25.8985 -37.5685 2.4
    endloop
  endfacet
  facet normal 0 0 -1
    outer loop
      vertex -27.5956 -39.2656 2.4
      vertex -25.8985 -37.5685 2.4
      vertex -27.2415 -39.5761 2.4
    endloop
  endfacet
  facet normal -0 0 -1
    outer loop
      vertex -25.8985 -37.5685 2.4
      vertex -27.5956 -39.2656 2.4
      vertex -26.002 -37.4505 2.4
    endloop
  endfacet
  facet normal -0 0 -1
    outer loop
      vertex -26.002 -37.4505 2.4
      vertex -27.9061 -38.9115 2.4
      vertex -26.0892 -37.32 2.4
    endloop
  endfacet
  facet normal 0 0 -1
    outer loop
      vertex -27.9061 -38.9115 2.4
      vertex -26.002 -37.4505 2.4
      vertex -27.5956 -39.2656 2.4
    endloop
  endfacet
  facet normal 0 0 -1
    outer loop
      vertex -24.098 -35.9895 2.4
      vertex -22.1939 -34.5285 2.4
      vertex -24.0108 -36.12 2.4
    endloop
  endfacet
  facet normal -0 0 -1
    outer loop
      vertex -22.1939 -34.5285 2.4
      vertex -24.098 -35.9895 2.4
      vertex -22.5044 -34.1744 2.4
    endloop
  endfacet
  facet normal 0 0 -1
    outer loop
      vertex -24.2015 -35.8715 2.4
      vertex -22.5044 -34.1744 2.4
      vertex -24.098 -35.9895 2.4
    endloop
  endfacet
  facet normal -0 0 -1
    outer loop
      vertex -22.5044 -34.1744 2.4
      vertex -24.2015 -35.8715 2.4
      vertex -22.8585 -33.8639 2.4
    endloop
  endfacet
  facet normal 0 0 -1
    outer loop
      vertex -24.3195 -35.768 2.4
      vertex -22.8585 -33.8639 2.4
      vertex -24.2015 -35.8715 2.4
    endloop
  endfacet
  facet normal -0 0 -1
    outer loop
      vertex -22.8585 -33.8639 2.4
      vertex -24.3195 -35.768 2.4
      vertex -23.25 -33.6023 2.4
    endloop
  endfacet
  facet normal 0 0 -1
    outer loop
      vertex -24.45 -35.6808 2.4
      vertex -23.25 -33.6023 2.4
      vertex -24.3195 -35.768 2.4
    endloop
  endfacet
  facet normal -0 0 -1
    outer loop
      vertex -23.25 -33.6023 2.4
      vertex -24.45 -35.6808 2.4
      vertex -23.6723 -33.394 2.4
    endloop
  endfacet
  facet normal 0 0 -1
    outer loop
      vertex -24.5908 -35.6113 2.4
      vertex -23.6723 -33.394 2.4
      vertex -24.45 -35.6808 2.4
    endloop
  endfacet
  facet normal -0 0 -1
    outer loop
      vertex -23.6723 -33.394 2.4
      vertex -24.5908 -35.6113 2.4
      vertex -24.1183 -33.2427 2.4
    endloop
  endfacet
  facet normal 0 0 -1
    outer loop
      vertex -24.7394 -35.5609 2.4
      vertex -24.1183 -33.2427 2.4
      vertex -24.5908 -35.6113 2.4
    endloop
  endfacet
  facet normal -0 0 -1
    outer loop
      vertex -24.1183 -33.2427 2.4
      vertex -24.7394 -35.5609 2.4
      vertex -24.5801 -33.1508 2.4
    endloop
  endfacet
  facet normal 0 0 -1
    outer loop
      vertex -24.8934 -35.5303 2.4
      vertex -24.5801 -33.1508 2.4
      vertex -24.7394 -35.5609 2.4
    endloop
  endfacet
  facet normal 0 0 -1
    outer loop
      vertex -25.05 -35.52 2.4
      vertex -24.5801 -33.1508 2.4
      vertex -24.8934 -35.5303 2.4
    endloop
  endfacet
  facet normal 0 0 -1
    outer loop
      vertex -25.05 -35.52 2.4
      vertex -25.05 -33.12 2.4
      vertex -24.5801 -33.1508 2.4
    endloop
  endfacet
  facet normal 0 0 -1
    outer loop
      vertex -25.2066 -35.5303 2.4
      vertex -25.05 -33.12 2.4
      vertex -25.05 -35.52 2.4
    endloop
  endfacet
  facet normal 0 0 -1
    outer loop
      vertex -25.5199 -33.1508 2.4
      vertex -25.2066 -35.5303 2.4
      vertex -25.3606 -35.5609 2.4
    endloop
  endfacet
  facet normal 0 0 -1
    outer loop
      vertex -25.9817 -33.2427 2.4
      vertex -25.3606 -35.5609 2.4
      vertex -25.5092 -35.6113 2.4
    endloop
  endfacet
  facet normal 0 0 -1
    outer loop
      vertex -25.2066 -35.5303 2.4
      vertex -25.5199 -33.1508 2.4
      vertex -25.05 -33.12 2.4
    endloop
  endfacet
  facet normal 0 0 -1
    outer loop
      vertex -26.4277 -33.394 2.4
      vertex -25.5092 -35.6113 2.4
      vertex -25.65 -35.6808 2.4
    endloop
  endfacet
  facet normal 0 0 -1
    outer loop
      vertex -26.85 -33.6023 2.4
      vertex -25.65 -35.6808 2.4
      vertex -25.7805 -35.768 2.4
    endloop
  endfacet
  facet normal 0 0 -1
    outer loop
      vertex -27.2415 -33.8639 2.4
      vertex -25.7805 -35.768 2.4
      vertex -25.8985 -35.8715 2.4
    endloop
  endfacet
  facet normal 0 0 -1
    outer loop
      vertex -25.3606 -35.5609 2.4
      vertex -25.9817 -33.2427 2.4
      vertex -25.5199 -33.1508 2.4
    endloop
  endfacet
  facet normal 0 0 -1
    outer loop
      vertex -27.5956 -34.1744 2.4
      vertex -25.8985 -35.8715 2.4
      vertex -26.002 -35.9895 2.4
    endloop
  endfacet
  facet normal 0 0 -1
    outer loop
      vertex -27.9061 -34.5285 2.4
      vertex -26.002 -35.9895 2.4
      vertex -26.0892 -36.12 2.4
    endloop
  endfacet
  facet normal 0 0 -1
    outer loop
      vertex -28.1677 -34.92 2.4
      vertex -26.0892 -36.12 2.4
      vertex -26.1587 -36.2608 2.4
    endloop
  endfacet
  facet normal 0 0 -1
    outer loop
      vertex -28.376 -35.3423 2.4
      vertex -26.1587 -36.2608 2.4
      vertex -26.2091 -36.4094 2.4
    endloop
  endfacet
  facet normal 0 0 -1
    outer loop
      vertex -28.5273 -35.7882 2.4
      vertex -26.2091 -36.4094 2.4
      vertex -26.2397 -36.5634 2.4
    endloop
  endfacet
  facet normal 0 0 -1
    outer loop
      vertex -25.5092 -35.6113 2.4
      vertex -26.4277 -33.394 2.4
      vertex -25.9817 -33.2427 2.4
    endloop
  endfacet
  facet normal 0 0 -1
    outer loop
      vertex -28.6192 -36.2501 2.4
      vertex -26.2397 -36.5634 2.4
      vertex -26.25 -36.72 2.4
    endloop
  endfacet
  facet normal 0 0 -1
    outer loop
      vertex -28.1677 -38.52 2.4
      vertex -26.0892 -37.32 2.4
      vertex -27.9061 -38.9115 2.4
    endloop
  endfacet
  facet normal -0 0 -1
    outer loop
      vertex -26.0892 -37.32 2.4
      vertex -28.1677 -38.52 2.4
      vertex -26.1587 -37.1792 2.4
    endloop
  endfacet
  facet normal 0 0 -1
    outer loop
      vertex -25.65 -35.6808 2.4
      vertex -26.85 -33.6023 2.4
      vertex -26.4277 -33.394 2.4
    endloop
  endfacet
  facet normal 0 0 -1
    outer loop
      vertex -28.376 -38.0977 2.4
      vertex -26.1587 -37.1792 2.4
      vertex -28.1677 -38.52 2.4
    endloop
  endfacet
  facet normal 0 0 -1
    outer loop
      vertex -25.7805 -35.768 2.4
      vertex -27.2415 -33.8639 2.4
      vertex -26.85 -33.6023 2.4
    endloop
  endfacet
  facet normal -0 0 -1
    outer loop
      vertex -26.1587 -37.1792 2.4
      vertex -28.376 -38.0977 2.4
      vertex -26.2091 -37.0306 2.4
    endloop
  endfacet
  facet normal 0 0 -1
    outer loop
      vertex -25.8985 -35.8715 2.4
      vertex -27.5956 -34.1744 2.4
      vertex -27.2415 -33.8639 2.4
    endloop
  endfacet
  facet normal 0 0 -1
    outer loop
      vertex -28.5273 -37.6517 2.4
      vertex -26.2091 -37.0306 2.4
      vertex -28.376 -38.0977 2.4
    endloop
  endfacet
  facet normal 0 0 -1
    outer loop
      vertex -26.002 -35.9895 2.4
      vertex -27.9061 -34.5285 2.4
      vertex -27.5956 -34.1744 2.4
    endloop
  endfacet
  facet normal -0 0 -1
    outer loop
      vertex -26.2091 -37.0306 2.4
      vertex -28.5273 -37.6517 2.4
      vertex -26.2397 -36.8766 2.4
    endloop
  endfacet
  facet normal 0 0 -1
    outer loop
      vertex -26.0892 -36.12 2.4
      vertex -28.1677 -34.92 2.4
      vertex -27.9061 -34.5285 2.4
    endloop
  endfacet
  facet normal 0 0 -1
    outer loop
      vertex -28.6192 -37.1899 2.4
      vertex -26.2397 -36.8766 2.4
      vertex -28.5273 -37.6517 2.4
    endloop
  endfacet
  facet normal 0 0 -1
    outer loop
      vertex -26.1587 -36.2608 2.4
      vertex -28.376 -35.3423 2.4
      vertex -28.1677 -34.92 2.4
    endloop
  endfacet
  facet normal -0 0 -1
    outer loop
      vertex -26.2397 -36.8766 2.4
      vertex -28.6192 -37.1899 2.4
      vertex -26.25 -36.72 2.4
    endloop
  endfacet
  facet normal 0 0 -1
    outer loop
      vertex -26.2091 -36.4094 2.4
      vertex -28.5273 -35.7882 2.4
      vertex -28.376 -35.3423 2.4
    endloop
  endfacet
  facet normal 0 0 -1
    outer loop
      vertex -28.65 -36.72 2.4
      vertex -26.25 -36.72 2.4
      vertex -28.6192 -37.1899 2.4
    endloop
  endfacet
  facet normal 0 0 -1
    outer loop
      vertex -26.2397 -36.5634 2.4
      vertex -28.6192 -36.2501 2.4
      vertex -28.5273 -35.7882 2.4
    endloop
  endfacet
  facet normal 0 0 -1
    outer loop
      vertex -26.25 -36.72 2.4
      vertex -28.65 -36.72 2.4
      vertex -28.6192 -36.2501 2.4
    endloop
  endfacet
  facet normal 0.195177 -0.980768 0
    outer loop
      vertex -24.5801 -40.2892 2.4
      vertex -24.1183 -40.1973 7.4
      vertex -24.5801 -40.2892 7.4
    endloop
  endfacet
  facet normal 0.195177 -0.980768 0
    outer loop
      vertex -24.1183 -40.1973 7.4
      vertex -24.5801 -40.2892 2.4
      vertex -24.1183 -40.1973 2.4
    endloop
  endfacet
  facet normal 0.946971 0.32132 0
    outer loop
      vertex -21.5727 -35.7882 7.4
      vertex -21.724 -35.3423 2.4
      vertex -21.724 -35.3423 7.4
    endloop
  endfacet
  facet normal 0.946971 0.32132 0
    outer loop
      vertex -21.724 -35.3423 2.4
      vertex -21.5727 -35.7882 7.4
      vertex -21.5727 -35.7882 2.4
    endloop
  endfacet
  facet normal 0.980776 0.195136 0
    outer loop
      vertex -21.4808 -36.2501 7.4
      vertex -21.5727 -35.7882 2.4
      vertex -21.5727 -35.7882 7.4
    endloop
  endfacet
  facet normal 0.980776 0.195136 0
    outer loop
      vertex -21.5727 -35.7882 2.4
      vertex -21.4808 -36.2501 7.4
      vertex -21.4808 -36.2501 2.4
    endloop
  endfacet
  facet normal 0.751879 0.659301 0
    outer loop
      vertex -22.1939 -34.5285 7.4
      vertex -22.5044 -34.1744 2.4
      vertex -22.5044 -34.1744 7.4
    endloop
  endfacet
  facet normal 0.751879 0.659301 0
    outer loop
      vertex -22.5044 -34.1744 2.4
      vertex -22.1939 -34.5285 7.4
      vertex -22.1939 -34.5285 2.4
    endloop
  endfacet
  facet normal 0.0654055 0.997859 -0
    outer loop
      vertex -24.5801 -33.1508 2.4
      vertex -25.05 -33.12 7.4
      vertex -24.5801 -33.1508 7.4
    endloop
  endfacet
  facet normal 0.0654055 0.997859 0
    outer loop
      vertex -25.05 -33.12 7.4
      vertex -24.5801 -33.1508 2.4
      vertex -25.05 -33.12 2.4
    endloop
  endfacet
  facet normal 0.555582 0.831462 -0
    outer loop
      vertex -22.8585 -33.8639 2.4
      vertex -23.25 -33.6023 7.4
      vertex -22.8585 -33.8639 7.4
    endloop
  endfacet
  facet normal 0.555582 0.831462 0
    outer loop
      vertex -23.25 -33.6023 7.4
      vertex -22.8585 -33.8639 2.4
      vertex -23.25 -33.6023 2.4
    endloop
  endfacet
  facet normal -0.946971 0.32132 0
    outer loop
      vertex -28.5273 -35.7882 2.4
      vertex -28.376 -35.3423 7.4
      vertex -28.376 -35.3423 2.4
    endloop
  endfacet
  facet normal -0.946971 0.32132 0
    outer loop
      vertex -28.376 -35.3423 7.4
      vertex -28.5273 -35.7882 2.4
      vertex -28.5273 -35.7882 7.4
    endloop
  endfacet
  facet normal -0.980776 0.195136 0
    outer loop
      vertex -28.6192 -36.2501 2.4
      vertex -28.5273 -35.7882 7.4
      vertex -28.5273 -35.7882 2.4
    endloop
  endfacet
  facet normal -0.980776 0.195136 0
    outer loop
      vertex -28.5273 -35.7882 7.4
      vertex -28.6192 -36.2501 2.4
      vertex -28.6192 -36.2501 7.4
    endloop
  endfacet
  facet normal -0.195177 0.980768 0
    outer loop
      vertex -25.5199 -33.1508 2.4
      vertex -25.9817 -33.2427 7.4
      vertex -25.5199 -33.1508 7.4
    endloop
  endfacet
  facet normal -0.195177 0.980768 0
    outer loop
      vertex -25.9817 -33.2427 7.4
      vertex -25.5199 -33.1508 2.4
      vertex -25.9817 -33.2427 2.4
    endloop
  endfacet
  facet normal 0.946993 -0.321256 0
    outer loop
      vertex -21.724 -38.0977 7.4
      vertex -21.5727 -37.6517 2.4
      vertex -21.5727 -37.6517 7.4
    endloop
  endfacet
  facet normal 0.946993 -0.321256 0
    outer loop
      vertex -21.5727 -37.6517 2.4
      vertex -21.724 -38.0977 7.4
      vertex -21.724 -38.0977 2.4
    endloop
  endfacet
  facet normal 0.980768 -0.195177 0
    outer loop
      vertex -21.5727 -37.6517 7.4
      vertex -21.4808 -37.1899 2.4
      vertex -21.4808 -37.1899 7.4
    endloop
  endfacet
  facet normal 0.980768 -0.195177 0
    outer loop
      vertex -21.4808 -37.1899 2.4
      vertex -21.5727 -37.6517 7.4
      vertex -21.5727 -37.6517 2.4
    endloop
  endfacet
  facet normal -0.997859 -0.0654055 0
    outer loop
      vertex -28.6192 -37.1899 2.4
      vertex -28.65 -36.72 7.4
      vertex -28.65 -36.72 2.4
    endloop
  endfacet
  facet normal -0.997859 -0.0654055 0
    outer loop
      vertex -28.65 -36.72 7.4
      vertex -28.6192 -37.1899 2.4
      vertex -28.6192 -37.1899 7.4
    endloop
  endfacet
  facet normal 0.555582 -0.831462 0
    outer loop
      vertex -23.25 -39.8377 2.4
      vertex -22.8585 -39.5761 7.4
      vertex -23.25 -39.8377 7.4
    endloop
  endfacet
  facet normal 0.555582 -0.831462 0
    outer loop
      vertex -22.8585 -39.5761 7.4
      vertex -23.25 -39.8377 2.4
      vertex -22.8585 -39.5761 2.4
    endloop
  endfacet
  facet normal 0.442365 -0.896835 0
    outer loop
      vertex -23.6723 -40.046 2.4
      vertex -23.25 -39.8377 7.4
      vertex -23.6723 -40.046 7.4
    endloop
  endfacet
  facet normal 0.442365 -0.896835 0
    outer loop
      vertex -23.25 -39.8377 7.4
      vertex -23.6723 -40.046 2.4
      vertex -23.25 -39.8377 2.4
    endloop
  endfacet
  facet normal -0.659301 0.751879 0
    outer loop
      vertex -27.2415 -33.8639 2.4
      vertex -27.5956 -34.1744 7.4
      vertex -27.2415 -33.8639 7.4
    endloop
  endfacet
  facet normal -0.659301 0.751879 0
    outer loop
      vertex -27.5956 -34.1744 7.4
      vertex -27.2415 -33.8639 2.4
      vertex -27.5956 -34.1744 2.4
    endloop
  endfacet
  facet normal 0.831462 -0.555582 0
    outer loop
      vertex -22.1939 -38.9115 7.4
      vertex -21.9323 -38.52 2.4
      vertex -21.9323 -38.52 7.4
    endloop
  endfacet
  facet normal 0.831462 -0.555582 0
    outer loop
      vertex -21.9323 -38.52 2.4
      vertex -22.1939 -38.9115 7.4
      vertex -22.1939 -38.9115 2.4
    endloop
  endfacet
  facet normal 0.997859 -0.0654055 0
    outer loop
      vertex -21.4808 -37.1899 7.4
      vertex -21.45 -36.72 2.4
      vertex -21.45 -36.72 7.4
    endloop
  endfacet
  facet normal 0.997859 -0.0654055 0
    outer loop
      vertex -21.45 -36.72 2.4
      vertex -21.4808 -37.1899 7.4
      vertex -21.4808 -37.1899 2.4
    endloop
  endfacet
  facet normal -0.321256 -0.946993 0
    outer loop
      vertex -26.4277 -40.046 2.4
      vertex -25.9817 -40.1973 7.4
      vertex -26.4277 -40.046 7.4
    endloop
  endfacet
  facet normal -0.321256 -0.946993 -0
    outer loop
      vertex -25.9817 -40.1973 7.4
      vertex -26.4277 -40.046 2.4
      vertex -25.9817 -40.1973 2.4
    endloop
  endfacet
  facet normal -0.751879 -0.659301 0
    outer loop
      vertex -27.5956 -39.2656 2.4
      vertex -27.9061 -38.9115 7.4
      vertex -27.9061 -38.9115 2.4
    endloop
  endfacet
  facet normal -0.751879 -0.659301 0
    outer loop
      vertex -27.9061 -38.9115 7.4
      vertex -27.5956 -39.2656 2.4
      vertex -27.5956 -39.2656 7.4
    endloop
  endfacet
  facet normal -0.980768 -0.195177 0
    outer loop
      vertex -28.5273 -37.6517 2.4
      vertex -28.6192 -37.1899 7.4
      vertex -28.6192 -37.1899 2.4
    endloop
  endfacet
  facet normal -0.980768 -0.195177 0
    outer loop
      vertex -28.6192 -37.1899 7.4
      vertex -28.5273 -37.6517 2.4
      vertex -28.5273 -37.6517 7.4
    endloop
  endfacet
  facet normal -0.946993 -0.321256 0
    outer loop
      vertex -28.376 -38.0977 2.4
      vertex -28.5273 -37.6517 7.4
      vertex -28.5273 -37.6517 2.4
    endloop
  endfacet
  facet normal -0.946993 -0.321256 0
    outer loop
      vertex -28.5273 -37.6517 7.4
      vertex -28.376 -38.0977 2.4
      vertex -28.376 -38.0977 7.4
    endloop
  endfacet
  facet normal 0.659301 -0.751879 0
    outer loop
      vertex -22.8585 -39.5761 2.4
      vertex -22.5044 -39.2656 7.4
      vertex -22.8585 -39.5761 7.4
    endloop
  endfacet
  facet normal 0.659301 -0.751879 0
    outer loop
      vertex -22.5044 -39.2656 7.4
      vertex -22.8585 -39.5761 2.4
      vertex -22.5044 -39.2656 2.4
    endloop
  endfacet
  facet normal 0.321256 -0.946993 0
    outer loop
      vertex -24.1183 -40.1973 2.4
      vertex -23.6723 -40.046 7.4
      vertex -24.1183 -40.1973 7.4
    endloop
  endfacet
  facet normal 0.321256 -0.946993 0
    outer loop
      vertex -23.6723 -40.046 7.4
      vertex -24.1183 -40.1973 2.4
      vertex -23.6723 -40.046 2.4
    endloop
  endfacet
  facet normal 0.896835 -0.442365 0
    outer loop
      vertex -21.9323 -38.52 7.4
      vertex -21.724 -38.0977 2.4
      vertex -21.724 -38.0977 7.4
    endloop
  endfacet
  facet normal 0.896835 -0.442365 0
    outer loop
      vertex -21.724 -38.0977 2.4
      vertex -21.9323 -38.52 7.4
      vertex -21.9323 -38.52 2.4
    endloop
  endfacet
  facet normal -0.0654055 -0.997859 0
    outer loop
      vertex -25.5199 -40.2892 2.4
      vertex -25.05 -40.32 7.4
      vertex -25.5199 -40.2892 7.4
    endloop
  endfacet
  facet normal -0.0654055 -0.997859 -0
    outer loop
      vertex -25.05 -40.32 7.4
      vertex -25.5199 -40.2892 2.4
      vertex -25.05 -40.32 2.4
    endloop
  endfacet
  facet normal -0.555582 -0.831462 0
    outer loop
      vertex -27.2415 -39.5761 2.4
      vertex -26.85 -39.8377 7.4
      vertex -27.2415 -39.5761 7.4
    endloop
  endfacet
  facet normal -0.555582 -0.831462 -0
    outer loop
      vertex -26.85 -39.8377 7.4
      vertex -27.2415 -39.5761 2.4
      vertex -26.85 -39.8377 2.4
    endloop
  endfacet
  facet normal -0.195177 -0.980768 0
    outer loop
      vertex -25.9817 -40.1973 2.4
      vertex -25.5199 -40.2892 7.4
      vertex -25.9817 -40.1973 7.4
    endloop
  endfacet
  facet normal -0.195177 -0.980768 -0
    outer loop
      vertex -25.5199 -40.2892 7.4
      vertex -25.9817 -40.1973 2.4
      vertex -25.5199 -40.2892 2.4
    endloop
  endfacet
  facet normal -0.659301 -0.751879 0
    outer loop
      vertex -27.5956 -39.2656 2.4
      vertex -27.2415 -39.5761 7.4
      vertex -27.5956 -39.2656 7.4
    endloop
  endfacet
  facet normal -0.659301 -0.751879 -0
    outer loop
      vertex -27.2415 -39.5761 7.4
      vertex -27.5956 -39.2656 2.4
      vertex -27.2415 -39.5761 2.4
    endloop
  endfacet
  facet normal -0.896835 -0.442365 0
    outer loop
      vertex -28.1677 -38.52 2.4
      vertex -28.376 -38.0977 7.4
      vertex -28.376 -38.0977 2.4
    endloop
  endfacet
  facet normal -0.896835 -0.442365 0
    outer loop
      vertex -28.376 -38.0977 7.4
      vertex -28.1677 -38.52 2.4
      vertex -28.1677 -38.52 7.4
    endloop
  endfacet
  facet normal 0.751879 -0.659301 0
    outer loop
      vertex -22.5044 -39.2656 7.4
      vertex -22.1939 -38.9115 2.4
      vertex -22.1939 -38.9115 7.4
    endloop
  endfacet
  facet normal 0.751879 -0.659301 0
    outer loop
      vertex -22.1939 -38.9115 2.4
      vertex -22.5044 -39.2656 7.4
      vertex -22.5044 -39.2656 2.4
    endloop
  endfacet
  facet normal -0.442365 -0.896835 0
    outer loop
      vertex -26.85 -39.8377 2.4
      vertex -26.4277 -40.046 7.4
      vertex -26.85 -39.8377 7.4
    endloop
  endfacet
  facet normal -0.442365 -0.896835 -0
    outer loop
      vertex -26.4277 -40.046 7.4
      vertex -26.85 -39.8377 2.4
      vertex -26.4277 -40.046 2.4
    endloop
  endfacet
  facet normal -0.831462 -0.555582 0
    outer loop
      vertex -27.9061 -38.9115 2.4
      vertex -28.1677 -38.52 7.4
      vertex -28.1677 -38.52 2.4
    endloop
  endfacet
  facet normal -0.831462 -0.555582 0
    outer loop
      vertex -28.1677 -38.52 7.4
      vertex -27.9061 -38.9115 2.4
      vertex -27.9061 -38.9115 7.4
    endloop
  endfacet
  facet normal -0.947013 -0.321194 0
    outer loop
      vertex -23.8909 -36.4094 2.4
      vertex -23.9413 -36.2608 7.4
      vertex -23.9413 -36.2608 2.4
    endloop
  endfacet
  facet normal -0.947013 -0.321194 0
    outer loop
      vertex -23.9413 -36.2608 7.4
      vertex -23.8909 -36.4094 2.4
      vertex -23.8909 -36.4094 7.4
    endloop
  endfacet
  facet normal -0.997844 -0.0656309 0
    outer loop
      vertex -23.85 -36.72 2.4
      vertex -23.8603 -36.5634 7.4
      vertex -23.8603 -36.5634 2.4
    endloop
  endfacet
  facet normal -0.997844 -0.0656309 0
    outer loop
      vertex -23.8603 -36.5634 7.4
      vertex -23.85 -36.72 2.4
      vertex -23.85 -36.72 7.4
    endloop
  endfacet
  facet normal 0.997844 -0.0656309 0
    outer loop
      vertex -26.25 -36.72 7.4
      vertex -26.2397 -36.5634 2.4
      vertex -26.2397 -36.5634 7.4
    endloop
  endfacet
  facet normal 0.997844 -0.0656309 0
    outer loop
      vertex -26.2397 -36.5634 2.4
      vertex -26.25 -36.72 7.4
      vertex -26.25 -36.72 2.4
    endloop
  endfacet
  facet normal -0.0656309 -0.997844 0
    outer loop
      vertex -25.05 -35.52 2.4
      vertex -24.8934 -35.5303 7.4
      vertex -25.05 -35.52 7.4
    endloop
  endfacet
  facet normal -0.0656309 -0.997844 -0
    outer loop
      vertex -24.8934 -35.5303 7.4
      vertex -25.05 -35.52 2.4
      vertex -24.8934 -35.5303 2.4
    endloop
  endfacet
  facet normal -0.751787 -0.659406 0
    outer loop
      vertex -24.098 -35.9895 2.4
      vertex -24.2015 -35.8715 7.4
      vertex -24.2015 -35.8715 2.4
    endloop
  endfacet
  facet normal -0.751787 -0.659406 0
    outer loop
      vertex -24.2015 -35.8715 7.4
      vertex -24.098 -35.9895 2.4
      vertex -24.098 -35.9895 7.4
    endloop
  endfacet
  facet normal 0.659406 -0.751787 0
    outer loop
      vertex -25.8985 -35.8715 2.4
      vertex -25.7805 -35.768 7.4
      vertex -25.8985 -35.8715 7.4
    endloop
  endfacet
  facet normal 0.659406 -0.751787 0
    outer loop
      vertex -25.7805 -35.768 7.4
      vertex -25.8985 -35.8715 2.4
      vertex -25.7805 -35.768 2.4
    endloop
  endfacet
  facet normal 0.321194 -0.947013 0
    outer loop
      vertex -25.5092 -35.6113 2.4
      vertex -25.3606 -35.5609 7.4
      vertex -25.5092 -35.6113 7.4
    endloop
  endfacet
  facet normal 0.321194 -0.947013 0
    outer loop
      vertex -25.3606 -35.5609 7.4
      vertex -25.5092 -35.6113 2.4
      vertex -25.3606 -35.5609 2.4
    endloop
  endfacet
  facet normal 0.831462 0.555582 0
    outer loop
      vertex -26.002 -37.4505 7.4
      vertex -26.0892 -37.32 2.4
      vertex -26.0892 -37.32 7.4
    endloop
  endfacet
  facet normal 0.831462 0.555582 0
    outer loop
      vertex -26.0892 -37.32 2.4
      vertex -26.002 -37.4505 7.4
      vertex -26.002 -37.4505 2.4
    endloop
  endfacet
  facet normal -0.896708 -0.442622 0
    outer loop
      vertex -23.9413 -36.2608 2.4
      vertex -24.0108 -36.12 7.4
      vertex -24.0108 -36.12 2.4
    endloop
  endfacet
  facet normal -0.896708 -0.442622 0
    outer loop
      vertex -24.0108 -36.12 7.4
      vertex -23.9413 -36.2608 2.4
      vertex -23.9413 -36.2608 7.4
    endloop
  endfacet
  facet normal -0.831462 -0.555582 0
    outer loop
      vertex -24.0108 -36.12 2.4
      vertex -24.098 -35.9895 7.4
      vertex -24.098 -35.9895 2.4
    endloop
  endfacet
  facet normal -0.831462 -0.555582 0
    outer loop
      vertex -24.098 -35.9895 7.4
      vertex -24.0108 -36.12 2.4
      vertex -24.0108 -36.12 7.4
    endloop
  endfacet
  facet normal -0.442622 -0.896708 0
    outer loop
      vertex -24.5908 -35.6113 2.4
      vertex -24.45 -35.6808 7.4
      vertex -24.5908 -35.6113 7.4
    endloop
  endfacet
  facet normal -0.442622 -0.896708 -0
    outer loop
      vertex -24.45 -35.6808 7.4
      vertex -24.5908 -35.6113 2.4
      vertex -24.45 -35.6808 2.4
    endloop
  endfacet
  facet normal -0.194891 -0.980825 0
    outer loop
      vertex -24.8934 -35.5303 2.4
      vertex -24.7394 -35.5609 7.4
      vertex -24.8934 -35.5303 7.4
    endloop
  endfacet
  facet normal -0.194891 -0.980825 -0
    outer loop
      vertex -24.7394 -35.5609 7.4
      vertex -24.8934 -35.5303 2.4
      vertex -24.7394 -35.5609 2.4
    endloop
  endfacet
  facet normal -0.659406 -0.751787 0
    outer loop
      vertex -24.3195 -35.768 2.4
      vertex -24.2015 -35.8715 7.4
      vertex -24.3195 -35.768 7.4
    endloop
  endfacet
  facet normal -0.659406 -0.751787 -0
    outer loop
      vertex -24.2015 -35.8715 7.4
      vertex -24.3195 -35.768 2.4
      vertex -24.2015 -35.8715 2.4
    endloop
  endfacet
  facet normal 0.896708 -0.442622 0
    outer loop
      vertex -26.1587 -36.2608 7.4
      vertex -26.0892 -36.12 2.4
      vertex -26.0892 -36.12 7.4
    endloop
  endfacet
  facet normal 0.896708 -0.442622 0
    outer loop
      vertex -26.0892 -36.12 2.4
      vertex -26.1587 -36.2608 7.4
      vertex -26.1587 -36.2608 2.4
    endloop
  endfacet
  facet normal 0.831462 -0.555582 0
    outer loop
      vertex -26.0892 -36.12 7.4
      vertex -26.002 -35.9895 2.4
      vertex -26.002 -35.9895 7.4
    endloop
  endfacet
  facet normal 0.831462 -0.555582 0
    outer loop
      vertex -26.002 -35.9895 2.4
      vertex -26.0892 -36.12 7.4
      vertex -26.0892 -36.12 2.4
    endloop
  endfacet
  facet normal 0.980825 -0.194891 0
    outer loop
      vertex -26.2397 -36.5634 7.4
      vertex -26.2091 -36.4094 2.4
      vertex -26.2091 -36.4094 7.4
    endloop
  endfacet
  facet normal 0.980825 -0.194891 0
    outer loop
      vertex -26.2091 -36.4094 2.4
      vertex -26.2397 -36.5634 7.4
      vertex -26.2397 -36.5634 2.4
    endloop
  endfacet
  facet normal 0.442622 -0.896708 0
    outer loop
      vertex -25.65 -35.6808 2.4
      vertex -25.5092 -35.6113 7.4
      vertex -25.65 -35.6808 7.4
    endloop
  endfacet
  facet normal 0.442622 -0.896708 0
    outer loop
      vertex -25.5092 -35.6113 7.4
      vertex -25.65 -35.6808 2.4
      vertex -25.5092 -35.6113 2.4
    endloop
  endfacet
  facet normal 0.0656309 -0.997844 0
    outer loop
      vertex -25.2066 -35.5303 2.4
      vertex -25.05 -35.52 7.4
      vertex -25.2066 -35.5303 7.4
    endloop
  endfacet
  facet normal 0.0656309 -0.997844 0
    outer loop
      vertex -25.05 -35.52 7.4
      vertex -25.2066 -35.5303 2.4
      vertex -25.05 -35.52 2.4
    endloop
  endfacet
  facet normal -0.194891 0.980825 0
    outer loop
      vertex -24.7394 -37.8791 2.4
      vertex -24.8934 -37.9097 7.4
      vertex -24.7394 -37.8791 7.4
    endloop
  endfacet
  facet normal -0.194891 0.980825 0
    outer loop
      vertex -24.8934 -37.9097 7.4
      vertex -24.7394 -37.8791 2.4
      vertex -24.8934 -37.9097 2.4
    endloop
  endfacet
  facet normal -0.0656309 0.997844 0
    outer loop
      vertex -24.8934 -37.9097 2.4
      vertex -25.05 -37.92 7.4
      vertex -24.8934 -37.9097 7.4
    endloop
  endfacet
  facet normal -0.0656309 0.997844 0
    outer loop
      vertex -25.05 -37.92 7.4
      vertex -24.8934 -37.9097 2.4
      vertex -25.05 -37.92 2.4
    endloop
  endfacet
  facet normal -0.659406 0.751787 0
    outer loop
      vertex -24.2015 -37.5685 2.4
      vertex -24.3195 -37.672 7.4
      vertex -24.2015 -37.5685 7.4
    endloop
  endfacet
  facet normal -0.659406 0.751787 0
    outer loop
      vertex -24.3195 -37.672 7.4
      vertex -24.2015 -37.5685 2.4
      vertex -24.3195 -37.672 2.4
    endloop
  endfacet
  facet normal -0.442622 0.896708 0
    outer loop
      vertex -24.45 -37.7592 2.4
      vertex -24.5908 -37.8287 7.4
      vertex -24.45 -37.7592 7.4
    endloop
  endfacet
  facet normal -0.442622 0.896708 0
    outer loop
      vertex -24.5908 -37.8287 7.4
      vertex -24.45 -37.7592 2.4
      vertex -24.5908 -37.8287 2.4
    endloop
  endfacet
  facet normal -0.947013 0.321194 0
    outer loop
      vertex -23.9413 -37.1792 2.4
      vertex -23.8909 -37.0306 7.4
      vertex -23.8909 -37.0306 2.4
    endloop
  endfacet
  facet normal -0.947013 0.321194 0
    outer loop
      vertex -23.8909 -37.0306 7.4
      vertex -23.9413 -37.1792 2.4
      vertex -23.9413 -37.1792 7.4
    endloop
  endfacet
  facet normal 0.321194 0.947013 -0
    outer loop
      vertex -25.3606 -37.8791 2.4
      vertex -25.5092 -37.8287 7.4
      vertex -25.3606 -37.8791 7.4
    endloop
  endfacet
  facet normal 0.321194 0.947013 0
    outer loop
      vertex -25.5092 -37.8287 7.4
      vertex -25.3606 -37.8791 2.4
      vertex -25.5092 -37.8287 2.4
    endloop
  endfacet
  facet normal 0.442622 0.896708 -0
    outer loop
      vertex -25.5092 -37.8287 2.4
      vertex -25.65 -37.7592 7.4
      vertex -25.5092 -37.8287 7.4
    endloop
  endfacet
  facet normal 0.442622 0.896708 0
    outer loop
      vertex -25.65 -37.7592 7.4
      vertex -25.5092 -37.8287 2.4
      vertex -25.65 -37.7592 2.4
    endloop
  endfacet
  facet normal 0.997844 0.0656309 0
    outer loop
      vertex -26.2397 -36.8766 7.4
      vertex -26.25 -36.72 2.4
      vertex -26.25 -36.72 7.4
    endloop
  endfacet
  facet normal 0.997844 0.0656309 0
    outer loop
      vertex -26.25 -36.72 2.4
      vertex -26.2397 -36.8766 7.4
      vertex -26.2397 -36.8766 2.4
    endloop
  endfacet
  facet normal 0.896708 0.442622 0
    outer loop
      vertex -26.0892 -37.32 7.4
      vertex -26.1587 -37.1792 2.4
      vertex -26.1587 -37.1792 7.4
    endloop
  endfacet
  facet normal 0.896708 0.442622 0
    outer loop
      vertex -26.1587 -37.1792 2.4
      vertex -26.0892 -37.32 7.4
      vertex -26.0892 -37.32 2.4
    endloop
  endfacet
  facet normal -0.555582 -0.831462 0
    outer loop
      vertex -24.45 -35.6808 2.4
      vertex -24.3195 -35.768 7.4
      vertex -24.45 -35.6808 7.4
    endloop
  endfacet
  facet normal -0.555582 -0.831462 -0
    outer loop
      vertex -24.3195 -35.768 7.4
      vertex -24.45 -35.6808 2.4
      vertex -24.3195 -35.768 2.4
    endloop
  endfacet
  facet normal 0.751787 -0.659406 0
    outer loop
      vertex -26.002 -35.9895 7.4
      vertex -25.8985 -35.8715 2.4
      vertex -25.8985 -35.8715 7.4
    endloop
  endfacet
  facet normal 0.751787 -0.659406 0
    outer loop
      vertex -25.8985 -35.8715 2.4
      vertex -26.002 -35.9895 7.4
      vertex -26.002 -35.9895 2.4
    endloop
  endfacet
  facet normal 0.555582 -0.831462 0
    outer loop
      vertex -25.7805 -35.768 2.4
      vertex -25.65 -35.6808 7.4
      vertex -25.7805 -35.768 7.4
    endloop
  endfacet
  facet normal 0.555582 -0.831462 0
    outer loop
      vertex -25.65 -35.6808 7.4
      vertex -25.7805 -35.768 2.4
      vertex -25.65 -35.6808 2.4
    endloop
  endfacet
  facet normal 0.194891 -0.980825 0
    outer loop
      vertex -25.3606 -35.5609 2.4
      vertex -25.2066 -35.5303 7.4
      vertex -25.3606 -35.5609 7.4
    endloop
  endfacet
  facet normal 0.194891 -0.980825 0
    outer loop
      vertex -25.2066 -35.5303 7.4
      vertex -25.3606 -35.5609 2.4
      vertex -25.2066 -35.5303 2.4
    endloop
  endfacet
  facet normal -0.555582 0.831462 0
    outer loop
      vertex -24.3195 -37.672 2.4
      vertex -24.45 -37.7592 7.4
      vertex -24.3195 -37.672 7.4
    endloop
  endfacet
  facet normal -0.555582 0.831462 0
    outer loop
      vertex -24.45 -37.7592 7.4
      vertex -24.3195 -37.672 2.4
      vertex -24.45 -37.7592 2.4
    endloop
  endfacet
  facet normal -0.896708 0.442622 0
    outer loop
      vertex -24.0108 -37.32 2.4
      vertex -23.9413 -37.1792 7.4
      vertex -23.9413 -37.1792 2.4
    endloop
  endfacet
  facet normal -0.896708 0.442622 0
    outer loop
      vertex -23.9413 -37.1792 7.4
      vertex -24.0108 -37.32 2.4
      vertex -24.0108 -37.32 7.4
    endloop
  endfacet
  facet normal -0.751787 0.659406 0
    outer loop
      vertex -24.2015 -37.5685 2.4
      vertex -24.098 -37.4505 7.4
      vertex -24.098 -37.4505 2.4
    endloop
  endfacet
  facet normal -0.751787 0.659406 0
    outer loop
      vertex -24.098 -37.4505 7.4
      vertex -24.2015 -37.5685 2.4
      vertex -24.2015 -37.5685 7.4
    endloop
  endfacet
  facet normal -0.831462 0.555582 0
    outer loop
      vertex -24.098 -37.4505 2.4
      vertex -24.0108 -37.32 7.4
      vertex -24.0108 -37.32 2.4
    endloop
  endfacet
  facet normal -0.831462 0.555582 0
    outer loop
      vertex -24.0108 -37.32 7.4
      vertex -24.098 -37.4505 2.4
      vertex -24.098 -37.4505 7.4
    endloop
  endfacet
  facet normal 0.659406 0.751787 -0
    outer loop
      vertex -25.7805 -37.672 2.4
      vertex -25.8985 -37.5685 7.4
      vertex -25.7805 -37.672 7.4
    endloop
  endfacet
  facet normal 0.659406 0.751787 0
    outer loop
      vertex -25.8985 -37.5685 7.4
      vertex -25.7805 -37.672 2.4
      vertex -25.8985 -37.5685 2.4
    endloop
  endfacet
  facet normal 0.0656309 0.997844 -0
    outer loop
      vertex -25.05 -37.92 2.4
      vertex -25.2066 -37.9097 7.4
      vertex -25.05 -37.92 7.4
    endloop
  endfacet
  facet normal 0.0656309 0.997844 0
    outer loop
      vertex -25.2066 -37.9097 7.4
      vertex -25.05 -37.92 2.4
      vertex -25.2066 -37.9097 2.4
    endloop
  endfacet
  facet normal 0.555582 0.831462 -0
    outer loop
      vertex -25.65 -37.7592 2.4
      vertex -25.7805 -37.672 7.4
      vertex -25.65 -37.7592 7.4
    endloop
  endfacet
  facet normal 0.555582 0.831462 0
    outer loop
      vertex -25.7805 -37.672 7.4
      vertex -25.65 -37.7592 2.4
      vertex -25.7805 -37.672 2.4
    endloop
  endfacet
  facet normal 0.751787 0.659406 0
    outer loop
      vertex -25.8985 -37.5685 7.4
      vertex -26.002 -37.4505 2.4
      vertex -26.002 -37.4505 7.4
    endloop
  endfacet
  facet normal 0.751787 0.659406 0
    outer loop
      vertex -26.002 -37.4505 2.4
      vertex -25.8985 -37.5685 7.4
      vertex -25.8985 -37.5685 2.4
    endloop
  endfacet
  facet normal 0.980825 0.194891 0
    outer loop
      vertex -26.2091 -37.0306 7.4
      vertex -26.2397 -36.8766 2.4
      vertex -26.2397 -36.8766 7.4
    endloop
  endfacet
  facet normal 0.980825 0.194891 0
    outer loop
      vertex -26.2397 -36.8766 2.4
      vertex -26.2091 -37.0306 7.4
      vertex -26.2091 -37.0306 2.4
    endloop
  endfacet
  facet normal 0.947013 0.321194 0
    outer loop
      vertex -26.1587 -37.1792 7.4
      vertex -26.2091 -37.0306 2.4
      vertex -26.2091 -37.0306 7.4
    endloop
  endfacet
  facet normal 0.947013 0.321194 0
    outer loop
      vertex -26.2091 -37.0306 2.4
      vertex -26.1587 -37.1792 7.4
      vertex -26.1587 -37.1792 2.4
    endloop
  endfacet
  facet normal -0.980825 -0.194891 0
    outer loop
      vertex -23.8603 -36.5634 2.4
      vertex -23.8909 -36.4094 7.4
      vertex -23.8909 -36.4094 2.4
    endloop
  endfacet
  facet normal -0.980825 -0.194891 0
    outer loop
      vertex -23.8909 -36.4094 7.4
      vertex -23.8603 -36.5634 2.4
      vertex -23.8603 -36.5634 7.4
    endloop
  endfacet
  facet normal -0.321194 -0.947013 0
    outer loop
      vertex -24.7394 -35.5609 2.4
      vertex -24.5908 -35.6113 7.4
      vertex -24.7394 -35.5609 7.4
    endloop
  endfacet
  facet normal -0.321194 -0.947013 -0
    outer loop
      vertex -24.5908 -35.6113 7.4
      vertex -24.7394 -35.5609 2.4
      vertex -24.5908 -35.6113 2.4
    endloop
  endfacet
  facet normal 0.947013 -0.321194 0
    outer loop
      vertex -26.2091 -36.4094 7.4
      vertex -26.1587 -36.2608 2.4
      vertex -26.1587 -36.2608 7.4
    endloop
  endfacet
  facet normal 0.947013 -0.321194 0
    outer loop
      vertex -26.1587 -36.2608 2.4
      vertex -26.2091 -36.4094 7.4
      vertex -26.2091 -36.4094 2.4
    endloop
  endfacet
  facet normal -0.321194 0.947013 0
    outer loop
      vertex -24.5908 -37.8287 2.4
      vertex -24.7394 -37.8791 7.4
      vertex -24.5908 -37.8287 7.4
    endloop
  endfacet
  facet normal -0.321194 0.947013 0
    outer loop
      vertex -24.7394 -37.8791 7.4
      vertex -24.5908 -37.8287 2.4
      vertex -24.7394 -37.8791 2.4
    endloop
  endfacet
  facet normal -0.980825 0.194891 0
    outer loop
      vertex -23.8909 -37.0306 2.4
      vertex -23.8603 -36.8766 7.4
      vertex -23.8603 -36.8766 2.4
    endloop
  endfacet
  facet normal -0.980825 0.194891 0
    outer loop
      vertex -23.8603 -36.8766 7.4
      vertex -23.8909 -37.0306 2.4
      vertex -23.8909 -37.0306 7.4
    endloop
  endfacet
  facet normal -0.997844 0.0656309 0
    outer loop
      vertex -23.8603 -36.8766 2.4
      vertex -23.85 -36.72 7.4
      vertex -23.85 -36.72 2.4
    endloop
  endfacet
  facet normal -0.997844 0.0656309 0
    outer loop
      vertex -23.85 -36.72 7.4
      vertex -23.8603 -36.8766 2.4
      vertex -23.8603 -36.8766 7.4
    endloop
  endfacet
  facet normal 0.194891 0.980825 -0
    outer loop
      vertex -25.2066 -37.9097 2.4
      vertex -25.3606 -37.8791 7.4
      vertex -25.2066 -37.9097 7.4
    endloop
  endfacet
  facet normal 0.194891 0.980825 0
    outer loop
      vertex -25.3606 -37.8791 7.4
      vertex -25.2066 -37.9097 2.4
      vertex -25.3606 -37.8791 2.4
    endloop
  endfacet
  facet normal 0.997859 0.0654055 0
    outer loop
      vertex 28.65 -36.72 7.4
      vertex 28.6192 -36.2501 2.4
      vertex 28.6192 -36.2501 7.4
    endloop
  endfacet
  facet normal 0.997859 0.0654055 0
    outer loop
      vertex 28.6192 -36.2501 2.4
      vertex 28.65 -36.72 7.4
      vertex 28.65 -36.72 2.4
    endloop
  endfacet
  facet normal -0.997859 0.0654055 0
    outer loop
      vertex 21.45 -36.72 2.4
      vertex 21.4808 -36.2501 7.4
      vertex 21.4808 -36.2501 2.4
    endloop
  endfacet
  facet normal -0.997859 0.0654055 0
    outer loop
      vertex 21.4808 -36.2501 7.4
      vertex 21.45 -36.72 2.4
      vertex 21.45 -36.72 7.4
    endloop
  endfacet
  facet normal -0.0654055 0.997859 0
    outer loop
      vertex 25.05 -33.12 2.4
      vertex 24.5801 -33.1508 7.4
      vertex 25.05 -33.12 7.4
    endloop
  endfacet
  facet normal -0.0654055 0.997859 0
    outer loop
      vertex 24.5801 -33.1508 7.4
      vertex 25.05 -33.12 2.4
      vertex 24.5801 -33.1508 2.4
    endloop
  endfacet
  facet normal 0.0654055 -0.997859 0
    outer loop
      vertex 25.05 -40.32 2.4
      vertex 25.5199 -40.2892 7.4
      vertex 25.05 -40.32 7.4
    endloop
  endfacet
  facet normal 0.0654055 -0.997859 0
    outer loop
      vertex 25.5199 -40.2892 7.4
      vertex 25.05 -40.32 2.4
      vertex 25.5199 -40.2892 2.4
    endloop
  endfacet
  facet normal 0.659301 0.751879 -0
    outer loop
      vertex 27.5956 -34.1744 2.4
      vertex 27.2415 -33.8639 7.4
      vertex 27.5956 -34.1744 7.4
    endloop
  endfacet
  facet normal 0.659301 0.751879 0
    outer loop
      vertex 27.2415 -33.8639 7.4
      vertex 27.5956 -34.1744 2.4
      vertex 27.2415 -33.8639 2.4
    endloop
  endfacet
  facet normal -0.751879 0.659301 0
    outer loop
      vertex 22.1939 -34.5285 2.4
      vertex 22.5044 -34.1744 7.4
      vertex 22.5044 -34.1744 2.4
    endloop
  endfacet
  facet normal -0.751879 0.659301 0
    outer loop
      vertex 22.5044 -34.1744 7.4
      vertex 22.1939 -34.5285 2.4
      vertex 22.1939 -34.5285 7.4
    endloop
  endfacet
  facet normal -0.442365 0.896835 0
    outer loop
      vertex 23.6723 -33.394 2.4
      vertex 23.25 -33.6023 7.4
      vertex 23.6723 -33.394 7.4
    endloop
  endfacet
  facet normal -0.442365 0.896835 0
    outer loop
      vertex 23.25 -33.6023 7.4
      vertex 23.6723 -33.394 2.4
      vertex 23.25 -33.6023 2.4
    endloop
  endfacet
  facet normal 0.896835 0.442365 0
    outer loop
      vertex 28.376 -35.3423 7.4
      vertex 28.1677 -34.92 2.4
      vertex 28.1677 -34.92 7.4
    endloop
  endfacet
  facet normal 0.896835 0.442365 0
    outer loop
      vertex 28.1677 -34.92 2.4
      vertex 28.376 -35.3423 7.4
      vertex 28.376 -35.3423 2.4
    endloop
  endfacet
  facet normal 0.831462 0.555582 0
    outer loop
      vertex 28.1677 -34.92 7.4
      vertex 27.9061 -34.5285 2.4
      vertex 27.9061 -34.5285 7.4
    endloop
  endfacet
  facet normal 0.831462 0.555582 0
    outer loop
      vertex 27.9061 -34.5285 2.4
      vertex 28.1677 -34.92 7.4
      vertex 28.1677 -34.92 2.4
    endloop
  endfacet
  facet normal 0.321256 0.946993 -0
    outer loop
      vertex 26.4277 -33.394 2.4
      vertex 25.9817 -33.2427 7.4
      vertex 26.4277 -33.394 7.4
    endloop
  endfacet
  facet normal 0.321256 0.946993 0
    outer loop
      vertex 25.9817 -33.2427 7.4
      vertex 26.4277 -33.394 2.4
      vertex 25.9817 -33.2427 2.4
    endloop
  endfacet
  facet normal 0.195177 0.980768 -0
    outer loop
      vertex 25.9817 -33.2427 2.4
      vertex 25.5199 -33.1508 7.4
      vertex 25.9817 -33.2427 7.4
    endloop
  endfacet
  facet normal 0.195177 0.980768 0
    outer loop
      vertex 25.5199 -33.1508 7.4
      vertex 25.9817 -33.2427 2.4
      vertex 25.5199 -33.1508 2.4
    endloop
  endfacet
  facet normal 0.442365 0.896835 -0
    outer loop
      vertex 26.85 -33.6023 2.4
      vertex 26.4277 -33.394 7.4
      vertex 26.85 -33.6023 7.4
    endloop
  endfacet
  facet normal 0.442365 0.896835 0
    outer loop
      vertex 26.4277 -33.394 7.4
      vertex 26.85 -33.6023 2.4
      vertex 26.4277 -33.394 2.4
    endloop
  endfacet
  facet normal -0.896835 0.442365 0
    outer loop
      vertex 21.724 -35.3423 2.4
      vertex 21.9323 -34.92 7.4
      vertex 21.9323 -34.92 2.4
    endloop
  endfacet
  facet normal -0.896835 0.442365 0
    outer loop
      vertex 21.9323 -34.92 7.4
      vertex 21.724 -35.3423 2.4
      vertex 21.724 -35.3423 7.4
    endloop
  endfacet
  facet normal -0.831462 0.555582 0
    outer loop
      vertex 21.9323 -34.92 2.4
      vertex 22.1939 -34.5285 7.4
      vertex 22.1939 -34.5285 2.4
    endloop
  endfacet
  facet normal -0.831462 0.555582 0
    outer loop
      vertex 22.1939 -34.5285 7.4
      vertex 21.9323 -34.92 2.4
      vertex 21.9323 -34.92 7.4
    endloop
  endfacet
  facet normal 0 0 1
    outer loop
      vertex 26.25 -36.72 7.4
      vertex 28.65 -36.72 7.4
      vertex 28.6192 -36.2501 7.4
    endloop
  endfacet
  facet normal 0 0 1
    outer loop
      vertex 26.2397 -36.5634 7.4
      vertex 28.6192 -36.2501 7.4
      vertex 28.5273 -35.7882 7.4
    endloop
  endfacet
  facet normal 0 0 1
    outer loop
      vertex 28.65 -36.72 7.4
      vertex 26.25 -36.72 7.4
      vertex 28.6192 -37.1899 7.4
    endloop
  endfacet
  facet normal 0 0 1
    outer loop
      vertex 26.2091 -36.4094 7.4
      vertex 28.5273 -35.7882 7.4
      vertex 28.376 -35.3423 7.4
    endloop
  endfacet
  facet normal -0 0 1
    outer loop
      vertex 26.2397 -36.8766 7.4
      vertex 28.6192 -37.1899 7.4
      vertex 26.25 -36.72 7.4
    endloop
  endfacet
  facet normal 0 0 1
    outer loop
      vertex 26.1587 -36.2608 7.4
      vertex 28.376 -35.3423 7.4
      vertex 28.1677 -34.92 7.4
    endloop
  endfacet
  facet normal 0 0 1
    outer loop
      vertex 28.6192 -37.1899 7.4
      vertex 26.2397 -36.8766 7.4
      vertex 28.5273 -37.6517 7.4
    endloop
  endfacet
  facet normal 0 0 1
    outer loop
      vertex 26.0892 -36.12 7.4
      vertex 28.1677 -34.92 7.4
      vertex 27.9061 -34.5285 7.4
    endloop
  endfacet
  facet normal -0 0 1
    outer loop
      vertex 26.2091 -37.0306 7.4
      vertex 28.5273 -37.6517 7.4
      vertex 26.2397 -36.8766 7.4
    endloop
  endfacet
  facet normal 0 0 1
    outer loop
      vertex 26.002 -35.9895 7.4
      vertex 27.9061 -34.5285 7.4
      vertex 27.5956 -34.1744 7.4
    endloop
  endfacet
  facet normal 0 0 1
    outer loop
      vertex 28.5273 -37.6517 7.4
      vertex 26.2091 -37.0306 7.4
      vertex 28.376 -38.0977 7.4
    endloop
  endfacet
  facet normal 0 0 1
    outer loop
      vertex 25.8985 -35.8715 7.4
      vertex 27.5956 -34.1744 7.4
      vertex 27.2415 -33.8639 7.4
    endloop
  endfacet
  facet normal -0 0 1
    outer loop
      vertex 26.1587 -37.1792 7.4
      vertex 28.376 -38.0977 7.4
      vertex 26.2091 -37.0306 7.4
    endloop
  endfacet
  facet normal 0 0 1
    outer loop
      vertex 25.7805 -35.768 7.4
      vertex 27.2415 -33.8639 7.4
      vertex 26.85 -33.6023 7.4
    endloop
  endfacet
  facet normal 0 0 1
    outer loop
      vertex 28.376 -38.0977 7.4
      vertex 26.1587 -37.1792 7.4
      vertex 28.1677 -38.52 7.4
    endloop
  endfacet
  facet normal 0 0 1
    outer loop
      vertex 25.65 -35.6808 7.4
      vertex 26.85 -33.6023 7.4
      vertex 26.4277 -33.394 7.4
    endloop
  endfacet
  facet normal -0 0 1
    outer loop
      vertex 26.0892 -37.32 7.4
      vertex 28.1677 -38.52 7.4
      vertex 26.1587 -37.1792 7.4
    endloop
  endfacet
  facet normal 0 0 1
    outer loop
      vertex 28.1677 -38.52 7.4
      vertex 26.0892 -37.32 7.4
      vertex 27.9061 -38.9115 7.4
    endloop
  endfacet
  facet normal 0 0 1
    outer loop
      vertex 28.6192 -36.2501 7.4
      vertex 26.2397 -36.5634 7.4
      vertex 26.25 -36.72 7.4
    endloop
  endfacet
  facet normal 0 0 1
    outer loop
      vertex 28.5273 -35.7882 7.4
      vertex 26.2091 -36.4094 7.4
      vertex 26.2397 -36.5634 7.4
    endloop
  endfacet
  facet normal 0 0 1
    outer loop
      vertex 28.376 -35.3423 7.4
      vertex 26.1587 -36.2608 7.4
      vertex 26.2091 -36.4094 7.4
    endloop
  endfacet
  facet normal 0 0 1
    outer loop
      vertex 28.1677 -34.92 7.4
      vertex 26.0892 -36.12 7.4
      vertex 26.1587 -36.2608 7.4
    endloop
  endfacet
  facet normal 0 0 1
    outer loop
      vertex 27.9061 -34.5285 7.4
      vertex 26.002 -35.9895 7.4
      vertex 26.0892 -36.12 7.4
    endloop
  endfacet
  facet normal 0 0 1
    outer loop
      vertex 25.5092 -35.6113 7.4
      vertex 26.4277 -33.394 7.4
      vertex 25.9817 -33.2427 7.4
    endloop
  endfacet
  facet normal 0 0 1
    outer loop
      vertex 27.5956 -34.1744 7.4
      vertex 25.8985 -35.8715 7.4
      vertex 26.002 -35.9895 7.4
    endloop
  endfacet
  facet normal 0 0 1
    outer loop
      vertex 27.2415 -33.8639 7.4
      vertex 25.7805 -35.768 7.4
      vertex 25.8985 -35.8715 7.4
    endloop
  endfacet
  facet normal 0 0 1
    outer loop
      vertex 26.85 -33.6023 7.4
      vertex 25.65 -35.6808 7.4
      vertex 25.7805 -35.768 7.4
    endloop
  endfacet
  facet normal 0 0 1
    outer loop
      vertex 25.3606 -35.5609 7.4
      vertex 25.9817 -33.2427 7.4
      vertex 25.5199 -33.1508 7.4
    endloop
  endfacet
  facet normal 0 0 1
    outer loop
      vertex 26.4277 -33.394 7.4
      vertex 25.5092 -35.6113 7.4
      vertex 25.65 -35.6808 7.4
    endloop
  endfacet
  facet normal 0 0 1
    outer loop
      vertex 25.9817 -33.2427 7.4
      vertex 25.3606 -35.5609 7.4
      vertex 25.5092 -35.6113 7.4
    endloop
  endfacet
  facet normal 0 0 1
    outer loop
      vertex 25.5199 -33.1508 7.4
      vertex 25.2066 -35.5303 7.4
      vertex 25.3606 -35.5609 7.4
    endloop
  endfacet
  facet normal 0 0 1
    outer loop
      vertex 25.05 -33.12 7.4
      vertex 25.2066 -35.5303 7.4
      vertex 25.5199 -33.1508 7.4
    endloop
  endfacet
  facet normal 0 0 1
    outer loop
      vertex 25.05 -33.12 7.4
      vertex 25.05 -35.52 7.4
      vertex 25.2066 -35.5303 7.4
    endloop
  endfacet
  facet normal 0 0 1
    outer loop
      vertex 25.05 -33.12 7.4
      vertex 24.8934 -35.5303 7.4
      vertex 25.05 -35.52 7.4
    endloop
  endfacet
  facet normal -0 0 1
    outer loop
      vertex 24.5801 -33.1508 7.4
      vertex 24.8934 -35.5303 7.4
      vertex 25.05 -33.12 7.4
    endloop
  endfacet
  facet normal 0 0 1
    outer loop
      vertex 24.8934 -35.5303 7.4
      vertex 24.5801 -33.1508 7.4
      vertex 24.7394 -35.5609 7.4
    endloop
  endfacet
  facet normal -0 0 1
    outer loop
      vertex 24.1183 -33.2427 7.4
      vertex 24.7394 -35.5609 7.4
      vertex 24.5801 -33.1508 7.4
    endloop
  endfacet
  facet normal 0 0 1
    outer loop
      vertex 24.7394 -35.5609 7.4
      vertex 24.1183 -33.2427 7.4
      vertex 24.5908 -35.6113 7.4
    endloop
  endfacet
  facet normal -0 0 1
    outer loop
      vertex 23.6723 -33.394 7.4
      vertex 24.5908 -35.6113 7.4
      vertex 24.1183 -33.2427 7.4
    endloop
  endfacet
  facet normal 0 0 1
    outer loop
      vertex 24.5908 -35.6113 7.4
      vertex 23.6723 -33.394 7.4
      vertex 24.45 -35.6808 7.4
    endloop
  endfacet
  facet normal -0 0 1
    outer loop
      vertex 23.25 -33.6023 7.4
      vertex 24.45 -35.6808 7.4
      vertex 23.6723 -33.394 7.4
    endloop
  endfacet
  facet normal 0 0 1
    outer loop
      vertex 24.45 -35.6808 7.4
      vertex 23.25 -33.6023 7.4
      vertex 24.3195 -35.768 7.4
    endloop
  endfacet
  facet normal -0 0 1
    outer loop
      vertex 22.8585 -33.8639 7.4
      vertex 24.3195 -35.768 7.4
      vertex 23.25 -33.6023 7.4
    endloop
  endfacet
  facet normal 0 0 1
    outer loop
      vertex 24.3195 -35.768 7.4
      vertex 22.8585 -33.8639 7.4
      vertex 24.2015 -35.8715 7.4
    endloop
  endfacet
  facet normal -0 0 1
    outer loop
      vertex 22.5044 -34.1744 7.4
      vertex 24.2015 -35.8715 7.4
      vertex 22.8585 -33.8639 7.4
    endloop
  endfacet
  facet normal 0 0 1
    outer loop
      vertex 24.2015 -35.8715 7.4
      vertex 22.5044 -34.1744 7.4
      vertex 24.098 -35.9895 7.4
    endloop
  endfacet
  facet normal 0 0 1
    outer loop
      vertex 24.098 -35.9895 7.4
      vertex 22.1939 -34.5285 7.4
      vertex 24.0108 -36.12 7.4
    endloop
  endfacet
  facet normal -0 0 1
    outer loop
      vertex 22.1939 -34.5285 7.4
      vertex 24.098 -35.9895 7.4
      vertex 22.5044 -34.1744 7.4
    endloop
  endfacet
  facet normal -0 0 1
    outer loop
      vertex 26.002 -37.4505 7.4
      vertex 27.9061 -38.9115 7.4
      vertex 26.0892 -37.32 7.4
    endloop
  endfacet
  facet normal 0 0 1
    outer loop
      vertex 27.9061 -38.9115 7.4
      vertex 26.002 -37.4505 7.4
      vertex 27.5956 -39.2656 7.4
    endloop
  endfacet
  facet normal -0 0 1
    outer loop
      vertex 25.8985 -37.5685 7.4
      vertex 27.5956 -39.2656 7.4
      vertex 26.002 -37.4505 7.4
    endloop
  endfacet
  facet normal 0 0 1
    outer loop
      vertex 27.5956 -39.2656 7.4
      vertex 25.8985 -37.5685 7.4
      vertex 27.2415 -39.5761 7.4
    endloop
  endfacet
  facet normal -0 0 1
    outer loop
      vertex 25.7805 -37.672 7.4
      vertex 27.2415 -39.5761 7.4
      vertex 25.8985 -37.5685 7.4
    endloop
  endfacet
  facet normal 0 0 1
    outer loop
      vertex 27.2415 -39.5761 7.4
      vertex 25.7805 -37.672 7.4
      vertex 26.85 -39.8377 7.4
    endloop
  endfacet
  facet normal -0 0 1
    outer loop
      vertex 25.65 -37.7592 7.4
      vertex 26.85 -39.8377 7.4
      vertex 25.7805 -37.672 7.4
    endloop
  endfacet
  facet normal 0 0 1
    outer loop
      vertex 26.85 -39.8377 7.4
      vertex 25.65 -37.7592 7.4
      vertex 26.4277 -40.046 7.4
    endloop
  endfacet
  facet normal -0 0 1
    outer loop
      vertex 25.5092 -37.8287 7.4
      vertex 26.4277 -40.046 7.4
      vertex 25.65 -37.7592 7.4
    endloop
  endfacet
  facet normal 0 0 1
    outer loop
      vertex 26.4277 -40.046 7.4
      vertex 25.5092 -37.8287 7.4
      vertex 25.9817 -40.1973 7.4
    endloop
  endfacet
  facet normal -0 0 1
    outer loop
      vertex 25.3606 -37.8791 7.4
      vertex 25.9817 -40.1973 7.4
      vertex 25.5092 -37.8287 7.4
    endloop
  endfacet
  facet normal 0 0 1
    outer loop
      vertex 25.9817 -40.1973 7.4
      vertex 25.3606 -37.8791 7.4
      vertex 25.5199 -40.2892 7.4
    endloop
  endfacet
  facet normal -0 0 1
    outer loop
      vertex 25.2066 -37.9097 7.4
      vertex 25.5199 -40.2892 7.4
      vertex 25.3606 -37.8791 7.4
    endloop
  endfacet
  facet normal -0 0 1
    outer loop
      vertex 25.05 -37.92 7.4
      vertex 25.5199 -40.2892 7.4
      vertex 25.2066 -37.9097 7.4
    endloop
  endfacet
  facet normal 0 0 1
    outer loop
      vertex 25.05 -37.92 7.4
      vertex 25.05 -40.32 7.4
      vertex 25.5199 -40.2892 7.4
    endloop
  endfacet
  facet normal 0 0 1
    outer loop
      vertex 24.8934 -37.9097 7.4
      vertex 25.05 -40.32 7.4
      vertex 25.05 -37.92 7.4
    endloop
  endfacet
  facet normal 0 0 1
    outer loop
      vertex 24.5801 -40.2892 7.4
      vertex 24.8934 -37.9097 7.4
      vertex 24.7394 -37.8791 7.4
    endloop
  endfacet
  facet normal 0 0 1
    outer loop
      vertex 24.1183 -40.1973 7.4
      vertex 24.7394 -37.8791 7.4
      vertex 24.5908 -37.8287 7.4
    endloop
  endfacet
  facet normal 0 0 1
    outer loop
      vertex 24.8934 -37.9097 7.4
      vertex 24.5801 -40.2892 7.4
      vertex 25.05 -40.32 7.4
    endloop
  endfacet
  facet normal 0 0 1
    outer loop
      vertex 23.6723 -40.046 7.4
      vertex 24.5908 -37.8287 7.4
      vertex 24.45 -37.7592 7.4
    endloop
  endfacet
  facet normal 0 0 1
    outer loop
      vertex 23.25 -39.8377 7.4
      vertex 24.45 -37.7592 7.4
      vertex 24.3195 -37.672 7.4
    endloop
  endfacet
  facet normal 0 0 1
    outer loop
      vertex 22.8585 -39.5761 7.4
      vertex 24.3195 -37.672 7.4
      vertex 24.2015 -37.5685 7.4
    endloop
  endfacet
  facet normal 0 0 1
    outer loop
      vertex 24.7394 -37.8791 7.4
      vertex 24.1183 -40.1973 7.4
      vertex 24.5801 -40.2892 7.4
    endloop
  endfacet
  facet normal 0 0 1
    outer loop
      vertex 22.5044 -39.2656 7.4
      vertex 24.2015 -37.5685 7.4
      vertex 24.098 -37.4505 7.4
    endloop
  endfacet
  facet normal 0 0 1
    outer loop
      vertex 22.1939 -38.9115 7.4
      vertex 24.098 -37.4505 7.4
      vertex 24.0108 -37.32 7.4
    endloop
  endfacet
  facet normal 0 0 1
    outer loop
      vertex 21.9323 -38.52 7.4
      vertex 24.0108 -37.32 7.4
      vertex 23.9413 -37.1792 7.4
    endloop
  endfacet
  facet normal 0 0 1
    outer loop
      vertex 21.724 -38.0977 7.4
      vertex 23.9413 -37.1792 7.4
      vertex 23.8909 -37.0306 7.4
    endloop
  endfacet
  facet normal 0 0 1
    outer loop
      vertex 21.5727 -37.6517 7.4
      vertex 23.8909 -37.0306 7.4
      vertex 23.8603 -36.8766 7.4
    endloop
  endfacet
  facet normal 0 0 1
    outer loop
      vertex 24.5908 -37.8287 7.4
      vertex 23.6723 -40.046 7.4
      vertex 24.1183 -40.1973 7.4
    endloop
  endfacet
  facet normal 0 0 1
    outer loop
      vertex 21.4808 -37.1899 7.4
      vertex 23.8603 -36.8766 7.4
      vertex 23.85 -36.72 7.4
    endloop
  endfacet
  facet normal -0 0 1
    outer loop
      vertex 21.9323 -34.92 7.4
      vertex 24.0108 -36.12 7.4
      vertex 22.1939 -34.5285 7.4
    endloop
  endfacet
  facet normal 0 0 1
    outer loop
      vertex 24.0108 -36.12 7.4
      vertex 21.9323 -34.92 7.4
      vertex 23.9413 -36.2608 7.4
    endloop
  endfacet
  facet normal 0 0 1
    outer loop
      vertex 24.45 -37.7592 7.4
      vertex 23.25 -39.8377 7.4
      vertex 23.6723 -40.046 7.4
    endloop
  endfacet
  facet normal -0 0 1
    outer loop
      vertex 21.724 -35.3423 7.4
      vertex 23.9413 -36.2608 7.4
      vertex 21.9323 -34.92 7.4
    endloop
  endfacet
  facet normal 0 0 1
    outer loop
      vertex 24.3195 -37.672 7.4
      vertex 22.8585 -39.5761 7.4
      vertex 23.25 -39.8377 7.4
    endloop
  endfacet
  facet normal 0 0 1
    outer loop
      vertex 23.9413 -36.2608 7.4
      vertex 21.724 -35.3423 7.4
      vertex 23.8909 -36.4094 7.4
    endloop
  endfacet
  facet normal 0 0 1
    outer loop
      vertex 24.2015 -37.5685 7.4
      vertex 22.5044 -39.2656 7.4
      vertex 22.8585 -39.5761 7.4
    endloop
  endfacet
  facet normal -0 0 1
    outer loop
      vertex 21.5727 -35.7882 7.4
      vertex 23.8909 -36.4094 7.4
      vertex 21.724 -35.3423 7.4
    endloop
  endfacet
  facet normal 0 0 1
    outer loop
      vertex 24.098 -37.4505 7.4
      vertex 22.1939 -38.9115 7.4
      vertex 22.5044 -39.2656 7.4
    endloop
  endfacet
  facet normal 0 0 1
    outer loop
      vertex 23.8909 -36.4094 7.4
      vertex 21.5727 -35.7882 7.4
      vertex 23.8603 -36.5634 7.4
    endloop
  endfacet
  facet normal 0 0 1
    outer loop
      vertex 24.0108 -37.32 7.4
      vertex 21.9323 -38.52 7.4
      vertex 22.1939 -38.9115 7.4
    endloop
  endfacet
  facet normal -0 0 1
    outer loop
      vertex 21.4808 -36.2501 7.4
      vertex 23.8603 -36.5634 7.4
      vertex 21.5727 -35.7882 7.4
    endloop
  endfacet
  facet normal 0 0 1
    outer loop
      vertex 23.9413 -37.1792 7.4
      vertex 21.724 -38.0977 7.4
      vertex 21.9323 -38.52 7.4
    endloop
  endfacet
  facet normal 0 0 1
    outer loop
      vertex 23.8603 -36.5634 7.4
      vertex 21.4808 -36.2501 7.4
      vertex 23.85 -36.72 7.4
    endloop
  endfacet
  facet normal 0 0 1
    outer loop
      vertex 23.8909 -37.0306 7.4
      vertex 21.5727 -37.6517 7.4
      vertex 21.724 -38.0977 7.4
    endloop
  endfacet
  facet normal 0 0 1
    outer loop
      vertex 21.45 -36.72 7.4
      vertex 23.85 -36.72 7.4
      vertex 21.4808 -36.2501 7.4
    endloop
  endfacet
  facet normal 0 0 1
    outer loop
      vertex 23.8603 -36.8766 7.4
      vertex 21.4808 -37.1899 7.4
      vertex 21.5727 -37.6517 7.4
    endloop
  endfacet
  facet normal 0 0 1
    outer loop
      vertex 23.85 -36.72 7.4
      vertex 21.45 -36.72 7.4
      vertex 21.4808 -37.1899 7.4
    endloop
  endfacet
  facet normal -0.555582 0.831462 0
    outer loop
      vertex 23.25 -33.6023 2.4
      vertex 22.8585 -33.8639 7.4
      vertex 23.25 -33.6023 7.4
    endloop
  endfacet
  facet normal -0.555582 0.831462 0
    outer loop
      vertex 22.8585 -33.8639 7.4
      vertex 23.25 -33.6023 2.4
      vertex 22.8585 -33.8639 2.4
    endloop
  endfacet
  facet normal -0.321256 0.946993 0
    outer loop
      vertex 24.1183 -33.2427 2.4
      vertex 23.6723 -33.394 7.4
      vertex 24.1183 -33.2427 7.4
    endloop
  endfacet
  facet normal -0.321256 0.946993 0
    outer loop
      vertex 23.6723 -33.394 7.4
      vertex 24.1183 -33.2427 2.4
      vertex 23.6723 -33.394 2.4
    endloop
  endfacet
  facet normal 0 0 -1
    outer loop
      vertex 26.25 -36.72 2.4
      vertex 28.65 -36.72 2.4
      vertex 28.6192 -37.1899 2.4
    endloop
  endfacet
  facet normal 0 0 -1
    outer loop
      vertex 26.2397 -36.8766 2.4
      vertex 28.6192 -37.1899 2.4
      vertex 28.5273 -37.6517 2.4
    endloop
  endfacet
  facet normal 0 0 -1
    outer loop
      vertex 28.65 -36.72 2.4
      vertex 26.25 -36.72 2.4
      vertex 28.6192 -36.2501 2.4
    endloop
  endfacet
  facet normal 0 0 -1
    outer loop
      vertex 26.2091 -37.0306 2.4
      vertex 28.5273 -37.6517 2.4
      vertex 28.376 -38.0977 2.4
    endloop
  endfacet
  facet normal 0 0 -1
    outer loop
      vertex 26.2397 -36.5634 2.4
      vertex 28.6192 -36.2501 2.4
      vertex 26.25 -36.72 2.4
    endloop
  endfacet
  facet normal 0 0 -1
    outer loop
      vertex 26.1587 -37.1792 2.4
      vertex 28.376 -38.0977 2.4
      vertex 28.1677 -38.52 2.4
    endloop
  endfacet
  facet normal -0 0 -1
    outer loop
      vertex 28.6192 -36.2501 2.4
      vertex 26.2397 -36.5634 2.4
      vertex 28.5273 -35.7882 2.4
    endloop
  endfacet
  facet normal 0 0 -1
    outer loop
      vertex 26.0892 -37.32 2.4
      vertex 28.1677 -38.52 2.4
      vertex 27.9061 -38.9115 2.4
    endloop
  endfacet
  facet normal 0 0 -1
    outer loop
      vertex 26.2091 -36.4094 2.4
      vertex 28.5273 -35.7882 2.4
      vertex 26.2397 -36.5634 2.4
    endloop
  endfacet
  facet normal 0 0 -1
    outer loop
      vertex 26.002 -37.4505 2.4
      vertex 27.9061 -38.9115 2.4
      vertex 27.5956 -39.2656 2.4
    endloop
  endfacet
  facet normal -0 0 -1
    outer loop
      vertex 28.5273 -35.7882 2.4
      vertex 26.2091 -36.4094 2.4
      vertex 28.376 -35.3423 2.4
    endloop
  endfacet
  facet normal 0 0 -1
    outer loop
      vertex 25.8985 -37.5685 2.4
      vertex 27.5956 -39.2656 2.4
      vertex 27.2415 -39.5761 2.4
    endloop
  endfacet
  facet normal 0 0 -1
    outer loop
      vertex 26.1587 -36.2608 2.4
      vertex 28.376 -35.3423 2.4
      vertex 26.2091 -36.4094 2.4
    endloop
  endfacet
  facet normal 0 0 -1
    outer loop
      vertex 25.7805 -37.672 2.4
      vertex 27.2415 -39.5761 2.4
      vertex 26.85 -39.8377 2.4
    endloop
  endfacet
  facet normal -0 0 -1
    outer loop
      vertex 28.376 -35.3423 2.4
      vertex 26.1587 -36.2608 2.4
      vertex 28.1677 -34.92 2.4
    endloop
  endfacet
  facet normal 0 0 -1
    outer loop
      vertex 25.65 -37.7592 2.4
      vertex 26.85 -39.8377 2.4
      vertex 26.4277 -40.046 2.4
    endloop
  endfacet
  facet normal 0 0 -1
    outer loop
      vertex 26.0892 -36.12 2.4
      vertex 28.1677 -34.92 2.4
      vertex 26.1587 -36.2608 2.4
    endloop
  endfacet
  facet normal -0 0 -1
    outer loop
      vertex 28.1677 -34.92 2.4
      vertex 26.0892 -36.12 2.4
      vertex 27.9061 -34.5285 2.4
    endloop
  endfacet
  facet normal 0 0 -1
    outer loop
      vertex 28.6192 -37.1899 2.4
      vertex 26.2397 -36.8766 2.4
      vertex 26.25 -36.72 2.4
    endloop
  endfacet
  facet normal 0 0 -1
    outer loop
      vertex 28.5273 -37.6517 2.4
      vertex 26.2091 -37.0306 2.4
      vertex 26.2397 -36.8766 2.4
    endloop
  endfacet
  facet normal 0 0 -1
    outer loop
      vertex 28.376 -38.0977 2.4
      vertex 26.1587 -37.1792 2.4
      vertex 26.2091 -37.0306 2.4
    endloop
  endfacet
  facet normal 0 0 -1
    outer loop
      vertex 28.1677 -38.52 2.4
      vertex 26.0892 -37.32 2.4
      vertex 26.1587 -37.1792 2.4
    endloop
  endfacet
  facet normal 0 0 -1
    outer loop
      vertex 27.9061 -38.9115 2.4
      vertex 26.002 -37.4505 2.4
      vertex 26.0892 -37.32 2.4
    endloop
  endfacet
  facet normal 0 0 -1
    outer loop
      vertex 25.5092 -37.8287 2.4
      vertex 26.4277 -40.046 2.4
      vertex 25.9817 -40.1973 2.4
    endloop
  endfacet
  facet normal 0 0 -1
    outer loop
      vertex 27.5956 -39.2656 2.4
      vertex 25.8985 -37.5685 2.4
      vertex 26.002 -37.4505 2.4
    endloop
  endfacet
  facet normal 0 0 -1
    outer loop
      vertex 27.2415 -39.5761 2.4
      vertex 25.7805 -37.672 2.4
      vertex 25.8985 -37.5685 2.4
    endloop
  endfacet
  facet normal 0 0 -1
    outer loop
      vertex 26.85 -39.8377 2.4
      vertex 25.65 -37.7592 2.4
      vertex 25.7805 -37.672 2.4
    endloop
  endfacet
  facet normal 0 0 -1
    outer loop
      vertex 25.3606 -37.8791 2.4
      vertex 25.9817 -40.1973 2.4
      vertex 25.5199 -40.2892 2.4
    endloop
  endfacet
  facet normal 0 0 -1
    outer loop
      vertex 26.4277 -40.046 2.4
      vertex 25.5092 -37.8287 2.4
      vertex 25.65 -37.7592 2.4
    endloop
  endfacet
  facet normal 0 0 -1
    outer loop
      vertex 25.9817 -40.1973 2.4
      vertex 25.3606 -37.8791 2.4
      vertex 25.5092 -37.8287 2.4
    endloop
  endfacet
  facet normal 0 0 -1
    outer loop
      vertex 25.5199 -40.2892 2.4
      vertex 25.2066 -37.9097 2.4
      vertex 25.3606 -37.8791 2.4
    endloop
  endfacet
  facet normal 0 0 -1
    outer loop
      vertex 25.05 -40.32 2.4
      vertex 25.2066 -37.9097 2.4
      vertex 25.5199 -40.2892 2.4
    endloop
  endfacet
  facet normal 0 0 -1
    outer loop
      vertex 25.05 -40.32 2.4
      vertex 25.05 -37.92 2.4
      vertex 25.2066 -37.9097 2.4
    endloop
  endfacet
  facet normal 0 0 -1
    outer loop
      vertex 25.05 -40.32 2.4
      vertex 24.8934 -37.9097 2.4
      vertex 25.05 -37.92 2.4
    endloop
  endfacet
  facet normal 0 0 -1
    outer loop
      vertex 24.5801 -40.2892 2.4
      vertex 24.8934 -37.9097 2.4
      vertex 25.05 -40.32 2.4
    endloop
  endfacet
  facet normal -0 0 -1
    outer loop
      vertex 24.8934 -37.9097 2.4
      vertex 24.5801 -40.2892 2.4
      vertex 24.7394 -37.8791 2.4
    endloop
  endfacet
  facet normal 0 0 -1
    outer loop
      vertex 24.1183 -40.1973 2.4
      vertex 24.7394 -37.8791 2.4
      vertex 24.5801 -40.2892 2.4
    endloop
  endfacet
  facet normal -0 0 -1
    outer loop
      vertex 24.7394 -37.8791 2.4
      vertex 24.1183 -40.1973 2.4
      vertex 24.5908 -37.8287 2.4
    endloop
  endfacet
  facet normal 0 0 -1
    outer loop
      vertex 23.6723 -40.046 2.4
      vertex 24.5908 -37.8287 2.4
      vertex 24.1183 -40.1973 2.4
    endloop
  endfacet
  facet normal -0 0 -1
    outer loop
      vertex 24.5908 -37.8287 2.4
      vertex 23.6723 -40.046 2.4
      vertex 24.45 -37.7592 2.4
    endloop
  endfacet
  facet normal 0 0 -1
    outer loop
      vertex 23.25 -39.8377 2.4
      vertex 24.45 -37.7592 2.4
      vertex 23.6723 -40.046 2.4
    endloop
  endfacet
  facet normal -0 0 -1
    outer loop
      vertex 24.45 -37.7592 2.4
      vertex 23.25 -39.8377 2.4
      vertex 24.3195 -37.672 2.4
    endloop
  endfacet
  facet normal 0 0 -1
    outer loop
      vertex 22.8585 -39.5761 2.4
      vertex 24.3195 -37.672 2.4
      vertex 23.25 -39.8377 2.4
    endloop
  endfacet
  facet normal -0 0 -1
    outer loop
      vertex 24.3195 -37.672 2.4
      vertex 22.8585 -39.5761 2.4
      vertex 24.2015 -37.5685 2.4
    endloop
  endfacet
  facet normal 0 0 -1
    outer loop
      vertex 22.5044 -39.2656 2.4
      vertex 24.2015 -37.5685 2.4
      vertex 22.8585 -39.5761 2.4
    endloop
  endfacet
  facet normal -0 0 -1
    outer loop
      vertex 24.2015 -37.5685 2.4
      vertex 22.5044 -39.2656 2.4
      vertex 24.098 -37.4505 2.4
    endloop
  endfacet
  facet normal -0 0 -1
    outer loop
      vertex 24.098 -37.4505 2.4
      vertex 22.1939 -38.9115 2.4
      vertex 24.0108 -37.32 2.4
    endloop
  endfacet
  facet normal 0 0 -1
    outer loop
      vertex 22.1939 -38.9115 2.4
      vertex 24.098 -37.4505 2.4
      vertex 22.5044 -39.2656 2.4
    endloop
  endfacet
  facet normal 0 0 -1
    outer loop
      vertex 26.002 -35.9895 2.4
      vertex 27.9061 -34.5285 2.4
      vertex 26.0892 -36.12 2.4
    endloop
  endfacet
  facet normal -0 0 -1
    outer loop
      vertex 27.9061 -34.5285 2.4
      vertex 26.002 -35.9895 2.4
      vertex 27.5956 -34.1744 2.4
    endloop
  endfacet
  facet normal 0 0 -1
    outer loop
      vertex 25.8985 -35.8715 2.4
      vertex 27.5956 -34.1744 2.4
      vertex 26.002 -35.9895 2.4
    endloop
  endfacet
  facet normal -0 0 -1
    outer loop
      vertex 27.5956 -34.1744 2.4
      vertex 25.8985 -35.8715 2.4
      vertex 27.2415 -33.8639 2.4
    endloop
  endfacet
  facet normal 0 0 -1
    outer loop
      vertex 25.7805 -35.768 2.4
      vertex 27.2415 -33.8639 2.4
      vertex 25.8985 -35.8715 2.4
    endloop
  endfacet
  facet normal -0 0 -1
    outer loop
      vertex 27.2415 -33.8639 2.4
      vertex 25.7805 -35.768 2.4
      vertex 26.85 -33.6023 2.4
    endloop
  endfacet
  facet normal 0 0 -1
    outer loop
      vertex 25.65 -35.6808 2.4
      vertex 26.85 -33.6023 2.4
      vertex 25.7805 -35.768 2.4
    endloop
  endfacet
  facet normal -0 0 -1
    outer loop
      vertex 26.85 -33.6023 2.4
      vertex 25.65 -35.6808 2.4
      vertex 26.4277 -33.394 2.4
    endloop
  endfacet
  facet normal 0 0 -1
    outer loop
      vertex 25.5092 -35.6113 2.4
      vertex 26.4277 -33.394 2.4
      vertex 25.65 -35.6808 2.4
    endloop
  endfacet
  facet normal -0 0 -1
    outer loop
      vertex 26.4277 -33.394 2.4
      vertex 25.5092 -35.6113 2.4
      vertex 25.9817 -33.2427 2.4
    endloop
  endfacet
  facet normal 0 0 -1
    outer loop
      vertex 25.3606 -35.5609 2.4
      vertex 25.9817 -33.2427 2.4
      vertex 25.5092 -35.6113 2.4
    endloop
  endfacet
  facet normal -0 0 -1
    outer loop
      vertex 25.9817 -33.2427 2.4
      vertex 25.3606 -35.5609 2.4
      vertex 25.5199 -33.1508 2.4
    endloop
  endfacet
  facet normal 0 0 -1
    outer loop
      vertex 25.2066 -35.5303 2.4
      vertex 25.5199 -33.1508 2.4
      vertex 25.3606 -35.5609 2.4
    endloop
  endfacet
  facet normal 0 0 -1
    outer loop
      vertex 25.05 -35.52 2.4
      vertex 25.5199 -33.1508 2.4
      vertex 25.2066 -35.5303 2.4
    endloop
  endfacet
  facet normal 0 0 -1
    outer loop
      vertex 25.05 -35.52 2.4
      vertex 25.05 -33.12 2.4
      vertex 25.5199 -33.1508 2.4
    endloop
  endfacet
  facet normal 0 0 -1
    outer loop
      vertex 24.8934 -35.5303 2.4
      vertex 25.05 -33.12 2.4
      vertex 25.05 -35.52 2.4
    endloop
  endfacet
  facet normal 0 0 -1
    outer loop
      vertex 24.5801 -33.1508 2.4
      vertex 24.8934 -35.5303 2.4
      vertex 24.7394 -35.5609 2.4
    endloop
  endfacet
  facet normal 0 0 -1
    outer loop
      vertex 24.1183 -33.2427 2.4
      vertex 24.7394 -35.5609 2.4
      vertex 24.5908 -35.6113 2.4
    endloop
  endfacet
  facet normal 0 0 -1
    outer loop
      vertex 24.8934 -35.5303 2.4
      vertex 24.5801 -33.1508 2.4
      vertex 25.05 -33.12 2.4
    endloop
  endfacet
  facet normal 0 0 -1
    outer loop
      vertex 23.6723 -33.394 2.4
      vertex 24.5908 -35.6113 2.4
      vertex 24.45 -35.6808 2.4
    endloop
  endfacet
  facet normal 0 0 -1
    outer loop
      vertex 23.25 -33.6023 2.4
      vertex 24.45 -35.6808 2.4
      vertex 24.3195 -35.768 2.4
    endloop
  endfacet
  facet normal 0 0 -1
    outer loop
      vertex 22.8585 -33.8639 2.4
      vertex 24.3195 -35.768 2.4
      vertex 24.2015 -35.8715 2.4
    endloop
  endfacet
  facet normal 0 0 -1
    outer loop
      vertex 24.7394 -35.5609 2.4
      vertex 24.1183 -33.2427 2.4
      vertex 24.5801 -33.1508 2.4
    endloop
  endfacet
  facet normal 0 0 -1
    outer loop
      vertex 22.5044 -34.1744 2.4
      vertex 24.2015 -35.8715 2.4
      vertex 24.098 -35.9895 2.4
    endloop
  endfacet
  facet normal 0 0 -1
    outer loop
      vertex 22.1939 -34.5285 2.4
      vertex 24.098 -35.9895 2.4
      vertex 24.0108 -36.12 2.4
    endloop
  endfacet
  facet normal 0 0 -1
    outer loop
      vertex 21.9323 -34.92 2.4
      vertex 24.0108 -36.12 2.4
      vertex 23.9413 -36.2608 2.4
    endloop
  endfacet
  facet normal 0 0 -1
    outer loop
      vertex 21.724 -35.3423 2.4
      vertex 23.9413 -36.2608 2.4
      vertex 23.8909 -36.4094 2.4
    endloop
  endfacet
  facet normal 0 0 -1
    outer loop
      vertex 21.5727 -35.7882 2.4
      vertex 23.8909 -36.4094 2.4
      vertex 23.8603 -36.5634 2.4
    endloop
  endfacet
  facet normal 0 0 -1
    outer loop
      vertex 24.5908 -35.6113 2.4
      vertex 23.6723 -33.394 2.4
      vertex 24.1183 -33.2427 2.4
    endloop
  endfacet
  facet normal 0 0 -1
    outer loop
      vertex 21.4808 -36.2501 2.4
      vertex 23.8603 -36.5634 2.4
      vertex 23.85 -36.72 2.4
    endloop
  endfacet
  facet normal 0 0 -1
    outer loop
      vertex 21.9323 -38.52 2.4
      vertex 24.0108 -37.32 2.4
      vertex 22.1939 -38.9115 2.4
    endloop
  endfacet
  facet normal -0 0 -1
    outer loop
      vertex 24.0108 -37.32 2.4
      vertex 21.9323 -38.52 2.4
      vertex 23.9413 -37.1792 2.4
    endloop
  endfacet
  facet normal 0 0 -1
    outer loop
      vertex 24.45 -35.6808 2.4
      vertex 23.25 -33.6023 2.4
      vertex 23.6723 -33.394 2.4
    endloop
  endfacet
  facet normal 0 0 -1
    outer loop
      vertex 21.724 -38.0977 2.4
      vertex 23.9413 -37.1792 2.4
      vertex 21.9323 -38.52 2.4
    endloop
  endfacet
  facet normal 0 0 -1
    outer loop
      vertex 24.3195 -35.768 2.4
      vertex 22.8585 -33.8639 2.4
      vertex 23.25 -33.6023 2.4
    endloop
  endfacet
  facet normal -0 0 -1
    outer loop
      vertex 23.9413 -37.1792 2.4
      vertex 21.724 -38.0977 2.4
      vertex 23.8909 -37.0306 2.4
    endloop
  endfacet
  facet normal 0 0 -1
    outer loop
      vertex 24.2015 -35.8715 2.4
      vertex 22.5044 -34.1744 2.4
      vertex 22.8585 -33.8639 2.4
    endloop
  endfacet
  facet normal 0 0 -1
    outer loop
      vertex 21.5727 -37.6517 2.4
      vertex 23.8909 -37.0306 2.4
      vertex 21.724 -38.0977 2.4
    endloop
  endfacet
  facet normal 0 0 -1
    outer loop
      vertex 24.098 -35.9895 2.4
      vertex 22.1939 -34.5285 2.4
      vertex 22.5044 -34.1744 2.4
    endloop
  endfacet
  facet normal -0 0 -1
    outer loop
      vertex 23.8909 -37.0306 2.4
      vertex 21.5727 -37.6517 2.4
      vertex 23.8603 -36.8766 2.4
    endloop
  endfacet
  facet normal 0 0 -1
    outer loop
      vertex 24.0108 -36.12 2.4
      vertex 21.9323 -34.92 2.4
      vertex 22.1939 -34.5285 2.4
    endloop
  endfacet
  facet normal 0 0 -1
    outer loop
      vertex 21.4808 -37.1899 2.4
      vertex 23.8603 -36.8766 2.4
      vertex 21.5727 -37.6517 2.4
    endloop
  endfacet
  facet normal 0 0 -1
    outer loop
      vertex 23.9413 -36.2608 2.4
      vertex 21.724 -35.3423 2.4
      vertex 21.9323 -34.92 2.4
    endloop
  endfacet
  facet normal -0 0 -1
    outer loop
      vertex 23.8603 -36.8766 2.4
      vertex 21.4808 -37.1899 2.4
      vertex 23.85 -36.72 2.4
    endloop
  endfacet
  facet normal 0 0 -1
    outer loop
      vertex 23.8909 -36.4094 2.4
      vertex 21.5727 -35.7882 2.4
      vertex 21.724 -35.3423 2.4
    endloop
  endfacet
  facet normal 0 0 -1
    outer loop
      vertex 21.45 -36.72 2.4
      vertex 23.85 -36.72 2.4
      vertex 21.4808 -37.1899 2.4
    endloop
  endfacet
  facet normal 0 0 -1
    outer loop
      vertex 23.8603 -36.5634 2.4
      vertex 21.4808 -36.2501 2.4
      vertex 21.5727 -35.7882 2.4
    endloop
  endfacet
  facet normal 0 0 -1
    outer loop
      vertex 23.85 -36.72 2.4
      vertex 21.45 -36.72 2.4
      vertex 21.4808 -36.2501 2.4
    endloop
  endfacet
  facet normal 0.195177 -0.980768 0
    outer loop
      vertex 25.5199 -40.2892 2.4
      vertex 25.9817 -40.1973 7.4
      vertex 25.5199 -40.2892 7.4
    endloop
  endfacet
  facet normal 0.195177 -0.980768 0
    outer loop
      vertex 25.9817 -40.1973 7.4
      vertex 25.5199 -40.2892 2.4
      vertex 25.9817 -40.1973 2.4
    endloop
  endfacet
  facet normal 0.946971 0.32132 0
    outer loop
      vertex 28.5273 -35.7882 7.4
      vertex 28.376 -35.3423 2.4
      vertex 28.376 -35.3423 7.4
    endloop
  endfacet
  facet normal 0.946971 0.32132 0
    outer loop
      vertex 28.376 -35.3423 2.4
      vertex 28.5273 -35.7882 7.4
      vertex 28.5273 -35.7882 2.4
    endloop
  endfacet
  facet normal 0.980776 0.195136 0
    outer loop
      vertex 28.6192 -36.2501 7.4
      vertex 28.5273 -35.7882 2.4
      vertex 28.5273 -35.7882 7.4
    endloop
  endfacet
  facet normal 0.980776 0.195136 0
    outer loop
      vertex 28.5273 -35.7882 2.4
      vertex 28.6192 -36.2501 7.4
      vertex 28.6192 -36.2501 2.4
    endloop
  endfacet
  facet normal 0.751879 0.659301 0
    outer loop
      vertex 27.9061 -34.5285 7.4
      vertex 27.5956 -34.1744 2.4
      vertex 27.5956 -34.1744 7.4
    endloop
  endfacet
  facet normal 0.751879 0.659301 0
    outer loop
      vertex 27.5956 -34.1744 2.4
      vertex 27.9061 -34.5285 7.4
      vertex 27.9061 -34.5285 2.4
    endloop
  endfacet
  facet normal 0.0654055 0.997859 -0
    outer loop
      vertex 25.5199 -33.1508 2.4
      vertex 25.05 -33.12 7.4
      vertex 25.5199 -33.1508 7.4
    endloop
  endfacet
  facet normal 0.0654055 0.997859 0
    outer loop
      vertex 25.05 -33.12 7.4
      vertex 25.5199 -33.1508 2.4
      vertex 25.05 -33.12 2.4
    endloop
  endfacet
  facet normal 0.555582 0.831462 -0
    outer loop
      vertex 27.2415 -33.8639 2.4
      vertex 26.85 -33.6023 7.4
      vertex 27.2415 -33.8639 7.4
    endloop
  endfacet
  facet normal 0.555582 0.831462 0
    outer loop
      vertex 26.85 -33.6023 7.4
      vertex 27.2415 -33.8639 2.4
      vertex 26.85 -33.6023 2.4
    endloop
  endfacet
  facet normal -0.946971 0.32132 0
    outer loop
      vertex 21.5727 -35.7882 2.4
      vertex 21.724 -35.3423 7.4
      vertex 21.724 -35.3423 2.4
    endloop
  endfacet
  facet normal -0.946971 0.32132 0
    outer loop
      vertex 21.724 -35.3423 7.4
      vertex 21.5727 -35.7882 2.4
      vertex 21.5727 -35.7882 7.4
    endloop
  endfacet
  facet normal -0.980776 0.195136 0
    outer loop
      vertex 21.4808 -36.2501 2.4
      vertex 21.5727 -35.7882 7.4
      vertex 21.5727 -35.7882 2.4
    endloop
  endfacet
  facet normal -0.980776 0.195136 0
    outer loop
      vertex 21.5727 -35.7882 7.4
      vertex 21.4808 -36.2501 2.4
      vertex 21.4808 -36.2501 7.4
    endloop
  endfacet
  facet normal -0.195177 0.980768 0
    outer loop
      vertex 24.5801 -33.1508 2.4
      vertex 24.1183 -33.2427 7.4
      vertex 24.5801 -33.1508 7.4
    endloop
  endfacet
  facet normal -0.195177 0.980768 0
    outer loop
      vertex 24.1183 -33.2427 7.4
      vertex 24.5801 -33.1508 2.4
      vertex 24.1183 -33.2427 2.4
    endloop
  endfacet
  facet normal 0.946993 -0.321256 0
    outer loop
      vertex 28.376 -38.0977 7.4
      vertex 28.5273 -37.6517 2.4
      vertex 28.5273 -37.6517 7.4
    endloop
  endfacet
  facet normal 0.946993 -0.321256 0
    outer loop
      vertex 28.5273 -37.6517 2.4
      vertex 28.376 -38.0977 7.4
      vertex 28.376 -38.0977 2.4
    endloop
  endfacet
  facet normal 0.980768 -0.195177 0
    outer loop
      vertex 28.5273 -37.6517 7.4
      vertex 28.6192 -37.1899 2.4
      vertex 28.6192 -37.1899 7.4
    endloop
  endfacet
  facet normal 0.980768 -0.195177 0
    outer loop
      vertex 28.6192 -37.1899 2.4
      vertex 28.5273 -37.6517 7.4
      vertex 28.5273 -37.6517 2.4
    endloop
  endfacet
  facet normal -0.997859 -0.0654055 0
    outer loop
      vertex 21.4808 -37.1899 2.4
      vertex 21.45 -36.72 7.4
      vertex 21.45 -36.72 2.4
    endloop
  endfacet
  facet normal -0.997859 -0.0654055 0
    outer loop
      vertex 21.45 -36.72 7.4
      vertex 21.4808 -37.1899 2.4
      vertex 21.4808 -37.1899 7.4
    endloop
  endfacet
  facet normal 0.555582 -0.831462 0
    outer loop
      vertex 26.85 -39.8377 2.4
      vertex 27.2415 -39.5761 7.4
      vertex 26.85 -39.8377 7.4
    endloop
  endfacet
  facet normal 0.555582 -0.831462 0
    outer loop
      vertex 27.2415 -39.5761 7.4
      vertex 26.85 -39.8377 2.4
      vertex 27.2415 -39.5761 2.4
    endloop
  endfacet
  facet normal 0.442365 -0.896835 0
    outer loop
      vertex 26.4277 -40.046 2.4
      vertex 26.85 -39.8377 7.4
      vertex 26.4277 -40.046 7.4
    endloop
  endfacet
  facet normal 0.442365 -0.896835 0
    outer loop
      vertex 26.85 -39.8377 7.4
      vertex 26.4277 -40.046 2.4
      vertex 26.85 -39.8377 2.4
    endloop
  endfacet
  facet normal -0.659301 0.751879 0
    outer loop
      vertex 22.8585 -33.8639 2.4
      vertex 22.5044 -34.1744 7.4
      vertex 22.8585 -33.8639 7.4
    endloop
  endfacet
  facet normal -0.659301 0.751879 0
    outer loop
      vertex 22.5044 -34.1744 7.4
      vertex 22.8585 -33.8639 2.4
      vertex 22.5044 -34.1744 2.4
    endloop
  endfacet
  facet normal 0.831462 -0.555582 0
    outer loop
      vertex 27.9061 -38.9115 7.4
      vertex 28.1677 -38.52 2.4
      vertex 28.1677 -38.52 7.4
    endloop
  endfacet
  facet normal 0.831462 -0.555582 0
    outer loop
      vertex 28.1677 -38.52 2.4
      vertex 27.9061 -38.9115 7.4
      vertex 27.9061 -38.9115 2.4
    endloop
  endfacet
  facet normal 0.997859 -0.0654055 0
    outer loop
      vertex 28.6192 -37.1899 7.4
      vertex 28.65 -36.72 2.4
      vertex 28.65 -36.72 7.4
    endloop
  endfacet
  facet normal 0.997859 -0.0654055 0
    outer loop
      vertex 28.65 -36.72 2.4
      vertex 28.6192 -37.1899 7.4
      vertex 28.6192 -37.1899 2.4
    endloop
  endfacet
  facet normal -0.321256 -0.946993 0
    outer loop
      vertex 23.6723 -40.046 2.4
      vertex 24.1183 -40.1973 7.4
      vertex 23.6723 -40.046 7.4
    endloop
  endfacet
  facet normal -0.321256 -0.946993 -0
    outer loop
      vertex 24.1183 -40.1973 7.4
      vertex 23.6723 -40.046 2.4
      vertex 24.1183 -40.1973 2.4
    endloop
  endfacet
  facet normal -0.751879 -0.659301 0
    outer loop
      vertex 22.5044 -39.2656 2.4
      vertex 22.1939 -38.9115 7.4
      vertex 22.1939 -38.9115 2.4
    endloop
  endfacet
  facet normal -0.751879 -0.659301 0
    outer loop
      vertex 22.1939 -38.9115 7.4
      vertex 22.5044 -39.2656 2.4
      vertex 22.5044 -39.2656 7.4
    endloop
  endfacet
  facet normal -0.980768 -0.195177 0
    outer loop
      vertex 21.5727 -37.6517 2.4
      vertex 21.4808 -37.1899 7.4
      vertex 21.4808 -37.1899 2.4
    endloop
  endfacet
  facet normal -0.980768 -0.195177 0
    outer loop
      vertex 21.4808 -37.1899 7.4
      vertex 21.5727 -37.6517 2.4
      vertex 21.5727 -37.6517 7.4
    endloop
  endfacet
  facet normal -0.946993 -0.321256 0
    outer loop
      vertex 21.724 -38.0977 2.4
      vertex 21.5727 -37.6517 7.4
      vertex 21.5727 -37.6517 2.4
    endloop
  endfacet
  facet normal -0.946993 -0.321256 0
    outer loop
      vertex 21.5727 -37.6517 7.4
      vertex 21.724 -38.0977 2.4
      vertex 21.724 -38.0977 7.4
    endloop
  endfacet
  facet normal 0.659301 -0.751879 0
    outer loop
      vertex 27.2415 -39.5761 2.4
      vertex 27.5956 -39.2656 7.4
      vertex 27.2415 -39.5761 7.4
    endloop
  endfacet
  facet normal 0.659301 -0.751879 0
    outer loop
      vertex 27.5956 -39.2656 7.4
      vertex 27.2415 -39.5761 2.4
      vertex 27.5956 -39.2656 2.4
    endloop
  endfacet
  facet normal 0.321256 -0.946993 0
    outer loop
      vertex 25.9817 -40.1973 2.4
      vertex 26.4277 -40.046 7.4
      vertex 25.9817 -40.1973 7.4
    endloop
  endfacet
  facet normal 0.321256 -0.946993 0
    outer loop
      vertex 26.4277 -40.046 7.4
      vertex 25.9817 -40.1973 2.4
      vertex 26.4277 -40.046 2.4
    endloop
  endfacet
  facet normal 0.896835 -0.442365 0
    outer loop
      vertex 28.1677 -38.52 7.4
      vertex 28.376 -38.0977 2.4
      vertex 28.376 -38.0977 7.4
    endloop
  endfacet
  facet normal 0.896835 -0.442365 0
    outer loop
      vertex 28.376 -38.0977 2.4
      vertex 28.1677 -38.52 7.4
      vertex 28.1677 -38.52 2.4
    endloop
  endfacet
  facet normal -0.0654055 -0.997859 0
    outer loop
      vertex 24.5801 -40.2892 2.4
      vertex 25.05 -40.32 7.4
      vertex 24.5801 -40.2892 7.4
    endloop
  endfacet
  facet normal -0.0654055 -0.997859 -0
    outer loop
      vertex 25.05 -40.32 7.4
      vertex 24.5801 -40.2892 2.4
      vertex 25.05 -40.32 2.4
    endloop
  endfacet
  facet normal -0.555582 -0.831462 0
    outer loop
      vertex 22.8585 -39.5761 2.4
      vertex 23.25 -39.8377 7.4
      vertex 22.8585 -39.5761 7.4
    endloop
  endfacet
  facet normal -0.555582 -0.831462 -0
    outer loop
      vertex 23.25 -39.8377 7.4
      vertex 22.8585 -39.5761 2.4
      vertex 23.25 -39.8377 2.4
    endloop
  endfacet
  facet normal -0.195177 -0.980768 0
    outer loop
      vertex 24.1183 -40.1973 2.4
      vertex 24.5801 -40.2892 7.4
      vertex 24.1183 -40.1973 7.4
    endloop
  endfacet
  facet normal -0.195177 -0.980768 -0
    outer loop
      vertex 24.5801 -40.2892 7.4
      vertex 24.1183 -40.1973 2.4
      vertex 24.5801 -40.2892 2.4
    endloop
  endfacet
  facet normal -0.659301 -0.751879 0
    outer loop
      vertex 22.5044 -39.2656 2.4
      vertex 22.8585 -39.5761 7.4
      vertex 22.5044 -39.2656 7.4
    endloop
  endfacet
  facet normal -0.659301 -0.751879 -0
    outer loop
      vertex 22.8585 -39.5761 7.4
      vertex 22.5044 -39.2656 2.4
      vertex 22.8585 -39.5761 2.4
    endloop
  endfacet
  facet normal -0.896835 -0.442365 0
    outer loop
      vertex 21.9323 -38.52 2.4
      vertex 21.724 -38.0977 7.4
      vertex 21.724 -38.0977 2.4
    endloop
  endfacet
  facet normal -0.896835 -0.442365 0
    outer loop
      vertex 21.724 -38.0977 7.4
      vertex 21.9323 -38.52 2.4
      vertex 21.9323 -38.52 7.4
    endloop
  endfacet
  facet normal 0.751879 -0.659301 0
    outer loop
      vertex 27.5956 -39.2656 7.4
      vertex 27.9061 -38.9115 2.4
      vertex 27.9061 -38.9115 7.4
    endloop
  endfacet
  facet normal 0.751879 -0.659301 0
    outer loop
      vertex 27.9061 -38.9115 2.4
      vertex 27.5956 -39.2656 7.4
      vertex 27.5956 -39.2656 2.4
    endloop
  endfacet
  facet normal -0.442365 -0.896835 0
    outer loop
      vertex 23.25 -39.8377 2.4
      vertex 23.6723 -40.046 7.4
      vertex 23.25 -39.8377 7.4
    endloop
  endfacet
  facet normal -0.442365 -0.896835 -0
    outer loop
      vertex 23.6723 -40.046 7.4
      vertex 23.25 -39.8377 2.4
      vertex 23.6723 -40.046 2.4
    endloop
  endfacet
  facet normal -0.831462 -0.555582 0
    outer loop
      vertex 22.1939 -38.9115 2.4
      vertex 21.9323 -38.52 7.4
      vertex 21.9323 -38.52 2.4
    endloop
  endfacet
  facet normal -0.831462 -0.555582 0
    outer loop
      vertex 21.9323 -38.52 7.4
      vertex 22.1939 -38.9115 2.4
      vertex 22.1939 -38.9115 7.4
    endloop
  endfacet
  facet normal -0.947013 -0.321194 0
    outer loop
      vertex 26.2091 -36.4094 2.4
      vertex 26.1587 -36.2608 7.4
      vertex 26.1587 -36.2608 2.4
    endloop
  endfacet
  facet normal -0.947013 -0.321194 0
    outer loop
      vertex 26.1587 -36.2608 7.4
      vertex 26.2091 -36.4094 2.4
      vertex 26.2091 -36.4094 7.4
    endloop
  endfacet
  facet normal -0.997844 -0.0656309 0
    outer loop
      vertex 26.25 -36.72 2.4
      vertex 26.2397 -36.5634 7.4
      vertex 26.2397 -36.5634 2.4
    endloop
  endfacet
  facet normal -0.997844 -0.0656309 0
    outer loop
      vertex 26.2397 -36.5634 7.4
      vertex 26.25 -36.72 2.4
      vertex 26.25 -36.72 7.4
    endloop
  endfacet
  facet normal 0.997844 -0.0656309 0
    outer loop
      vertex 23.85 -36.72 7.4
      vertex 23.8603 -36.5634 2.4
      vertex 23.8603 -36.5634 7.4
    endloop
  endfacet
  facet normal 0.997844 -0.0656309 0
    outer loop
      vertex 23.8603 -36.5634 2.4
      vertex 23.85 -36.72 7.4
      vertex 23.85 -36.72 2.4
    endloop
  endfacet
  facet normal -0.0656309 -0.997844 0
    outer loop
      vertex 25.05 -35.52 2.4
      vertex 25.2066 -35.5303 7.4
      vertex 25.05 -35.52 7.4
    endloop
  endfacet
  facet normal -0.0656309 -0.997844 -0
    outer loop
      vertex 25.2066 -35.5303 7.4
      vertex 25.05 -35.52 2.4
      vertex 25.2066 -35.5303 2.4
    endloop
  endfacet
  facet normal -0.751787 -0.659406 0
    outer loop
      vertex 26.002 -35.9895 2.4
      vertex 25.8985 -35.8715 7.4
      vertex 25.8985 -35.8715 2.4
    endloop
  endfacet
  facet normal -0.751787 -0.659406 0
    outer loop
      vertex 25.8985 -35.8715 7.4
      vertex 26.002 -35.9895 2.4
      vertex 26.002 -35.9895 7.4
    endloop
  endfacet
  facet normal 0.659406 -0.751787 0
    outer loop
      vertex 24.2015 -35.8715 2.4
      vertex 24.3195 -35.768 7.4
      vertex 24.2015 -35.8715 7.4
    endloop
  endfacet
  facet normal 0.659406 -0.751787 0
    outer loop
      vertex 24.3195 -35.768 7.4
      vertex 24.2015 -35.8715 2.4
      vertex 24.3195 -35.768 2.4
    endloop
  endfacet
  facet normal 0.321194 -0.947013 0
    outer loop
      vertex 24.5908 -35.6113 2.4
      vertex 24.7394 -35.5609 7.4
      vertex 24.5908 -35.6113 7.4
    endloop
  endfacet
  facet normal 0.321194 -0.947013 0
    outer loop
      vertex 24.7394 -35.5609 7.4
      vertex 24.5908 -35.6113 2.4
      vertex 24.7394 -35.5609 2.4
    endloop
  endfacet
  facet normal 0.831462 0.555582 0
    outer loop
      vertex 24.098 -37.4505 7.4
      vertex 24.0108 -37.32 2.4
      vertex 24.0108 -37.32 7.4
    endloop
  endfacet
  facet normal 0.831462 0.555582 0
    outer loop
      vertex 24.0108 -37.32 2.4
      vertex 24.098 -37.4505 7.4
      vertex 24.098 -37.4505 2.4
    endloop
  endfacet
  facet normal -0.896708 -0.442622 0
    outer loop
      vertex 26.1587 -36.2608 2.4
      vertex 26.0892 -36.12 7.4
      vertex 26.0892 -36.12 2.4
    endloop
  endfacet
  facet normal -0.896708 -0.442622 0
    outer loop
      vertex 26.0892 -36.12 7.4
      vertex 26.1587 -36.2608 2.4
      vertex 26.1587 -36.2608 7.4
    endloop
  endfacet
  facet normal -0.831462 -0.555582 0
    outer loop
      vertex 26.0892 -36.12 2.4
      vertex 26.002 -35.9895 7.4
      vertex 26.002 -35.9895 2.4
    endloop
  endfacet
  facet normal -0.831462 -0.555582 0
    outer loop
      vertex 26.002 -35.9895 7.4
      vertex 26.0892 -36.12 2.4
      vertex 26.0892 -36.12 7.4
    endloop
  endfacet
  facet normal -0.442622 -0.896708 0
    outer loop
      vertex 25.5092 -35.6113 2.4
      vertex 25.65 -35.6808 7.4
      vertex 25.5092 -35.6113 7.4
    endloop
  endfacet
  facet normal -0.442622 -0.896708 -0
    outer loop
      vertex 25.65 -35.6808 7.4
      vertex 25.5092 -35.6113 2.4
      vertex 25.65 -35.6808 2.4
    endloop
  endfacet
  facet normal -0.194891 -0.980825 0
    outer loop
      vertex 25.2066 -35.5303 2.4
      vertex 25.3606 -35.5609 7.4
      vertex 25.2066 -35.5303 7.4
    endloop
  endfacet
  facet normal -0.194891 -0.980825 -0
    outer loop
      vertex 25.3606 -35.5609 7.4
      vertex 25.2066 -35.5303 2.4
      vertex 25.3606 -35.5609 2.4
    endloop
  endfacet
  facet normal -0.659406 -0.751787 0
    outer loop
      vertex 25.7805 -35.768 2.4
      vertex 25.8985 -35.8715 7.4
      vertex 25.7805 -35.768 7.4
    endloop
  endfacet
  facet normal -0.659406 -0.751787 -0
    outer loop
      vertex 25.8985 -35.8715 7.4
      vertex 25.7805 -35.768 2.4
      vertex 25.8985 -35.8715 2.4
    endloop
  endfacet
  facet normal 0.896708 -0.442622 0
    outer loop
      vertex 23.9413 -36.2608 7.4
      vertex 24.0108 -36.12 2.4
      vertex 24.0108 -36.12 7.4
    endloop
  endfacet
  facet normal 0.896708 -0.442622 0
    outer loop
      vertex 24.0108 -36.12 2.4
      vertex 23.9413 -36.2608 7.4
      vertex 23.9413 -36.2608 2.4
    endloop
  endfacet
  facet normal 0.831462 -0.555582 0
    outer loop
      vertex 24.0108 -36.12 7.4
      vertex 24.098 -35.9895 2.4
      vertex 24.098 -35.9895 7.4
    endloop
  endfacet
  facet normal 0.831462 -0.555582 0
    outer loop
      vertex 24.098 -35.9895 2.4
      vertex 24.0108 -36.12 7.4
      vertex 24.0108 -36.12 2.4
    endloop
  endfacet
  facet normal 0.980825 -0.194891 0
    outer loop
      vertex 23.8603 -36.5634 7.4
      vertex 23.8909 -36.4094 2.4
      vertex 23.8909 -36.4094 7.4
    endloop
  endfacet
  facet normal 0.980825 -0.194891 0
    outer loop
      vertex 23.8909 -36.4094 2.4
      vertex 23.8603 -36.5634 7.4
      vertex 23.8603 -36.5634 2.4
    endloop
  endfacet
  facet normal 0.442622 -0.896708 0
    outer loop
      vertex 24.45 -35.6808 2.4
      vertex 24.5908 -35.6113 7.4
      vertex 24.45 -35.6808 7.4
    endloop
  endfacet
  facet normal 0.442622 -0.896708 0
    outer loop
      vertex 24.5908 -35.6113 7.4
      vertex 24.45 -35.6808 2.4
      vertex 24.5908 -35.6113 2.4
    endloop
  endfacet
  facet normal 0.0656309 -0.997844 0
    outer loop
      vertex 24.8934 -35.5303 2.4
      vertex 25.05 -35.52 7.4
      vertex 24.8934 -35.5303 7.4
    endloop
  endfacet
  facet normal 0.0656309 -0.997844 0
    outer loop
      vertex 25.05 -35.52 7.4
      vertex 24.8934 -35.5303 2.4
      vertex 25.05 -35.52 2.4
    endloop
  endfacet
  facet normal -0.194891 0.980825 0
    outer loop
      vertex 25.3606 -37.8791 2.4
      vertex 25.2066 -37.9097 7.4
      vertex 25.3606 -37.8791 7.4
    endloop
  endfacet
  facet normal -0.194891 0.980825 0
    outer loop
      vertex 25.2066 -37.9097 7.4
      vertex 25.3606 -37.8791 2.4
      vertex 25.2066 -37.9097 2.4
    endloop
  endfacet
  facet normal -0.0656309 0.997844 0
    outer loop
      vertex 25.2066 -37.9097 2.4
      vertex 25.05 -37.92 7.4
      vertex 25.2066 -37.9097 7.4
    endloop
  endfacet
  facet normal -0.0656309 0.997844 0
    outer loop
      vertex 25.05 -37.92 7.4
      vertex 25.2066 -37.9097 2.4
      vertex 25.05 -37.92 2.4
    endloop
  endfacet
  facet normal -0.659406 0.751787 0
    outer loop
      vertex 25.8985 -37.5685 2.4
      vertex 25.7805 -37.672 7.4
      vertex 25.8985 -37.5685 7.4
    endloop
  endfacet
  facet normal -0.659406 0.751787 0
    outer loop
      vertex 25.7805 -37.672 7.4
      vertex 25.8985 -37.5685 2.4
      vertex 25.7805 -37.672 2.4
    endloop
  endfacet
  facet normal -0.442622 0.896708 0
    outer loop
      vertex 25.65 -37.7592 2.4
      vertex 25.5092 -37.8287 7.4
      vertex 25.65 -37.7592 7.4
    endloop
  endfacet
  facet normal -0.442622 0.896708 0
    outer loop
      vertex 25.5092 -37.8287 7.4
      vertex 25.65 -37.7592 2.4
      vertex 25.5092 -37.8287 2.4
    endloop
  endfacet
  facet normal -0.947013 0.321194 0
    outer loop
      vertex 26.1587 -37.1792 2.4
      vertex 26.2091 -37.0306 7.4
      vertex 26.2091 -37.0306 2.4
    endloop
  endfacet
  facet normal -0.947013 0.321194 0
    outer loop
      vertex 26.2091 -37.0306 7.4
      vertex 26.1587 -37.1792 2.4
      vertex 26.1587 -37.1792 7.4
    endloop
  endfacet
  facet normal 0.321194 0.947013 -0
    outer loop
      vertex 24.7394 -37.8791 2.4
      vertex 24.5908 -37.8287 7.4
      vertex 24.7394 -37.8791 7.4
    endloop
  endfacet
  facet normal 0.321194 0.947013 0
    outer loop
      vertex 24.5908 -37.8287 7.4
      vertex 24.7394 -37.8791 2.4
      vertex 24.5908 -37.8287 2.4
    endloop
  endfacet
  facet normal 0.442622 0.896708 -0
    outer loop
      vertex 24.5908 -37.8287 2.4
      vertex 24.45 -37.7592 7.4
      vertex 24.5908 -37.8287 7.4
    endloop
  endfacet
  facet normal 0.442622 0.896708 0
    outer loop
      vertex 24.45 -37.7592 7.4
      vertex 24.5908 -37.8287 2.4
      vertex 24.45 -37.7592 2.4
    endloop
  endfacet
  facet normal 0.997844 0.0656309 0
    outer loop
      vertex 23.8603 -36.8766 7.4
      vertex 23.85 -36.72 2.4
      vertex 23.85 -36.72 7.4
    endloop
  endfacet
  facet normal 0.997844 0.0656309 0
    outer loop
      vertex 23.85 -36.72 2.4
      vertex 23.8603 -36.8766 7.4
      vertex 23.8603 -36.8766 2.4
    endloop
  endfacet
  facet normal 0.896708 0.442622 0
    outer loop
      vertex 24.0108 -37.32 7.4
      vertex 23.9413 -37.1792 2.4
      vertex 23.9413 -37.1792 7.4
    endloop
  endfacet
  facet normal 0.896708 0.442622 0
    outer loop
      vertex 23.9413 -37.1792 2.4
      vertex 24.0108 -37.32 7.4
      vertex 24.0108 -37.32 2.4
    endloop
  endfacet
  facet normal -0.555582 -0.831462 0
    outer loop
      vertex 25.65 -35.6808 2.4
      vertex 25.7805 -35.768 7.4
      vertex 25.65 -35.6808 7.4
    endloop
  endfacet
  facet normal -0.555582 -0.831462 -0
    outer loop
      vertex 25.7805 -35.768 7.4
      vertex 25.65 -35.6808 2.4
      vertex 25.7805 -35.768 2.4
    endloop
  endfacet
  facet normal 0.751787 -0.659406 0
    outer loop
      vertex 24.098 -35.9895 7.4
      vertex 24.2015 -35.8715 2.4
      vertex 24.2015 -35.8715 7.4
    endloop
  endfacet
  facet normal 0.751787 -0.659406 0
    outer loop
      vertex 24.2015 -35.8715 2.4
      vertex 24.098 -35.9895 7.4
      vertex 24.098 -35.9895 2.4
    endloop
  endfacet
  facet normal 0.555582 -0.831462 0
    outer loop
      vertex 24.3195 -35.768 2.4
      vertex 24.45 -35.6808 7.4
      vertex 24.3195 -35.768 7.4
    endloop
  endfacet
  facet normal 0.555582 -0.831462 0
    outer loop
      vertex 24.45 -35.6808 7.4
      vertex 24.3195 -35.768 2.4
      vertex 24.45 -35.6808 2.4
    endloop
  endfacet
  facet normal 0.194891 -0.980825 0
    outer loop
      vertex 24.7394 -35.5609 2.4
      vertex 24.8934 -35.5303 7.4
      vertex 24.7394 -35.5609 7.4
    endloop
  endfacet
  facet normal 0.194891 -0.980825 0
    outer loop
      vertex 24.8934 -35.5303 7.4
      vertex 24.7394 -35.5609 2.4
      vertex 24.8934 -35.5303 2.4
    endloop
  endfacet
  facet normal -0.555582 0.831462 0
    outer loop
      vertex 25.7805 -37.672 2.4
      vertex 25.65 -37.7592 7.4
      vertex 25.7805 -37.672 7.4
    endloop
  endfacet
  facet normal -0.555582 0.831462 0
    outer loop
      vertex 25.65 -37.7592 7.4
      vertex 25.7805 -37.672 2.4
      vertex 25.65 -37.7592 2.4
    endloop
  endfacet
  facet normal -0.896708 0.442622 0
    outer loop
      vertex 26.0892 -37.32 2.4
      vertex 26.1587 -37.1792 7.4
      vertex 26.1587 -37.1792 2.4
    endloop
  endfacet
  facet normal -0.896708 0.442622 0
    outer loop
      vertex 26.1587 -37.1792 7.4
      vertex 26.0892 -37.32 2.4
      vertex 26.0892 -37.32 7.4
    endloop
  endfacet
  facet normal -0.751787 0.659406 0
    outer loop
      vertex 25.8985 -37.5685 2.4
      vertex 26.002 -37.4505 7.4
      vertex 26.002 -37.4505 2.4
    endloop
  endfacet
  facet normal -0.751787 0.659406 0
    outer loop
      vertex 26.002 -37.4505 7.4
      vertex 25.8985 -37.5685 2.4
      vertex 25.8985 -37.5685 7.4
    endloop
  endfacet
  facet normal -0.831462 0.555582 0
    outer loop
      vertex 26.002 -37.4505 2.4
      vertex 26.0892 -37.32 7.4
      vertex 26.0892 -37.32 2.4
    endloop
  endfacet
  facet normal -0.831462 0.555582 0
    outer loop
      vertex 26.0892 -37.32 7.4
      vertex 26.002 -37.4505 2.4
      vertex 26.002 -37.4505 7.4
    endloop
  endfacet
  facet normal 0.659406 0.751787 -0
    outer loop
      vertex 24.3195 -37.672 2.4
      vertex 24.2015 -37.5685 7.4
      vertex 24.3195 -37.672 7.4
    endloop
  endfacet
  facet normal 0.659406 0.751787 0
    outer loop
      vertex 24.2015 -37.5685 7.4
      vertex 24.3195 -37.672 2.4
      vertex 24.2015 -37.5685 2.4
    endloop
  endfacet
  facet normal 0.0656309 0.997844 -0
    outer loop
      vertex 25.05 -37.92 2.4
      vertex 24.8934 -37.9097 7.4
      vertex 25.05 -37.92 7.4
    endloop
  endfacet
  facet normal 0.0656309 0.997844 0
    outer loop
      vertex 24.8934 -37.9097 7.4
      vertex 25.05 -37.92 2.4
      vertex 24.8934 -37.9097 2.4
    endloop
  endfacet
  facet normal 0.555582 0.831462 -0
    outer loop
      vertex 24.45 -37.7592 2.4
      vertex 24.3195 -37.672 7.4
      vertex 24.45 -37.7592 7.4
    endloop
  endfacet
  facet normal 0.555582 0.831462 0
    outer loop
      vertex 24.3195 -37.672 7.4
      vertex 24.45 -37.7592 2.4
      vertex 24.3195 -37.672 2.4
    endloop
  endfacet
  facet normal 0.751787 0.659406 0
    outer loop
      vertex 24.2015 -37.5685 7.4
      vertex 24.098 -37.4505 2.4
      vertex 24.098 -37.4505 7.4
    endloop
  endfacet
  facet normal 0.751787 0.659406 0
    outer loop
      vertex 24.098 -37.4505 2.4
      vertex 24.2015 -37.5685 7.4
      vertex 24.2015 -37.5685 2.4
    endloop
  endfacet
  facet normal 0.980825 0.194891 0
    outer loop
      vertex 23.8909 -37.0306 7.4
      vertex 23.8603 -36.8766 2.4
      vertex 23.8603 -36.8766 7.4
    endloop
  endfacet
  facet normal 0.980825 0.194891 0
    outer loop
      vertex 23.8603 -36.8766 2.4
      vertex 23.8909 -37.0306 7.4
      vertex 23.8909 -37.0306 2.4
    endloop
  endfacet
  facet normal 0.947013 0.321194 0
    outer loop
      vertex 23.9413 -37.1792 7.4
      vertex 23.8909 -37.0306 2.4
      vertex 23.8909 -37.0306 7.4
    endloop
  endfacet
  facet normal 0.947013 0.321194 0
    outer loop
      vertex 23.8909 -37.0306 2.4
      vertex 23.9413 -37.1792 7.4
      vertex 23.9413 -37.1792 2.4
    endloop
  endfacet
  facet normal -0.980825 -0.194891 0
    outer loop
      vertex 26.2397 -36.5634 2.4
      vertex 26.2091 -36.4094 7.4
      vertex 26.2091 -36.4094 2.4
    endloop
  endfacet
  facet normal -0.980825 -0.194891 0
    outer loop
      vertex 26.2091 -36.4094 7.4
      vertex 26.2397 -36.5634 2.4
      vertex 26.2397 -36.5634 7.4
    endloop
  endfacet
  facet normal -0.321194 -0.947013 0
    outer loop
      vertex 25.3606 -35.5609 2.4
      vertex 25.5092 -35.6113 7.4
      vertex 25.3606 -35.5609 7.4
    endloop
  endfacet
  facet normal -0.321194 -0.947013 -0
    outer loop
      vertex 25.5092 -35.6113 7.4
      vertex 25.3606 -35.5609 2.4
      vertex 25.5092 -35.6113 2.4
    endloop
  endfacet
  facet normal 0.947013 -0.321194 0
    outer loop
      vertex 23.8909 -36.4094 7.4
      vertex 23.9413 -36.2608 2.4
      vertex 23.9413 -36.2608 7.4
    endloop
  endfacet
  facet normal 0.947013 -0.321194 0
    outer loop
      vertex 23.9413 -36.2608 2.4
      vertex 23.8909 -36.4094 7.4
      vertex 23.8909 -36.4094 2.4
    endloop
  endfacet
  facet normal -0.321194 0.947013 0
    outer loop
      vertex 25.5092 -37.8287 2.4
      vertex 25.3606 -37.8791 7.4
      vertex 25.5092 -37.8287 7.4
    endloop
  endfacet
  facet normal -0.321194 0.947013 0
    outer loop
      vertex 25.3606 -37.8791 7.4
      vertex 25.5092 -37.8287 2.4
      vertex 25.3606 -37.8791 2.4
    endloop
  endfacet
  facet normal -0.980825 0.194891 0
    outer loop
      vertex 26.2091 -37.0306 2.4
      vertex 26.2397 -36.8766 7.4
      vertex 26.2397 -36.8766 2.4
    endloop
  endfacet
  facet normal -0.980825 0.194891 0
    outer loop
      vertex 26.2397 -36.8766 7.4
      vertex 26.2091 -37.0306 2.4
      vertex 26.2091 -37.0306 7.4
    endloop
  endfacet
  facet normal -0.997844 0.0656309 0
    outer loop
      vertex 26.2397 -36.8766 2.4
      vertex 26.25 -36.72 7.4
      vertex 26.25 -36.72 2.4
    endloop
  endfacet
  facet normal -0.997844 0.0656309 0
    outer loop
      vertex 26.25 -36.72 7.4
      vertex 26.2397 -36.8766 2.4
      vertex 26.2397 -36.8766 7.4
    endloop
  endfacet
  facet normal 0.194891 0.980825 -0
    outer loop
      vertex 24.8934 -37.9097 2.4
      vertex 24.7394 -37.8791 7.4
      vertex 24.8934 -37.9097 7.4
    endloop
  endfacet
  facet normal 0.194891 0.980825 0
    outer loop
      vertex 24.7394 -37.8791 7.4
      vertex 24.8934 -37.9097 2.4
      vertex 24.7394 -37.8791 2.4
    endloop
  endfacet
  facet normal 0.997859 0.0654055 0
    outer loop
      vertex -21.45 36.73 7.4
      vertex -21.4808 37.1999 2.4
      vertex -21.4808 37.1999 7.4
    endloop
  endfacet
  facet normal 0.997859 0.0654055 0
    outer loop
      vertex -21.4808 37.1999 2.4
      vertex -21.45 36.73 7.4
      vertex -21.45 36.73 2.4
    endloop
  endfacet
  facet normal -0.997859 0.0654055 0
    outer loop
      vertex -28.65 36.73 2.4
      vertex -28.6192 37.1999 7.4
      vertex -28.6192 37.1999 2.4
    endloop
  endfacet
  facet normal -0.997859 0.0654055 0
    outer loop
      vertex -28.6192 37.1999 7.4
      vertex -28.65 36.73 2.4
      vertex -28.65 36.73 7.4
    endloop
  endfacet
  facet normal -0.0654055 0.997859 0
    outer loop
      vertex -25.05 40.33 2.4
      vertex -25.5199 40.2992 7.4
      vertex -25.05 40.33 7.4
    endloop
  endfacet
  facet normal -0.0654055 0.997859 0
    outer loop
      vertex -25.5199 40.2992 7.4
      vertex -25.05 40.33 2.4
      vertex -25.5199 40.2992 2.4
    endloop
  endfacet
  facet normal 0.0654055 -0.997859 0
    outer loop
      vertex -25.05 33.13 2.4
      vertex -24.5801 33.1608 7.4
      vertex -25.05 33.13 7.4
    endloop
  endfacet
  facet normal 0.0654055 -0.997859 0
    outer loop
      vertex -24.5801 33.1608 7.4
      vertex -25.05 33.13 2.4
      vertex -24.5801 33.1608 2.4
    endloop
  endfacet
  facet normal 0.659301 0.751879 -0
    outer loop
      vertex -22.5044 39.2756 2.4
      vertex -22.8585 39.5861 7.4
      vertex -22.5044 39.2756 7.4
    endloop
  endfacet
  facet normal 0.659301 0.751879 0
    outer loop
      vertex -22.8585 39.5861 7.4
      vertex -22.5044 39.2756 2.4
      vertex -22.8585 39.5861 2.4
    endloop
  endfacet
  facet normal -0.751879 0.659301 0
    outer loop
      vertex -27.9061 38.9215 2.4
      vertex -27.5956 39.2756 7.4
      vertex -27.5956 39.2756 2.4
    endloop
  endfacet
  facet normal -0.751879 0.659301 0
    outer loop
      vertex -27.5956 39.2756 7.4
      vertex -27.9061 38.9215 2.4
      vertex -27.9061 38.9215 7.4
    endloop
  endfacet
  facet normal -0.442365 0.896835 0
    outer loop
      vertex -26.4277 40.056 2.4
      vertex -26.85 39.8477 7.4
      vertex -26.4277 40.056 7.4
    endloop
  endfacet
  facet normal -0.442365 0.896835 0
    outer loop
      vertex -26.85 39.8477 7.4
      vertex -26.4277 40.056 2.4
      vertex -26.85 39.8477 2.4
    endloop
  endfacet
  facet normal 0.896835 0.442365 0
    outer loop
      vertex -21.724 38.1077 7.4
      vertex -21.9323 38.53 2.4
      vertex -21.9323 38.53 7.4
    endloop
  endfacet
  facet normal 0.896835 0.442365 0
    outer loop
      vertex -21.9323 38.53 2.4
      vertex -21.724 38.1077 7.4
      vertex -21.724 38.1077 2.4
    endloop
  endfacet
  facet normal 0.831462 0.555582 0
    outer loop
      vertex -21.9323 38.53 7.4
      vertex -22.1939 38.9215 2.4
      vertex -22.1939 38.9215 7.4
    endloop
  endfacet
  facet normal 0.831462 0.555582 0
    outer loop
      vertex -22.1939 38.9215 2.4
      vertex -21.9323 38.53 7.4
      vertex -21.9323 38.53 2.4
    endloop
  endfacet
  facet normal 0.321256 0.946993 -0
    outer loop
      vertex -23.6723 40.056 2.4
      vertex -24.1183 40.2073 7.4
      vertex -23.6723 40.056 7.4
    endloop
  endfacet
  facet normal 0.321256 0.946993 0
    outer loop
      vertex -24.1183 40.2073 7.4
      vertex -23.6723 40.056 2.4
      vertex -24.1183 40.2073 2.4
    endloop
  endfacet
  facet normal 0.195177 0.980768 -0
    outer loop
      vertex -24.1183 40.2073 2.4
      vertex -24.5801 40.2992 7.4
      vertex -24.1183 40.2073 7.4
    endloop
  endfacet
  facet normal 0.195177 0.980768 0
    outer loop
      vertex -24.5801 40.2992 7.4
      vertex -24.1183 40.2073 2.4
      vertex -24.5801 40.2992 2.4
    endloop
  endfacet
  facet normal 0.442365 0.896835 -0
    outer loop
      vertex -23.25 39.8477 2.4
      vertex -23.6723 40.056 7.4
      vertex -23.25 39.8477 7.4
    endloop
  endfacet
  facet normal 0.442365 0.896835 0
    outer loop
      vertex -23.6723 40.056 7.4
      vertex -23.25 39.8477 2.4
      vertex -23.6723 40.056 2.4
    endloop
  endfacet
  facet normal -0.896835 0.442365 0
    outer loop
      vertex -28.376 38.1077 2.4
      vertex -28.1677 38.53 7.4
      vertex -28.1677 38.53 2.4
    endloop
  endfacet
  facet normal -0.896835 0.442365 0
    outer loop
      vertex -28.1677 38.53 7.4
      vertex -28.376 38.1077 2.4
      vertex -28.376 38.1077 7.4
    endloop
  endfacet
  facet normal -0.831462 0.555582 0
    outer loop
      vertex -28.1677 38.53 2.4
      vertex -27.9061 38.9215 7.4
      vertex -27.9061 38.9215 2.4
    endloop
  endfacet
  facet normal -0.831462 0.555582 0
    outer loop
      vertex -27.9061 38.9215 7.4
      vertex -28.1677 38.53 2.4
      vertex -28.1677 38.53 7.4
    endloop
  endfacet
  facet normal 0 0 1
    outer loop
      vertex -23.85 36.73 7.4
      vertex -21.45 36.73 7.4
      vertex -21.4808 37.1999 7.4
    endloop
  endfacet
  facet normal 0 0 1
    outer loop
      vertex -23.8603 36.8866 7.4
      vertex -21.4808 37.1999 7.4
      vertex -21.5727 37.6617 7.4
    endloop
  endfacet
  facet normal 0 0 1
    outer loop
      vertex -21.45 36.73 7.4
      vertex -23.85 36.73 7.4
      vertex -21.4808 36.2601 7.4
    endloop
  endfacet
  facet normal 0 0 1
    outer loop
      vertex -23.8909 37.0406 7.4
      vertex -21.5727 37.6617 7.4
      vertex -21.724 38.1077 7.4
    endloop
  endfacet
  facet normal -0 0 1
    outer loop
      vertex -23.8603 36.5734 7.4
      vertex -21.4808 36.2601 7.4
      vertex -23.85 36.73 7.4
    endloop
  endfacet
  facet normal 0 0 1
    outer loop
      vertex -23.9413 37.1892 7.4
      vertex -21.724 38.1077 7.4
      vertex -21.9323 38.53 7.4
    endloop
  endfacet
  facet normal 0 0 1
    outer loop
      vertex -21.4808 36.2601 7.4
      vertex -23.8603 36.5734 7.4
      vertex -21.5727 35.7983 7.4
    endloop
  endfacet
  facet normal 0 0 1
    outer loop
      vertex -24.0108 37.33 7.4
      vertex -21.9323 38.53 7.4
      vertex -22.1939 38.9215 7.4
    endloop
  endfacet
  facet normal -0 0 1
    outer loop
      vertex -23.8909 36.4194 7.4
      vertex -21.5727 35.7983 7.4
      vertex -23.8603 36.5734 7.4
    endloop
  endfacet
  facet normal 0 0 1
    outer loop
      vertex -24.098 37.4605 7.4
      vertex -22.1939 38.9215 7.4
      vertex -22.5044 39.2756 7.4
    endloop
  endfacet
  facet normal 0 0 1
    outer loop
      vertex -21.5727 35.7983 7.4
      vertex -23.8909 36.4194 7.4
      vertex -21.724 35.3523 7.4
    endloop
  endfacet
  facet normal 0 0 1
    outer loop
      vertex -24.2015 37.5785 7.4
      vertex -22.5044 39.2756 7.4
      vertex -22.8585 39.5861 7.4
    endloop
  endfacet
  facet normal -0 0 1
    outer loop
      vertex -23.9413 36.2708 7.4
      vertex -21.724 35.3523 7.4
      vertex -23.8909 36.4194 7.4
    endloop
  endfacet
  facet normal 0 0 1
    outer loop
      vertex -24.3195 37.682 7.4
      vertex -22.8585 39.5861 7.4
      vertex -23.25 39.8477 7.4
    endloop
  endfacet
  facet normal 0 0 1
    outer loop
      vertex -21.724 35.3523 7.4
      vertex -23.9413 36.2708 7.4
      vertex -21.9323 34.93 7.4
    endloop
  endfacet
  facet normal 0 0 1
    outer loop
      vertex -24.45 37.7692 7.4
      vertex -23.25 39.8477 7.4
      vertex -23.6723 40.056 7.4
    endloop
  endfacet
  facet normal -0 0 1
    outer loop
      vertex -24.0108 36.13 7.4
      vertex -21.9323 34.93 7.4
      vertex -23.9413 36.2708 7.4
    endloop
  endfacet
  facet normal 0 0 1
    outer loop
      vertex -21.9323 34.93 7.4
      vertex -24.0108 36.13 7.4
      vertex -22.1939 34.5385 7.4
    endloop
  endfacet
  facet normal 0 0 1
    outer loop
      vertex -21.4808 37.1999 7.4
      vertex -23.8603 36.8866 7.4
      vertex -23.85 36.73 7.4
    endloop
  endfacet
  facet normal 0 0 1
    outer loop
      vertex -21.5727 37.6617 7.4
      vertex -23.8909 37.0406 7.4
      vertex -23.8603 36.8866 7.4
    endloop
  endfacet
  facet normal 0 0 1
    outer loop
      vertex -21.724 38.1077 7.4
      vertex -23.9413 37.1892 7.4
      vertex -23.8909 37.0406 7.4
    endloop
  endfacet
  facet normal 0 0 1
    outer loop
      vertex -21.9323 38.53 7.4
      vertex -24.0108 37.33 7.4
      vertex -23.9413 37.1892 7.4
    endloop
  endfacet
  facet normal 0 0 1
    outer loop
      vertex -22.1939 38.9215 7.4
      vertex -24.098 37.4605 7.4
      vertex -24.0108 37.33 7.4
    endloop
  endfacet
  facet normal 0 0 1
    outer loop
      vertex -24.5908 37.8387 7.4
      vertex -23.6723 40.056 7.4
      vertex -24.1183 40.2073 7.4
    endloop
  endfacet
  facet normal 0 0 1
    outer loop
      vertex -22.5044 39.2756 7.4
      vertex -24.2015 37.5785 7.4
      vertex -24.098 37.4605 7.4
    endloop
  endfacet
  facet normal 0 0 1
    outer loop
      vertex -22.8585 39.5861 7.4
      vertex -24.3195 37.682 7.4
      vertex -24.2015 37.5785 7.4
    endloop
  endfacet
  facet normal 0 0 1
    outer loop
      vertex -23.25 39.8477 7.4
      vertex -24.45 37.7692 7.4
      vertex -24.3195 37.682 7.4
    endloop
  endfacet
  facet normal 0 0 1
    outer loop
      vertex -24.7394 37.8891 7.4
      vertex -24.1183 40.2073 7.4
      vertex -24.5801 40.2992 7.4
    endloop
  endfacet
  facet normal 0 0 1
    outer loop
      vertex -23.6723 40.056 7.4
      vertex -24.5908 37.8387 7.4
      vertex -24.45 37.7692 7.4
    endloop
  endfacet
  facet normal 0 0 1
    outer loop
      vertex -24.1183 40.2073 7.4
      vertex -24.7394 37.8891 7.4
      vertex -24.5908 37.8387 7.4
    endloop
  endfacet
  facet normal 0 0 1
    outer loop
      vertex -24.5801 40.2992 7.4
      vertex -24.8934 37.9197 7.4
      vertex -24.7394 37.8891 7.4
    endloop
  endfacet
  facet normal 0 0 1
    outer loop
      vertex -25.05 40.33 7.4
      vertex -24.8934 37.9197 7.4
      vertex -24.5801 40.2992 7.4
    endloop
  endfacet
  facet normal 0 0 1
    outer loop
      vertex -25.05 40.33 7.4
      vertex -25.05 37.93 7.4
      vertex -24.8934 37.9197 7.4
    endloop
  endfacet
  facet normal 0 0 1
    outer loop
      vertex -25.05 40.33 7.4
      vertex -25.2066 37.9197 7.4
      vertex -25.05 37.93 7.4
    endloop
  endfacet
  facet normal -0 0 1
    outer loop
      vertex -25.5199 40.2992 7.4
      vertex -25.2066 37.9197 7.4
      vertex -25.05 40.33 7.4
    endloop
  endfacet
  facet normal 0 0 1
    outer loop
      vertex -25.2066 37.9197 7.4
      vertex -25.5199 40.2992 7.4
      vertex -25.3606 37.8891 7.4
    endloop
  endfacet
  facet normal -0 0 1
    outer loop
      vertex -25.9817 40.2073 7.4
      vertex -25.3606 37.8891 7.4
      vertex -25.5199 40.2992 7.4
    endloop
  endfacet
  facet normal 0 0 1
    outer loop
      vertex -25.3606 37.8891 7.4
      vertex -25.9817 40.2073 7.4
      vertex -25.5092 37.8387 7.4
    endloop
  endfacet
  facet normal -0 0 1
    outer loop
      vertex -26.4277 40.056 7.4
      vertex -25.5092 37.8387 7.4
      vertex -25.9817 40.2073 7.4
    endloop
  endfacet
  facet normal 0 0 1
    outer loop
      vertex -25.5092 37.8387 7.4
      vertex -26.4277 40.056 7.4
      vertex -25.65 37.7692 7.4
    endloop
  endfacet
  facet normal -0 0 1
    outer loop
      vertex -26.85 39.8477 7.4
      vertex -25.65 37.7692 7.4
      vertex -26.4277 40.056 7.4
    endloop
  endfacet
  facet normal 0 0 1
    outer loop
      vertex -25.65 37.7692 7.4
      vertex -26.85 39.8477 7.4
      vertex -25.7805 37.682 7.4
    endloop
  endfacet
  facet normal -0 0 1
    outer loop
      vertex -27.2415 39.5861 7.4
      vertex -25.7805 37.682 7.4
      vertex -26.85 39.8477 7.4
    endloop
  endfacet
  facet normal 0 0 1
    outer loop
      vertex -25.7805 37.682 7.4
      vertex -27.2415 39.5861 7.4
      vertex -25.8985 37.5785 7.4
    endloop
  endfacet
  facet normal -0 0 1
    outer loop
      vertex -27.5956 39.2756 7.4
      vertex -25.8985 37.5785 7.4
      vertex -27.2415 39.5861 7.4
    endloop
  endfacet
  facet normal 0 0 1
    outer loop
      vertex -25.8985 37.5785 7.4
      vertex -27.5956 39.2756 7.4
      vertex -26.002 37.4605 7.4
    endloop
  endfacet
  facet normal 0 0 1
    outer loop
      vertex -26.002 37.4605 7.4
      vertex -27.9061 38.9215 7.4
      vertex -26.0892 37.33 7.4
    endloop
  endfacet
  facet normal -0 0 1
    outer loop
      vertex -27.9061 38.9215 7.4
      vertex -26.002 37.4605 7.4
      vertex -27.5956 39.2756 7.4
    endloop
  endfacet
  facet normal -0 0 1
    outer loop
      vertex -24.098 35.9995 7.4
      vertex -22.1939 34.5385 7.4
      vertex -24.0108 36.13 7.4
    endloop
  endfacet
  facet normal 0 0 1
    outer loop
      vertex -22.1939 34.5385 7.4
      vertex -24.098 35.9995 7.4
      vertex -22.5044 34.1844 7.4
    endloop
  endfacet
  facet normal -0 0 1
    outer loop
      vertex -24.2015 35.8815 7.4
      vertex -22.5044 34.1844 7.4
      vertex -24.098 35.9995 7.4
    endloop
  endfacet
  facet normal 0 0 1
    outer loop
      vertex -22.5044 34.1844 7.4
      vertex -24.2015 35.8815 7.4
      vertex -22.8585 33.8739 7.4
    endloop
  endfacet
  facet normal -0 0 1
    outer loop
      vertex -24.3195 35.778 7.4
      vertex -22.8585 33.8739 7.4
      vertex -24.2015 35.8815 7.4
    endloop
  endfacet
  facet normal 0 0 1
    outer loop
      vertex -22.8585 33.8739 7.4
      vertex -24.3195 35.778 7.4
      vertex -23.25 33.6123 7.4
    endloop
  endfacet
  facet normal -0 0 1
    outer loop
      vertex -24.45 35.6908 7.4
      vertex -23.25 33.6123 7.4
      vertex -24.3195 35.778 7.4
    endloop
  endfacet
  facet normal 0 0 1
    outer loop
      vertex -23.25 33.6123 7.4
      vertex -24.45 35.6908 7.4
      vertex -23.6723 33.404 7.4
    endloop
  endfacet
  facet normal -0 0 1
    outer loop
      vertex -24.5908 35.6213 7.4
      vertex -23.6723 33.404 7.4
      vertex -24.45 35.6908 7.4
    endloop
  endfacet
  facet normal 0 0 1
    outer loop
      vertex -23.6723 33.404 7.4
      vertex -24.5908 35.6213 7.4
      vertex -24.1183 33.2527 7.4
    endloop
  endfacet
  facet normal -0 0 1
    outer loop
      vertex -24.7394 35.5709 7.4
      vertex -24.1183 33.2527 7.4
      vertex -24.5908 35.6213 7.4
    endloop
  endfacet
  facet normal 0 0 1
    outer loop
      vertex -24.1183 33.2527 7.4
      vertex -24.7394 35.5709 7.4
      vertex -24.5801 33.1608 7.4
    endloop
  endfacet
  facet normal -0 0 1
    outer loop
      vertex -24.8934 35.5403 7.4
      vertex -24.5801 33.1608 7.4
      vertex -24.7394 35.5709 7.4
    endloop
  endfacet
  facet normal -0 0 1
    outer loop
      vertex -25.05 35.53 7.4
      vertex -24.5801 33.1608 7.4
      vertex -24.8934 35.5403 7.4
    endloop
  endfacet
  facet normal 0 0 1
    outer loop
      vertex -25.05 35.53 7.4
      vertex -25.05 33.13 7.4
      vertex -24.5801 33.1608 7.4
    endloop
  endfacet
  facet normal 0 0 1
    outer loop
      vertex -25.2066 35.5403 7.4
      vertex -25.05 33.13 7.4
      vertex -25.05 35.53 7.4
    endloop
  endfacet
  facet normal 0 0 1
    outer loop
      vertex -25.5199 33.1608 7.4
      vertex -25.2066 35.5403 7.4
      vertex -25.3606 35.5709 7.4
    endloop
  endfacet
  facet normal 0 0 1
    outer loop
      vertex -25.9817 33.2527 7.4
      vertex -25.3606 35.5709 7.4
      vertex -25.5092 35.6213 7.4
    endloop
  endfacet
  facet normal 0 0 1
    outer loop
      vertex -25.2066 35.5403 7.4
      vertex -25.5199 33.1608 7.4
      vertex -25.05 33.13 7.4
    endloop
  endfacet
  facet normal 0 0 1
    outer loop
      vertex -26.4277 33.404 7.4
      vertex -25.5092 35.6213 7.4
      vertex -25.65 35.6908 7.4
    endloop
  endfacet
  facet normal 0 0 1
    outer loop
      vertex -26.85 33.6123 7.4
      vertex -25.65 35.6908 7.4
      vertex -25.7805 35.778 7.4
    endloop
  endfacet
  facet normal 0 0 1
    outer loop
      vertex -27.2415 33.8739 7.4
      vertex -25.7805 35.778 7.4
      vertex -25.8985 35.8815 7.4
    endloop
  endfacet
  facet normal 0 0 1
    outer loop
      vertex -25.3606 35.5709 7.4
      vertex -25.9817 33.2527 7.4
      vertex -25.5199 33.1608 7.4
    endloop
  endfacet
  facet normal 0 0 1
    outer loop
      vertex -27.5956 34.1844 7.4
      vertex -25.8985 35.8815 7.4
      vertex -26.002 35.9995 7.4
    endloop
  endfacet
  facet normal 0 0 1
    outer loop
      vertex -27.9061 34.5385 7.4
      vertex -26.002 35.9995 7.4
      vertex -26.0892 36.13 7.4
    endloop
  endfacet
  facet normal 0 0 1
    outer loop
      vertex -28.1677 34.93 7.4
      vertex -26.0892 36.13 7.4
      vertex -26.1587 36.2708 7.4
    endloop
  endfacet
  facet normal 0 0 1
    outer loop
      vertex -28.376 35.3523 7.4
      vertex -26.1587 36.2708 7.4
      vertex -26.2091 36.4194 7.4
    endloop
  endfacet
  facet normal 0 0 1
    outer loop
      vertex -28.5273 35.7983 7.4
      vertex -26.2091 36.4194 7.4
      vertex -26.2397 36.5734 7.4
    endloop
  endfacet
  facet normal 0 0 1
    outer loop
      vertex -25.5092 35.6213 7.4
      vertex -26.4277 33.404 7.4
      vertex -25.9817 33.2527 7.4
    endloop
  endfacet
  facet normal 0 0 1
    outer loop
      vertex -28.6192 36.2601 7.4
      vertex -26.2397 36.5734 7.4
      vertex -26.25 36.73 7.4
    endloop
  endfacet
  facet normal -0 0 1
    outer loop
      vertex -28.1677 38.53 7.4
      vertex -26.0892 37.33 7.4
      vertex -27.9061 38.9215 7.4
    endloop
  endfacet
  facet normal 0 0 1
    outer loop
      vertex -26.0892 37.33 7.4
      vertex -28.1677 38.53 7.4
      vertex -26.1587 37.1892 7.4
    endloop
  endfacet
  facet normal 0 0 1
    outer loop
      vertex -25.65 35.6908 7.4
      vertex -26.85 33.6123 7.4
      vertex -26.4277 33.404 7.4
    endloop
  endfacet
  facet normal -0 0 1
    outer loop
      vertex -28.376 38.1077 7.4
      vertex -26.1587 37.1892 7.4
      vertex -28.1677 38.53 7.4
    endloop
  endfacet
  facet normal 0 0 1
    outer loop
      vertex -25.7805 35.778 7.4
      vertex -27.2415 33.8739 7.4
      vertex -26.85 33.6123 7.4
    endloop
  endfacet
  facet normal 0 0 1
    outer loop
      vertex -26.1587 37.1892 7.4
      vertex -28.376 38.1077 7.4
      vertex -26.2091 37.0406 7.4
    endloop
  endfacet
  facet normal 0 0 1
    outer loop
      vertex -25.8985 35.8815 7.4
      vertex -27.5956 34.1844 7.4
      vertex -27.2415 33.8739 7.4
    endloop
  endfacet
  facet normal -0 0 1
    outer loop
      vertex -28.5273 37.6617 7.4
      vertex -26.2091 37.0406 7.4
      vertex -28.376 38.1077 7.4
    endloop
  endfacet
  facet normal 0 0 1
    outer loop
      vertex -26.002 35.9995 7.4
      vertex -27.9061 34.5385 7.4
      vertex -27.5956 34.1844 7.4
    endloop
  endfacet
  facet normal 0 0 1
    outer loop
      vertex -26.2091 37.0406 7.4
      vertex -28.5273 37.6617 7.4
      vertex -26.2397 36.8866 7.4
    endloop
  endfacet
  facet normal 0 0 1
    outer loop
      vertex -26.0892 36.13 7.4
      vertex -28.1677 34.93 7.4
      vertex -27.9061 34.5385 7.4
    endloop
  endfacet
  facet normal -0 0 1
    outer loop
      vertex -28.6192 37.1999 7.4
      vertex -26.2397 36.8866 7.4
      vertex -28.5273 37.6617 7.4
    endloop
  endfacet
  facet normal 0 0 1
    outer loop
      vertex -26.1587 36.2708 7.4
      vertex -28.376 35.3523 7.4
      vertex -28.1677 34.93 7.4
    endloop
  endfacet
  facet normal 0 0 1
    outer loop
      vertex -26.2397 36.8866 7.4
      vertex -28.6192 37.1999 7.4
      vertex -26.25 36.73 7.4
    endloop
  endfacet
  facet normal 0 0 1
    outer loop
      vertex -26.2091 36.4194 7.4
      vertex -28.5273 35.7983 7.4
      vertex -28.376 35.3523 7.4
    endloop
  endfacet
  facet normal 0 0 1
    outer loop
      vertex -28.65 36.73 7.4
      vertex -26.25 36.73 7.4
      vertex -28.6192 37.1999 7.4
    endloop
  endfacet
  facet normal 0 0 1
    outer loop
      vertex -26.2397 36.5734 7.4
      vertex -28.6192 36.2601 7.4
      vertex -28.5273 35.7983 7.4
    endloop
  endfacet
  facet normal 0 0 1
    outer loop
      vertex -26.25 36.73 7.4
      vertex -28.65 36.73 7.4
      vertex -28.6192 36.2601 7.4
    endloop
  endfacet
  facet normal -0.555582 0.831462 0
    outer loop
      vertex -26.85 39.8477 2.4
      vertex -27.2415 39.5861 7.4
      vertex -26.85 39.8477 7.4
    endloop
  endfacet
  facet normal -0.555582 0.831462 0
    outer loop
      vertex -27.2415 39.5861 7.4
      vertex -26.85 39.8477 2.4
      vertex -27.2415 39.5861 2.4
    endloop
  endfacet
  facet normal -0.321256 0.946993 0
    outer loop
      vertex -25.9817 40.2073 2.4
      vertex -26.4277 40.056 7.4
      vertex -25.9817 40.2073 7.4
    endloop
  endfacet
  facet normal -0.321256 0.946993 0
    outer loop
      vertex -26.4277 40.056 7.4
      vertex -25.9817 40.2073 2.4
      vertex -26.4277 40.056 2.4
    endloop
  endfacet
  facet normal 0 0 -1
    outer loop
      vertex -23.85 36.73 2.4
      vertex -21.45 36.73 2.4
      vertex -21.4808 36.2601 2.4
    endloop
  endfacet
  facet normal 0 0 -1
    outer loop
      vertex -23.8603 36.5734 2.4
      vertex -21.4808 36.2601 2.4
      vertex -21.5727 35.7983 2.4
    endloop
  endfacet
  facet normal 0 0 -1
    outer loop
      vertex -21.45 36.73 2.4
      vertex -23.85 36.73 2.4
      vertex -21.4808 37.1999 2.4
    endloop
  endfacet
  facet normal 0 0 -1
    outer loop
      vertex -23.8909 36.4194 2.4
      vertex -21.5727 35.7983 2.4
      vertex -21.724 35.3523 2.4
    endloop
  endfacet
  facet normal 0 0 -1
    outer loop
      vertex -23.8603 36.8866 2.4
      vertex -21.4808 37.1999 2.4
      vertex -23.85 36.73 2.4
    endloop
  endfacet
  facet normal 0 0 -1
    outer loop
      vertex -23.9413 36.2708 2.4
      vertex -21.724 35.3523 2.4
      vertex -21.9323 34.93 2.4
    endloop
  endfacet
  facet normal -0 0 -1
    outer loop
      vertex -21.4808 37.1999 2.4
      vertex -23.8603 36.8866 2.4
      vertex -21.5727 37.6617 2.4
    endloop
  endfacet
  facet normal 0 0 -1
    outer loop
      vertex -24.0108 36.13 2.4
      vertex -21.9323 34.93 2.4
      vertex -22.1939 34.5385 2.4
    endloop
  endfacet
  facet normal 0 0 -1
    outer loop
      vertex -23.8909 37.0406 2.4
      vertex -21.5727 37.6617 2.4
      vertex -23.8603 36.8866 2.4
    endloop
  endfacet
  facet normal 0 0 -1
    outer loop
      vertex -24.098 35.9995 2.4
      vertex -22.1939 34.5385 2.4
      vertex -22.5044 34.1844 2.4
    endloop
  endfacet
  facet normal -0 0 -1
    outer loop
      vertex -21.5727 37.6617 2.4
      vertex -23.8909 37.0406 2.4
      vertex -21.724 38.1077 2.4
    endloop
  endfacet
  facet normal 0 0 -1
    outer loop
      vertex -24.2015 35.8815 2.4
      vertex -22.5044 34.1844 2.4
      vertex -22.8585 33.8739 2.4
    endloop
  endfacet
  facet normal 0 0 -1
    outer loop
      vertex -23.9413 37.1892 2.4
      vertex -21.724 38.1077 2.4
      vertex -23.8909 37.0406 2.4
    endloop
  endfacet
  facet normal 0 0 -1
    outer loop
      vertex -24.3195 35.778 2.4
      vertex -22.8585 33.8739 2.4
      vertex -23.25 33.6123 2.4
    endloop
  endfacet
  facet normal -0 0 -1
    outer loop
      vertex -21.724 38.1077 2.4
      vertex -23.9413 37.1892 2.4
      vertex -21.9323 38.53 2.4
    endloop
  endfacet
  facet normal 0 0 -1
    outer loop
      vertex -24.45 35.6908 2.4
      vertex -23.25 33.6123 2.4
      vertex -23.6723 33.404 2.4
    endloop
  endfacet
  facet normal 0 0 -1
    outer loop
      vertex -24.0108 37.33 2.4
      vertex -21.9323 38.53 2.4
      vertex -23.9413 37.1892 2.4
    endloop
  endfacet
  facet normal -0 0 -1
    outer loop
      vertex -21.9323 38.53 2.4
      vertex -24.0108 37.33 2.4
      vertex -22.1939 38.9215 2.4
    endloop
  endfacet
  facet normal 0 0 -1
    outer loop
      vertex -21.4808 36.2601 2.4
      vertex -23.8603 36.5734 2.4
      vertex -23.85 36.73 2.4
    endloop
  endfacet
  facet normal 0 0 -1
    outer loop
      vertex -21.5727 35.7983 2.4
      vertex -23.8909 36.4194 2.4
      vertex -23.8603 36.5734 2.4
    endloop
  endfacet
  facet normal 0 0 -1
    outer loop
      vertex -21.724 35.3523 2.4
      vertex -23.9413 36.2708 2.4
      vertex -23.8909 36.4194 2.4
    endloop
  endfacet
  facet normal 0 0 -1
    outer loop
      vertex -21.9323 34.93 2.4
      vertex -24.0108 36.13 2.4
      vertex -23.9413 36.2708 2.4
    endloop
  endfacet
  facet normal 0 0 -1
    outer loop
      vertex -22.1939 34.5385 2.4
      vertex -24.098 35.9995 2.4
      vertex -24.0108 36.13 2.4
    endloop
  endfacet
  facet normal 0 0 -1
    outer loop
      vertex -24.5908 35.6213 2.4
      vertex -23.6723 33.404 2.4
      vertex -24.1183 33.2527 2.4
    endloop
  endfacet
  facet normal 0 0 -1
    outer loop
      vertex -22.5044 34.1844 2.4
      vertex -24.2015 35.8815 2.4
      vertex -24.098 35.9995 2.4
    endloop
  endfacet
  facet normal 0 0 -1
    outer loop
      vertex -22.8585 33.8739 2.4
      vertex -24.3195 35.778 2.4
      vertex -24.2015 35.8815 2.4
    endloop
  endfacet
  facet normal 0 0 -1
    outer loop
      vertex -23.25 33.6123 2.4
      vertex -24.45 35.6908 2.4
      vertex -24.3195 35.778 2.4
    endloop
  endfacet
  facet normal 0 0 -1
    outer loop
      vertex -24.7394 35.5709 2.4
      vertex -24.1183 33.2527 2.4
      vertex -24.5801 33.1608 2.4
    endloop
  endfacet
  facet normal 0 0 -1
    outer loop
      vertex -23.6723 33.404 2.4
      vertex -24.5908 35.6213 2.4
      vertex -24.45 35.6908 2.4
    endloop
  endfacet
  facet normal 0 0 -1
    outer loop
      vertex -24.1183 33.2527 2.4
      vertex -24.7394 35.5709 2.4
      vertex -24.5908 35.6213 2.4
    endloop
  endfacet
  facet normal 0 0 -1
    outer loop
      vertex -24.5801 33.1608 2.4
      vertex -24.8934 35.5403 2.4
      vertex -24.7394 35.5709 2.4
    endloop
  endfacet
  facet normal 0 0 -1
    outer loop
      vertex -25.05 33.13 2.4
      vertex -24.8934 35.5403 2.4
      vertex -24.5801 33.1608 2.4
    endloop
  endfacet
  facet normal 0 0 -1
    outer loop
      vertex -25.05 33.13 2.4
      vertex -25.05 35.53 2.4
      vertex -24.8934 35.5403 2.4
    endloop
  endfacet
  facet normal 0 0 -1
    outer loop
      vertex -25.05 33.13 2.4
      vertex -25.2066 35.5403 2.4
      vertex -25.05 35.53 2.4
    endloop
  endfacet
  facet normal 0 0 -1
    outer loop
      vertex -25.5199 33.1608 2.4
      vertex -25.2066 35.5403 2.4
      vertex -25.05 33.13 2.4
    endloop
  endfacet
  facet normal -0 0 -1
    outer loop
      vertex -25.2066 35.5403 2.4
      vertex -25.5199 33.1608 2.4
      vertex -25.3606 35.5709 2.4
    endloop
  endfacet
  facet normal 0 0 -1
    outer loop
      vertex -25.9817 33.2527 2.4
      vertex -25.3606 35.5709 2.4
      vertex -25.5199 33.1608 2.4
    endloop
  endfacet
  facet normal -0 0 -1
    outer loop
      vertex -25.3606 35.5709 2.4
      vertex -25.9817 33.2527 2.4
      vertex -25.5092 35.6213 2.4
    endloop
  endfacet
  facet normal 0 0 -1
    outer loop
      vertex -26.4277 33.404 2.4
      vertex -25.5092 35.6213 2.4
      vertex -25.9817 33.2527 2.4
    endloop
  endfacet
  facet normal -0 0 -1
    outer loop
      vertex -25.5092 35.6213 2.4
      vertex -26.4277 33.404 2.4
      vertex -25.65 35.6908 2.4
    endloop
  endfacet
  facet normal 0 0 -1
    outer loop
      vertex -26.85 33.6123 2.4
      vertex -25.65 35.6908 2.4
      vertex -26.4277 33.404 2.4
    endloop
  endfacet
  facet normal -0 0 -1
    outer loop
      vertex -25.65 35.6908 2.4
      vertex -26.85 33.6123 2.4
      vertex -25.7805 35.778 2.4
    endloop
  endfacet
  facet normal 0 0 -1
    outer loop
      vertex -27.2415 33.8739 2.4
      vertex -25.7805 35.778 2.4
      vertex -26.85 33.6123 2.4
    endloop
  endfacet
  facet normal -0 0 -1
    outer loop
      vertex -25.7805 35.778 2.4
      vertex -27.2415 33.8739 2.4
      vertex -25.8985 35.8815 2.4
    endloop
  endfacet
  facet normal 0 0 -1
    outer loop
      vertex -27.5956 34.1844 2.4
      vertex -25.8985 35.8815 2.4
      vertex -27.2415 33.8739 2.4
    endloop
  endfacet
  facet normal -0 0 -1
    outer loop
      vertex -25.8985 35.8815 2.4
      vertex -27.5956 34.1844 2.4
      vertex -26.002 35.9995 2.4
    endloop
  endfacet
  facet normal -0 0 -1
    outer loop
      vertex -26.002 35.9995 2.4
      vertex -27.9061 34.5385 2.4
      vertex -26.0892 36.13 2.4
    endloop
  endfacet
  facet normal 0 0 -1
    outer loop
      vertex -27.9061 34.5385 2.4
      vertex -26.002 35.9995 2.4
      vertex -27.5956 34.1844 2.4
    endloop
  endfacet
  facet normal 0 0 -1
    outer loop
      vertex -24.098 37.4605 2.4
      vertex -22.1939 38.9215 2.4
      vertex -24.0108 37.33 2.4
    endloop
  endfacet
  facet normal -0 0 -1
    outer loop
      vertex -22.1939 38.9215 2.4
      vertex -24.098 37.4605 2.4
      vertex -22.5044 39.2756 2.4
    endloop
  endfacet
  facet normal 0 0 -1
    outer loop
      vertex -24.2015 37.5785 2.4
      vertex -22.5044 39.2756 2.4
      vertex -24.098 37.4605 2.4
    endloop
  endfacet
  facet normal -0 0 -1
    outer loop
      vertex -22.5044 39.2756 2.4
      vertex -24.2015 37.5785 2.4
      vertex -22.8585 39.5861 2.4
    endloop
  endfacet
  facet normal 0 0 -1
    outer loop
      vertex -24.3195 37.682 2.4
      vertex -22.8585 39.5861 2.4
      vertex -24.2015 37.5785 2.4
    endloop
  endfacet
  facet normal -0 0 -1
    outer loop
      vertex -22.8585 39.5861 2.4
      vertex -24.3195 37.682 2.4
      vertex -23.25 39.8477 2.4
    endloop
  endfacet
  facet normal 0 0 -1
    outer loop
      vertex -24.45 37.7692 2.4
      vertex -23.25 39.8477 2.4
      vertex -24.3195 37.682 2.4
    endloop
  endfacet
  facet normal -0 0 -1
    outer loop
      vertex -23.25 39.8477 2.4
      vertex -24.45 37.7692 2.4
      vertex -23.6723 40.056 2.4
    endloop
  endfacet
  facet normal 0 0 -1
    outer loop
      vertex -24.5908 37.8387 2.4
      vertex -23.6723 40.056 2.4
      vertex -24.45 37.7692 2.4
    endloop
  endfacet
  facet normal -0 0 -1
    outer loop
      vertex -23.6723 40.056 2.4
      vertex -24.5908 37.8387 2.4
      vertex -24.1183 40.2073 2.4
    endloop
  endfacet
  facet normal 0 0 -1
    outer loop
      vertex -24.7394 37.8891 2.4
      vertex -24.1183 40.2073 2.4
      vertex -24.5908 37.8387 2.4
    endloop
  endfacet
  facet normal -0 0 -1
    outer loop
      vertex -24.1183 40.2073 2.4
      vertex -24.7394 37.8891 2.4
      vertex -24.5801 40.2992 2.4
    endloop
  endfacet
  facet normal 0 0 -1
    outer loop
      vertex -24.8934 37.9197 2.4
      vertex -24.5801 40.2992 2.4
      vertex -24.7394 37.8891 2.4
    endloop
  endfacet
  facet normal 0 0 -1
    outer loop
      vertex -25.05 37.93 2.4
      vertex -24.5801 40.2992 2.4
      vertex -24.8934 37.9197 2.4
    endloop
  endfacet
  facet normal 0 0 -1
    outer loop
      vertex -25.05 37.93 2.4
      vertex -25.05 40.33 2.4
      vertex -24.5801 40.2992 2.4
    endloop
  endfacet
  facet normal 0 0 -1
    outer loop
      vertex -25.2066 37.9197 2.4
      vertex -25.05 40.33 2.4
      vertex -25.05 37.93 2.4
    endloop
  endfacet
  facet normal 0 0 -1
    outer loop
      vertex -25.5199 40.2992 2.4
      vertex -25.2066 37.9197 2.4
      vertex -25.3606 37.8891 2.4
    endloop
  endfacet
  facet normal 0 0 -1
    outer loop
      vertex -25.9817 40.2073 2.4
      vertex -25.3606 37.8891 2.4
      vertex -25.5092 37.8387 2.4
    endloop
  endfacet
  facet normal 0 0 -1
    outer loop
      vertex -25.2066 37.9197 2.4
      vertex -25.5199 40.2992 2.4
      vertex -25.05 40.33 2.4
    endloop
  endfacet
  facet normal 0 0 -1
    outer loop
      vertex -26.4277 40.056 2.4
      vertex -25.5092 37.8387 2.4
      vertex -25.65 37.7692 2.4
    endloop
  endfacet
  facet normal 0 0 -1
    outer loop
      vertex -26.85 39.8477 2.4
      vertex -25.65 37.7692 2.4
      vertex -25.7805 37.682 2.4
    endloop
  endfacet
  facet normal 0 0 -1
    outer loop
      vertex -27.2415 39.5861 2.4
      vertex -25.7805 37.682 2.4
      vertex -25.8985 37.5785 2.4
    endloop
  endfacet
  facet normal 0 0 -1
    outer loop
      vertex -25.3606 37.8891 2.4
      vertex -25.9817 40.2073 2.4
      vertex -25.5199 40.2992 2.4
    endloop
  endfacet
  facet normal 0 0 -1
    outer loop
      vertex -27.5956 39.2756 2.4
      vertex -25.8985 37.5785 2.4
      vertex -26.002 37.4605 2.4
    endloop
  endfacet
  facet normal 0 0 -1
    outer loop
      vertex -27.9061 38.9215 2.4
      vertex -26.002 37.4605 2.4
      vertex -26.0892 37.33 2.4
    endloop
  endfacet
  facet normal 0 0 -1
    outer loop
      vertex -28.1677 38.53 2.4
      vertex -26.0892 37.33 2.4
      vertex -26.1587 37.1892 2.4
    endloop
  endfacet
  facet normal 0 0 -1
    outer loop
      vertex -28.376 38.1077 2.4
      vertex -26.1587 37.1892 2.4
      vertex -26.2091 37.0406 2.4
    endloop
  endfacet
  facet normal 0 0 -1
    outer loop
      vertex -28.5273 37.6617 2.4
      vertex -26.2091 37.0406 2.4
      vertex -26.2397 36.8866 2.4
    endloop
  endfacet
  facet normal 0 0 -1
    outer loop
      vertex -25.5092 37.8387 2.4
      vertex -26.4277 40.056 2.4
      vertex -25.9817 40.2073 2.4
    endloop
  endfacet
  facet normal 0 0 -1
    outer loop
      vertex -28.6192 37.1999 2.4
      vertex -26.2397 36.8866 2.4
      vertex -26.25 36.73 2.4
    endloop
  endfacet
  facet normal 0 0 -1
    outer loop
      vertex -28.1677 34.93 2.4
      vertex -26.0892 36.13 2.4
      vertex -27.9061 34.5385 2.4
    endloop
  endfacet
  facet normal -0 0 -1
    outer loop
      vertex -26.0892 36.13 2.4
      vertex -28.1677 34.93 2.4
      vertex -26.1587 36.2708 2.4
    endloop
  endfacet
  facet normal 0 0 -1
    outer loop
      vertex -25.65 37.7692 2.4
      vertex -26.85 39.8477 2.4
      vertex -26.4277 40.056 2.4
    endloop
  endfacet
  facet normal 0 0 -1
    outer loop
      vertex -28.376 35.3523 2.4
      vertex -26.1587 36.2708 2.4
      vertex -28.1677 34.93 2.4
    endloop
  endfacet
  facet normal 0 0 -1
    outer loop
      vertex -25.7805 37.682 2.4
      vertex -27.2415 39.5861 2.4
      vertex -26.85 39.8477 2.4
    endloop
  endfacet
  facet normal -0 0 -1
    outer loop
      vertex -26.1587 36.2708 2.4
      vertex -28.376 35.3523 2.4
      vertex -26.2091 36.4194 2.4
    endloop
  endfacet
  facet normal 0 0 -1
    outer loop
      vertex -25.8985 37.5785 2.4
      vertex -27.5956 39.2756 2.4
      vertex -27.2415 39.5861 2.4
    endloop
  endfacet
  facet normal 0 0 -1
    outer loop
      vertex -28.5273 35.7983 2.4
      vertex -26.2091 36.4194 2.4
      vertex -28.376 35.3523 2.4
    endloop
  endfacet
  facet normal 0 0 -1
    outer loop
      vertex -26.002 37.4605 2.4
      vertex -27.9061 38.9215 2.4
      vertex -27.5956 39.2756 2.4
    endloop
  endfacet
  facet normal -0 0 -1
    outer loop
      vertex -26.2091 36.4194 2.4
      vertex -28.5273 35.7983 2.4
      vertex -26.2397 36.5734 2.4
    endloop
  endfacet
  facet normal 0 0 -1
    outer loop
      vertex -26.0892 37.33 2.4
      vertex -28.1677 38.53 2.4
      vertex -27.9061 38.9215 2.4
    endloop
  endfacet
  facet normal 0 0 -1
    outer loop
      vertex -28.6192 36.2601 2.4
      vertex -26.2397 36.5734 2.4
      vertex -28.5273 35.7983 2.4
    endloop
  endfacet
  facet normal 0 0 -1
    outer loop
      vertex -26.1587 37.1892 2.4
      vertex -28.376 38.1077 2.4
      vertex -28.1677 38.53 2.4
    endloop
  endfacet
  facet normal -0 0 -1
    outer loop
      vertex -26.2397 36.5734 2.4
      vertex -28.6192 36.2601 2.4
      vertex -26.25 36.73 2.4
    endloop
  endfacet
  facet normal 0 0 -1
    outer loop
      vertex -26.2091 37.0406 2.4
      vertex -28.5273 37.6617 2.4
      vertex -28.376 38.1077 2.4
    endloop
  endfacet
  facet normal 0 0 -1
    outer loop
      vertex -28.65 36.73 2.4
      vertex -26.25 36.73 2.4
      vertex -28.6192 36.2601 2.4
    endloop
  endfacet
  facet normal 0 0 -1
    outer loop
      vertex -26.2397 36.8866 2.4
      vertex -28.6192 37.1999 2.4
      vertex -28.5273 37.6617 2.4
    endloop
  endfacet
  facet normal 0 0 -1
    outer loop
      vertex -26.25 36.73 2.4
      vertex -28.65 36.73 2.4
      vertex -28.6192 37.1999 2.4
    endloop
  endfacet
  facet normal 0.195177 -0.980768 0
    outer loop
      vertex -24.5801 33.1608 2.4
      vertex -24.1183 33.2527 7.4
      vertex -24.5801 33.1608 7.4
    endloop
  endfacet
  facet normal 0.195177 -0.980768 0
    outer loop
      vertex -24.1183 33.2527 7.4
      vertex -24.5801 33.1608 2.4
      vertex -24.1183 33.2527 2.4
    endloop
  endfacet
  facet normal 0.946993 0.321256 0
    outer loop
      vertex -21.5727 37.6617 7.4
      vertex -21.724 38.1077 2.4
      vertex -21.724 38.1077 7.4
    endloop
  endfacet
  facet normal 0.946993 0.321256 0
    outer loop
      vertex -21.724 38.1077 2.4
      vertex -21.5727 37.6617 7.4
      vertex -21.5727 37.6617 2.4
    endloop
  endfacet
  facet normal 0.980768 0.195177 0
    outer loop
      vertex -21.4808 37.1999 7.4
      vertex -21.5727 37.6617 2.4
      vertex -21.5727 37.6617 7.4
    endloop
  endfacet
  facet normal 0.980768 0.195177 0
    outer loop
      vertex -21.5727 37.6617 2.4
      vertex -21.4808 37.1999 7.4
      vertex -21.4808 37.1999 2.4
    endloop
  endfacet
  facet normal 0.751879 0.659301 0
    outer loop
      vertex -22.1939 38.9215 7.4
      vertex -22.5044 39.2756 2.4
      vertex -22.5044 39.2756 7.4
    endloop
  endfacet
  facet normal 0.751879 0.659301 0
    outer loop
      vertex -22.5044 39.2756 2.4
      vertex -22.1939 38.9215 7.4
      vertex -22.1939 38.9215 2.4
    endloop
  endfacet
  facet normal 0.0654055 0.997859 -0
    outer loop
      vertex -24.5801 40.2992 2.4
      vertex -25.05 40.33 7.4
      vertex -24.5801 40.2992 7.4
    endloop
  endfacet
  facet normal 0.0654055 0.997859 0
    outer loop
      vertex -25.05 40.33 7.4
      vertex -24.5801 40.2992 2.4
      vertex -25.05 40.33 2.4
    endloop
  endfacet
  facet normal 0.555582 0.831462 -0
    outer loop
      vertex -22.8585 39.5861 2.4
      vertex -23.25 39.8477 7.4
      vertex -22.8585 39.5861 7.4
    endloop
  endfacet
  facet normal 0.555582 0.831462 0
    outer loop
      vertex -23.25 39.8477 7.4
      vertex -22.8585 39.5861 2.4
      vertex -23.25 39.8477 2.4
    endloop
  endfacet
  facet normal -0.946993 0.321256 0
    outer loop
      vertex -28.5273 37.6617 2.4
      vertex -28.376 38.1077 7.4
      vertex -28.376 38.1077 2.4
    endloop
  endfacet
  facet normal -0.946993 0.321256 0
    outer loop
      vertex -28.376 38.1077 7.4
      vertex -28.5273 37.6617 2.4
      vertex -28.5273 37.6617 7.4
    endloop
  endfacet
  facet normal -0.980768 0.195177 0
    outer loop
      vertex -28.6192 37.1999 2.4
      vertex -28.5273 37.6617 7.4
      vertex -28.5273 37.6617 2.4
    endloop
  endfacet
  facet normal -0.980768 0.195177 0
    outer loop
      vertex -28.5273 37.6617 7.4
      vertex -28.6192 37.1999 2.4
      vertex -28.6192 37.1999 7.4
    endloop
  endfacet
  facet normal -0.195177 0.980768 0
    outer loop
      vertex -25.5199 40.2992 2.4
      vertex -25.9817 40.2073 7.4
      vertex -25.5199 40.2992 7.4
    endloop
  endfacet
  facet normal -0.195177 0.980768 0
    outer loop
      vertex -25.9817 40.2073 7.4
      vertex -25.5199 40.2992 2.4
      vertex -25.9817 40.2073 2.4
    endloop
  endfacet
  facet normal 0.946993 -0.321256 0
    outer loop
      vertex -21.724 35.3523 7.4
      vertex -21.5727 35.7983 2.4
      vertex -21.5727 35.7983 7.4
    endloop
  endfacet
  facet normal 0.946993 -0.321256 0
    outer loop
      vertex -21.5727 35.7983 2.4
      vertex -21.724 35.3523 7.4
      vertex -21.724 35.3523 2.4
    endloop
  endfacet
  facet normal 0.980768 -0.195177 0
    outer loop
      vertex -21.5727 35.7983 7.4
      vertex -21.4808 36.2601 2.4
      vertex -21.4808 36.2601 7.4
    endloop
  endfacet
  facet normal 0.980768 -0.195177 0
    outer loop
      vertex -21.4808 36.2601 2.4
      vertex -21.5727 35.7983 7.4
      vertex -21.5727 35.7983 2.4
    endloop
  endfacet
  facet normal -0.997859 -0.0654055 0
    outer loop
      vertex -28.6192 36.2601 2.4
      vertex -28.65 36.73 7.4
      vertex -28.65 36.73 2.4
    endloop
  endfacet
  facet normal -0.997859 -0.0654055 0
    outer loop
      vertex -28.65 36.73 7.4
      vertex -28.6192 36.2601 2.4
      vertex -28.6192 36.2601 7.4
    endloop
  endfacet
  facet normal 0.555582 -0.831462 0
    outer loop
      vertex -23.25 33.6123 2.4
      vertex -22.8585 33.8739 7.4
      vertex -23.25 33.6123 7.4
    endloop
  endfacet
  facet normal 0.555582 -0.831462 0
    outer loop
      vertex -22.8585 33.8739 7.4
      vertex -23.25 33.6123 2.4
      vertex -22.8585 33.8739 2.4
    endloop
  endfacet
  facet normal 0.442365 -0.896835 0
    outer loop
      vertex -23.6723 33.404 2.4
      vertex -23.25 33.6123 7.4
      vertex -23.6723 33.404 7.4
    endloop
  endfacet
  facet normal 0.442365 -0.896835 0
    outer loop
      vertex -23.25 33.6123 7.4
      vertex -23.6723 33.404 2.4
      vertex -23.25 33.6123 2.4
    endloop
  endfacet
  facet normal -0.659301 0.751879 0
    outer loop
      vertex -27.2415 39.5861 2.4
      vertex -27.5956 39.2756 7.4
      vertex -27.2415 39.5861 7.4
    endloop
  endfacet
  facet normal -0.659301 0.751879 0
    outer loop
      vertex -27.5956 39.2756 7.4
      vertex -27.2415 39.5861 2.4
      vertex -27.5956 39.2756 2.4
    endloop
  endfacet
  facet normal 0.831462 -0.555582 0
    outer loop
      vertex -22.1939 34.5385 7.4
      vertex -21.9323 34.93 2.4
      vertex -21.9323 34.93 7.4
    endloop
  endfacet
  facet normal 0.831462 -0.555582 0
    outer loop
      vertex -21.9323 34.93 2.4
      vertex -22.1939 34.5385 7.4
      vertex -22.1939 34.5385 2.4
    endloop
  endfacet
  facet normal 0.997859 -0.0654055 0
    outer loop
      vertex -21.4808 36.2601 7.4
      vertex -21.45 36.73 2.4
      vertex -21.45 36.73 7.4
    endloop
  endfacet
  facet normal 0.997859 -0.0654055 0
    outer loop
      vertex -21.45 36.73 2.4
      vertex -21.4808 36.2601 7.4
      vertex -21.4808 36.2601 2.4
    endloop
  endfacet
  facet normal -0.321256 -0.946993 0
    outer loop
      vertex -26.4277 33.404 2.4
      vertex -25.9817 33.2527 7.4
      vertex -26.4277 33.404 7.4
    endloop
  endfacet
  facet normal -0.321256 -0.946993 -0
    outer loop
      vertex -25.9817 33.2527 7.4
      vertex -26.4277 33.404 2.4
      vertex -25.9817 33.2527 2.4
    endloop
  endfacet
  facet normal -0.751879 -0.659301 0
    outer loop
      vertex -27.5956 34.1844 2.4
      vertex -27.9061 34.5385 7.4
      vertex -27.9061 34.5385 2.4
    endloop
  endfacet
  facet normal -0.751879 -0.659301 0
    outer loop
      vertex -27.9061 34.5385 7.4
      vertex -27.5956 34.1844 2.4
      vertex -27.5956 34.1844 7.4
    endloop
  endfacet
  facet normal -0.980768 -0.195177 0
    outer loop
      vertex -28.5273 35.7983 2.4
      vertex -28.6192 36.2601 7.4
      vertex -28.6192 36.2601 2.4
    endloop
  endfacet
  facet normal -0.980768 -0.195177 0
    outer loop
      vertex -28.6192 36.2601 7.4
      vertex -28.5273 35.7983 2.4
      vertex -28.5273 35.7983 7.4
    endloop
  endfacet
  facet normal -0.946993 -0.321256 0
    outer loop
      vertex -28.376 35.3523 2.4
      vertex -28.5273 35.7983 7.4
      vertex -28.5273 35.7983 2.4
    endloop
  endfacet
  facet normal -0.946993 -0.321256 0
    outer loop
      vertex -28.5273 35.7983 7.4
      vertex -28.376 35.3523 2.4
      vertex -28.376 35.3523 7.4
    endloop
  endfacet
  facet normal 0.659301 -0.751879 0
    outer loop
      vertex -22.8585 33.8739 2.4
      vertex -22.5044 34.1844 7.4
      vertex -22.8585 33.8739 7.4
    endloop
  endfacet
  facet normal 0.659301 -0.751879 0
    outer loop
      vertex -22.5044 34.1844 7.4
      vertex -22.8585 33.8739 2.4
      vertex -22.5044 34.1844 2.4
    endloop
  endfacet
  facet normal 0.321256 -0.946993 0
    outer loop
      vertex -24.1183 33.2527 2.4
      vertex -23.6723 33.404 7.4
      vertex -24.1183 33.2527 7.4
    endloop
  endfacet
  facet normal 0.321256 -0.946993 0
    outer loop
      vertex -23.6723 33.404 7.4
      vertex -24.1183 33.2527 2.4
      vertex -23.6723 33.404 2.4
    endloop
  endfacet
  facet normal 0.896835 -0.442365 0
    outer loop
      vertex -21.9323 34.93 7.4
      vertex -21.724 35.3523 2.4
      vertex -21.724 35.3523 7.4
    endloop
  endfacet
  facet normal 0.896835 -0.442365 0
    outer loop
      vertex -21.724 35.3523 2.4
      vertex -21.9323 34.93 7.4
      vertex -21.9323 34.93 2.4
    endloop
  endfacet
  facet normal -0.0654055 -0.997859 0
    outer loop
      vertex -25.5199 33.1608 2.4
      vertex -25.05 33.13 7.4
      vertex -25.5199 33.1608 7.4
    endloop
  endfacet
  facet normal -0.0654055 -0.997859 -0
    outer loop
      vertex -25.05 33.13 7.4
      vertex -25.5199 33.1608 2.4
      vertex -25.05 33.13 2.4
    endloop
  endfacet
  facet normal -0.555582 -0.831462 0
    outer loop
      vertex -27.2415 33.8739 2.4
      vertex -26.85 33.6123 7.4
      vertex -27.2415 33.8739 7.4
    endloop
  endfacet
  facet normal -0.555582 -0.831462 -0
    outer loop
      vertex -26.85 33.6123 7.4
      vertex -27.2415 33.8739 2.4
      vertex -26.85 33.6123 2.4
    endloop
  endfacet
  facet normal -0.195177 -0.980768 0
    outer loop
      vertex -25.9817 33.2527 2.4
      vertex -25.5199 33.1608 7.4
      vertex -25.9817 33.2527 7.4
    endloop
  endfacet
  facet normal -0.195177 -0.980768 -0
    outer loop
      vertex -25.5199 33.1608 7.4
      vertex -25.9817 33.2527 2.4
      vertex -25.5199 33.1608 2.4
    endloop
  endfacet
  facet normal -0.659301 -0.751879 0
    outer loop
      vertex -27.5956 34.1844 2.4
      vertex -27.2415 33.8739 7.4
      vertex -27.5956 34.1844 7.4
    endloop
  endfacet
  facet normal -0.659301 -0.751879 -0
    outer loop
      vertex -27.2415 33.8739 7.4
      vertex -27.5956 34.1844 2.4
      vertex -27.2415 33.8739 2.4
    endloop
  endfacet
  facet normal -0.896835 -0.442365 0
    outer loop
      vertex -28.1677 34.93 2.4
      vertex -28.376 35.3523 7.4
      vertex -28.376 35.3523 2.4
    endloop
  endfacet
  facet normal -0.896835 -0.442365 0
    outer loop
      vertex -28.376 35.3523 7.4
      vertex -28.1677 34.93 2.4
      vertex -28.1677 34.93 7.4
    endloop
  endfacet
  facet normal 0.751879 -0.659301 0
    outer loop
      vertex -22.5044 34.1844 7.4
      vertex -22.1939 34.5385 2.4
      vertex -22.1939 34.5385 7.4
    endloop
  endfacet
  facet normal 0.751879 -0.659301 0
    outer loop
      vertex -22.1939 34.5385 2.4
      vertex -22.5044 34.1844 7.4
      vertex -22.5044 34.1844 2.4
    endloop
  endfacet
  facet normal -0.442365 -0.896835 0
    outer loop
      vertex -26.85 33.6123 2.4
      vertex -26.4277 33.404 7.4
      vertex -26.85 33.6123 7.4
    endloop
  endfacet
  facet normal -0.442365 -0.896835 -0
    outer loop
      vertex -26.4277 33.404 7.4
      vertex -26.85 33.6123 2.4
      vertex -26.4277 33.404 2.4
    endloop
  endfacet
  facet normal -0.831462 -0.555582 0
    outer loop
      vertex -27.9061 34.5385 2.4
      vertex -28.1677 34.93 7.4
      vertex -28.1677 34.93 2.4
    endloop
  endfacet
  facet normal -0.831462 -0.555582 0
    outer loop
      vertex -28.1677 34.93 7.4
      vertex -27.9061 34.5385 2.4
      vertex -27.9061 34.5385 7.4
    endloop
  endfacet
  facet normal -0.947013 -0.321194 0
    outer loop
      vertex -23.8909 37.0406 2.4
      vertex -23.9413 37.1892 7.4
      vertex -23.9413 37.1892 2.4
    endloop
  endfacet
  facet normal -0.947013 -0.321194 0
    outer loop
      vertex -23.9413 37.1892 7.4
      vertex -23.8909 37.0406 2.4
      vertex -23.8909 37.0406 7.4
    endloop
  endfacet
  facet normal -0.997844 -0.0656309 0
    outer loop
      vertex -23.85 36.73 2.4
      vertex -23.8603 36.8866 7.4
      vertex -23.8603 36.8866 2.4
    endloop
  endfacet
  facet normal -0.997844 -0.0656309 0
    outer loop
      vertex -23.8603 36.8866 7.4
      vertex -23.85 36.73 2.4
      vertex -23.85 36.73 7.4
    endloop
  endfacet
  facet normal 0.997844 -0.0656309 0
    outer loop
      vertex -26.25 36.73 7.4
      vertex -26.2397 36.8866 2.4
      vertex -26.2397 36.8866 7.4
    endloop
  endfacet
  facet normal 0.997844 -0.0656309 0
    outer loop
      vertex -26.2397 36.8866 2.4
      vertex -26.25 36.73 7.4
      vertex -26.25 36.73 2.4
    endloop
  endfacet
  facet normal -0.0656309 -0.997844 0
    outer loop
      vertex -25.05 37.93 2.4
      vertex -24.8934 37.9197 7.4
      vertex -25.05 37.93 7.4
    endloop
  endfacet
  facet normal -0.0656309 -0.997844 -0
    outer loop
      vertex -24.8934 37.9197 7.4
      vertex -25.05 37.93 2.4
      vertex -24.8934 37.9197 2.4
    endloop
  endfacet
  facet normal -0.751787 -0.659406 0
    outer loop
      vertex -24.098 37.4605 2.4
      vertex -24.2015 37.5785 7.4
      vertex -24.2015 37.5785 2.4
    endloop
  endfacet
  facet normal -0.751787 -0.659406 0
    outer loop
      vertex -24.2015 37.5785 7.4
      vertex -24.098 37.4605 2.4
      vertex -24.098 37.4605 7.4
    endloop
  endfacet
  facet normal 0.659406 -0.751787 0
    outer loop
      vertex -25.8985 37.5785 2.4
      vertex -25.7805 37.682 7.4
      vertex -25.8985 37.5785 7.4
    endloop
  endfacet
  facet normal 0.659406 -0.751787 0
    outer loop
      vertex -25.7805 37.682 7.4
      vertex -25.8985 37.5785 2.4
      vertex -25.7805 37.682 2.4
    endloop
  endfacet
  facet normal 0.321194 -0.947013 0
    outer loop
      vertex -25.5092 37.8387 2.4
      vertex -25.3606 37.8891 7.4
      vertex -25.5092 37.8387 7.4
    endloop
  endfacet
  facet normal 0.321194 -0.947013 0
    outer loop
      vertex -25.3606 37.8891 7.4
      vertex -25.5092 37.8387 2.4
      vertex -25.3606 37.8891 2.4
    endloop
  endfacet
  facet normal 0.831462 0.555582 0
    outer loop
      vertex -26.002 35.9995 7.4
      vertex -26.0892 36.13 2.4
      vertex -26.0892 36.13 7.4
    endloop
  endfacet
  facet normal 0.831462 0.555582 0
    outer loop
      vertex -26.0892 36.13 2.4
      vertex -26.002 35.9995 7.4
      vertex -26.002 35.9995 2.4
    endloop
  endfacet
  facet normal -0.896708 -0.442622 0
    outer loop
      vertex -23.9413 37.1892 2.4
      vertex -24.0108 37.33 7.4
      vertex -24.0108 37.33 2.4
    endloop
  endfacet
  facet normal -0.896708 -0.442622 0
    outer loop
      vertex -24.0108 37.33 7.4
      vertex -23.9413 37.1892 2.4
      vertex -23.9413 37.1892 7.4
    endloop
  endfacet
  facet normal -0.831462 -0.555582 0
    outer loop
      vertex -24.0108 37.33 2.4
      vertex -24.098 37.4605 7.4
      vertex -24.098 37.4605 2.4
    endloop
  endfacet
  facet normal -0.831462 -0.555582 0
    outer loop
      vertex -24.098 37.4605 7.4
      vertex -24.0108 37.33 2.4
      vertex -24.0108 37.33 7.4
    endloop
  endfacet
  facet normal -0.442622 -0.896708 0
    outer loop
      vertex -24.5908 37.8387 2.4
      vertex -24.45 37.7692 7.4
      vertex -24.5908 37.8387 7.4
    endloop
  endfacet
  facet normal -0.442622 -0.896708 -0
    outer loop
      vertex -24.45 37.7692 7.4
      vertex -24.5908 37.8387 2.4
      vertex -24.45 37.7692 2.4
    endloop
  endfacet
  facet normal -0.194891 -0.980825 0
    outer loop
      vertex -24.8934 37.9197 2.4
      vertex -24.7394 37.8891 7.4
      vertex -24.8934 37.9197 7.4
    endloop
  endfacet
  facet normal -0.194891 -0.980825 -0
    outer loop
      vertex -24.7394 37.8891 7.4
      vertex -24.8934 37.9197 2.4
      vertex -24.7394 37.8891 2.4
    endloop
  endfacet
  facet normal -0.659406 -0.751787 0
    outer loop
      vertex -24.3195 37.682 2.4
      vertex -24.2015 37.5785 7.4
      vertex -24.3195 37.682 7.4
    endloop
  endfacet
  facet normal -0.659406 -0.751787 -0
    outer loop
      vertex -24.2015 37.5785 7.4
      vertex -24.3195 37.682 2.4
      vertex -24.2015 37.5785 2.4
    endloop
  endfacet
  facet normal 0.896708 -0.442622 0
    outer loop
      vertex -26.1587 37.1892 7.4
      vertex -26.0892 37.33 2.4
      vertex -26.0892 37.33 7.4
    endloop
  endfacet
  facet normal 0.896708 -0.442622 0
    outer loop
      vertex -26.0892 37.33 2.4
      vertex -26.1587 37.1892 7.4
      vertex -26.1587 37.1892 2.4
    endloop
  endfacet
  facet normal 0.831462 -0.555582 0
    outer loop
      vertex -26.0892 37.33 7.4
      vertex -26.002 37.4605 2.4
      vertex -26.002 37.4605 7.4
    endloop
  endfacet
  facet normal 0.831462 -0.555582 0
    outer loop
      vertex -26.002 37.4605 2.4
      vertex -26.0892 37.33 7.4
      vertex -26.0892 37.33 2.4
    endloop
  endfacet
  facet normal 0.980825 -0.194891 0
    outer loop
      vertex -26.2397 36.8866 7.4
      vertex -26.2091 37.0406 2.4
      vertex -26.2091 37.0406 7.4
    endloop
  endfacet
  facet normal 0.980825 -0.194891 0
    outer loop
      vertex -26.2091 37.0406 2.4
      vertex -26.2397 36.8866 7.4
      vertex -26.2397 36.8866 2.4
    endloop
  endfacet
  facet normal 0.442622 -0.896708 0
    outer loop
      vertex -25.65 37.7692 2.4
      vertex -25.5092 37.8387 7.4
      vertex -25.65 37.7692 7.4
    endloop
  endfacet
  facet normal 0.442622 -0.896708 0
    outer loop
      vertex -25.5092 37.8387 7.4
      vertex -25.65 37.7692 2.4
      vertex -25.5092 37.8387 2.4
    endloop
  endfacet
  facet normal 0.0656309 -0.997844 0
    outer loop
      vertex -25.2066 37.9197 2.4
      vertex -25.05 37.93 7.4
      vertex -25.2066 37.9197 7.4
    endloop
  endfacet
  facet normal 0.0656309 -0.997844 0
    outer loop
      vertex -25.05 37.93 7.4
      vertex -25.2066 37.9197 2.4
      vertex -25.05 37.93 2.4
    endloop
  endfacet
  facet normal -0.194891 0.980825 0
    outer loop
      vertex -24.7394 35.5709 2.4
      vertex -24.8934 35.5403 7.4
      vertex -24.7394 35.5709 7.4
    endloop
  endfacet
  facet normal -0.194891 0.980825 0
    outer loop
      vertex -24.8934 35.5403 7.4
      vertex -24.7394 35.5709 2.4
      vertex -24.8934 35.5403 2.4
    endloop
  endfacet
  facet normal -0.0656309 0.997844 0
    outer loop
      vertex -24.8934 35.5403 2.4
      vertex -25.05 35.53 7.4
      vertex -24.8934 35.5403 7.4
    endloop
  endfacet
  facet normal -0.0656309 0.997844 0
    outer loop
      vertex -25.05 35.53 7.4
      vertex -24.8934 35.5403 2.4
      vertex -25.05 35.53 2.4
    endloop
  endfacet
  facet normal -0.659406 0.751787 0
    outer loop
      vertex -24.2015 35.8815 2.4
      vertex -24.3195 35.778 7.4
      vertex -24.2015 35.8815 7.4
    endloop
  endfacet
  facet normal -0.659406 0.751787 0
    outer loop
      vertex -24.3195 35.778 7.4
      vertex -24.2015 35.8815 2.4
      vertex -24.3195 35.778 2.4
    endloop
  endfacet
  facet normal -0.442622 0.896708 0
    outer loop
      vertex -24.45 35.6908 2.4
      vertex -24.5908 35.6213 7.4
      vertex -24.45 35.6908 7.4
    endloop
  endfacet
  facet normal -0.442622 0.896708 0
    outer loop
      vertex -24.5908 35.6213 7.4
      vertex -24.45 35.6908 2.4
      vertex -24.5908 35.6213 2.4
    endloop
  endfacet
  facet normal -0.947013 0.321194 0
    outer loop
      vertex -23.9413 36.2708 2.4
      vertex -23.8909 36.4194 7.4
      vertex -23.8909 36.4194 2.4
    endloop
  endfacet
  facet normal -0.947013 0.321194 0
    outer loop
      vertex -23.8909 36.4194 7.4
      vertex -23.9413 36.2708 2.4
      vertex -23.9413 36.2708 7.4
    endloop
  endfacet
  facet normal 0.321194 0.947013 -0
    outer loop
      vertex -25.3606 35.5709 2.4
      vertex -25.5092 35.6213 7.4
      vertex -25.3606 35.5709 7.4
    endloop
  endfacet
  facet normal 0.321194 0.947013 0
    outer loop
      vertex -25.5092 35.6213 7.4
      vertex -25.3606 35.5709 2.4
      vertex -25.5092 35.6213 2.4
    endloop
  endfacet
  facet normal 0.442622 0.896708 -0
    outer loop
      vertex -25.5092 35.6213 2.4
      vertex -25.65 35.6908 7.4
      vertex -25.5092 35.6213 7.4
    endloop
  endfacet
  facet normal 0.442622 0.896708 0
    outer loop
      vertex -25.65 35.6908 7.4
      vertex -25.5092 35.6213 2.4
      vertex -25.65 35.6908 2.4
    endloop
  endfacet
  facet normal 0.997844 0.0656309 0
    outer loop
      vertex -26.2397 36.5734 7.4
      vertex -26.25 36.73 2.4
      vertex -26.25 36.73 7.4
    endloop
  endfacet
  facet normal 0.997844 0.0656309 0
    outer loop
      vertex -26.25 36.73 2.4
      vertex -26.2397 36.5734 7.4
      vertex -26.2397 36.5734 2.4
    endloop
  endfacet
  facet normal 0.896708 0.442622 0
    outer loop
      vertex -26.0892 36.13 7.4
      vertex -26.1587 36.2708 2.4
      vertex -26.1587 36.2708 7.4
    endloop
  endfacet
  facet normal 0.896708 0.442622 0
    outer loop
      vertex -26.1587 36.2708 2.4
      vertex -26.0892 36.13 7.4
      vertex -26.0892 36.13 2.4
    endloop
  endfacet
  facet normal -0.555582 -0.831462 0
    outer loop
      vertex -24.45 37.7692 2.4
      vertex -24.3195 37.682 7.4
      vertex -24.45 37.7692 7.4
    endloop
  endfacet
  facet normal -0.555582 -0.831462 -0
    outer loop
      vertex -24.3195 37.682 7.4
      vertex -24.45 37.7692 2.4
      vertex -24.3195 37.682 2.4
    endloop
  endfacet
  facet normal 0.751787 -0.659406 0
    outer loop
      vertex -26.002 37.4605 7.4
      vertex -25.8985 37.5785 2.4
      vertex -25.8985 37.5785 7.4
    endloop
  endfacet
  facet normal 0.751787 -0.659406 0
    outer loop
      vertex -25.8985 37.5785 2.4
      vertex -26.002 37.4605 7.4
      vertex -26.002 37.4605 2.4
    endloop
  endfacet
  facet normal 0.555582 -0.831462 0
    outer loop
      vertex -25.7805 37.682 2.4
      vertex -25.65 37.7692 7.4
      vertex -25.7805 37.682 7.4
    endloop
  endfacet
  facet normal 0.555582 -0.831462 0
    outer loop
      vertex -25.65 37.7692 7.4
      vertex -25.7805 37.682 2.4
      vertex -25.65 37.7692 2.4
    endloop
  endfacet
  facet normal 0.194891 -0.980825 0
    outer loop
      vertex -25.3606 37.8891 2.4
      vertex -25.2066 37.9197 7.4
      vertex -25.3606 37.8891 7.4
    endloop
  endfacet
  facet normal 0.194891 -0.980825 0
    outer loop
      vertex -25.2066 37.9197 7.4
      vertex -25.3606 37.8891 2.4
      vertex -25.2066 37.9197 2.4
    endloop
  endfacet
  facet normal -0.555582 0.831462 0
    outer loop
      vertex -24.3195 35.778 2.4
      vertex -24.45 35.6908 7.4
      vertex -24.3195 35.778 7.4
    endloop
  endfacet
  facet normal -0.555582 0.831462 0
    outer loop
      vertex -24.45 35.6908 7.4
      vertex -24.3195 35.778 2.4
      vertex -24.45 35.6908 2.4
    endloop
  endfacet
  facet normal -0.896708 0.442622 0
    outer loop
      vertex -24.0108 36.13 2.4
      vertex -23.9413 36.2708 7.4
      vertex -23.9413 36.2708 2.4
    endloop
  endfacet
  facet normal -0.896708 0.442622 0
    outer loop
      vertex -23.9413 36.2708 7.4
      vertex -24.0108 36.13 2.4
      vertex -24.0108 36.13 7.4
    endloop
  endfacet
  facet normal -0.751787 0.659406 0
    outer loop
      vertex -24.2015 35.8815 2.4
      vertex -24.098 35.9995 7.4
      vertex -24.098 35.9995 2.4
    endloop
  endfacet
  facet normal -0.751787 0.659406 0
    outer loop
      vertex -24.098 35.9995 7.4
      vertex -24.2015 35.8815 2.4
      vertex -24.2015 35.8815 7.4
    endloop
  endfacet
  facet normal -0.831462 0.555582 0
    outer loop
      vertex -24.098 35.9995 2.4
      vertex -24.0108 36.13 7.4
      vertex -24.0108 36.13 2.4
    endloop
  endfacet
  facet normal -0.831462 0.555582 0
    outer loop
      vertex -24.0108 36.13 7.4
      vertex -24.098 35.9995 2.4
      vertex -24.098 35.9995 7.4
    endloop
  endfacet
  facet normal 0.659406 0.751787 -0
    outer loop
      vertex -25.7805 35.778 2.4
      vertex -25.8985 35.8815 7.4
      vertex -25.7805 35.778 7.4
    endloop
  endfacet
  facet normal 0.659406 0.751787 0
    outer loop
      vertex -25.8985 35.8815 7.4
      vertex -25.7805 35.778 2.4
      vertex -25.8985 35.8815 2.4
    endloop
  endfacet
  facet normal 0.0656309 0.997844 -0
    outer loop
      vertex -25.05 35.53 2.4
      vertex -25.2066 35.5403 7.4
      vertex -25.05 35.53 7.4
    endloop
  endfacet
  facet normal 0.0656309 0.997844 0
    outer loop
      vertex -25.2066 35.5403 7.4
      vertex -25.05 35.53 2.4
      vertex -25.2066 35.5403 2.4
    endloop
  endfacet
  facet normal 0.555582 0.831462 -0
    outer loop
      vertex -25.65 35.6908 2.4
      vertex -25.7805 35.778 7.4
      vertex -25.65 35.6908 7.4
    endloop
  endfacet
  facet normal 0.555582 0.831462 0
    outer loop
      vertex -25.7805 35.778 7.4
      vertex -25.65 35.6908 2.4
      vertex -25.7805 35.778 2.4
    endloop
  endfacet
  facet normal 0.751787 0.659406 0
    outer loop
      vertex -25.8985 35.8815 7.4
      vertex -26.002 35.9995 2.4
      vertex -26.002 35.9995 7.4
    endloop
  endfacet
  facet normal 0.751787 0.659406 0
    outer loop
      vertex -26.002 35.9995 2.4
      vertex -25.8985 35.8815 7.4
      vertex -25.8985 35.8815 2.4
    endloop
  endfacet
  facet normal 0.980825 0.194891 0
    outer loop
      vertex -26.2091 36.4194 7.4
      vertex -26.2397 36.5734 2.4
      vertex -26.2397 36.5734 7.4
    endloop
  endfacet
  facet normal 0.980825 0.194891 0
    outer loop
      vertex -26.2397 36.5734 2.4
      vertex -26.2091 36.4194 7.4
      vertex -26.2091 36.4194 2.4
    endloop
  endfacet
  facet normal 0.947013 0.321194 0
    outer loop
      vertex -26.1587 36.2708 7.4
      vertex -26.2091 36.4194 2.4
      vertex -26.2091 36.4194 7.4
    endloop
  endfacet
  facet normal 0.947013 0.321194 0
    outer loop
      vertex -26.2091 36.4194 2.4
      vertex -26.1587 36.2708 7.4
      vertex -26.1587 36.2708 2.4
    endloop
  endfacet
  facet normal -0.980825 -0.194891 0
    outer loop
      vertex -23.8603 36.8866 2.4
      vertex -23.8909 37.0406 7.4
      vertex -23.8909 37.0406 2.4
    endloop
  endfacet
  facet normal -0.980825 -0.194891 0
    outer loop
      vertex -23.8909 37.0406 7.4
      vertex -23.8603 36.8866 2.4
      vertex -23.8603 36.8866 7.4
    endloop
  endfacet
  facet normal -0.321194 -0.947013 0
    outer loop
      vertex -24.7394 37.8891 2.4
      vertex -24.5908 37.8387 7.4
      vertex -24.7394 37.8891 7.4
    endloop
  endfacet
  facet normal -0.321194 -0.947013 -0
    outer loop
      vertex -24.5908 37.8387 7.4
      vertex -24.7394 37.8891 2.4
      vertex -24.5908 37.8387 2.4
    endloop
  endfacet
  facet normal 0.947013 -0.321194 0
    outer loop
      vertex -26.2091 37.0406 7.4
      vertex -26.1587 37.1892 2.4
      vertex -26.1587 37.1892 7.4
    endloop
  endfacet
  facet normal 0.947013 -0.321194 0
    outer loop
      vertex -26.1587 37.1892 2.4
      vertex -26.2091 37.0406 7.4
      vertex -26.2091 37.0406 2.4
    endloop
  endfacet
  facet normal -0.321194 0.947013 0
    outer loop
      vertex -24.5908 35.6213 2.4
      vertex -24.7394 35.5709 7.4
      vertex -24.5908 35.6213 7.4
    endloop
  endfacet
  facet normal -0.321194 0.947013 0
    outer loop
      vertex -24.7394 35.5709 7.4
      vertex -24.5908 35.6213 2.4
      vertex -24.7394 35.5709 2.4
    endloop
  endfacet
  facet normal -0.980825 0.194891 0
    outer loop
      vertex -23.8909 36.4194 2.4
      vertex -23.8603 36.5734 7.4
      vertex -23.8603 36.5734 2.4
    endloop
  endfacet
  facet normal -0.980825 0.194891 0
    outer loop
      vertex -23.8603 36.5734 7.4
      vertex -23.8909 36.4194 2.4
      vertex -23.8909 36.4194 7.4
    endloop
  endfacet
  facet normal -0.997844 0.0656309 0
    outer loop
      vertex -23.8603 36.5734 2.4
      vertex -23.85 36.73 7.4
      vertex -23.85 36.73 2.4
    endloop
  endfacet
  facet normal -0.997844 0.0656309 0
    outer loop
      vertex -23.85 36.73 7.4
      vertex -23.8603 36.5734 2.4
      vertex -23.8603 36.5734 7.4
    endloop
  endfacet
  facet normal 0.194891 0.980825 -0
    outer loop
      vertex -25.2066 35.5403 2.4
      vertex -25.3606 35.5709 7.4
      vertex -25.2066 35.5403 7.4
    endloop
  endfacet
  facet normal 0.194891 0.980825 0
    outer loop
      vertex -25.3606 35.5709 7.4
      vertex -25.2066 35.5403 2.4
      vertex -25.3606 35.5709 2.4
    endloop
  endfacet
  facet normal 0.997859 0.0654055 0
    outer loop
      vertex 28.65 36.73 7.4
      vertex 28.6192 37.1999 2.4
      vertex 28.6192 37.1999 7.4
    endloop
  endfacet
  facet normal 0.997859 0.0654055 0
    outer loop
      vertex 28.6192 37.1999 2.4
      vertex 28.65 36.73 7.4
      vertex 28.65 36.73 2.4
    endloop
  endfacet
  facet normal -0.997859 0.0654055 0
    outer loop
      vertex 21.45 36.73 2.4
      vertex 21.4808 37.1999 7.4
      vertex 21.4808 37.1999 2.4
    endloop
  endfacet
  facet normal -0.997859 0.0654055 0
    outer loop
      vertex 21.4808 37.1999 7.4
      vertex 21.45 36.73 2.4
      vertex 21.45 36.73 7.4
    endloop
  endfacet
  facet normal -0.0654055 0.997859 0
    outer loop
      vertex 25.05 40.33 2.4
      vertex 24.5801 40.2992 7.4
      vertex 25.05 40.33 7.4
    endloop
  endfacet
  facet normal -0.0654055 0.997859 0
    outer loop
      vertex 24.5801 40.2992 7.4
      vertex 25.05 40.33 2.4
      vertex 24.5801 40.2992 2.4
    endloop
  endfacet
  facet normal 0.0654055 -0.997859 0
    outer loop
      vertex 25.05 33.13 2.4
      vertex 25.5199 33.1608 7.4
      vertex 25.05 33.13 7.4
    endloop
  endfacet
  facet normal 0.0654055 -0.997859 0
    outer loop
      vertex 25.5199 33.1608 7.4
      vertex 25.05 33.13 2.4
      vertex 25.5199 33.1608 2.4
    endloop
  endfacet
  facet normal 0.659301 0.751879 -0
    outer loop
      vertex 27.5956 39.2756 2.4
      vertex 27.2415 39.5861 7.4
      vertex 27.5956 39.2756 7.4
    endloop
  endfacet
  facet normal 0.659301 0.751879 0
    outer loop
      vertex 27.2415 39.5861 7.4
      vertex 27.5956 39.2756 2.4
      vertex 27.2415 39.5861 2.4
    endloop
  endfacet
  facet normal -0.751879 0.659301 0
    outer loop
      vertex 22.1939 38.9215 2.4
      vertex 22.5044 39.2756 7.4
      vertex 22.5044 39.2756 2.4
    endloop
  endfacet
  facet normal -0.751879 0.659301 0
    outer loop
      vertex 22.5044 39.2756 7.4
      vertex 22.1939 38.9215 2.4
      vertex 22.1939 38.9215 7.4
    endloop
  endfacet
  facet normal -0.442365 0.896835 0
    outer loop
      vertex 23.6723 40.056 2.4
      vertex 23.25 39.8477 7.4
      vertex 23.6723 40.056 7.4
    endloop
  endfacet
  facet normal -0.442365 0.896835 0
    outer loop
      vertex 23.25 39.8477 7.4
      vertex 23.6723 40.056 2.4
      vertex 23.25 39.8477 2.4
    endloop
  endfacet
  facet normal 0.896835 0.442365 0
    outer loop
      vertex 28.376 38.1077 7.4
      vertex 28.1677 38.53 2.4
      vertex 28.1677 38.53 7.4
    endloop
  endfacet
  facet normal 0.896835 0.442365 0
    outer loop
      vertex 28.1677 38.53 2.4
      vertex 28.376 38.1077 7.4
      vertex 28.376 38.1077 2.4
    endloop
  endfacet
  facet normal 0.831462 0.555582 0
    outer loop
      vertex 28.1677 38.53 7.4
      vertex 27.9061 38.9215 2.4
      vertex 27.9061 38.9215 7.4
    endloop
  endfacet
  facet normal 0.831462 0.555582 0
    outer loop
      vertex 27.9061 38.9215 2.4
      vertex 28.1677 38.53 7.4
      vertex 28.1677 38.53 2.4
    endloop
  endfacet
  facet normal 0.321256 0.946993 -0
    outer loop
      vertex 26.4277 40.056 2.4
      vertex 25.9817 40.2073 7.4
      vertex 26.4277 40.056 7.4
    endloop
  endfacet
  facet normal 0.321256 0.946993 0
    outer loop
      vertex 25.9817 40.2073 7.4
      vertex 26.4277 40.056 2.4
      vertex 25.9817 40.2073 2.4
    endloop
  endfacet
  facet normal 0.195177 0.980768 -0
    outer loop
      vertex 25.9817 40.2073 2.4
      vertex 25.5199 40.2992 7.4
      vertex 25.9817 40.2073 7.4
    endloop
  endfacet
  facet normal 0.195177 0.980768 0
    outer loop
      vertex 25.5199 40.2992 7.4
      vertex 25.9817 40.2073 2.4
      vertex 25.5199 40.2992 2.4
    endloop
  endfacet
  facet normal 0.442365 0.896835 -0
    outer loop
      vertex 26.85 39.8477 2.4
      vertex 26.4277 40.056 7.4
      vertex 26.85 39.8477 7.4
    endloop
  endfacet
  facet normal 0.442365 0.896835 0
    outer loop
      vertex 26.4277 40.056 7.4
      vertex 26.85 39.8477 2.4
      vertex 26.4277 40.056 2.4
    endloop
  endfacet
  facet normal -0.896835 0.442365 0
    outer loop
      vertex 21.724 38.1077 2.4
      vertex 21.9323 38.53 7.4
      vertex 21.9323 38.53 2.4
    endloop
  endfacet
  facet normal -0.896835 0.442365 0
    outer loop
      vertex 21.9323 38.53 7.4
      vertex 21.724 38.1077 2.4
      vertex 21.724 38.1077 7.4
    endloop
  endfacet
  facet normal -0.831462 0.555582 0
    outer loop
      vertex 21.9323 38.53 2.4
      vertex 22.1939 38.9215 7.4
      vertex 22.1939 38.9215 2.4
    endloop
  endfacet
  facet normal -0.831462 0.555582 0
    outer loop
      vertex 22.1939 38.9215 7.4
      vertex 21.9323 38.53 2.4
      vertex 21.9323 38.53 7.4
    endloop
  endfacet
  facet normal 0 0 1
    outer loop
      vertex 26.25 36.73 7.4
      vertex 28.65 36.73 7.4
      vertex 28.6192 37.1999 7.4
    endloop
  endfacet
  facet normal 0 0 1
    outer loop
      vertex 26.2397 36.8866 7.4
      vertex 28.6192 37.1999 7.4
      vertex 28.5273 37.6617 7.4
    endloop
  endfacet
  facet normal 0 0 1
    outer loop
      vertex 28.65 36.73 7.4
      vertex 26.25 36.73 7.4
      vertex 28.6192 36.2601 7.4
    endloop
  endfacet
  facet normal 0 0 1
    outer loop
      vertex 26.2091 37.0406 7.4
      vertex 28.5273 37.6617 7.4
      vertex 28.376 38.1077 7.4
    endloop
  endfacet
  facet normal -0 0 1
    outer loop
      vertex 26.2397 36.5734 7.4
      vertex 28.6192 36.2601 7.4
      vertex 26.25 36.73 7.4
    endloop
  endfacet
  facet normal 0 0 1
    outer loop
      vertex 26.1587 37.1892 7.4
      vertex 28.376 38.1077 7.4
      vertex 28.1677 38.53 7.4
    endloop
  endfacet
  facet normal 0 0 1
    outer loop
      vertex 28.6192 36.2601 7.4
      vertex 26.2397 36.5734 7.4
      vertex 28.5273 35.7983 7.4
    endloop
  endfacet
  facet normal 0 0 1
    outer loop
      vertex 26.0892 37.33 7.4
      vertex 28.1677 38.53 7.4
      vertex 27.9061 38.9215 7.4
    endloop
  endfacet
  facet normal -0 0 1
    outer loop
      vertex 26.2091 36.4194 7.4
      vertex 28.5273 35.7983 7.4
      vertex 26.2397 36.5734 7.4
    endloop
  endfacet
  facet normal 0 0 1
    outer loop
      vertex 26.002 37.4605 7.4
      vertex 27.9061 38.9215 7.4
      vertex 27.5956 39.2756 7.4
    endloop
  endfacet
  facet normal 0 0 1
    outer loop
      vertex 28.5273 35.7983 7.4
      vertex 26.2091 36.4194 7.4
      vertex 28.376 35.3523 7.4
    endloop
  endfacet
  facet normal 0 0 1
    outer loop
      vertex 25.8985 37.5785 7.4
      vertex 27.5956 39.2756 7.4
      vertex 27.2415 39.5861 7.4
    endloop
  endfacet
  facet normal -0 0 1
    outer loop
      vertex 26.1587 36.2708 7.4
      vertex 28.376 35.3523 7.4
      vertex 26.2091 36.4194 7.4
    endloop
  endfacet
  facet normal 0 0 1
    outer loop
      vertex 25.7805 37.682 7.4
      vertex 27.2415 39.5861 7.4
      vertex 26.85 39.8477 7.4
    endloop
  endfacet
  facet normal 0 0 1
    outer loop
      vertex 28.376 35.3523 7.4
      vertex 26.1587 36.2708 7.4
      vertex 28.1677 34.93 7.4
    endloop
  endfacet
  facet normal 0 0 1
    outer loop
      vertex 25.65 37.7692 7.4
      vertex 26.85 39.8477 7.4
      vertex 26.4277 40.056 7.4
    endloop
  endfacet
  facet normal -0 0 1
    outer loop
      vertex 26.0892 36.13 7.4
      vertex 28.1677 34.93 7.4
      vertex 26.1587 36.2708 7.4
    endloop
  endfacet
  facet normal 0 0 1
    outer loop
      vertex 28.1677 34.93 7.4
      vertex 26.0892 36.13 7.4
      vertex 27.9061 34.5385 7.4
    endloop
  endfacet
  facet normal 0 0 1
    outer loop
      vertex 28.6192 37.1999 7.4
      vertex 26.2397 36.8866 7.4
      vertex 26.25 36.73 7.4
    endloop
  endfacet
  facet normal 0 0 1
    outer loop
      vertex 28.5273 37.6617 7.4
      vertex 26.2091 37.0406 7.4
      vertex 26.2397 36.8866 7.4
    endloop
  endfacet
  facet normal 0 0 1
    outer loop
      vertex 28.376 38.1077 7.4
      vertex 26.1587 37.1892 7.4
      vertex 26.2091 37.0406 7.4
    endloop
  endfacet
  facet normal 0 0 1
    outer loop
      vertex 28.1677 38.53 7.4
      vertex 26.0892 37.33 7.4
      vertex 26.1587 37.1892 7.4
    endloop
  endfacet
  facet normal 0 0 1
    outer loop
      vertex 27.9061 38.9215 7.4
      vertex 26.002 37.4605 7.4
      vertex 26.0892 37.33 7.4
    endloop
  endfacet
  facet normal 0 0 1
    outer loop
      vertex 25.5092 37.8387 7.4
      vertex 26.4277 40.056 7.4
      vertex 25.9817 40.2073 7.4
    endloop
  endfacet
  facet normal 0 0 1
    outer loop
      vertex 27.5956 39.2756 7.4
      vertex 25.8985 37.5785 7.4
      vertex 26.002 37.4605 7.4
    endloop
  endfacet
  facet normal 0 0 1
    outer loop
      vertex 27.2415 39.5861 7.4
      vertex 25.7805 37.682 7.4
      vertex 25.8985 37.5785 7.4
    endloop
  endfacet
  facet normal 0 0 1
    outer loop
      vertex 26.85 39.8477 7.4
      vertex 25.65 37.7692 7.4
      vertex 25.7805 37.682 7.4
    endloop
  endfacet
  facet normal 0 0 1
    outer loop
      vertex 25.3606 37.8891 7.4
      vertex 25.9817 40.2073 7.4
      vertex 25.5199 40.2992 7.4
    endloop
  endfacet
  facet normal 0 0 1
    outer loop
      vertex 26.4277 40.056 7.4
      vertex 25.5092 37.8387 7.4
      vertex 25.65 37.7692 7.4
    endloop
  endfacet
  facet normal 0 0 1
    outer loop
      vertex 25.9817 40.2073 7.4
      vertex 25.3606 37.8891 7.4
      vertex 25.5092 37.8387 7.4
    endloop
  endfacet
  facet normal 0 0 1
    outer loop
      vertex 25.5199 40.2992 7.4
      vertex 25.2066 37.9197 7.4
      vertex 25.3606 37.8891 7.4
    endloop
  endfacet
  facet normal 0 0 1
    outer loop
      vertex 25.05 40.33 7.4
      vertex 25.2066 37.9197 7.4
      vertex 25.5199 40.2992 7.4
    endloop
  endfacet
  facet normal 0 0 1
    outer loop
      vertex 25.05 40.33 7.4
      vertex 25.05 37.93 7.4
      vertex 25.2066 37.9197 7.4
    endloop
  endfacet
  facet normal 0 0 1
    outer loop
      vertex 25.05 40.33 7.4
      vertex 24.8934 37.9197 7.4
      vertex 25.05 37.93 7.4
    endloop
  endfacet
  facet normal -0 0 1
    outer loop
      vertex 24.5801 40.2992 7.4
      vertex 24.8934 37.9197 7.4
      vertex 25.05 40.33 7.4
    endloop
  endfacet
  facet normal 0 0 1
    outer loop
      vertex 24.8934 37.9197 7.4
      vertex 24.5801 40.2992 7.4
      vertex 24.7394 37.8891 7.4
    endloop
  endfacet
  facet normal -0 0 1
    outer loop
      vertex 24.1183 40.2073 7.4
      vertex 24.7394 37.8891 7.4
      vertex 24.5801 40.2992 7.4
    endloop
  endfacet
  facet normal 0 0 1
    outer loop
      vertex 24.7394 37.8891 7.4
      vertex 24.1183 40.2073 7.4
      vertex 24.5908 37.8387 7.4
    endloop
  endfacet
  facet normal -0 0 1
    outer loop
      vertex 23.6723 40.056 7.4
      vertex 24.5908 37.8387 7.4
      vertex 24.1183 40.2073 7.4
    endloop
  endfacet
  facet normal 0 0 1
    outer loop
      vertex 24.5908 37.8387 7.4
      vertex 23.6723 40.056 7.4
      vertex 24.45 37.7692 7.4
    endloop
  endfacet
  facet normal -0 0 1
    outer loop
      vertex 23.25 39.8477 7.4
      vertex 24.45 37.7692 7.4
      vertex 23.6723 40.056 7.4
    endloop
  endfacet
  facet normal 0 0 1
    outer loop
      vertex 24.45 37.7692 7.4
      vertex 23.25 39.8477 7.4
      vertex 24.3195 37.682 7.4
    endloop
  endfacet
  facet normal -0 0 1
    outer loop
      vertex 22.8585 39.5861 7.4
      vertex 24.3195 37.682 7.4
      vertex 23.25 39.8477 7.4
    endloop
  endfacet
  facet normal 0 0 1
    outer loop
      vertex 24.3195 37.682 7.4
      vertex 22.8585 39.5861 7.4
      vertex 24.2015 37.5785 7.4
    endloop
  endfacet
  facet normal -0 0 1
    outer loop
      vertex 22.5044 39.2756 7.4
      vertex 24.2015 37.5785 7.4
      vertex 22.8585 39.5861 7.4
    endloop
  endfacet
  facet normal 0 0 1
    outer loop
      vertex 24.2015 37.5785 7.4
      vertex 22.5044 39.2756 7.4
      vertex 24.098 37.4605 7.4
    endloop
  endfacet
  facet normal 0 0 1
    outer loop
      vertex 24.098 37.4605 7.4
      vertex 22.1939 38.9215 7.4
      vertex 24.0108 37.33 7.4
    endloop
  endfacet
  facet normal -0 0 1
    outer loop
      vertex 22.1939 38.9215 7.4
      vertex 24.098 37.4605 7.4
      vertex 22.5044 39.2756 7.4
    endloop
  endfacet
  facet normal -0 0 1
    outer loop
      vertex 26.002 35.9995 7.4
      vertex 27.9061 34.5385 7.4
      vertex 26.0892 36.13 7.4
    endloop
  endfacet
  facet normal 0 0 1
    outer loop
      vertex 27.9061 34.5385 7.4
      vertex 26.002 35.9995 7.4
      vertex 27.5956 34.1844 7.4
    endloop
  endfacet
  facet normal -0 0 1
    outer loop
      vertex 25.8985 35.8815 7.4
      vertex 27.5956 34.1844 7.4
      vertex 26.002 35.9995 7.4
    endloop
  endfacet
  facet normal 0 0 1
    outer loop
      vertex 27.5956 34.1844 7.4
      vertex 25.8985 35.8815 7.4
      vertex 27.2415 33.8739 7.4
    endloop
  endfacet
  facet normal -0 0 1
    outer loop
      vertex 25.7805 35.778 7.4
      vertex 27.2415 33.8739 7.4
      vertex 25.8985 35.8815 7.4
    endloop
  endfacet
  facet normal 0 0 1
    outer loop
      vertex 27.2415 33.8739 7.4
      vertex 25.7805 35.778 7.4
      vertex 26.85 33.6123 7.4
    endloop
  endfacet
  facet normal -0 0 1
    outer loop
      vertex 25.65 35.6908 7.4
      vertex 26.85 33.6123 7.4
      vertex 25.7805 35.778 7.4
    endloop
  endfacet
  facet normal 0 0 1
    outer loop
      vertex 26.85 33.6123 7.4
      vertex 25.65 35.6908 7.4
      vertex 26.4277 33.404 7.4
    endloop
  endfacet
  facet normal -0 0 1
    outer loop
      vertex 25.5092 35.6213 7.4
      vertex 26.4277 33.404 7.4
      vertex 25.65 35.6908 7.4
    endloop
  endfacet
  facet normal 0 0 1
    outer loop
      vertex 26.4277 33.404 7.4
      vertex 25.5092 35.6213 7.4
      vertex 25.9817 33.2527 7.4
    endloop
  endfacet
  facet normal -0 0 1
    outer loop
      vertex 25.3606 35.5709 7.4
      vertex 25.9817 33.2527 7.4
      vertex 25.5092 35.6213 7.4
    endloop
  endfacet
  facet normal 0 0 1
    outer loop
      vertex 25.9817 33.2527 7.4
      vertex 25.3606 35.5709 7.4
      vertex 25.5199 33.1608 7.4
    endloop
  endfacet
  facet normal -0 0 1
    outer loop
      vertex 25.2066 35.5403 7.4
      vertex 25.5199 33.1608 7.4
      vertex 25.3606 35.5709 7.4
    endloop
  endfacet
  facet normal -0 0 1
    outer loop
      vertex 25.05 35.53 7.4
      vertex 25.5199 33.1608 7.4
      vertex 25.2066 35.5403 7.4
    endloop
  endfacet
  facet normal 0 0 1
    outer loop
      vertex 25.05 35.53 7.4
      vertex 25.05 33.13 7.4
      vertex 25.5199 33.1608 7.4
    endloop
  endfacet
  facet normal 0 0 1
    outer loop
      vertex 24.8934 35.5403 7.4
      vertex 25.05 33.13 7.4
      vertex 25.05 35.53 7.4
    endloop
  endfacet
  facet normal 0 0 1
    outer loop
      vertex 24.5801 33.1608 7.4
      vertex 24.8934 35.5403 7.4
      vertex 24.7394 35.5709 7.4
    endloop
  endfacet
  facet normal 0 0 1
    outer loop
      vertex 24.1183 33.2527 7.4
      vertex 24.7394 35.5709 7.4
      vertex 24.5908 35.6213 7.4
    endloop
  endfacet
  facet normal 0 0 1
    outer loop
      vertex 24.8934 35.5403 7.4
      vertex 24.5801 33.1608 7.4
      vertex 25.05 33.13 7.4
    endloop
  endfacet
  facet normal 0 0 1
    outer loop
      vertex 23.6723 33.404 7.4
      vertex 24.5908 35.6213 7.4
      vertex 24.45 35.6908 7.4
    endloop
  endfacet
  facet normal 0 0 1
    outer loop
      vertex 23.25 33.6123 7.4
      vertex 24.45 35.6908 7.4
      vertex 24.3195 35.778 7.4
    endloop
  endfacet
  facet normal 0 0 1
    outer loop
      vertex 22.8585 33.8739 7.4
      vertex 24.3195 35.778 7.4
      vertex 24.2015 35.8815 7.4
    endloop
  endfacet
  facet normal 0 0 1
    outer loop
      vertex 24.7394 35.5709 7.4
      vertex 24.1183 33.2527 7.4
      vertex 24.5801 33.1608 7.4
    endloop
  endfacet
  facet normal 0 0 1
    outer loop
      vertex 22.5044 34.1844 7.4
      vertex 24.2015 35.8815 7.4
      vertex 24.098 35.9995 7.4
    endloop
  endfacet
  facet normal 0 0 1
    outer loop
      vertex 22.1939 34.5385 7.4
      vertex 24.098 35.9995 7.4
      vertex 24.0108 36.13 7.4
    endloop
  endfacet
  facet normal 0 0 1
    outer loop
      vertex 21.9323 34.93 7.4
      vertex 24.0108 36.13 7.4
      vertex 23.9413 36.2708 7.4
    endloop
  endfacet
  facet normal 0 0 1
    outer loop
      vertex 21.724 35.3523 7.4
      vertex 23.9413 36.2708 7.4
      vertex 23.8909 36.4194 7.4
    endloop
  endfacet
  facet normal 0 0 1
    outer loop
      vertex 21.5727 35.7983 7.4
      vertex 23.8909 36.4194 7.4
      vertex 23.8603 36.5734 7.4
    endloop
  endfacet
  facet normal 0 0 1
    outer loop
      vertex 24.5908 35.6213 7.4
      vertex 23.6723 33.404 7.4
      vertex 24.1183 33.2527 7.4
    endloop
  endfacet
  facet normal 0 0 1
    outer loop
      vertex 21.4808 36.2601 7.4
      vertex 23.8603 36.5734 7.4
      vertex 23.85 36.73 7.4
    endloop
  endfacet
  facet normal -0 0 1
    outer loop
      vertex 21.9323 38.53 7.4
      vertex 24.0108 37.33 7.4
      vertex 22.1939 38.9215 7.4
    endloop
  endfacet
  facet normal 0 0 1
    outer loop
      vertex 24.0108 37.33 7.4
      vertex 21.9323 38.53 7.4
      vertex 23.9413 37.1892 7.4
    endloop
  endfacet
  facet normal 0 0 1
    outer loop
      vertex 24.45 35.6908 7.4
      vertex 23.25 33.6123 7.4
      vertex 23.6723 33.404 7.4
    endloop
  endfacet
  facet normal -0 0 1
    outer loop
      vertex 21.724 38.1077 7.4
      vertex 23.9413 37.1892 7.4
      vertex 21.9323 38.53 7.4
    endloop
  endfacet
  facet normal 0 0 1
    outer loop
      vertex 24.3195 35.778 7.4
      vertex 22.8585 33.8739 7.4
      vertex 23.25 33.6123 7.4
    endloop
  endfacet
  facet normal 0 0 1
    outer loop
      vertex 23.9413 37.1892 7.4
      vertex 21.724 38.1077 7.4
      vertex 23.8909 37.0406 7.4
    endloop
  endfacet
  facet normal 0 0 1
    outer loop
      vertex 24.2015 35.8815 7.4
      vertex 22.5044 34.1844 7.4
      vertex 22.8585 33.8739 7.4
    endloop
  endfacet
  facet normal -0 0 1
    outer loop
      vertex 21.5727 37.6617 7.4
      vertex 23.8909 37.0406 7.4
      vertex 21.724 38.1077 7.4
    endloop
  endfacet
  facet normal 0 0 1
    outer loop
      vertex 24.098 35.9995 7.4
      vertex 22.1939 34.5385 7.4
      vertex 22.5044 34.1844 7.4
    endloop
  endfacet
  facet normal 0 0 1
    outer loop
      vertex 23.8909 37.0406 7.4
      vertex 21.5727 37.6617 7.4
      vertex 23.8603 36.8866 7.4
    endloop
  endfacet
  facet normal 0 0 1
    outer loop
      vertex 24.0108 36.13 7.4
      vertex 21.9323 34.93 7.4
      vertex 22.1939 34.5385 7.4
    endloop
  endfacet
  facet normal -0 0 1
    outer loop
      vertex 21.4808 37.1999 7.4
      vertex 23.8603 36.8866 7.4
      vertex 21.5727 37.6617 7.4
    endloop
  endfacet
  facet normal 0 0 1
    outer loop
      vertex 23.9413 36.2708 7.4
      vertex 21.724 35.3523 7.4
      vertex 21.9323 34.93 7.4
    endloop
  endfacet
  facet normal 0 0 1
    outer loop
      vertex 23.8603 36.8866 7.4
      vertex 21.4808 37.1999 7.4
      vertex 23.85 36.73 7.4
    endloop
  endfacet
  facet normal 0 0 1
    outer loop
      vertex 23.8909 36.4194 7.4
      vertex 21.5727 35.7983 7.4
      vertex 21.724 35.3523 7.4
    endloop
  endfacet
  facet normal 0 0 1
    outer loop
      vertex 21.45 36.73 7.4
      vertex 23.85 36.73 7.4
      vertex 21.4808 37.1999 7.4
    endloop
  endfacet
  facet normal 0 0 1
    outer loop
      vertex 23.8603 36.5734 7.4
      vertex 21.4808 36.2601 7.4
      vertex 21.5727 35.7983 7.4
    endloop
  endfacet
  facet normal 0 0 1
    outer loop
      vertex 23.85 36.73 7.4
      vertex 21.45 36.73 7.4
      vertex 21.4808 36.2601 7.4
    endloop
  endfacet
  facet normal -0.555582 0.831462 0
    outer loop
      vertex 23.25 39.8477 2.4
      vertex 22.8585 39.5861 7.4
      vertex 23.25 39.8477 7.4
    endloop
  endfacet
  facet normal -0.555582 0.831462 0
    outer loop
      vertex 22.8585 39.5861 7.4
      vertex 23.25 39.8477 2.4
      vertex 22.8585 39.5861 2.4
    endloop
  endfacet
  facet normal -0.321256 0.946993 0
    outer loop
      vertex 24.1183 40.2073 2.4
      vertex 23.6723 40.056 7.4
      vertex 24.1183 40.2073 7.4
    endloop
  endfacet
  facet normal -0.321256 0.946993 0
    outer loop
      vertex 23.6723 40.056 7.4
      vertex 24.1183 40.2073 2.4
      vertex 23.6723 40.056 2.4
    endloop
  endfacet
  facet normal 0 0 -1
    outer loop
      vertex 26.25 36.73 2.4
      vertex 28.65 36.73 2.4
      vertex 28.6192 36.2601 2.4
    endloop
  endfacet
  facet normal 0 0 -1
    outer loop
      vertex 26.2397 36.5734 2.4
      vertex 28.6192 36.2601 2.4
      vertex 28.5273 35.7983 2.4
    endloop
  endfacet
  facet normal 0 0 -1
    outer loop
      vertex 28.65 36.73 2.4
      vertex 26.25 36.73 2.4
      vertex 28.6192 37.1999 2.4
    endloop
  endfacet
  facet normal 0 0 -1
    outer loop
      vertex 26.2091 36.4194 2.4
      vertex 28.5273 35.7983 2.4
      vertex 28.376 35.3523 2.4
    endloop
  endfacet
  facet normal 0 0 -1
    outer loop
      vertex 26.2397 36.8866 2.4
      vertex 28.6192 37.1999 2.4
      vertex 26.25 36.73 2.4
    endloop
  endfacet
  facet normal 0 0 -1
    outer loop
      vertex 26.1587 36.2708 2.4
      vertex 28.376 35.3523 2.4
      vertex 28.1677 34.93 2.4
    endloop
  endfacet
  facet normal -0 0 -1
    outer loop
      vertex 28.6192 37.1999 2.4
      vertex 26.2397 36.8866 2.4
      vertex 28.5273 37.6617 2.4
    endloop
  endfacet
  facet normal 0 0 -1
    outer loop
      vertex 26.0892 36.13 2.4
      vertex 28.1677 34.93 2.4
      vertex 27.9061 34.5385 2.4
    endloop
  endfacet
  facet normal 0 0 -1
    outer loop
      vertex 26.2091 37.0406 2.4
      vertex 28.5273 37.6617 2.4
      vertex 26.2397 36.8866 2.4
    endloop
  endfacet
  facet normal 0 0 -1
    outer loop
      vertex 26.002 35.9995 2.4
      vertex 27.9061 34.5385 2.4
      vertex 27.5956 34.1844 2.4
    endloop
  endfacet
  facet normal -0 0 -1
    outer loop
      vertex 28.5273 37.6617 2.4
      vertex 26.2091 37.0406 2.4
      vertex 28.376 38.1077 2.4
    endloop
  endfacet
  facet normal 0 0 -1
    outer loop
      vertex 25.8985 35.8815 2.4
      vertex 27.5956 34.1844 2.4
      vertex 27.2415 33.8739 2.4
    endloop
  endfacet
  facet normal 0 0 -1
    outer loop
      vertex 26.1587 37.1892 2.4
      vertex 28.376 38.1077 2.4
      vertex 26.2091 37.0406 2.4
    endloop
  endfacet
  facet normal 0 0 -1
    outer loop
      vertex 25.7805 35.778 2.4
      vertex 27.2415 33.8739 2.4
      vertex 26.85 33.6123 2.4
    endloop
  endfacet
  facet normal -0 0 -1
    outer loop
      vertex 28.376 38.1077 2.4
      vertex 26.1587 37.1892 2.4
      vertex 28.1677 38.53 2.4
    endloop
  endfacet
  facet normal 0 0 -1
    outer loop
      vertex 25.65 35.6908 2.4
      vertex 26.85 33.6123 2.4
      vertex 26.4277 33.404 2.4
    endloop
  endfacet
  facet normal 0 0 -1
    outer loop
      vertex 26.0892 37.33 2.4
      vertex 28.1677 38.53 2.4
      vertex 26.1587 37.1892 2.4
    endloop
  endfacet
  facet normal -0 0 -1
    outer loop
      vertex 28.1677 38.53 2.4
      vertex 26.0892 37.33 2.4
      vertex 27.9061 38.9215 2.4
    endloop
  endfacet
  facet normal 0 0 -1
    outer loop
      vertex 28.6192 36.2601 2.4
      vertex 26.2397 36.5734 2.4
      vertex 26.25 36.73 2.4
    endloop
  endfacet
  facet normal 0 0 -1
    outer loop
      vertex 28.5273 35.7983 2.4
      vertex 26.2091 36.4194 2.4
      vertex 26.2397 36.5734 2.4
    endloop
  endfacet
  facet normal 0 0 -1
    outer loop
      vertex 28.376 35.3523 2.4
      vertex 26.1587 36.2708 2.4
      vertex 26.2091 36.4194 2.4
    endloop
  endfacet
  facet normal 0 0 -1
    outer loop
      vertex 28.1677 34.93 2.4
      vertex 26.0892 36.13 2.4
      vertex 26.1587 36.2708 2.4
    endloop
  endfacet
  facet normal 0 0 -1
    outer loop
      vertex 27.9061 34.5385 2.4
      vertex 26.002 35.9995 2.4
      vertex 26.0892 36.13 2.4
    endloop
  endfacet
  facet normal 0 0 -1
    outer loop
      vertex 25.5092 35.6213 2.4
      vertex 26.4277 33.404 2.4
      vertex 25.9817 33.2527 2.4
    endloop
  endfacet
  facet normal 0 0 -1
    outer loop
      vertex 27.5956 34.1844 2.4
      vertex 25.8985 35.8815 2.4
      vertex 26.002 35.9995 2.4
    endloop
  endfacet
  facet normal 0 0 -1
    outer loop
      vertex 27.2415 33.8739 2.4
      vertex 25.7805 35.778 2.4
      vertex 25.8985 35.8815 2.4
    endloop
  endfacet
  facet normal 0 0 -1
    outer loop
      vertex 26.85 33.6123 2.4
      vertex 25.65 35.6908 2.4
      vertex 25.7805 35.778 2.4
    endloop
  endfacet
  facet normal 0 0 -1
    outer loop
      vertex 25.3606 35.5709 2.4
      vertex 25.9817 33.2527 2.4
      vertex 25.5199 33.1608 2.4
    endloop
  endfacet
  facet normal 0 0 -1
    outer loop
      vertex 26.4277 33.404 2.4
      vertex 25.5092 35.6213 2.4
      vertex 25.65 35.6908 2.4
    endloop
  endfacet
  facet normal 0 0 -1
    outer loop
      vertex 25.9817 33.2527 2.4
      vertex 25.3606 35.5709 2.4
      vertex 25.5092 35.6213 2.4
    endloop
  endfacet
  facet normal 0 0 -1
    outer loop
      vertex 25.5199 33.1608 2.4
      vertex 25.2066 35.5403 2.4
      vertex 25.3606 35.5709 2.4
    endloop
  endfacet
  facet normal 0 0 -1
    outer loop
      vertex 25.05 33.13 2.4
      vertex 25.2066 35.5403 2.4
      vertex 25.5199 33.1608 2.4
    endloop
  endfacet
  facet normal 0 0 -1
    outer loop
      vertex 25.05 33.13 2.4
      vertex 25.05 35.53 2.4
      vertex 25.2066 35.5403 2.4
    endloop
  endfacet
  facet normal 0 0 -1
    outer loop
      vertex 25.05 33.13 2.4
      vertex 24.8934 35.5403 2.4
      vertex 25.05 35.53 2.4
    endloop
  endfacet
  facet normal 0 0 -1
    outer loop
      vertex 24.5801 33.1608 2.4
      vertex 24.8934 35.5403 2.4
      vertex 25.05 33.13 2.4
    endloop
  endfacet
  facet normal -0 0 -1
    outer loop
      vertex 24.8934 35.5403 2.4
      vertex 24.5801 33.1608 2.4
      vertex 24.7394 35.5709 2.4
    endloop
  endfacet
  facet normal 0 0 -1
    outer loop
      vertex 24.1183 33.2527 2.4
      vertex 24.7394 35.5709 2.4
      vertex 24.5801 33.1608 2.4
    endloop
  endfacet
  facet normal -0 0 -1
    outer loop
      vertex 24.7394 35.5709 2.4
      vertex 24.1183 33.2527 2.4
      vertex 24.5908 35.6213 2.4
    endloop
  endfacet
  facet normal 0 0 -1
    outer loop
      vertex 23.6723 33.404 2.4
      vertex 24.5908 35.6213 2.4
      vertex 24.1183 33.2527 2.4
    endloop
  endfacet
  facet normal -0 0 -1
    outer loop
      vertex 24.5908 35.6213 2.4
      vertex 23.6723 33.404 2.4
      vertex 24.45 35.6908 2.4
    endloop
  endfacet
  facet normal 0 0 -1
    outer loop
      vertex 23.25 33.6123 2.4
      vertex 24.45 35.6908 2.4
      vertex 23.6723 33.404 2.4
    endloop
  endfacet
  facet normal -0 0 -1
    outer loop
      vertex 24.45 35.6908 2.4
      vertex 23.25 33.6123 2.4
      vertex 24.3195 35.778 2.4
    endloop
  endfacet
  facet normal 0 0 -1
    outer loop
      vertex 22.8585 33.8739 2.4
      vertex 24.3195 35.778 2.4
      vertex 23.25 33.6123 2.4
    endloop
  endfacet
  facet normal -0 0 -1
    outer loop
      vertex 24.3195 35.778 2.4
      vertex 22.8585 33.8739 2.4
      vertex 24.2015 35.8815 2.4
    endloop
  endfacet
  facet normal 0 0 -1
    outer loop
      vertex 22.5044 34.1844 2.4
      vertex 24.2015 35.8815 2.4
      vertex 22.8585 33.8739 2.4
    endloop
  endfacet
  facet normal -0 0 -1
    outer loop
      vertex 24.2015 35.8815 2.4
      vertex 22.5044 34.1844 2.4
      vertex 24.098 35.9995 2.4
    endloop
  endfacet
  facet normal -0 0 -1
    outer loop
      vertex 24.098 35.9995 2.4
      vertex 22.1939 34.5385 2.4
      vertex 24.0108 36.13 2.4
    endloop
  endfacet
  facet normal 0 0 -1
    outer loop
      vertex 22.1939 34.5385 2.4
      vertex 24.098 35.9995 2.4
      vertex 22.5044 34.1844 2.4
    endloop
  endfacet
  facet normal 0 0 -1
    outer loop
      vertex 26.002 37.4605 2.4
      vertex 27.9061 38.9215 2.4
      vertex 26.0892 37.33 2.4
    endloop
  endfacet
  facet normal -0 0 -1
    outer loop
      vertex 27.9061 38.9215 2.4
      vertex 26.002 37.4605 2.4
      vertex 27.5956 39.2756 2.4
    endloop
  endfacet
  facet normal 0 0 -1
    outer loop
      vertex 25.8985 37.5785 2.4
      vertex 27.5956 39.2756 2.4
      vertex 26.002 37.4605 2.4
    endloop
  endfacet
  facet normal -0 0 -1
    outer loop
      vertex 27.5956 39.2756 2.4
      vertex 25.8985 37.5785 2.4
      vertex 27.2415 39.5861 2.4
    endloop
  endfacet
  facet normal 0 0 -1
    outer loop
      vertex 25.7805 37.682 2.4
      vertex 27.2415 39.5861 2.4
      vertex 25.8985 37.5785 2.4
    endloop
  endfacet
  facet normal -0 0 -1
    outer loop
      vertex 27.2415 39.5861 2.4
      vertex 25.7805 37.682 2.4
      vertex 26.85 39.8477 2.4
    endloop
  endfacet
  facet normal 0 0 -1
    outer loop
      vertex 25.65 37.7692 2.4
      vertex 26.85 39.8477 2.4
      vertex 25.7805 37.682 2.4
    endloop
  endfacet
  facet normal -0 0 -1
    outer loop
      vertex 26.85 39.8477 2.4
      vertex 25.65 37.7692 2.4
      vertex 26.4277 40.056 2.4
    endloop
  endfacet
  facet normal 0 0 -1
    outer loop
      vertex 25.5092 37.8387 2.4
      vertex 26.4277 40.056 2.4
      vertex 25.65 37.7692 2.4
    endloop
  endfacet
  facet normal -0 0 -1
    outer loop
      vertex 26.4277 40.056 2.4
      vertex 25.5092 37.8387 2.4
      vertex 25.9817 40.2073 2.4
    endloop
  endfacet
  facet normal 0 0 -1
    outer loop
      vertex 25.3606 37.8891 2.4
      vertex 25.9817 40.2073 2.4
      vertex 25.5092 37.8387 2.4
    endloop
  endfacet
  facet normal -0 0 -1
    outer loop
      vertex 25.9817 40.2073 2.4
      vertex 25.3606 37.8891 2.4
      vertex 25.5199 40.2992 2.4
    endloop
  endfacet
  facet normal 0 0 -1
    outer loop
      vertex 25.2066 37.9197 2.4
      vertex 25.5199 40.2992 2.4
      vertex 25.3606 37.8891 2.4
    endloop
  endfacet
  facet normal 0 0 -1
    outer loop
      vertex 25.05 37.93 2.4
      vertex 25.5199 40.2992 2.4
      vertex 25.2066 37.9197 2.4
    endloop
  endfacet
  facet normal 0 0 -1
    outer loop
      vertex 25.05 37.93 2.4
      vertex 25.05 40.33 2.4
      vertex 25.5199 40.2992 2.4
    endloop
  endfacet
  facet normal 0 0 -1
    outer loop
      vertex 24.8934 37.9197 2.4
      vertex 25.05 40.33 2.4
      vertex 25.05 37.93 2.4
    endloop
  endfacet
  facet normal 0 0 -1
    outer loop
      vertex 24.5801 40.2992 2.4
      vertex 24.8934 37.9197 2.4
      vertex 24.7394 37.8891 2.4
    endloop
  endfacet
  facet normal 0 0 -1
    outer loop
      vertex 24.1183 40.2073 2.4
      vertex 24.7394 37.8891 2.4
      vertex 24.5908 37.8387 2.4
    endloop
  endfacet
  facet normal 0 0 -1
    outer loop
      vertex 24.8934 37.9197 2.4
      vertex 24.5801 40.2992 2.4
      vertex 25.05 40.33 2.4
    endloop
  endfacet
  facet normal 0 0 -1
    outer loop
      vertex 23.6723 40.056 2.4
      vertex 24.5908 37.8387 2.4
      vertex 24.45 37.7692 2.4
    endloop
  endfacet
  facet normal 0 0 -1
    outer loop
      vertex 23.25 39.8477 2.4
      vertex 24.45 37.7692 2.4
      vertex 24.3195 37.682 2.4
    endloop
  endfacet
  facet normal 0 0 -1
    outer loop
      vertex 22.8585 39.5861 2.4
      vertex 24.3195 37.682 2.4
      vertex 24.2015 37.5785 2.4
    endloop
  endfacet
  facet normal 0 0 -1
    outer loop
      vertex 24.7394 37.8891 2.4
      vertex 24.1183 40.2073 2.4
      vertex 24.5801 40.2992 2.4
    endloop
  endfacet
  facet normal 0 0 -1
    outer loop
      vertex 22.5044 39.2756 2.4
      vertex 24.2015 37.5785 2.4
      vertex 24.098 37.4605 2.4
    endloop
  endfacet
  facet normal 0 0 -1
    outer loop
      vertex 22.1939 38.9215 2.4
      vertex 24.098 37.4605 2.4
      vertex 24.0108 37.33 2.4
    endloop
  endfacet
  facet normal 0 0 -1
    outer loop
      vertex 21.9323 38.53 2.4
      vertex 24.0108 37.33 2.4
      vertex 23.9413 37.1892 2.4
    endloop
  endfacet
  facet normal 0 0 -1
    outer loop
      vertex 21.724 38.1077 2.4
      vertex 23.9413 37.1892 2.4
      vertex 23.8909 37.0406 2.4
    endloop
  endfacet
  facet normal 0 0 -1
    outer loop
      vertex 21.5727 37.6617 2.4
      vertex 23.8909 37.0406 2.4
      vertex 23.8603 36.8866 2.4
    endloop
  endfacet
  facet normal 0 0 -1
    outer loop
      vertex 24.5908 37.8387 2.4
      vertex 23.6723 40.056 2.4
      vertex 24.1183 40.2073 2.4
    endloop
  endfacet
  facet normal 0 0 -1
    outer loop
      vertex 21.4808 37.1999 2.4
      vertex 23.8603 36.8866 2.4
      vertex 23.85 36.73 2.4
    endloop
  endfacet
  facet normal 0 0 -1
    outer loop
      vertex 21.9323 34.93 2.4
      vertex 24.0108 36.13 2.4
      vertex 22.1939 34.5385 2.4
    endloop
  endfacet
  facet normal -0 0 -1
    outer loop
      vertex 24.0108 36.13 2.4
      vertex 21.9323 34.93 2.4
      vertex 23.9413 36.2708 2.4
    endloop
  endfacet
  facet normal 0 0 -1
    outer loop
      vertex 24.45 37.7692 2.4
      vertex 23.25 39.8477 2.4
      vertex 23.6723 40.056 2.4
    endloop
  endfacet
  facet normal 0 0 -1
    outer loop
      vertex 21.724 35.3523 2.4
      vertex 23.9413 36.2708 2.4
      vertex 21.9323 34.93 2.4
    endloop
  endfacet
  facet normal 0 0 -1
    outer loop
      vertex 24.3195 37.682 2.4
      vertex 22.8585 39.5861 2.4
      vertex 23.25 39.8477 2.4
    endloop
  endfacet
  facet normal -0 0 -1
    outer loop
      vertex 23.9413 36.2708 2.4
      vertex 21.724 35.3523 2.4
      vertex 23.8909 36.4194 2.4
    endloop
  endfacet
  facet normal 0 0 -1
    outer loop
      vertex 24.2015 37.5785 2.4
      vertex 22.5044 39.2756 2.4
      vertex 22.8585 39.5861 2.4
    endloop
  endfacet
  facet normal 0 0 -1
    outer loop
      vertex 21.5727 35.7983 2.4
      vertex 23.8909 36.4194 2.4
      vertex 21.724 35.3523 2.4
    endloop
  endfacet
  facet normal 0 0 -1
    outer loop
      vertex 24.098 37.4605 2.4
      vertex 22.1939 38.9215 2.4
      vertex 22.5044 39.2756 2.4
    endloop
  endfacet
  facet normal -0 0 -1
    outer loop
      vertex 23.8909 36.4194 2.4
      vertex 21.5727 35.7983 2.4
      vertex 23.8603 36.5734 2.4
    endloop
  endfacet
  facet normal 0 0 -1
    outer loop
      vertex 24.0108 37.33 2.4
      vertex 21.9323 38.53 2.4
      vertex 22.1939 38.9215 2.4
    endloop
  endfacet
  facet normal 0 0 -1
    outer loop
      vertex 21.4808 36.2601 2.4
      vertex 23.8603 36.5734 2.4
      vertex 21.5727 35.7983 2.4
    endloop
  endfacet
  facet normal 0 0 -1
    outer loop
      vertex 23.9413 37.1892 2.4
      vertex 21.724 38.1077 2.4
      vertex 21.9323 38.53 2.4
    endloop
  endfacet
  facet normal -0 0 -1
    outer loop
      vertex 23.8603 36.5734 2.4
      vertex 21.4808 36.2601 2.4
      vertex 23.85 36.73 2.4
    endloop
  endfacet
  facet normal 0 0 -1
    outer loop
      vertex 23.8909 37.0406 2.4
      vertex 21.5727 37.6617 2.4
      vertex 21.724 38.1077 2.4
    endloop
  endfacet
  facet normal 0 0 -1
    outer loop
      vertex 21.45 36.73 2.4
      vertex 23.85 36.73 2.4
      vertex 21.4808 36.2601 2.4
    endloop
  endfacet
  facet normal 0 0 -1
    outer loop
      vertex 23.8603 36.8866 2.4
      vertex 21.4808 37.1999 2.4
      vertex 21.5727 37.6617 2.4
    endloop
  endfacet
  facet normal 0 0 -1
    outer loop
      vertex 23.85 36.73 2.4
      vertex 21.45 36.73 2.4
      vertex 21.4808 37.1999 2.4
    endloop
  endfacet
  facet normal 0.195177 -0.980768 0
    outer loop
      vertex 25.5199 33.1608 2.4
      vertex 25.9817 33.2527 7.4
      vertex 25.5199 33.1608 7.4
    endloop
  endfacet
  facet normal 0.195177 -0.980768 0
    outer loop
      vertex 25.9817 33.2527 7.4
      vertex 25.5199 33.1608 2.4
      vertex 25.9817 33.2527 2.4
    endloop
  endfacet
  facet normal 0.946993 0.321256 0
    outer loop
      vertex 28.5273 37.6617 7.4
      vertex 28.376 38.1077 2.4
      vertex 28.376 38.1077 7.4
    endloop
  endfacet
  facet normal 0.946993 0.321256 0
    outer loop
      vertex 28.376 38.1077 2.4
      vertex 28.5273 37.6617 7.4
      vertex 28.5273 37.6617 2.4
    endloop
  endfacet
  facet normal 0.980768 0.195177 0
    outer loop
      vertex 28.6192 37.1999 7.4
      vertex 28.5273 37.6617 2.4
      vertex 28.5273 37.6617 7.4
    endloop
  endfacet
  facet normal 0.980768 0.195177 0
    outer loop
      vertex 28.5273 37.6617 2.4
      vertex 28.6192 37.1999 7.4
      vertex 28.6192 37.1999 2.4
    endloop
  endfacet
  facet normal 0.751879 0.659301 0
    outer loop
      vertex 27.9061 38.9215 7.4
      vertex 27.5956 39.2756 2.4
      vertex 27.5956 39.2756 7.4
    endloop
  endfacet
  facet normal 0.751879 0.659301 0
    outer loop
      vertex 27.5956 39.2756 2.4
      vertex 27.9061 38.9215 7.4
      vertex 27.9061 38.9215 2.4
    endloop
  endfacet
  facet normal 0.0654055 0.997859 -0
    outer loop
      vertex 25.5199 40.2992 2.4
      vertex 25.05 40.33 7.4
      vertex 25.5199 40.2992 7.4
    endloop
  endfacet
  facet normal 0.0654055 0.997859 0
    outer loop
      vertex 25.05 40.33 7.4
      vertex 25.5199 40.2992 2.4
      vertex 25.05 40.33 2.4
    endloop
  endfacet
  facet normal 0.555582 0.831462 -0
    outer loop
      vertex 27.2415 39.5861 2.4
      vertex 26.85 39.8477 7.4
      vertex 27.2415 39.5861 7.4
    endloop
  endfacet
  facet normal 0.555582 0.831462 0
    outer loop
      vertex 26.85 39.8477 7.4
      vertex 27.2415 39.5861 2.4
      vertex 26.85 39.8477 2.4
    endloop
  endfacet
  facet normal -0.946993 0.321256 0
    outer loop
      vertex 21.5727 37.6617 2.4
      vertex 21.724 38.1077 7.4
      vertex 21.724 38.1077 2.4
    endloop
  endfacet
  facet normal -0.946993 0.321256 0
    outer loop
      vertex 21.724 38.1077 7.4
      vertex 21.5727 37.6617 2.4
      vertex 21.5727 37.6617 7.4
    endloop
  endfacet
  facet normal -0.980768 0.195177 0
    outer loop
      vertex 21.4808 37.1999 2.4
      vertex 21.5727 37.6617 7.4
      vertex 21.5727 37.6617 2.4
    endloop
  endfacet
  facet normal -0.980768 0.195177 0
    outer loop
      vertex 21.5727 37.6617 7.4
      vertex 21.4808 37.1999 2.4
      vertex 21.4808 37.1999 7.4
    endloop
  endfacet
  facet normal -0.195177 0.980768 0
    outer loop
      vertex 24.5801 40.2992 2.4
      vertex 24.1183 40.2073 7.4
      vertex 24.5801 40.2992 7.4
    endloop
  endfacet
  facet normal -0.195177 0.980768 0
    outer loop
      vertex 24.1183 40.2073 7.4
      vertex 24.5801 40.2992 2.4
      vertex 24.1183 40.2073 2.4
    endloop
  endfacet
  facet normal 0.946993 -0.321256 0
    outer loop
      vertex 28.376 35.3523 7.4
      vertex 28.5273 35.7983 2.4
      vertex 28.5273 35.7983 7.4
    endloop
  endfacet
  facet normal 0.946993 -0.321256 0
    outer loop
      vertex 28.5273 35.7983 2.4
      vertex 28.376 35.3523 7.4
      vertex 28.376 35.3523 2.4
    endloop
  endfacet
  facet normal 0.980768 -0.195177 0
    outer loop
      vertex 28.5273 35.7983 7.4
      vertex 28.6192 36.2601 2.4
      vertex 28.6192 36.2601 7.4
    endloop
  endfacet
  facet normal 0.980768 -0.195177 0
    outer loop
      vertex 28.6192 36.2601 2.4
      vertex 28.5273 35.7983 7.4
      vertex 28.5273 35.7983 2.4
    endloop
  endfacet
  facet normal -0.997859 -0.0654055 0
    outer loop
      vertex 21.4808 36.2601 2.4
      vertex 21.45 36.73 7.4
      vertex 21.45 36.73 2.4
    endloop
  endfacet
  facet normal -0.997859 -0.0654055 0
    outer loop
      vertex 21.45 36.73 7.4
      vertex 21.4808 36.2601 2.4
      vertex 21.4808 36.2601 7.4
    endloop
  endfacet
  facet normal 0.555582 -0.831462 0
    outer loop
      vertex 26.85 33.6123 2.4
      vertex 27.2415 33.8739 7.4
      vertex 26.85 33.6123 7.4
    endloop
  endfacet
  facet normal 0.555582 -0.831462 0
    outer loop
      vertex 27.2415 33.8739 7.4
      vertex 26.85 33.6123 2.4
      vertex 27.2415 33.8739 2.4
    endloop
  endfacet
  facet normal 0.442365 -0.896835 0
    outer loop
      vertex 26.4277 33.404 2.4
      vertex 26.85 33.6123 7.4
      vertex 26.4277 33.404 7.4
    endloop
  endfacet
  facet normal 0.442365 -0.896835 0
    outer loop
      vertex 26.85 33.6123 7.4
      vertex 26.4277 33.404 2.4
      vertex 26.85 33.6123 2.4
    endloop
  endfacet
  facet normal -0.659301 0.751879 0
    outer loop
      vertex 22.8585 39.5861 2.4
      vertex 22.5044 39.2756 7.4
      vertex 22.8585 39.5861 7.4
    endloop
  endfacet
  facet normal -0.659301 0.751879 0
    outer loop
      vertex 22.5044 39.2756 7.4
      vertex 22.8585 39.5861 2.4
      vertex 22.5044 39.2756 2.4
    endloop
  endfacet
  facet normal 0.831462 -0.555582 0
    outer loop
      vertex 27.9061 34.5385 7.4
      vertex 28.1677 34.93 2.4
      vertex 28.1677 34.93 7.4
    endloop
  endfacet
  facet normal 0.831462 -0.555582 0
    outer loop
      vertex 28.1677 34.93 2.4
      vertex 27.9061 34.5385 7.4
      vertex 27.9061 34.5385 2.4
    endloop
  endfacet
  facet normal 0.997859 -0.0654055 0
    outer loop
      vertex 28.6192 36.2601 7.4
      vertex 28.65 36.73 2.4
      vertex 28.65 36.73 7.4
    endloop
  endfacet
  facet normal 0.997859 -0.0654055 0
    outer loop
      vertex 28.65 36.73 2.4
      vertex 28.6192 36.2601 7.4
      vertex 28.6192 36.2601 2.4
    endloop
  endfacet
  facet normal -0.321256 -0.946993 0
    outer loop
      vertex 23.6723 33.404 2.4
      vertex 24.1183 33.2527 7.4
      vertex 23.6723 33.404 7.4
    endloop
  endfacet
  facet normal -0.321256 -0.946993 -0
    outer loop
      vertex 24.1183 33.2527 7.4
      vertex 23.6723 33.404 2.4
      vertex 24.1183 33.2527 2.4
    endloop
  endfacet
  facet normal -0.751879 -0.659301 0
    outer loop
      vertex 22.5044 34.1844 2.4
      vertex 22.1939 34.5385 7.4
      vertex 22.1939 34.5385 2.4
    endloop
  endfacet
  facet normal -0.751879 -0.659301 0
    outer loop
      vertex 22.1939 34.5385 7.4
      vertex 22.5044 34.1844 2.4
      vertex 22.5044 34.1844 7.4
    endloop
  endfacet
  facet normal -0.980768 -0.195177 0
    outer loop
      vertex 21.5727 35.7983 2.4
      vertex 21.4808 36.2601 7.4
      vertex 21.4808 36.2601 2.4
    endloop
  endfacet
  facet normal -0.980768 -0.195177 0
    outer loop
      vertex 21.4808 36.2601 7.4
      vertex 21.5727 35.7983 2.4
      vertex 21.5727 35.7983 7.4
    endloop
  endfacet
  facet normal -0.946993 -0.321256 0
    outer loop
      vertex 21.724 35.3523 2.4
      vertex 21.5727 35.7983 7.4
      vertex 21.5727 35.7983 2.4
    endloop
  endfacet
  facet normal -0.946993 -0.321256 0
    outer loop
      vertex 21.5727 35.7983 7.4
      vertex 21.724 35.3523 2.4
      vertex 21.724 35.3523 7.4
    endloop
  endfacet
  facet normal 0.659301 -0.751879 0
    outer loop
      vertex 27.2415 33.8739 2.4
      vertex 27.5956 34.1844 7.4
      vertex 27.2415 33.8739 7.4
    endloop
  endfacet
  facet normal 0.659301 -0.751879 0
    outer loop
      vertex 27.5956 34.1844 7.4
      vertex 27.2415 33.8739 2.4
      vertex 27.5956 34.1844 2.4
    endloop
  endfacet
  facet normal 0.321256 -0.946993 0
    outer loop
      vertex 25.9817 33.2527 2.4
      vertex 26.4277 33.404 7.4
      vertex 25.9817 33.2527 7.4
    endloop
  endfacet
  facet normal 0.321256 -0.946993 0
    outer loop
      vertex 26.4277 33.404 7.4
      vertex 25.9817 33.2527 2.4
      vertex 26.4277 33.404 2.4
    endloop
  endfacet
  facet normal 0.896835 -0.442365 0
    outer loop
      vertex 28.1677 34.93 7.4
      vertex 28.376 35.3523 2.4
      vertex 28.376 35.3523 7.4
    endloop
  endfacet
  facet normal 0.896835 -0.442365 0
    outer loop
      vertex 28.376 35.3523 2.4
      vertex 28.1677 34.93 7.4
      vertex 28.1677 34.93 2.4
    endloop
  endfacet
  facet normal -0.0654055 -0.997859 0
    outer loop
      vertex 24.5801 33.1608 2.4
      vertex 25.05 33.13 7.4
      vertex 24.5801 33.1608 7.4
    endloop
  endfacet
  facet normal -0.0654055 -0.997859 -0
    outer loop
      vertex 25.05 33.13 7.4
      vertex 24.5801 33.1608 2.4
      vertex 25.05 33.13 2.4
    endloop
  endfacet
  facet normal -0.555582 -0.831462 0
    outer loop
      vertex 22.8585 33.8739 2.4
      vertex 23.25 33.6123 7.4
      vertex 22.8585 33.8739 7.4
    endloop
  endfacet
  facet normal -0.555582 -0.831462 -0
    outer loop
      vertex 23.25 33.6123 7.4
      vertex 22.8585 33.8739 2.4
      vertex 23.25 33.6123 2.4
    endloop
  endfacet
  facet normal -0.195177 -0.980768 0
    outer loop
      vertex 24.1183 33.2527 2.4
      vertex 24.5801 33.1608 7.4
      vertex 24.1183 33.2527 7.4
    endloop
  endfacet
  facet normal -0.195177 -0.980768 -0
    outer loop
      vertex 24.5801 33.1608 7.4
      vertex 24.1183 33.2527 2.4
      vertex 24.5801 33.1608 2.4
    endloop
  endfacet
  facet normal -0.659301 -0.751879 0
    outer loop
      vertex 22.5044 34.1844 2.4
      vertex 22.8585 33.8739 7.4
      vertex 22.5044 34.1844 7.4
    endloop
  endfacet
  facet normal -0.659301 -0.751879 -0
    outer loop
      vertex 22.8585 33.8739 7.4
      vertex 22.5044 34.1844 2.4
      vertex 22.8585 33.8739 2.4
    endloop
  endfacet
  facet normal -0.896835 -0.442365 0
    outer loop
      vertex 21.9323 34.93 2.4
      vertex 21.724 35.3523 7.4
      vertex 21.724 35.3523 2.4
    endloop
  endfacet
  facet normal -0.896835 -0.442365 0
    outer loop
      vertex 21.724 35.3523 7.4
      vertex 21.9323 34.93 2.4
      vertex 21.9323 34.93 7.4
    endloop
  endfacet
  facet normal 0.751879 -0.659301 0
    outer loop
      vertex 27.5956 34.1844 7.4
      vertex 27.9061 34.5385 2.4
      vertex 27.9061 34.5385 7.4
    endloop
  endfacet
  facet normal 0.751879 -0.659301 0
    outer loop
      vertex 27.9061 34.5385 2.4
      vertex 27.5956 34.1844 7.4
      vertex 27.5956 34.1844 2.4
    endloop
  endfacet
  facet normal -0.442365 -0.896835 0
    outer loop
      vertex 23.25 33.6123 2.4
      vertex 23.6723 33.404 7.4
      vertex 23.25 33.6123 7.4
    endloop
  endfacet
  facet normal -0.442365 -0.896835 -0
    outer loop
      vertex 23.6723 33.404 7.4
      vertex 23.25 33.6123 2.4
      vertex 23.6723 33.404 2.4
    endloop
  endfacet
  facet normal -0.831462 -0.555582 0
    outer loop
      vertex 22.1939 34.5385 2.4
      vertex 21.9323 34.93 7.4
      vertex 21.9323 34.93 2.4
    endloop
  endfacet
  facet normal -0.831462 -0.555582 0
    outer loop
      vertex 21.9323 34.93 7.4
      vertex 22.1939 34.5385 2.4
      vertex 22.1939 34.5385 7.4
    endloop
  endfacet
  facet normal -0.947013 -0.321194 0
    outer loop
      vertex 26.2091 37.0406 2.4
      vertex 26.1587 37.1892 7.4
      vertex 26.1587 37.1892 2.4
    endloop
  endfacet
  facet normal -0.947013 -0.321194 0
    outer loop
      vertex 26.1587 37.1892 7.4
      vertex 26.2091 37.0406 2.4
      vertex 26.2091 37.0406 7.4
    endloop
  endfacet
  facet normal -0.997844 -0.0656309 0
    outer loop
      vertex 26.25 36.73 2.4
      vertex 26.2397 36.8866 7.4
      vertex 26.2397 36.8866 2.4
    endloop
  endfacet
  facet normal -0.997844 -0.0656309 0
    outer loop
      vertex 26.2397 36.8866 7.4
      vertex 26.25 36.73 2.4
      vertex 26.25 36.73 7.4
    endloop
  endfacet
  facet normal 0.997844 -0.0656309 0
    outer loop
      vertex 23.85 36.73 7.4
      vertex 23.8603 36.8866 2.4
      vertex 23.8603 36.8866 7.4
    endloop
  endfacet
  facet normal 0.997844 -0.0656309 0
    outer loop
      vertex 23.8603 36.8866 2.4
      vertex 23.85 36.73 7.4
      vertex 23.85 36.73 2.4
    endloop
  endfacet
  facet normal -0.0656309 -0.997844 0
    outer loop
      vertex 25.05 37.93 2.4
      vertex 25.2066 37.9197 7.4
      vertex 25.05 37.93 7.4
    endloop
  endfacet
  facet normal -0.0656309 -0.997844 -0
    outer loop
      vertex 25.2066 37.9197 7.4
      vertex 25.05 37.93 2.4
      vertex 25.2066 37.9197 2.4
    endloop
  endfacet
  facet normal -0.751787 -0.659406 0
    outer loop
      vertex 26.002 37.4605 2.4
      vertex 25.8985 37.5785 7.4
      vertex 25.8985 37.5785 2.4
    endloop
  endfacet
  facet normal -0.751787 -0.659406 0
    outer loop
      vertex 25.8985 37.5785 7.4
      vertex 26.002 37.4605 2.4
      vertex 26.002 37.4605 7.4
    endloop
  endfacet
  facet normal 0.659406 -0.751787 0
    outer loop
      vertex 24.2015 37.5785 2.4
      vertex 24.3195 37.682 7.4
      vertex 24.2015 37.5785 7.4
    endloop
  endfacet
  facet normal 0.659406 -0.751787 0
    outer loop
      vertex 24.3195 37.682 7.4
      vertex 24.2015 37.5785 2.4
      vertex 24.3195 37.682 2.4
    endloop
  endfacet
  facet normal 0.321194 -0.947013 0
    outer loop
      vertex 24.5908 37.8387 2.4
      vertex 24.7394 37.8891 7.4
      vertex 24.5908 37.8387 7.4
    endloop
  endfacet
  facet normal 0.321194 -0.947013 0
    outer loop
      vertex 24.7394 37.8891 7.4
      vertex 24.5908 37.8387 2.4
      vertex 24.7394 37.8891 2.4
    endloop
  endfacet
  facet normal 0.831462 0.555582 0
    outer loop
      vertex 24.098 35.9995 7.4
      vertex 24.0108 36.13 2.4
      vertex 24.0108 36.13 7.4
    endloop
  endfacet
  facet normal 0.831462 0.555582 0
    outer loop
      vertex 24.0108 36.13 2.4
      vertex 24.098 35.9995 7.4
      vertex 24.098 35.9995 2.4
    endloop
  endfacet
  facet normal -0.896708 -0.442622 0
    outer loop
      vertex 26.1587 37.1892 2.4
      vertex 26.0892 37.33 7.4
      vertex 26.0892 37.33 2.4
    endloop
  endfacet
  facet normal -0.896708 -0.442622 0
    outer loop
      vertex 26.0892 37.33 7.4
      vertex 26.1587 37.1892 2.4
      vertex 26.1587 37.1892 7.4
    endloop
  endfacet
  facet normal -0.831462 -0.555582 0
    outer loop
      vertex 26.0892 37.33 2.4
      vertex 26.002 37.4605 7.4
      vertex 26.002 37.4605 2.4
    endloop
  endfacet
  facet normal -0.831462 -0.555582 0
    outer loop
      vertex 26.002 37.4605 7.4
      vertex 26.0892 37.33 2.4
      vertex 26.0892 37.33 7.4
    endloop
  endfacet
  facet normal -0.442622 -0.896708 0
    outer loop
      vertex 25.5092 37.8387 2.4
      vertex 25.65 37.7692 7.4
      vertex 25.5092 37.8387 7.4
    endloop
  endfacet
  facet normal -0.442622 -0.896708 -0
    outer loop
      vertex 25.65 37.7692 7.4
      vertex 25.5092 37.8387 2.4
      vertex 25.65 37.7692 2.4
    endloop
  endfacet
  facet normal -0.194891 -0.980825 0
    outer loop
      vertex 25.2066 37.9197 2.4
      vertex 25.3606 37.8891 7.4
      vertex 25.2066 37.9197 7.4
    endloop
  endfacet
  facet normal -0.194891 -0.980825 -0
    outer loop
      vertex 25.3606 37.8891 7.4
      vertex 25.2066 37.9197 2.4
      vertex 25.3606 37.8891 2.4
    endloop
  endfacet
  facet normal -0.659406 -0.751787 0
    outer loop
      vertex 25.7805 37.682 2.4
      vertex 25.8985 37.5785 7.4
      vertex 25.7805 37.682 7.4
    endloop
  endfacet
  facet normal -0.659406 -0.751787 -0
    outer loop
      vertex 25.8985 37.5785 7.4
      vertex 25.7805 37.682 2.4
      vertex 25.8985 37.5785 2.4
    endloop
  endfacet
  facet normal 0.896708 -0.442622 0
    outer loop
      vertex 23.9413 37.1892 7.4
      vertex 24.0108 37.33 2.4
      vertex 24.0108 37.33 7.4
    endloop
  endfacet
  facet normal 0.896708 -0.442622 0
    outer loop
      vertex 24.0108 37.33 2.4
      vertex 23.9413 37.1892 7.4
      vertex 23.9413 37.1892 2.4
    endloop
  endfacet
  facet normal 0.831462 -0.555582 0
    outer loop
      vertex 24.0108 37.33 7.4
      vertex 24.098 37.4605 2.4
      vertex 24.098 37.4605 7.4
    endloop
  endfacet
  facet normal 0.831462 -0.555582 0
    outer loop
      vertex 24.098 37.4605 2.4
      vertex 24.0108 37.33 7.4
      vertex 24.0108 37.33 2.4
    endloop
  endfacet
  facet normal 0.980825 -0.194891 0
    outer loop
      vertex 23.8603 36.8866 7.4
      vertex 23.8909 37.0406 2.4
      vertex 23.8909 37.0406 7.4
    endloop
  endfacet
  facet normal 0.980825 -0.194891 0
    outer loop
      vertex 23.8909 37.0406 2.4
      vertex 23.8603 36.8866 7.4
      vertex 23.8603 36.8866 2.4
    endloop
  endfacet
  facet normal 0.442622 -0.896708 0
    outer loop
      vertex 24.45 37.7692 2.4
      vertex 24.5908 37.8387 7.4
      vertex 24.45 37.7692 7.4
    endloop
  endfacet
  facet normal 0.442622 -0.896708 0
    outer loop
      vertex 24.5908 37.8387 7.4
      vertex 24.45 37.7692 2.4
      vertex 24.5908 37.8387 2.4
    endloop
  endfacet
  facet normal 0.0656309 -0.997844 0
    outer loop
      vertex 24.8934 37.9197 2.4
      vertex 25.05 37.93 7.4
      vertex 24.8934 37.9197 7.4
    endloop
  endfacet
  facet normal 0.0656309 -0.997844 0
    outer loop
      vertex 25.05 37.93 7.4
      vertex 24.8934 37.9197 2.4
      vertex 25.05 37.93 2.4
    endloop
  endfacet
  facet normal -0.194891 0.980825 0
    outer loop
      vertex 25.3606 35.5709 2.4
      vertex 25.2066 35.5403 7.4
      vertex 25.3606 35.5709 7.4
    endloop
  endfacet
  facet normal -0.194891 0.980825 0
    outer loop
      vertex 25.2066 35.5403 7.4
      vertex 25.3606 35.5709 2.4
      vertex 25.2066 35.5403 2.4
    endloop
  endfacet
  facet normal -0.0656309 0.997844 0
    outer loop
      vertex 25.2066 35.5403 2.4
      vertex 25.05 35.53 7.4
      vertex 25.2066 35.5403 7.4
    endloop
  endfacet
  facet normal -0.0656309 0.997844 0
    outer loop
      vertex 25.05 35.53 7.4
      vertex 25.2066 35.5403 2.4
      vertex 25.05 35.53 2.4
    endloop
  endfacet
  facet normal -0.659406 0.751787 0
    outer loop
      vertex 25.8985 35.8815 2.4
      vertex 25.7805 35.778 7.4
      vertex 25.8985 35.8815 7.4
    endloop
  endfacet
  facet normal -0.659406 0.751787 0
    outer loop
      vertex 25.7805 35.778 7.4
      vertex 25.8985 35.8815 2.4
      vertex 25.7805 35.778 2.4
    endloop
  endfacet
  facet normal -0.442622 0.896708 0
    outer loop
      vertex 25.65 35.6908 2.4
      vertex 25.5092 35.6213 7.4
      vertex 25.65 35.6908 7.4
    endloop
  endfacet
  facet normal -0.442622 0.896708 0
    outer loop
      vertex 25.5092 35.6213 7.4
      vertex 25.65 35.6908 2.4
      vertex 25.5092 35.6213 2.4
    endloop
  endfacet
  facet normal -0.947013 0.321194 0
    outer loop
      vertex 26.1587 36.2708 2.4
      vertex 26.2091 36.4194 7.4
      vertex 26.2091 36.4194 2.4
    endloop
  endfacet
  facet normal -0.947013 0.321194 0
    outer loop
      vertex 26.2091 36.4194 7.4
      vertex 26.1587 36.2708 2.4
      vertex 26.1587 36.2708 7.4
    endloop
  endfacet
  facet normal 0.321194 0.947013 -0
    outer loop
      vertex 24.7394 35.5709 2.4
      vertex 24.5908 35.6213 7.4
      vertex 24.7394 35.5709 7.4
    endloop
  endfacet
  facet normal 0.321194 0.947013 0
    outer loop
      vertex 24.5908 35.6213 7.4
      vertex 24.7394 35.5709 2.4
      vertex 24.5908 35.6213 2.4
    endloop
  endfacet
  facet normal 0.442622 0.896708 -0
    outer loop
      vertex 24.5908 35.6213 2.4
      vertex 24.45 35.6908 7.4
      vertex 24.5908 35.6213 7.4
    endloop
  endfacet
  facet normal 0.442622 0.896708 0
    outer loop
      vertex 24.45 35.6908 7.4
      vertex 24.5908 35.6213 2.4
      vertex 24.45 35.6908 2.4
    endloop
  endfacet
  facet normal 0.997844 0.0656309 0
    outer loop
      vertex 23.8603 36.5734 7.4
      vertex 23.85 36.73 2.4
      vertex 23.85 36.73 7.4
    endloop
  endfacet
  facet normal 0.997844 0.0656309 0
    outer loop
      vertex 23.85 36.73 2.4
      vertex 23.8603 36.5734 7.4
      vertex 23.8603 36.5734 2.4
    endloop
  endfacet
  facet normal 0.896708 0.442622 0
    outer loop
      vertex 24.0108 36.13 7.4
      vertex 23.9413 36.2708 2.4
      vertex 23.9413 36.2708 7.4
    endloop
  endfacet
  facet normal 0.896708 0.442622 0
    outer loop
      vertex 23.9413 36.2708 2.4
      vertex 24.0108 36.13 7.4
      vertex 24.0108 36.13 2.4
    endloop
  endfacet
  facet normal -0.555582 -0.831462 0
    outer loop
      vertex 25.65 37.7692 2.4
      vertex 25.7805 37.682 7.4
      vertex 25.65 37.7692 7.4
    endloop
  endfacet
  facet normal -0.555582 -0.831462 -0
    outer loop
      vertex 25.7805 37.682 7.4
      vertex 25.65 37.7692 2.4
      vertex 25.7805 37.682 2.4
    endloop
  endfacet
  facet normal 0.751787 -0.659406 0
    outer loop
      vertex 24.098 37.4605 7.4
      vertex 24.2015 37.5785 2.4
      vertex 24.2015 37.5785 7.4
    endloop
  endfacet
  facet normal 0.751787 -0.659406 0
    outer loop
      vertex 24.2015 37.5785 2.4
      vertex 24.098 37.4605 7.4
      vertex 24.098 37.4605 2.4
    endloop
  endfacet
  facet normal 0.555582 -0.831462 0
    outer loop
      vertex 24.3195 37.682 2.4
      vertex 24.45 37.7692 7.4
      vertex 24.3195 37.682 7.4
    endloop
  endfacet
  facet normal 0.555582 -0.831462 0
    outer loop
      vertex 24.45 37.7692 7.4
      vertex 24.3195 37.682 2.4
      vertex 24.45 37.7692 2.4
    endloop
  endfacet
  facet normal 0.194891 -0.980825 0
    outer loop
      vertex 24.7394 37.8891 2.4
      vertex 24.8934 37.9197 7.4
      vertex 24.7394 37.8891 7.4
    endloop
  endfacet
  facet normal 0.194891 -0.980825 0
    outer loop
      vertex 24.8934 37.9197 7.4
      vertex 24.7394 37.8891 2.4
      vertex 24.8934 37.9197 2.4
    endloop
  endfacet
  facet normal -0.555582 0.831462 0
    outer loop
      vertex 25.7805 35.778 2.4
      vertex 25.65 35.6908 7.4
      vertex 25.7805 35.778 7.4
    endloop
  endfacet
  facet normal -0.555582 0.831462 0
    outer loop
      vertex 25.65 35.6908 7.4
      vertex 25.7805 35.778 2.4
      vertex 25.65 35.6908 2.4
    endloop
  endfacet
  facet normal -0.896708 0.442622 0
    outer loop
      vertex 26.0892 36.13 2.4
      vertex 26.1587 36.2708 7.4
      vertex 26.1587 36.2708 2.4
    endloop
  endfacet
  facet normal -0.896708 0.442622 0
    outer loop
      vertex 26.1587 36.2708 7.4
      vertex 26.0892 36.13 2.4
      vertex 26.0892 36.13 7.4
    endloop
  endfacet
  facet normal -0.751787 0.659406 0
    outer loop
      vertex 25.8985 35.8815 2.4
      vertex 26.002 35.9995 7.4
      vertex 26.002 35.9995 2.4
    endloop
  endfacet
  facet normal -0.751787 0.659406 0
    outer loop
      vertex 26.002 35.9995 7.4
      vertex 25.8985 35.8815 2.4
      vertex 25.8985 35.8815 7.4
    endloop
  endfacet
  facet normal -0.831462 0.555582 0
    outer loop
      vertex 26.002 35.9995 2.4
      vertex 26.0892 36.13 7.4
      vertex 26.0892 36.13 2.4
    endloop
  endfacet
  facet normal -0.831462 0.555582 0
    outer loop
      vertex 26.0892 36.13 7.4
      vertex 26.002 35.9995 2.4
      vertex 26.002 35.9995 7.4
    endloop
  endfacet
  facet normal 0.659406 0.751787 -0
    outer loop
      vertex 24.3195 35.778 2.4
      vertex 24.2015 35.8815 7.4
      vertex 24.3195 35.778 7.4
    endloop
  endfacet
  facet normal 0.659406 0.751787 0
    outer loop
      vertex 24.2015 35.8815 7.4
      vertex 24.3195 35.778 2.4
      vertex 24.2015 35.8815 2.4
    endloop
  endfacet
  facet normal 0.0656309 0.997844 -0
    outer loop
      vertex 25.05 35.53 2.4
      vertex 24.8934 35.5403 7.4
      vertex 25.05 35.53 7.4
    endloop
  endfacet
  facet normal 0.0656309 0.997844 0
    outer loop
      vertex 24.8934 35.5403 7.4
      vertex 25.05 35.53 2.4
      vertex 24.8934 35.5403 2.4
    endloop
  endfacet
  facet normal 0.555582 0.831462 -0
    outer loop
      vertex 24.45 35.6908 2.4
      vertex 24.3195 35.778 7.4
      vertex 24.45 35.6908 7.4
    endloop
  endfacet
  facet normal 0.555582 0.831462 0
    outer loop
      vertex 24.3195 35.778 7.4
      vertex 24.45 35.6908 2.4
      vertex 24.3195 35.778 2.4
    endloop
  endfacet
  facet normal 0.751787 0.659406 0
    outer loop
      vertex 24.2015 35.8815 7.4
      vertex 24.098 35.9995 2.4
      vertex 24.098 35.9995 7.4
    endloop
  endfacet
  facet normal 0.751787 0.659406 0
    outer loop
      vertex 24.098 35.9995 2.4
      vertex 24.2015 35.8815 7.4
      vertex 24.2015 35.8815 2.4
    endloop
  endfacet
  facet normal 0.980825 0.194891 0
    outer loop
      vertex 23.8909 36.4194 7.4
      vertex 23.8603 36.5734 2.4
      vertex 23.8603 36.5734 7.4
    endloop
  endfacet
  facet normal 0.980825 0.194891 0
    outer loop
      vertex 23.8603 36.5734 2.4
      vertex 23.8909 36.4194 7.4
      vertex 23.8909 36.4194 2.4
    endloop
  endfacet
  facet normal 0.947013 0.321194 0
    outer loop
      vertex 23.9413 36.2708 7.4
      vertex 23.8909 36.4194 2.4
      vertex 23.8909 36.4194 7.4
    endloop
  endfacet
  facet normal 0.947013 0.321194 0
    outer loop
      vertex 23.8909 36.4194 2.4
      vertex 23.9413 36.2708 7.4
      vertex 23.9413 36.2708 2.4
    endloop
  endfacet
  facet normal -0.980825 -0.194891 0
    outer loop
      vertex 26.2397 36.8866 2.4
      vertex 26.2091 37.0406 7.4
      vertex 26.2091 37.0406 2.4
    endloop
  endfacet
  facet normal -0.980825 -0.194891 0
    outer loop
      vertex 26.2091 37.0406 7.4
      vertex 26.2397 36.8866 2.4
      vertex 26.2397 36.8866 7.4
    endloop
  endfacet
  facet normal -0.321194 -0.947013 0
    outer loop
      vertex 25.3606 37.8891 2.4
      vertex 25.5092 37.8387 7.4
      vertex 25.3606 37.8891 7.4
    endloop
  endfacet
  facet normal -0.321194 -0.947013 -0
    outer loop
      vertex 25.5092 37.8387 7.4
      vertex 25.3606 37.8891 2.4
      vertex 25.5092 37.8387 2.4
    endloop
  endfacet
  facet normal 0.947013 -0.321194 0
    outer loop
      vertex 23.8909 37.0406 7.4
      vertex 23.9413 37.1892 2.4
      vertex 23.9413 37.1892 7.4
    endloop
  endfacet
  facet normal 0.947013 -0.321194 0
    outer loop
      vertex 23.9413 37.1892 2.4
      vertex 23.8909 37.0406 7.4
      vertex 23.8909 37.0406 2.4
    endloop
  endfacet
  facet normal -0.321194 0.947013 0
    outer loop
      vertex 25.5092 35.6213 2.4
      vertex 25.3606 35.5709 7.4
      vertex 25.5092 35.6213 7.4
    endloop
  endfacet
  facet normal -0.321194 0.947013 0
    outer loop
      vertex 25.3606 35.5709 7.4
      vertex 25.5092 35.6213 2.4
      vertex 25.3606 35.5709 2.4
    endloop
  endfacet
  facet normal -0.980825 0.194891 0
    outer loop
      vertex 26.2091 36.4194 2.4
      vertex 26.2397 36.5734 7.4
      vertex 26.2397 36.5734 2.4
    endloop
  endfacet
  facet normal -0.980825 0.194891 0
    outer loop
      vertex 26.2397 36.5734 7.4
      vertex 26.2091 36.4194 2.4
      vertex 26.2091 36.4194 7.4
    endloop
  endfacet
  facet normal -0.997844 0.0656309 0
    outer loop
      vertex 26.2397 36.5734 2.4
      vertex 26.25 36.73 7.4
      vertex 26.25 36.73 2.4
    endloop
  endfacet
  facet normal -0.997844 0.0656309 0
    outer loop
      vertex 26.25 36.73 7.4
      vertex 26.2397 36.5734 2.4
      vertex 26.2397 36.5734 7.4
    endloop
  endfacet
  facet normal 0.194891 0.980825 -0
    outer loop
      vertex 24.8934 35.5403 2.4
      vertex 24.7394 35.5709 7.4
      vertex 24.8934 35.5403 7.4
    endloop
  endfacet
  facet normal 0.194891 0.980825 0
    outer loop
      vertex 24.7394 35.5709 7.4
      vertex 24.8934 35.5403 2.4
      vertex 24.7394 35.5709 2.4
    endloop
  endfacet
  facet normal 1 0 0
    outer loop
      vertex -5.3 41.825 2.4
      vertex -5.3 44.825 7.5
      vertex -5.3 41.825 7.5
    endloop
  endfacet
  facet normal 1 0 0
    outer loop
      vertex -5.3 44.825 7.5
      vertex -5.3 41.825 2.4
      vertex -5.3 44.825 2.04
    endloop
  endfacet
  facet normal 1 0 0
    outer loop
      vertex -5.3 40.825 2.04
      vertex -5.3 41.825 2.4
      vertex -5.3 40.825 2.4
    endloop
  endfacet
  facet normal 1 0 0
    outer loop
      vertex -5.3 41.825 2.4
      vertex -5.3 40.825 2.04
      vertex -5.3 44.825 2.04
    endloop
  endfacet
  facet normal 0 0 -1
    outer loop
      vertex -5.3 41.825 7.5
      vertex 5.3 44.825 7.5
      vertex 5.3 41.825 7.5
    endloop
  endfacet
  facet normal -0 0 -1
    outer loop
      vertex 5.3 44.825 7.5
      vertex -5.3 41.825 7.5
      vertex -5.3 44.825 7.5
    endloop
  endfacet
  facet normal -1 0 0
    outer loop
      vertex 5.3 44.825 2.04
      vertex 5.3 41.825 2.4
      vertex 5.3 44.825 7.5
    endloop
  endfacet
  facet normal -1 0 0
    outer loop
      vertex 5.3 40.825 2.04
      vertex 5.3 41.825 2.4
      vertex 5.3 44.825 2.04
    endloop
  endfacet
  facet normal -1 -0 0
    outer loop
      vertex 5.3 41.825 2.4
      vertex 5.3 40.825 2.04
      vertex 5.3 40.825 2.4
    endloop
  endfacet
  facet normal -1 -0 0
    outer loop
      vertex 5.3 44.825 7.5
      vertex 5.3 41.825 2.4
      vertex 5.3 41.825 7.5
    endloop
  endfacet
  facet normal -0 0 1
    outer loop
      vertex -5.3 44.825 2.04
      vertex 5.3 40.825 2.04
      vertex 5.3 44.825 2.04
    endloop
  endfacet
  facet normal 0 0 1
    outer loop
      vertex 5.3 40.825 2.04
      vertex -5.3 44.825 2.04
      vertex -5.3 40.825 2.04
    endloop
  endfacet
  facet normal 0 1 -0
    outer loop
      vertex 5.3 40.825 2.04
      vertex -5.3 40.825 2.4
      vertex 5.3 40.825 2.4
    endloop
  endfacet
  facet normal 0 1 0
    outer loop
      vertex -5.3 40.825 2.4
      vertex 5.3 40.825 2.04
      vertex -5.3 40.825 2.04
    endloop
  endfacet
  facet normal -0 0 1
    outer loop
      vertex 33.15 -18.57 1.2
      vertex 36 -23.82 1.2
      vertex 36 -18.57 1.2
    endloop
  endfacet
  facet normal 0 0 1
    outer loop
      vertex 36 -23.82 1.2
      vertex 33.15 -18.57 1.2
      vertex 33.15 -23.82 1.2
    endloop
  endfacet
  facet normal -0 0 1
    outer loop
      vertex 33.15 0.469999 1.2
      vertex 36 -4.77 1.2
      vertex 36 0.469999 1.2
    endloop
  endfacet
  facet normal 0 0 1
    outer loop
      vertex 36 -4.77 1.2
      vertex 33.15 0.469999 1.2
      vertex 33.15 -4.77 1.2
    endloop
  endfacet
  facet normal -0 0 1
    outer loop
      vertex 41.25 -18.57 1.2
      vertex 55.05 -23.82 1.2
      vertex 55.05 -18.57 1.2
    endloop
  endfacet
  facet normal 0 0 1
    outer loop
      vertex 55.05 -23.82 1.2
      vertex 41.25 -18.57 1.2
      vertex 41.25 -23.82 1.2
    endloop
  endfacet
  facet normal -0 0 1
    outer loop
      vertex 41.25 0.469999 1.2
      vertex 55.05 -4.77 1.2
      vertex 55.05 0.469999 1.2
    endloop
  endfacet
  facet normal 0 0 1
    outer loop
      vertex 55.05 -4.77 1.2
      vertex 41.25 0.469999 1.2
      vertex 41.25 -4.77 1.2
    endloop
  endfacet
  facet normal -0 0 1
    outer loop
      vertex 60.3 -18.57 1.2
      vertex 74.1 -23.82 1.2
      vertex 74.1 -18.57 1.2
    endloop
  endfacet
  facet normal 0 0 1
    outer loop
      vertex 74.1 -23.82 1.2
      vertex 60.3 -18.57 1.2
      vertex 60.3 -23.82 1.2
    endloop
  endfacet
  facet normal -0 0 1
    outer loop
      vertex 60.3 0.469999 1.2
      vertex 74.1 -4.77 1.2
      vertex 74.1 0.469999 1.2
    endloop
  endfacet
  facet normal 0 0 1
    outer loop
      vertex 74.1 -4.77 1.2
      vertex 60.3 0.469999 1.2
      vertex 60.3 -4.77 1.2
    endloop
  endfacet
  facet normal 0 0 1
    outer loop
      vertex 74.1 0.469999 1.2
      vertex 81.3 40.825 1.2
      vertex 74.1 14.27 1.2
    endloop
  endfacet
  facet normal 0 0 1
    outer loop
      vertex 81.3 40.825 1.2
      vertex 74.1 0.469999 1.2
      vertex 81.3 -40.825 1.2
    endloop
  endfacet
  facet normal 0 0 1
    outer loop
      vertex 74.1 14.27 1.2
      vertex 74.3897 36.5734 1.2
      vertex 74.3591 36.4194 1.2
    endloop
  endfacet
  facet normal -0 0 1
    outer loop
      vertex 74.1 -4.77 1.2
      vertex 81.3 -40.825 1.2
      vertex 74.1 0.469999 1.2
    endloop
  endfacet
  facet normal 0 0 1
    outer loop
      vertex 74.1 14.27 1.2
      vertex 74.3591 36.4194 1.2
      vertex 74.3087 36.2708 1.2
    endloop
  endfacet
  facet normal -0 0 1
    outer loop
      vertex 74.1 -18.57 1.2
      vertex 81.3 -40.825 1.2
      vertex 74.1 -4.77 1.2
    endloop
  endfacet
  facet normal 0 0 1
    outer loop
      vertex 74.1 14.27 1.2
      vertex 74.3087 36.2708 1.2
      vertex 74.2392 36.13 1.2
    endloop
  endfacet
  facet normal -0 0 1
    outer loop
      vertex 74.1 -23.82 1.2
      vertex 81.3 -40.825 1.2
      vertex 74.1 -18.57 1.2
    endloop
  endfacet
  facet normal 0 0 1
    outer loop
      vertex 74.1 14.27 1.2
      vertex 74.2392 36.13 1.2
      vertex 74.152 35.9995 1.2
    endloop
  endfacet
  facet normal -0 -0 1
    outer loop
      vertex 74.2392 -36.12 1.2
      vertex 81.3 -40.825 1.2
      vertex 74.1 -23.82 1.2
    endloop
  endfacet
  facet normal 0 0 1
    outer loop
      vertex 81.3 -40.825 1.2
      vertex 74.3897 -36.5634 1.2
      vertex 74.4 -36.72 1.2
    endloop
  endfacet
  facet normal -0 0 1
    outer loop
      vertex 74.0485 35.8815 1.2
      vertex 74.1 14.27 1.2
      vertex 74.152 35.9995 1.2
    endloop
  endfacet
  facet normal -0 0 1
    outer loop
      vertex 73.9305 35.778 1.2
      vertex 74.1 14.27 1.2
      vertex 74.0485 35.8815 1.2
    endloop
  endfacet
  facet normal -0 0 1
    outer loop
      vertex 73.8 35.6908 1.2
      vertex 74.1 14.27 1.2
      vertex 73.9305 35.778 1.2
    endloop
  endfacet
  facet normal -0 0 1
    outer loop
      vertex 73.6592 35.6213 1.2
      vertex 74.1 14.27 1.2
      vertex 73.8 35.6908 1.2
    endloop
  endfacet
  facet normal -0 0 1
    outer loop
      vertex 73.5106 35.5709 1.2
      vertex 74.1 14.27 1.2
      vertex 73.6592 35.6213 1.2
    endloop
  endfacet
  facet normal -0 0 1
    outer loop
      vertex 73.3566 35.5403 1.2
      vertex 74.1 14.27 1.2
      vertex 73.5106 35.5709 1.2
    endloop
  endfacet
  facet normal -0 0 1
    outer loop
      vertex 73.2 35.53 1.2
      vertex 74.1 14.27 1.2
      vertex 73.3566 35.5403 1.2
    endloop
  endfacet
  facet normal 0 0 1
    outer loop
      vertex 73.0434 35.5403 1.2
      vertex 74.1 14.27 1.2
      vertex 73.2 35.53 1.2
    endloop
  endfacet
  facet normal 0 0 1
    outer loop
      vertex 72.8894 35.5709 1.2
      vertex 74.1 14.27 1.2
      vertex 73.0434 35.5403 1.2
    endloop
  endfacet
  facet normal 0 0 1
    outer loop
      vertex 72.7408 35.6213 1.2
      vertex 74.1 14.27 1.2
      vertex 72.8894 35.5709 1.2
    endloop
  endfacet
  facet normal 0 0 1
    outer loop
      vertex 72.6 35.6908 1.2
      vertex 74.1 14.27 1.2
      vertex 72.7408 35.6213 1.2
    endloop
  endfacet
  facet normal 0 0 1
    outer loop
      vertex 60.3 14.27 1.2
      vertex 72.6 35.6908 1.2
      vertex 72.4695 35.778 1.2
    endloop
  endfacet
  facet normal 0 0 1
    outer loop
      vertex 60.3 14.27 1.2
      vertex 72.4695 35.778 1.2
      vertex 72.3515 35.8815 1.2
    endloop
  endfacet
  facet normal 0 0 1
    outer loop
      vertex 60.3 14.27 1.2
      vertex 72.3515 35.8815 1.2
      vertex 72.248 35.9995 1.2
    endloop
  endfacet
  facet normal 0 0 1
    outer loop
      vertex 60.3 14.27 1.2
      vertex 72.248 35.9995 1.2
      vertex 72.1608 36.13 1.2
    endloop
  endfacet
  facet normal 0 0 1
    outer loop
      vertex 60.3 14.27 1.2
      vertex 72.1608 36.13 1.2
      vertex 72.0913 36.2708 1.2
    endloop
  endfacet
  facet normal 0 0 1
    outer loop
      vertex 55.05 14.27 1.2
      vertex 72.0913 36.2708 1.2
      vertex 72.0409 36.4194 1.2
    endloop
  endfacet
  facet normal 0 0 1
    outer loop
      vertex 55.05 14.27 1.2
      vertex 72.0409 36.4194 1.2
      vertex 72.0103 36.5734 1.2
    endloop
  endfacet
  facet normal 0 0 1
    outer loop
      vertex 72.6 35.6908 1.2
      vertex 60.3 14.27 1.2
      vertex 74.1 14.27 1.2
    endloop
  endfacet
  facet normal 0 0 1
    outer loop
      vertex 33.15 40.825 1.2
      vertex 72.0103 36.5734 1.2
      vertex 72 36.73 1.2
    endloop
  endfacet
  facet normal 0 0 1
    outer loop
      vertex 77.3 44.825 1.2
      vertex 81.3 40.825 1.2
      vertex 81.2658 41.3471 1.2
    endloop
  endfacet
  facet normal 0 0 1
    outer loop
      vertex 74.3897 36.5734 1.2
      vertex 81.3 40.825 1.2
      vertex 74.4 36.73 1.2
    endloop
  endfacet
  facet normal 0 0 1
    outer loop
      vertex 77.3 44.825 1.2
      vertex 81.2658 41.3471 1.2
      vertex 81.1637 41.8603 1.2
    endloop
  endfacet
  facet normal 0 0 1
    outer loop
      vertex 74.1 14.27 1.2
      vertex 81.3 40.825 1.2
      vertex 74.3897 36.5734 1.2
    endloop
  endfacet
  facet normal 0 0 1
    outer loop
      vertex 77.3 44.825 1.2
      vertex 81.1637 41.8603 1.2
      vertex 80.9955 42.3557 1.2
    endloop
  endfacet
  facet normal -0 0 1
    outer loop
      vertex 74.3897 -36.8766 1.2
      vertex 81.3 -40.825 1.2
      vertex 74.4 -36.72 1.2
    endloop
  endfacet
  facet normal 0 0 1
    outer loop
      vertex 77.3 44.825 1.2
      vertex 80.9955 42.3557 1.2
      vertex 80.7641 42.825 1.2
    endloop
  endfacet
  facet normal -0 0 1
    outer loop
      vertex 74.3591 -37.0306 1.2
      vertex 81.3 -40.825 1.2
      vertex 74.3897 -36.8766 1.2
    endloop
  endfacet
  facet normal 0 0 1
    outer loop
      vertex 77.3 44.825 1.2
      vertex 80.7641 42.825 1.2
      vertex 80.4734 43.26 1.2
    endloop
  endfacet
  facet normal -0 0 1
    outer loop
      vertex 74.3087 -37.1792 1.2
      vertex 81.3 -40.825 1.2
      vertex 74.3591 -37.0306 1.2
    endloop
  endfacet
  facet normal 0 0 1
    outer loop
      vertex 77.3 44.825 1.2
      vertex 80.4734 43.26 1.2
      vertex 80.1284 43.6534 1.2
    endloop
  endfacet
  facet normal -0 0 1
    outer loop
      vertex 74.2392 -37.32 1.2
      vertex 81.3 -40.825 1.2
      vertex 74.3087 -37.1792 1.2
    endloop
  endfacet
  facet normal 0 0 1
    outer loop
      vertex 77.3 44.825 1.2
      vertex 80.1284 43.6534 1.2
      vertex 79.735 43.9984 1.2
    endloop
  endfacet
  facet normal -0 0 1
    outer loop
      vertex 74.1 -37.62 1.2
      vertex 81.3 -40.825 1.2
      vertex 74.2392 -37.32 1.2
    endloop
  endfacet
  facet normal 0 0 1
    outer loop
      vertex 77.3 44.825 1.2
      vertex 79.735 43.9984 1.2
      vertex 79.3 44.2891 1.2
    endloop
  endfacet
  facet normal 0 0 1
    outer loop
      vertex 81.3 -40.825 1.2
      vertex 74.1 -37.62 1.2
      vertex 81.2658 -41.3471 1.2
    endloop
  endfacet
  facet normal 0 0 1
    outer loop
      vertex 77.3 44.825 1.2
      vertex 79.3 44.2891 1.2
      vertex 78.8307 44.5205 1.2
    endloop
  endfacet
  facet normal 0 0 1
    outer loop
      vertex 81.2658 -41.3471 1.2
      vertex 74.1 -37.62 1.2
      vertex 81.1637 -41.8603 1.2
    endloop
  endfacet
  facet normal 0 0 1
    outer loop
      vertex 77.3 44.825 1.2
      vertex 78.8307 44.5205 1.2
      vertex 78.3353 44.6887 1.2
    endloop
  endfacet
  facet normal 0 0 1
    outer loop
      vertex 81.1637 -41.8603 1.2
      vertex 74.1 -37.62 1.2
      vertex 80.9955 -42.3557 1.2
    endloop
  endfacet
  facet normal 0 0 1
    outer loop
      vertex 77.3 44.825 1.2
      vertex 78.3353 44.6887 1.2
      vertex 77.8221 44.7908 1.2
    endloop
  endfacet
  facet normal 0 0 1
    outer loop
      vertex 80.9955 -42.3557 1.2
      vertex 74.1 -37.62 1.2
      vertex 80.7641 -42.825 1.2
    endloop
  endfacet
  facet normal 0 0 1
    outer loop
      vertex 81.3 40.825 1.2
      vertex 77.3 44.825 1.2
      vertex 74.0485 37.5785 1.2
    endloop
  endfacet
  facet normal 0 0 1
    outer loop
      vertex 80.7641 -42.825 1.2
      vertex 74.1 -37.62 1.2
      vertex 80.4734 -43.26 1.2
    endloop
  endfacet
  facet normal 0 0 1
    outer loop
      vertex 80.4734 -43.26 1.2
      vertex 74.1 -37.62 1.2
      vertex 80.1284 -43.6534 1.2
    endloop
  endfacet
  facet normal 0 0 1
    outer loop
      vertex 81.3 40.825 1.2
      vertex 74.3897 36.8866 1.2
      vertex 74.4 36.73 1.2
    endloop
  endfacet
  facet normal 0 0 1
    outer loop
      vertex 81.3 40.825 1.2
      vertex 74.3591 37.0406 1.2
      vertex 74.3897 36.8866 1.2
    endloop
  endfacet
  facet normal 0 0 1
    outer loop
      vertex 81.3 40.825 1.2
      vertex 74.3087 37.1892 1.2
      vertex 74.3591 37.0406 1.2
    endloop
  endfacet
  facet normal 0 0 1
    outer loop
      vertex 81.3 40.825 1.2
      vertex 74.2392 37.33 1.2
      vertex 74.3087 37.1892 1.2
    endloop
  endfacet
  facet normal 0 0 1
    outer loop
      vertex 81.3 40.825 1.2
      vertex 74.152 37.4605 1.2
      vertex 74.2392 37.33 1.2
    endloop
  endfacet
  facet normal 0 0 1
    outer loop
      vertex 81.3 40.825 1.2
      vertex 74.0485 37.5785 1.2
      vertex 74.152 37.4605 1.2
    endloop
  endfacet
  facet normal 0 0 1
    outer loop
      vertex 77.3 44.825 1.2
      vertex 73.9305 37.682 1.2
      vertex 74.0485 37.5785 1.2
    endloop
  endfacet
  facet normal 0 0 1
    outer loop
      vertex 77.3 44.825 1.2
      vertex 73.8 37.7692 1.2
      vertex 73.9305 37.682 1.2
    endloop
  endfacet
  facet normal 0 0 1
    outer loop
      vertex 77.3 44.825 1.2
      vertex 73.6592 37.8387 1.2
      vertex 73.8 37.7692 1.2
    endloop
  endfacet
  facet normal 0 0 1
    outer loop
      vertex 77.3 44.825 1.2
      vertex 73.5106 37.8891 1.2
      vertex 73.6592 37.8387 1.2
    endloop
  endfacet
  facet normal 0 0 1
    outer loop
      vertex 77.3 44.825 1.2
      vertex 73.3566 37.9197 1.2
      vertex 73.5106 37.8891 1.2
    endloop
  endfacet
  facet normal 0 0 1
    outer loop
      vertex 77.3 44.825 1.2
      vertex 73.2 37.93 1.2
      vertex 73.3566 37.9197 1.2
    endloop
  endfacet
  facet normal 0 0 1
    outer loop
      vertex 77.3 44.825 1.2
      vertex 73.0434 37.9197 1.2
      vertex 73.2 37.93 1.2
    endloop
  endfacet
  facet normal 0 0 1
    outer loop
      vertex 77.3 44.825 1.2
      vertex 72.8894 37.8891 1.2
      vertex 73.0434 37.9197 1.2
    endloop
  endfacet
  facet normal 0 0 1
    outer loop
      vertex 77.3 44.825 1.2
      vertex 72.7408 37.8387 1.2
      vertex 72.8894 37.8891 1.2
    endloop
  endfacet
  facet normal 0 0 1
    outer loop
      vertex 77.3 44.825 1.2
      vertex 72.6 37.7692 1.2
      vertex 72.7408 37.8387 1.2
    endloop
  endfacet
  facet normal 0 0 1
    outer loop
      vertex 77.3 44.825 1.2
      vertex 72.4695 37.682 1.2
      vertex 72.6 37.7692 1.2
    endloop
  endfacet
  facet normal 0 0 1
    outer loop
      vertex 77.3 44.825 1.2
      vertex 72.3515 37.5785 1.2
      vertex 72.4695 37.682 1.2
    endloop
  endfacet
  facet normal -0 0 1
    outer loop
      vertex 32.6141 42.825 1.2
      vertex 72.3515 37.5785 1.2
      vertex 77.3 44.825 1.2
    endloop
  endfacet
  facet normal 0 0 1
    outer loop
      vertex 33.15 40.825 1.2
      vertex 72 36.73 1.2
      vertex 72.0103 36.8866 1.2
    endloop
  endfacet
  facet normal 0 0 1
    outer loop
      vertex 33.15 40.825 1.2
      vertex 72.0103 36.8866 1.2
      vertex 72.0409 37.0406 1.2
    endloop
  endfacet
  facet normal 0 0 1
    outer loop
      vertex 33.1158 41.3471 1.2
      vertex 72.0409 37.0406 1.2
      vertex 72.0913 37.1892 1.2
    endloop
  endfacet
  facet normal 0 0 1
    outer loop
      vertex 33.0137 41.8603 1.2
      vertex 72.0913 37.1892 1.2
      vertex 72.1608 37.33 1.2
    endloop
  endfacet
  facet normal 0 0 1
    outer loop
      vertex 55.05 0.469999 1.2
      vertex 60.3 0.469999 1.2
      vertex 60.3 14.27 1.2
    endloop
  endfacet
  facet normal 0 0 1
    outer loop
      vertex 60.3 0.469999 1.2
      vertex 55.05 0.469999 1.2
      vertex 60.3 -4.77 1.2
    endloop
  endfacet
  facet normal 0 0 1
    outer loop
      vertex 60.3 -4.77 1.2
      vertex 55.05 -4.77 1.2
      vertex 60.3 -18.57 1.2
    endloop
  endfacet
  facet normal 0 0 1
    outer loop
      vertex 55.05 -18.57 1.2
      vertex 60.3 -18.57 1.2
      vertex 55.05 -4.77 1.2
    endloop
  endfacet
  facet normal 0 0 1
    outer loop
      vertex 55.05 0.469999 1.2
      vertex 60.3 14.27 1.2
      vertex 55.05 14.27 1.2
    endloop
  endfacet
  facet normal 0 0 1
    outer loop
      vertex 72.0913 36.2708 1.2
      vertex 55.05 14.27 1.2
      vertex 60.3 14.27 1.2
    endloop
  endfacet
  facet normal 0 0 1
    outer loop
      vertex 32.8455 42.3557 1.2
      vertex 72.1608 37.33 1.2
      vertex 72.248 37.4605 1.2
    endloop
  endfacet
  facet normal 0 0 1
    outer loop
      vertex 72.3515 37.5785 1.2
      vertex 32.6141 42.825 1.2
      vertex 72.248 37.4605 1.2
    endloop
  endfacet
  facet normal 0 0 1
    outer loop
      vertex 72.0103 36.5734 1.2
      vertex 33.15 40.825 1.2
      vertex 55.05 14.27 1.2
    endloop
  endfacet
  facet normal 0 0 1
    outer loop
      vertex 36 0.469999 1.2
      vertex 41.25 0.469999 1.2
      vertex 41.25 14.27 1.2
    endloop
  endfacet
  facet normal 0 0 1
    outer loop
      vertex 41.25 0.469999 1.2
      vertex 36 0.469999 1.2
      vertex 41.25 -4.77 1.2
    endloop
  endfacet
  facet normal 0 0 1
    outer loop
      vertex 41.25 -4.77 1.2
      vertex 36 -4.77 1.2
      vertex 41.25 -18.57 1.2
    endloop
  endfacet
  facet normal 0 0 1
    outer loop
      vertex 36 -18.57 1.2
      vertex 41.25 -18.57 1.2
      vertex 36 -4.77 1.2
    endloop
  endfacet
  facet normal 0 0 1
    outer loop
      vertex 36 0.469999 1.2
      vertex 41.25 14.27 1.2
      vertex 36 14.27 1.2
    endloop
  endfacet
  facet normal 0 0 1
    outer loop
      vertex 55.05 14.27 1.2
      vertex 33.15 40.825 1.2
      vertex 41.25 14.27 1.2
    endloop
  endfacet
  facet normal 0 0 1
    outer loop
      vertex 41.25 14.27 1.2
      vertex 33.15 40.825 1.2
      vertex 36 14.27 1.2
    endloop
  endfacet
  facet normal 0 0 1
    outer loop
      vertex 72.0409 37.0406 1.2
      vertex 33.1158 41.3471 1.2
      vertex 33.15 40.825 1.2
    endloop
  endfacet
  facet normal 0 0 1
    outer loop
      vertex 72.0913 37.1892 1.2
      vertex 33.0137 41.8603 1.2
      vertex 33.1158 41.3471 1.2
    endloop
  endfacet
  facet normal 0 0 1
    outer loop
      vertex 72.1608 37.33 1.2
      vertex 32.8455 42.3557 1.2
      vertex 33.0137 41.8603 1.2
    endloop
  endfacet
  facet normal 0 0 1
    outer loop
      vertex 72.248 37.4605 1.2
      vertex 32.6141 42.825 1.2
      vertex 32.8455 42.3557 1.2
    endloop
  endfacet
  facet normal 0 0 1
    outer loop
      vertex 77.3 44.825 1.2
      vertex 32.3234 43.26 1.2
      vertex 32.6141 42.825 1.2
    endloop
  endfacet
  facet normal 0 0 1
    outer loop
      vertex 77.3 44.825 1.2
      vertex 31.9784 43.6534 1.2
      vertex 32.3234 43.26 1.2
    endloop
  endfacet
  facet normal 0 0 1
    outer loop
      vertex 77.3 44.825 1.2
      vertex 31.585 43.9984 1.2
      vertex 31.9784 43.6534 1.2
    endloop
  endfacet
  facet normal 0 0 1
    outer loop
      vertex 77.3 44.825 1.2
      vertex 31.15 44.2891 1.2
      vertex 31.585 43.9984 1.2
    endloop
  endfacet
  facet normal 0 0 1
    outer loop
      vertex 77.3 44.825 1.2
      vertex 30.6807 44.5205 1.2
      vertex 31.15 44.2891 1.2
    endloop
  endfacet
  facet normal 0 0 1
    outer loop
      vertex 77.3 44.825 1.2
      vertex 30.1853 44.6887 1.2
      vertex 30.6807 44.5205 1.2
    endloop
  endfacet
  facet normal 0 0 1
    outer loop
      vertex 77.3 44.825 1.2
      vertex 29.6721 44.7908 1.2
      vertex 30.1853 44.6887 1.2
    endloop
  endfacet
  facet normal 0 -0 1
    outer loop
      vertex 29.6721 44.7908 1.2
      vertex 77.3 44.825 1.2
      vertex 29.15 44.825 1.2
    endloop
  endfacet
  facet normal 0 0 1
    outer loop
      vertex 80.1284 -43.6534 1.2
      vertex 74.1 -37.62 1.2
      vertex 79.735 -43.9984 1.2
    endloop
  endfacet
  facet normal 0 0 1
    outer loop
      vertex 79.735 -43.9984 1.2
      vertex 74.1 -37.62 1.2
      vertex 79.3 -44.2891 1.2
    endloop
  endfacet
  facet normal 0 0 1
    outer loop
      vertex 79.3 -44.2891 1.2
      vertex 74.1 -37.62 1.2
      vertex 78.8307 -44.5205 1.2
    endloop
  endfacet
  facet normal 0 0 1
    outer loop
      vertex 78.8307 -44.5205 1.2
      vertex 74.1 -37.62 1.2
      vertex 78.3353 -44.6887 1.2
    endloop
  endfacet
  facet normal 0 0 1
    outer loop
      vertex 78.3353 -44.6887 1.2
      vertex 74.1 -37.62 1.2
      vertex 77.8221 -44.7908 1.2
    endloop
  endfacet
  facet normal 0 0 1
    outer loop
      vertex 74.1 -37.62 1.2
      vertex 74.2392 -37.32 1.2
      vertex 74.152 -37.4505 1.2
    endloop
  endfacet
  facet normal 0 0 1
    outer loop
      vertex 74.1 -37.62 1.2
      vertex 74.152 -37.4505 1.2
      vertex 74.1 -37.5098 1.2
    endloop
  endfacet
  facet normal 0 0 1
    outer loop
      vertex 77.8221 -44.7908 1.2
      vertex 74.1 -37.62 1.2
      vertex 77.3 -44.825 1.2
    endloop
  endfacet
  facet normal 0 0 1
    outer loop
      vertex 73.9305 -37.672 1.2
      vertex 74.1 -37.62 1.2
      vertex 73.9898 -37.62 1.2
    endloop
  endfacet
  facet normal 0 0 1
    outer loop
      vertex 73.8 -37.7592 1.2
      vertex 74.1 -37.62 1.2
      vertex 73.9305 -37.672 1.2
    endloop
  endfacet
  facet normal 0 0 1
    outer loop
      vertex 74.1 -37.62 1.2
      vertex 73.8 -37.7592 1.2
      vertex 77.3 -44.825 1.2
    endloop
  endfacet
  facet normal -0 0 1
    outer loop
      vertex 73.6592 -37.8287 1.2
      vertex 77.3 -44.825 1.2
      vertex 73.8 -37.7592 1.2
    endloop
  endfacet
  facet normal -0 0 1
    outer loop
      vertex 73.5106 -37.8791 1.2
      vertex 77.3 -44.825 1.2
      vertex 73.6592 -37.8287 1.2
    endloop
  endfacet
  facet normal -0 0 1
    outer loop
      vertex 73.3566 -37.9097 1.2
      vertex 77.3 -44.825 1.2
      vertex 73.5106 -37.8791 1.2
    endloop
  endfacet
  facet normal -0 0 1
    outer loop
      vertex 73.2 -37.92 1.2
      vertex 77.3 -44.825 1.2
      vertex 73.3566 -37.9097 1.2
    endloop
  endfacet
  facet normal 0 0 1
    outer loop
      vertex 73.0434 -37.9097 1.2
      vertex 77.3 -44.825 1.2
      vertex 73.2 -37.92 1.2
    endloop
  endfacet
  facet normal 0 0 1
    outer loop
      vertex 72.8894 -37.8791 1.2
      vertex 77.3 -44.825 1.2
      vertex 73.0434 -37.9097 1.2
    endloop
  endfacet
  facet normal 0 0 1
    outer loop
      vertex 72.7408 -37.8287 1.2
      vertex 77.3 -44.825 1.2
      vertex 72.8894 -37.8791 1.2
    endloop
  endfacet
  facet normal 0 0 1
    outer loop
      vertex 72.6 -37.7592 1.2
      vertex 77.3 -44.825 1.2
      vertex 72.7408 -37.8287 1.2
    endloop
  endfacet
  facet normal 0 0 1
    outer loop
      vertex 72.4695 -37.672 1.2
      vertex 77.3 -44.825 1.2
      vertex 72.6 -37.7592 1.2
    endloop
  endfacet
  facet normal -0 0 1
    outer loop
      vertex 60.3 -37.62 1.2
      vertex 72.4695 -37.672 1.2
      vertex 72.4102 -37.62 1.2
    endloop
  endfacet
  facet normal 0 0 1
    outer loop
      vertex 72.4695 -37.672 1.2
      vertex 60.3 -37.62 1.2
      vertex 77.3 -44.825 1.2
    endloop
  endfacet
  facet normal 0 0 1
    outer loop
      vertex 60.3 -4.77 1.2
      vertex 55.05 0.469999 1.2
      vertex 55.05 -4.77 1.2
    endloop
  endfacet
  facet normal 0 0 1
    outer loop
      vertex 60.3 -18.57 1.2
      vertex 55.05 -18.57 1.2
      vertex 60.3 -23.82 1.2
    endloop
  endfacet
  facet normal 0 0 1
    outer loop
      vertex 55.05 -23.82 1.2
      vertex 60.3 -23.82 1.2
      vertex 55.05 -18.57 1.2
    endloop
  endfacet
  facet normal 0 0 1
    outer loop
      vertex 60.3 -23.82 1.2
      vertex 55.05 -23.82 1.2
      vertex 60.3 -37.62 1.2
    endloop
  endfacet
  facet normal 0 0 1
    outer loop
      vertex 55.05 -37.62 1.2
      vertex 60.3 -37.62 1.2
      vertex 55.05 -23.82 1.2
    endloop
  endfacet
  facet normal -0 0 1
    outer loop
      vertex 55.05 -37.62 1.2
      vertex 77.3 -44.825 1.2
      vertex 60.3 -37.62 1.2
    endloop
  endfacet
  facet normal 0 0 1
    outer loop
      vertex 31.9784 -43.6534 1.2
      vertex 55.05 -37.62 1.2
      vertex 41.25 -37.62 1.2
    endloop
  endfacet
  facet normal 0 0 1
    outer loop
      vertex 41.25 -4.77 1.2
      vertex 36 0.469999 1.2
      vertex 36 -4.77 1.2
    endloop
  endfacet
  facet normal 0 0 1
    outer loop
      vertex 41.25 -18.57 1.2
      vertex 36 -18.57 1.2
      vertex 41.25 -23.82 1.2
    endloop
  endfacet
  facet normal 0 0 1
    outer loop
      vertex 36 -23.82 1.2
      vertex 41.25 -23.82 1.2
      vertex 36 -18.57 1.2
    endloop
  endfacet
  facet normal 0 0 1
    outer loop
      vertex 41.25 -23.82 1.2
      vertex 36 -23.82 1.2
      vertex 41.25 -37.62 1.2
    endloop
  endfacet
  facet normal 0 0 1
    outer loop
      vertex 36 -37.62 1.2
      vertex 41.25 -37.62 1.2
      vertex 36 -23.82 1.2
    endloop
  endfacet
  facet normal 0 0 1
    outer loop
      vertex 33.1158 -41.3471 1.2
      vertex 41.25 -37.62 1.2
      vertex 36 -37.62 1.2
    endloop
  endfacet
  facet normal 0 0 1
    outer loop
      vertex 33.15 -40.825 1.2
      vertex 36 -37.62 1.2
      vertex 33.15 -37.62 1.2
    endloop
  endfacet
  facet normal 0 0 1
    outer loop
      vertex 33.1158 -41.3471 1.2
      vertex 36 -37.62 1.2
      vertex 33.15 -40.825 1.2
    endloop
  endfacet
  facet normal 0 0 1
    outer loop
      vertex 41.25 -37.62 1.2
      vertex 33.1158 -41.3471 1.2
      vertex 33.0137 -41.8603 1.2
    endloop
  endfacet
  facet normal 0 0 1
    outer loop
      vertex 41.25 -37.62 1.2
      vertex 33.0137 -41.8603 1.2
      vertex 32.8455 -42.3557 1.2
    endloop
  endfacet
  facet normal 0 0 1
    outer loop
      vertex 32.6141 -42.825 1.2
      vertex 41.25 -37.62 1.2
      vertex 32.8455 -42.3557 1.2
    endloop
  endfacet
  facet normal 0 0 1
    outer loop
      vertex 32.3234 -43.26 1.2
      vertex 41.25 -37.62 1.2
      vertex 32.6141 -42.825 1.2
    endloop
  endfacet
  facet normal 0 0 1
    outer loop
      vertex 31.9784 -43.6534 1.2
      vertex 41.25 -37.62 1.2
      vertex 32.3234 -43.26 1.2
    endloop
  endfacet
  facet normal 0 0 1
    outer loop
      vertex 31.585 -43.9984 1.2
      vertex 55.05 -37.62 1.2
      vertex 31.9784 -43.6534 1.2
    endloop
  endfacet
  facet normal 0 0 1
    outer loop
      vertex 31.15 -44.2891 1.2
      vertex 55.05 -37.62 1.2
      vertex 31.585 -43.9984 1.2
    endloop
  endfacet
  facet normal 0 0 1
    outer loop
      vertex 55.05 -37.62 1.2
      vertex 31.15 -44.2891 1.2
      vertex 77.3 -44.825 1.2
    endloop
  endfacet
  facet normal -0 0 1
    outer loop
      vertex 30.6807 -44.5205 1.2
      vertex 77.3 -44.825 1.2
      vertex 31.15 -44.2891 1.2
    endloop
  endfacet
  facet normal -0 0 1
    outer loop
      vertex 30.1853 -44.6887 1.2
      vertex 77.3 -44.825 1.2
      vertex 30.6807 -44.5205 1.2
    endloop
  endfacet
  facet normal -0 0 1
    outer loop
      vertex 29.6721 -44.7908 1.2
      vertex 77.3 -44.825 1.2
      vertex 30.1853 -44.6887 1.2
    endloop
  endfacet
  facet normal 0 0 1
    outer loop
      vertex 77.3 -44.825 1.2
      vertex 29.6721 -44.7908 1.2
      vertex 29.15 -44.825 1.2
    endloop
  endfacet
  facet normal 0 0 1
    outer loop
      vertex 81.3 -40.825 1.2
      vertex 74.3591 -36.4094 1.2
      vertex 74.3897 -36.5634 1.2
    endloop
  endfacet
  facet normal 0 0 1
    outer loop
      vertex 81.3 -40.825 1.2
      vertex 74.3087 -36.2608 1.2
      vertex 74.3591 -36.4094 1.2
    endloop
  endfacet
  facet normal 0 0 1
    outer loop
      vertex 81.3 -40.825 1.2
      vertex 74.2392 -36.12 1.2
      vertex 74.3087 -36.2608 1.2
    endloop
  endfacet
  facet normal 0 0 1
    outer loop
      vertex 74.2392 -36.12 1.2
      vertex 74.1 -23.82 1.2
      vertex 74.152 -35.9895 1.2
    endloop
  endfacet
  facet normal 0 0 1
    outer loop
      vertex 74.152 -35.9895 1.2
      vertex 74.1 -23.82 1.2
      vertex 74.1 -35.9302 1.2
    endloop
  endfacet
  facet normal 0 0 1
    outer loop
      vertex 36 14.27 1.2
      vertex 33.15 40.825 1.2
      vertex 33.15 14.27 1.2
    endloop
  endfacet
  facet normal 1 -0 0
    outer loop
      vertex 81.3 -40.825 1.2
      vertex 81.3 40.825 0
      vertex 81.3 40.825 1.2
    endloop
  endfacet
  facet normal 1 0 0
    outer loop
      vertex 81.3 40.825 0
      vertex 81.3 -40.825 1.2
      vertex 81.3 -40.825 0
    endloop
  endfacet
  facet normal 0.0653646 0.997861 -0
    outer loop
      vertex 77.8221 44.7908 0
      vertex 77.3 44.825 1.2
      vertex 77.8221 44.7908 1.2
    endloop
  endfacet
  facet normal 0.0653646 0.997861 0
    outer loop
      vertex 77.3 44.825 1.2
      vertex 77.8221 44.7908 0
      vertex 77.3 44.825 0
    endloop
  endfacet
  facet normal 0.980779 0.195124 0
    outer loop
      vertex 81.2658 41.3471 1.2
      vertex 81.1637 41.8603 0
      vertex 81.1637 41.8603 1.2
    endloop
  endfacet
  facet normal 0.980779 0.195124 0
    outer loop
      vertex 81.1637 41.8603 0
      vertex 81.2658 41.3471 1.2
      vertex 81.2658 41.3471 0
    endloop
  endfacet
  facet normal 0.997861 0.0653646 0
    outer loop
      vertex 81.3 40.825 1.2
      vertex 81.2658 41.3471 0
      vertex 81.2658 41.3471 1.2
    endloop
  endfacet
  facet normal 0.997861 0.0653646 0
    outer loop
      vertex 81.2658 41.3471 0
      vertex 81.3 40.825 1.2
      vertex 81.3 40.825 0
    endloop
  endfacet
  facet normal 0.751842 -0.659343 0
    outer loop
      vertex 80.1284 -43.6534 1.2
      vertex 80.4734 -43.26 0
      vertex 80.4734 -43.26 1.2
    endloop
  endfacet
  facet normal 0.751842 -0.659343 0
    outer loop
      vertex 80.4734 -43.26 0
      vertex 80.1284 -43.6534 1.2
      vertex 80.1284 -43.6534 0
    endloop
  endfacet
  facet normal 0.442238 -0.896898 0
    outer loop
      vertex 78.8307 -44.5205 0
      vertex 79.3 -44.2891 1.2
      vertex 78.8307 -44.5205 1.2
    endloop
  endfacet
  facet normal 0.442238 -0.896898 0
    outer loop
      vertex 79.3 -44.2891 1.2
      vertex 78.8307 -44.5205 0
      vertex 79.3 -44.2891 0
    endloop
  endfacet
  facet normal 0.659343 0.751842 -0
    outer loop
      vertex 80.1284 43.6534 0
      vertex 79.735 43.9984 1.2
      vertex 80.1284 43.6534 1.2
    endloop
  endfacet
  facet normal 0.659343 0.751842 0
    outer loop
      vertex 79.735 43.9984 1.2
      vertex 80.1284 43.6534 0
      vertex 79.735 43.9984 0
    endloop
  endfacet
  facet normal 0.980779 -0.195124 0
    outer loop
      vertex 81.1637 -41.8603 1.2
      vertex 81.2658 -41.3471 0
      vertex 81.2658 -41.3471 1.2
    endloop
  endfacet
  facet normal 0.980779 -0.195124 0
    outer loop
      vertex 81.2658 -41.3471 0
      vertex 81.1637 -41.8603 1.2
      vertex 81.1637 -41.8603 0
    endloop
  endfacet
  facet normal 0.997861 -0.0653646 0
    outer loop
      vertex 81.2658 -41.3471 1.2
      vertex 81.3 -40.825 0
      vertex 81.3 -40.825 1.2
    endloop
  endfacet
  facet normal 0.997861 -0.0653646 0
    outer loop
      vertex 81.3 -40.825 0
      vertex 81.2658 -41.3471 1.2
      vertex 81.2658 -41.3471 0
    endloop
  endfacet
  facet normal 0.831432 -0.555626 0
    outer loop
      vertex 80.4734 -43.26 1.2
      vertex 80.7641 -42.825 0
      vertex 80.7641 -42.825 1.2
    endloop
  endfacet
  facet normal 0.831432 -0.555626 0
    outer loop
      vertex 80.7641 -42.825 0
      vertex 80.4734 -43.26 1.2
      vertex 80.4734 -43.26 0
    endloop
  endfacet
  facet normal 0.831432 0.555626 0
    outer loop
      vertex 80.7641 42.825 1.2
      vertex 80.4734 43.26 0
      vertex 80.4734 43.26 1.2
    endloop
  endfacet
  facet normal 0.831432 0.555626 0
    outer loop
      vertex 80.4734 43.26 0
      vertex 80.7641 42.825 1.2
      vertex 80.7641 42.825 0
    endloop
  endfacet
  facet normal 0.442238 0.896898 -0
    outer loop
      vertex 79.3 44.2891 0
      vertex 78.8307 44.5205 1.2
      vertex 79.3 44.2891 1.2
    endloop
  endfacet
  facet normal 0.442238 0.896898 0
    outer loop
      vertex 78.8307 44.5205 1.2
      vertex 79.3 44.2891 0
      vertex 78.8307 44.5205 0
    endloop
  endfacet
  facet normal 0.555626 0.831432 -0
    outer loop
      vertex 79.735 43.9984 0
      vertex 79.3 44.2891 1.2
      vertex 79.735 43.9984 1.2
    endloop
  endfacet
  facet normal 0.555626 0.831432 0
    outer loop
      vertex 79.3 44.2891 1.2
      vertex 79.735 43.9984 0
      vertex 79.3 44.2891 0
    endloop
  endfacet
  facet normal 0.751842 0.659343 0
    outer loop
      vertex 80.4734 43.26 1.2
      vertex 80.1284 43.6534 0
      vertex 80.1284 43.6534 1.2
    endloop
  endfacet
  facet normal 0.751842 0.659343 0
    outer loop
      vertex 80.1284 43.6534 0
      vertex 80.4734 43.26 1.2
      vertex 80.4734 43.26 0
    endloop
  endfacet
  facet normal 0.896898 -0.442238 0
    outer loop
      vertex 80.7641 -42.825 1.2
      vertex 80.9955 -42.3557 0
      vertex 80.9955 -42.3557 1.2
    endloop
  endfacet
  facet normal 0.896898 -0.442238 0
    outer loop
      vertex 80.9955 -42.3557 0
      vertex 80.7641 -42.825 1.2
      vertex 80.7641 -42.825 0
    endloop
  endfacet
  facet normal 0.195124 0.980779 -0
    outer loop
      vertex 78.3353 44.6887 0
      vertex 77.8221 44.7908 1.2
      vertex 78.3353 44.6887 1.2
    endloop
  endfacet
  facet normal 0.195124 0.980779 0
    outer loop
      vertex 77.8221 44.7908 1.2
      vertex 78.3353 44.6887 0
      vertex 77.8221 44.7908 0
    endloop
  endfacet
  facet normal 0.321498 0.94691 -0
    outer loop
      vertex 78.8307 44.5205 0
      vertex 78.3353 44.6887 1.2
      vertex 78.8307 44.5205 1.2
    endloop
  endfacet
  facet normal 0.321498 0.94691 0
    outer loop
      vertex 78.3353 44.6887 1.2
      vertex 78.8307 44.5205 0
      vertex 78.3353 44.6887 0
    endloop
  endfacet
  facet normal 0.896898 0.442238 0
    outer loop
      vertex 80.9955 42.3557 1.2
      vertex 80.7641 42.825 0
      vertex 80.7641 42.825 1.2
    endloop
  endfacet
  facet normal 0.896898 0.442238 0
    outer loop
      vertex 80.7641 42.825 0
      vertex 80.9955 42.3557 1.2
      vertex 80.9955 42.3557 0
    endloop
  endfacet
  facet normal 0.94691 0.321498 0
    outer loop
      vertex 81.1637 41.8603 1.2
      vertex 80.9955 42.3557 0
      vertex 80.9955 42.3557 1.2
    endloop
  endfacet
  facet normal 0.94691 0.321498 0
    outer loop
      vertex 80.9955 42.3557 0
      vertex 81.1637 41.8603 1.2
      vertex 81.1637 41.8603 0
    endloop
  endfacet
  facet normal 0.94691 -0.321498 0
    outer loop
      vertex 80.9955 -42.3557 1.2
      vertex 81.1637 -41.8603 0
      vertex 81.1637 -41.8603 1.2
    endloop
  endfacet
  facet normal 0.94691 -0.321498 0
    outer loop
      vertex 81.1637 -41.8603 0
      vertex 80.9955 -42.3557 1.2
      vertex 80.9955 -42.3557 0
    endloop
  endfacet
  facet normal 0.195124 -0.980779 0
    outer loop
      vertex 77.8221 -44.7908 0
      vertex 78.3353 -44.6887 1.2
      vertex 77.8221 -44.7908 1.2
    endloop
  endfacet
  facet normal 0.195124 -0.980779 0
    outer loop
      vertex 78.3353 -44.6887 1.2
      vertex 77.8221 -44.7908 0
      vertex 78.3353 -44.6887 0
    endloop
  endfacet
  facet normal 0.0653646 -0.997861 0
    outer loop
      vertex 77.3 -44.825 0
      vertex 77.8221 -44.7908 1.2
      vertex 77.3 -44.825 1.2
    endloop
  endfacet
  facet normal 0.0653646 -0.997861 0
    outer loop
      vertex 77.8221 -44.7908 1.2
      vertex 77.3 -44.825 0
      vertex 77.8221 -44.7908 0
    endloop
  endfacet
  facet normal 0.659343 -0.751842 0
    outer loop
      vertex 79.735 -43.9984 0
      vertex 80.1284 -43.6534 1.2
      vertex 79.735 -43.9984 1.2
    endloop
  endfacet
  facet normal 0.659343 -0.751842 0
    outer loop
      vertex 80.1284 -43.6534 1.2
      vertex 79.735 -43.9984 0
      vertex 80.1284 -43.6534 0
    endloop
  endfacet
  facet normal 0.321498 -0.94691 0
    outer loop
      vertex 78.3353 -44.6887 0
      vertex 78.8307 -44.5205 1.2
      vertex 78.3353 -44.6887 1.2
    endloop
  endfacet
  facet normal 0.321498 -0.94691 0
    outer loop
      vertex 78.8307 -44.5205 1.2
      vertex 78.3353 -44.6887 0
      vertex 78.8307 -44.5205 0
    endloop
  endfacet
  facet normal 0.555626 -0.831432 0
    outer loop
      vertex 79.3 -44.2891 0
      vertex 79.735 -43.9984 1.2
      vertex 79.3 -44.2891 1.2
    endloop
  endfacet
  facet normal 0.555626 -0.831432 0
    outer loop
      vertex 79.735 -43.9984 1.2
      vertex 79.3 -44.2891 0
      vertex 79.735 -43.9984 0
    endloop
  endfacet
  facet normal -1 0 0
    outer loop
      vertex 36 -37.62 0
      vertex 36 -23.82 1.2
      vertex 36 -23.82 0
    endloop
  endfacet
  facet normal -1 -0 0
    outer loop
      vertex 36 -23.82 1.2
      vertex 36 -37.62 0
      vertex 36 -37.62 1.2
    endloop
  endfacet
  facet normal 0 1 -0
    outer loop
      vertex 36 -37.62 0
      vertex 33.15 -37.62 1.2
      vertex 36 -37.62 1.2
    endloop
  endfacet
  facet normal 0 1 0
    outer loop
      vertex 33.15 -37.62 1.2
      vertex 36 -37.62 0
      vertex 33.15 -37.62 0
    endloop
  endfacet
  facet normal 0 -1 0
    outer loop
      vertex 33.15 -23.82 0
      vertex 36 -23.82 1.2
      vertex 33.15 -23.82 1.2
    endloop
  endfacet
  facet normal 0 -1 -0
    outer loop
      vertex 36 -23.82 1.2
      vertex 33.15 -23.82 0
      vertex 36 -23.82 0
    endloop
  endfacet
  facet normal 1 -0 0
    outer loop
      vertex 41.25 -37.62 1.2
      vertex 41.25 -23.82 0
      vertex 41.25 -23.82 1.2
    endloop
  endfacet
  facet normal 1 0 0
    outer loop
      vertex 41.25 -23.82 0
      vertex 41.25 -37.62 1.2
      vertex 41.25 -37.62 0
    endloop
  endfacet
  facet normal -1 0 0
    outer loop
      vertex 55.05 -37.62 0
      vertex 55.05 -23.82 1.2
      vertex 55.05 -23.82 0
    endloop
  endfacet
  facet normal -1 -0 0
    outer loop
      vertex 55.05 -23.82 1.2
      vertex 55.05 -37.62 0
      vertex 55.05 -37.62 1.2
    endloop
  endfacet
  facet normal 0 1 -0
    outer loop
      vertex 55.05 -37.62 0
      vertex 41.25 -37.62 1.2
      vertex 55.05 -37.62 1.2
    endloop
  endfacet
  facet normal 0 1 0
    outer loop
      vertex 41.25 -37.62 1.2
      vertex 55.05 -37.62 0
      vertex 41.25 -37.62 0
    endloop
  endfacet
  facet normal 0 -1 0
    outer loop
      vertex 41.25 -23.82 0
      vertex 55.05 -23.82 1.2
      vertex 41.25 -23.82 1.2
    endloop
  endfacet
  facet normal 0 -1 -0
    outer loop
      vertex 55.05 -23.82 1.2
      vertex 41.25 -23.82 0
      vertex 55.05 -23.82 0
    endloop
  endfacet
  facet normal 1 -0 0
    outer loop
      vertex 60.3 -37.62 1.2
      vertex 60.3 -23.82 0
      vertex 60.3 -23.82 1.2
    endloop
  endfacet
  facet normal 1 0 0
    outer loop
      vertex 60.3 -23.82 0
      vertex 60.3 -37.62 1.2
      vertex 60.3 -37.62 0
    endloop
  endfacet
  facet normal -1 0 0
    outer loop
      vertex 74.1 -35.9302 0
      vertex 74.1 -23.82 1.2
      vertex 74.1 -23.82 0
    endloop
  endfacet
  facet normal -1 -0 0
    outer loop
      vertex 74.1 -23.82 1.2
      vertex 74.1 -35.9302 0
      vertex 74.1 -35.9302 1.2
    endloop
  endfacet
  facet normal -1 0 0
    outer loop
      vertex 74.1 -37.62 0
      vertex 74.1 -37.5098 1.2
      vertex 74.1 -37.5098 0
    endloop
  endfacet
  facet normal -1 -0 0
    outer loop
      vertex 74.1 -37.5098 1.2
      vertex 74.1 -37.62 0
      vertex 74.1 -37.62 1.2
    endloop
  endfacet
  facet normal 0 -1 0
    outer loop
      vertex 60.3 -23.82 0
      vertex 74.1 -23.82 1.2
      vertex 60.3 -23.82 1.2
    endloop
  endfacet
  facet normal 0 -1 -0
    outer loop
      vertex 74.1 -23.82 1.2
      vertex 60.3 -23.82 0
      vertex 74.1 -23.82 0
    endloop
  endfacet
  facet normal 0 1 -0
    outer loop
      vertex 72.4102 -37.62 0
      vertex 60.3 -37.62 1.2
      vertex 72.4102 -37.62 1.2
    endloop
  endfacet
  facet normal 0 1 0
    outer loop
      vertex 60.3 -37.62 1.2
      vertex 72.4102 -37.62 0
      vertex 60.3 -37.62 0
    endloop
  endfacet
  facet normal 0 1 -0
    outer loop
      vertex 74.1 -37.62 0
      vertex 73.9898 -37.62 1.2
      vertex 74.1 -37.62 1.2
    endloop
  endfacet
  facet normal 0 1 0
    outer loop
      vertex 73.9898 -37.62 1.2
      vertex 74.1 -37.62 0
      vertex 73.9898 -37.62 0
    endloop
  endfacet
  facet normal -1 0 0
    outer loop
      vertex 36 -18.57 0
      vertex 36 -4.77 1.2
      vertex 36 -4.77 0
    endloop
  endfacet
  facet normal -1 -0 0
    outer loop
      vertex 36 -4.77 1.2
      vertex 36 -18.57 0
      vertex 36 -18.57 1.2
    endloop
  endfacet
  facet normal 0 -1 0
    outer loop
      vertex 33.15 -4.77 0
      vertex 36 -4.77 1.2
      vertex 33.15 -4.77 1.2
    endloop
  endfacet
  facet normal 0 -1 -0
    outer loop
      vertex 36 -4.77 1.2
      vertex 33.15 -4.77 0
      vertex 36 -4.77 0
    endloop
  endfacet
  facet normal 0 1 -0
    outer loop
      vertex 36 -18.57 0
      vertex 33.15 -18.57 1.2
      vertex 36 -18.57 1.2
    endloop
  endfacet
  facet normal 0 1 0
    outer loop
      vertex 33.15 -18.57 1.2
      vertex 36 -18.57 0
      vertex 33.15 -18.57 0
    endloop
  endfacet
  facet normal 1 -0 0
    outer loop
      vertex 41.25 -18.57 1.2
      vertex 41.25 -4.77 0
      vertex 41.25 -4.77 1.2
    endloop
  endfacet
  facet normal 1 0 0
    outer loop
      vertex 41.25 -4.77 0
      vertex 41.25 -18.57 1.2
      vertex 41.25 -18.57 0
    endloop
  endfacet
  facet normal -1 0 0
    outer loop
      vertex 55.05 -18.57 0
      vertex 55.05 -4.77 1.2
      vertex 55.05 -4.77 0
    endloop
  endfacet
  facet normal -1 -0 0
    outer loop
      vertex 55.05 -4.77 1.2
      vertex 55.05 -18.57 0
      vertex 55.05 -18.57 1.2
    endloop
  endfacet
  facet normal 0 -1 0
    outer loop
      vertex 41.25 -4.77 0
      vertex 55.05 -4.77 1.2
      vertex 41.25 -4.77 1.2
    endloop
  endfacet
  facet normal 0 -1 -0
    outer loop
      vertex 55.05 -4.77 1.2
      vertex 41.25 -4.77 0
      vertex 55.05 -4.77 0
    endloop
  endfacet
  facet normal 0 1 -0
    outer loop
      vertex 55.05 -18.57 0
      vertex 41.25 -18.57 1.2
      vertex 55.05 -18.57 1.2
    endloop
  endfacet
  facet normal 0 1 0
    outer loop
      vertex 41.25 -18.57 1.2
      vertex 55.05 -18.57 0
      vertex 41.25 -18.57 0
    endloop
  endfacet
  facet normal 1 -0 0
    outer loop
      vertex 60.3 -18.57 1.2
      vertex 60.3 -4.77 0
      vertex 60.3 -4.77 1.2
    endloop
  endfacet
  facet normal 1 0 0
    outer loop
      vertex 60.3 -4.77 0
      vertex 60.3 -18.57 1.2
      vertex 60.3 -18.57 0
    endloop
  endfacet
  facet normal -1 0 0
    outer loop
      vertex 74.1 -18.57 0
      vertex 74.1 -4.77 1.2
      vertex 74.1 -4.77 0
    endloop
  endfacet
  facet normal -1 -0 0
    outer loop
      vertex 74.1 -4.77 1.2
      vertex 74.1 -18.57 0
      vertex 74.1 -18.57 1.2
    endloop
  endfacet
  facet normal 0 -1 0
    outer loop
      vertex 60.3 -4.77 0
      vertex 74.1 -4.77 1.2
      vertex 60.3 -4.77 1.2
    endloop
  endfacet
  facet normal 0 -1 -0
    outer loop
      vertex 74.1 -4.77 1.2
      vertex 60.3 -4.77 0
      vertex 74.1 -4.77 0
    endloop
  endfacet
  facet normal 0 1 -0
    outer loop
      vertex 74.1 -18.57 0
      vertex 60.3 -18.57 1.2
      vertex 74.1 -18.57 1.2
    endloop
  endfacet
  facet normal 0 1 0
    outer loop
      vertex 60.3 -18.57 1.2
      vertex 74.1 -18.57 0
      vertex 60.3 -18.57 0
    endloop
  endfacet
  facet normal -1 0 0
    outer loop
      vertex 36 0.469999 0
      vertex 36 14.27 1.2
      vertex 36 14.27 0
    endloop
  endfacet
  facet normal -1 -0 0
    outer loop
      vertex 36 14.27 1.2
      vertex 36 0.469999 0
      vertex 36 0.469999 1.2
    endloop
  endfacet
  facet normal 0 -1 0
    outer loop
      vertex 33.15 14.27 0
      vertex 36 14.27 1.2
      vertex 33.15 14.27 1.2
    endloop
  endfacet
  facet normal 0 -1 -0
    outer loop
      vertex 36 14.27 1.2
      vertex 33.15 14.27 0
      vertex 36 14.27 0
    endloop
  endfacet
  facet normal 0 1 -0
    outer loop
      vertex 36 0.469999 0
      vertex 33.15 0.469999 1.2
      vertex 36 0.469999 1.2
    endloop
  endfacet
  facet normal 0 1 0
    outer loop
      vertex 33.15 0.469999 1.2
      vertex 36 0.469999 0
      vertex 33.15 0.469999 0
    endloop
  endfacet
  facet normal 1 -0 0
    outer loop
      vertex 41.25 0.469999 1.2
      vertex 41.25 14.27 0
      vertex 41.25 14.27 1.2
    endloop
  endfacet
  facet normal 1 0 0
    outer loop
      vertex 41.25 14.27 0
      vertex 41.25 0.469999 1.2
      vertex 41.25 0.469999 0
    endloop
  endfacet
  facet normal -1 0 0
    outer loop
      vertex 55.05 0.469999 0
      vertex 55.05 14.27 1.2
      vertex 55.05 14.27 0
    endloop
  endfacet
  facet normal -1 -0 0
    outer loop
      vertex 55.05 14.27 1.2
      vertex 55.05 0.469999 0
      vertex 55.05 0.469999 1.2
    endloop
  endfacet
  facet normal 0 1 -0
    outer loop
      vertex 55.05 0.469999 0
      vertex 41.25 0.469999 1.2
      vertex 55.05 0.469999 1.2
    endloop
  endfacet
  facet normal 0 1 0
    outer loop
      vertex 41.25 0.469999 1.2
      vertex 55.05 0.469999 0
      vertex 41.25 0.469999 0
    endloop
  endfacet
  facet normal 0 -1 0
    outer loop
      vertex 41.25 14.27 0
      vertex 55.05 14.27 1.2
      vertex 41.25 14.27 1.2
    endloop
  endfacet
  facet normal 0 -1 -0
    outer loop
      vertex 55.05 14.27 1.2
      vertex 41.25 14.27 0
      vertex 55.05 14.27 0
    endloop
  endfacet
  facet normal 1 -0 0
    outer loop
      vertex 60.3 0.469999 1.2
      vertex 60.3 14.27 0
      vertex 60.3 14.27 1.2
    endloop
  endfacet
  facet normal 1 0 0
    outer loop
      vertex 60.3 14.27 0
      vertex 60.3 0.469999 1.2
      vertex 60.3 0.469999 0
    endloop
  endfacet
  facet normal -1 0 0
    outer loop
      vertex 74.1 0.469999 0
      vertex 74.1 14.27 1.2
      vertex 74.1 14.27 0
    endloop
  endfacet
  facet normal -1 -0 0
    outer loop
      vertex 74.1 14.27 1.2
      vertex 74.1 0.469999 0
      vertex 74.1 0.469999 1.2
    endloop
  endfacet
  facet normal 0 -1 0
    outer loop
      vertex 60.3 14.27 0
      vertex 74.1 14.27 1.2
      vertex 60.3 14.27 1.2
    endloop
  endfacet
  facet normal 0 -1 -0
    outer loop
      vertex 74.1 14.27 1.2
      vertex 60.3 14.27 0
      vertex 74.1 14.27 0
    endloop
  endfacet
  facet normal 0 1 -0
    outer loop
      vertex 74.1 0.469999 0
      vertex 60.3 0.469999 1.2
      vertex 74.1 0.469999 1.2
    endloop
  endfacet
  facet normal 0 1 0
    outer loop
      vertex 60.3 0.469999 1.2
      vertex 74.1 0.469999 0
      vertex 60.3 0.469999 0
    endloop
  endfacet
  facet normal -0.947013 -0.321194 0
    outer loop
      vertex 74.3591 -36.4094 0
      vertex 74.3087 -36.2608 1.2
      vertex 74.3087 -36.2608 0
    endloop
  endfacet
  facet normal -0.947013 -0.321194 0
    outer loop
      vertex 74.3087 -36.2608 1.2
      vertex 74.3591 -36.4094 0
      vertex 74.3591 -36.4094 1.2
    endloop
  endfacet
  facet normal -0.896708 -0.442622 0
    outer loop
      vertex 74.3087 -36.2608 0
      vertex 74.2392 -36.12 1.2
      vertex 74.2392 -36.12 0
    endloop
  endfacet
  facet normal -0.896708 -0.442622 0
    outer loop
      vertex 74.2392 -36.12 1.2
      vertex 74.3087 -36.2608 0
      vertex 74.3087 -36.2608 1.2
    endloop
  endfacet
  facet normal -0.980825 0.194891 0
    outer loop
      vertex 74.3591 -37.0306 0
      vertex 74.3897 -36.8766 1.2
      vertex 74.3897 -36.8766 0
    endloop
  endfacet
  facet normal -0.980825 0.194891 0
    outer loop
      vertex 74.3897 -36.8766 1.2
      vertex 74.3591 -37.0306 0
      vertex 74.3591 -37.0306 1.2
    endloop
  endfacet
  facet normal -0.751869 -0.659312 0
    outer loop
      vertex 74.152 -35.9895 0
      vertex 74.1 -35.9302 1.2
      vertex 74.1 -35.9302 0
    endloop
  endfacet
  facet normal -0.751869 -0.659312 0
    outer loop
      vertex 74.1 -35.9302 1.2
      vertex 74.152 -35.9895 0
      vertex 74.152 -35.9895 1.2
    endloop
  endfacet
  facet normal -0.997844 0.0656309 0
    outer loop
      vertex 74.3897 -36.8766 0
      vertex 74.4 -36.72 1.2
      vertex 74.4 -36.72 0
    endloop
  endfacet
  facet normal -0.997844 0.0656309 0
    outer loop
      vertex 74.4 -36.72 1.2
      vertex 74.3897 -36.8766 0
      vertex 74.3897 -36.8766 1.2
    endloop
  endfacet
  facet normal -0.947013 0.321194 0
    outer loop
      vertex 74.3087 -37.1792 0
      vertex 74.3591 -37.0306 1.2
      vertex 74.3591 -37.0306 0
    endloop
  endfacet
  facet normal -0.947013 0.321194 0
    outer loop
      vertex 74.3591 -37.0306 1.2
      vertex 74.3087 -37.1792 0
      vertex 74.3087 -37.1792 1.2
    endloop
  endfacet
  facet normal -0.980825 -0.194891 0
    outer loop
      vertex 74.3897 -36.5634 0
      vertex 74.3591 -36.4094 1.2
      vertex 74.3591 -36.4094 0
    endloop
  endfacet
  facet normal -0.980825 -0.194891 0
    outer loop
      vertex 74.3591 -36.4094 1.2
      vertex 74.3897 -36.5634 0
      vertex 74.3897 -36.5634 1.2
    endloop
  endfacet
  facet normal -0.831462 -0.555582 0
    outer loop
      vertex 74.2392 -36.12 0
      vertex 74.152 -35.9895 1.2
      vertex 74.152 -35.9895 0
    endloop
  endfacet
  facet normal -0.831462 -0.555582 0
    outer loop
      vertex 74.152 -35.9895 1.2
      vertex 74.2392 -36.12 0
      vertex 74.2392 -36.12 1.2
    endloop
  endfacet
  facet normal -0.997844 -0.0656309 0
    outer loop
      vertex 74.4 -36.72 0
      vertex 74.3897 -36.5634 1.2
      vertex 74.3897 -36.5634 0
    endloop
  endfacet
  facet normal -0.997844 -0.0656309 0
    outer loop
      vertex 74.3897 -36.5634 1.2
      vertex 74.4 -36.72 0
      vertex 74.4 -36.72 1.2
    endloop
  endfacet
  facet normal -0.194891 0.980825 0
    outer loop
      vertex 73.5106 -37.8791 0
      vertex 73.3566 -37.9097 1.2
      vertex 73.5106 -37.8791 1.2
    endloop
  endfacet
  facet normal -0.194891 0.980825 0
    outer loop
      vertex 73.3566 -37.9097 1.2
      vertex 73.5106 -37.8791 0
      vertex 73.3566 -37.9097 0
    endloop
  endfacet
  facet normal -0.442622 0.896708 0
    outer loop
      vertex 73.8 -37.7592 0
      vertex 73.6592 -37.8287 1.2
      vertex 73.8 -37.7592 1.2
    endloop
  endfacet
  facet normal -0.442622 0.896708 0
    outer loop
      vertex 73.6592 -37.8287 1.2
      vertex 73.8 -37.7592 0
      vertex 73.6592 -37.8287 0
    endloop
  endfacet
  facet normal -0.751869 0.659312 0
    outer loop
      vertex 74.1 -37.5098 0
      vertex 74.152 -37.4505 1.2
      vertex 74.152 -37.4505 0
    endloop
  endfacet
  facet normal -0.751869 0.659312 0
    outer loop
      vertex 74.152 -37.4505 1.2
      vertex 74.1 -37.5098 0
      vertex 74.1 -37.5098 1.2
    endloop
  endfacet
  facet normal -0.831462 0.555582 0
    outer loop
      vertex 74.152 -37.4505 0
      vertex 74.2392 -37.32 1.2
      vertex 74.2392 -37.32 0
    endloop
  endfacet
  facet normal -0.831462 0.555582 0
    outer loop
      vertex 74.2392 -37.32 1.2
      vertex 74.152 -37.4505 0
      vertex 74.152 -37.4505 1.2
    endloop
  endfacet
  facet normal -0.896708 0.442622 0
    outer loop
      vertex 74.2392 -37.32 0
      vertex 74.3087 -37.1792 1.2
      vertex 74.3087 -37.1792 0
    endloop
  endfacet
  facet normal -0.896708 0.442622 0
    outer loop
      vertex 74.3087 -37.1792 1.2
      vertex 74.2392 -37.32 0
      vertex 74.2392 -37.32 1.2
    endloop
  endfacet
  facet normal 0.0656309 0.997844 -0
    outer loop
      vertex 73.2 -37.92 0
      vertex 73.0434 -37.9097 1.2
      vertex 73.2 -37.92 1.2
    endloop
  endfacet
  facet normal 0.0656309 0.997844 0
    outer loop
      vertex 73.0434 -37.9097 1.2
      vertex 73.2 -37.92 0
      vertex 73.0434 -37.9097 0
    endloop
  endfacet
  facet normal 0.659312 0.751869 -0
    outer loop
      vertex 72.4695 -37.672 0
      vertex 72.4102 -37.62 1.2
      vertex 72.4695 -37.672 1.2
    endloop
  endfacet
  facet normal 0.659312 0.751869 0
    outer loop
      vertex 72.4102 -37.62 1.2
      vertex 72.4695 -37.672 0
      vertex 72.4102 -37.62 0
    endloop
  endfacet
  facet normal -0.321194 0.947013 0
    outer loop
      vertex 73.6592 -37.8287 0
      vertex 73.5106 -37.8791 1.2
      vertex 73.6592 -37.8287 1.2
    endloop
  endfacet
  facet normal -0.321194 0.947013 0
    outer loop
      vertex 73.5106 -37.8791 1.2
      vertex 73.6592 -37.8287 0
      vertex 73.5106 -37.8791 0
    endloop
  endfacet
  facet normal -0.659312 0.751869 0
    outer loop
      vertex 73.9898 -37.62 0
      vertex 73.9305 -37.672 1.2
      vertex 73.9898 -37.62 1.2
    endloop
  endfacet
  facet normal -0.659312 0.751869 0
    outer loop
      vertex 73.9305 -37.672 1.2
      vertex 73.9898 -37.62 0
      vertex 73.9305 -37.672 0
    endloop
  endfacet
  facet normal -0.555582 0.831462 0
    outer loop
      vertex 73.9305 -37.672 0
      vertex 73.8 -37.7592 1.2
      vertex 73.9305 -37.672 1.2
    endloop
  endfacet
  facet normal -0.555582 0.831462 0
    outer loop
      vertex 73.8 -37.7592 1.2
      vertex 73.9305 -37.672 0
      vertex 73.8 -37.7592 0
    endloop
  endfacet
  facet normal 0.321194 0.947013 -0
    outer loop
      vertex 72.8894 -37.8791 0
      vertex 72.7408 -37.8287 1.2
      vertex 72.8894 -37.8791 1.2
    endloop
  endfacet
  facet normal 0.321194 0.947013 0
    outer loop
      vertex 72.7408 -37.8287 1.2
      vertex 72.8894 -37.8791 0
      vertex 72.7408 -37.8287 0
    endloop
  endfacet
  facet normal -0.0656309 0.997844 0
    outer loop
      vertex 73.3566 -37.9097 0
      vertex 73.2 -37.92 1.2
      vertex 73.3566 -37.9097 1.2
    endloop
  endfacet
  facet normal -0.0656309 0.997844 0
    outer loop
      vertex 73.2 -37.92 1.2
      vertex 73.3566 -37.9097 0
      vertex 73.2 -37.92 0
    endloop
  endfacet
  facet normal 0.194891 0.980825 -0
    outer loop
      vertex 73.0434 -37.9097 0
      vertex 72.8894 -37.8791 1.2
      vertex 73.0434 -37.9097 1.2
    endloop
  endfacet
  facet normal 0.194891 0.980825 0
    outer loop
      vertex 72.8894 -37.8791 1.2
      vertex 73.0434 -37.9097 0
      vertex 72.8894 -37.8791 0
    endloop
  endfacet
  facet normal 0.555582 0.831462 -0
    outer loop
      vertex 72.6 -37.7592 0
      vertex 72.4695 -37.672 1.2
      vertex 72.6 -37.7592 1.2
    endloop
  endfacet
  facet normal 0.555582 0.831462 0
    outer loop
      vertex 72.4695 -37.672 1.2
      vertex 72.6 -37.7592 0
      vertex 72.4695 -37.672 0
    endloop
  endfacet
  facet normal 0.442622 0.896708 -0
    outer loop
      vertex 72.7408 -37.8287 0
      vertex 72.6 -37.7592 1.2
      vertex 72.7408 -37.8287 1.2
    endloop
  endfacet
  facet normal 0.442622 0.896708 0
    outer loop
      vertex 72.6 -37.7592 1.2
      vertex 72.7408 -37.8287 0
      vertex 72.6 -37.7592 0
    endloop
  endfacet
  facet normal -0.659406 -0.751787 0
    outer loop
      vertex 73.9305 37.682 0
      vertex 74.0485 37.5785 1.2
      vertex 73.9305 37.682 1.2
    endloop
  endfacet
  facet normal -0.659406 -0.751787 -0
    outer loop
      vertex 74.0485 37.5785 1.2
      vertex 73.9305 37.682 0
      vertex 74.0485 37.5785 0
    endloop
  endfacet
  facet normal 0.947013 -0.321194 0
    outer loop
      vertex 72.0409 37.0406 1.2
      vertex 72.0913 37.1892 0
      vertex 72.0913 37.1892 1.2
    endloop
  endfacet
  facet normal 0.947013 -0.321194 0
    outer loop
      vertex 72.0913 37.1892 0
      vertex 72.0409 37.0406 1.2
      vertex 72.0409 37.0406 0
    endloop
  endfacet
  facet normal 0.321194 -0.947013 0
    outer loop
      vertex 72.7408 37.8387 0
      vertex 72.8894 37.8891 1.2
      vertex 72.7408 37.8387 1.2
    endloop
  endfacet
  facet normal 0.321194 -0.947013 0
    outer loop
      vertex 72.8894 37.8891 1.2
      vertex 72.7408 37.8387 0
      vertex 72.8894 37.8891 0
    endloop
  endfacet
  facet normal 0.896708 -0.442622 0
    outer loop
      vertex 72.0913 37.1892 1.2
      vertex 72.1608 37.33 0
      vertex 72.1608 37.33 1.2
    endloop
  endfacet
  facet normal 0.896708 -0.442622 0
    outer loop
      vertex 72.1608 37.33 0
      vertex 72.0913 37.1892 1.2
      vertex 72.0913 37.1892 0
    endloop
  endfacet
  facet normal -0.947013 -0.321194 0
    outer loop
      vertex 74.3591 37.0406 0
      vertex 74.3087 37.1892 1.2
      vertex 74.3087 37.1892 0
    endloop
  endfacet
  facet normal -0.947013 -0.321194 0
    outer loop
      vertex 74.3087 37.1892 1.2
      vertex 74.3591 37.0406 0
      vertex 74.3591 37.0406 1.2
    endloop
  endfacet
  facet normal -0.896708 -0.442622 0
    outer loop
      vertex 74.3087 37.1892 0
      vertex 74.2392 37.33 1.2
      vertex 74.2392 37.33 0
    endloop
  endfacet
  facet normal -0.896708 -0.442622 0
    outer loop
      vertex 74.2392 37.33 1.2
      vertex 74.3087 37.1892 0
      vertex 74.3087 37.1892 1.2
    endloop
  endfacet
  facet normal -0.751787 -0.659406 0
    outer loop
      vertex 74.152 37.4605 0
      vertex 74.0485 37.5785 1.2
      vertex 74.0485 37.5785 0
    endloop
  endfacet
  facet normal -0.751787 -0.659406 0
    outer loop
      vertex 74.0485 37.5785 1.2
      vertex 74.152 37.4605 0
      vertex 74.152 37.4605 1.2
    endloop
  endfacet
  facet normal -0.442622 -0.896708 0
    outer loop
      vertex 73.6592 37.8387 0
      vertex 73.8 37.7692 1.2
      vertex 73.6592 37.8387 1.2
    endloop
  endfacet
  facet normal -0.442622 -0.896708 -0
    outer loop
      vertex 73.8 37.7692 1.2
      vertex 73.6592 37.8387 0
      vertex 73.8 37.7692 0
    endloop
  endfacet
  facet normal 0.751787 -0.659406 0
    outer loop
      vertex 72.248 37.4605 1.2
      vertex 72.3515 37.5785 0
      vertex 72.3515 37.5785 1.2
    endloop
  endfacet
  facet normal 0.751787 -0.659406 0
    outer loop
      vertex 72.3515 37.5785 0
      vertex 72.248 37.4605 1.2
      vertex 72.248 37.4605 0
    endloop
  endfacet
  facet normal 0.194891 -0.980825 0
    outer loop
      vertex 72.8894 37.8891 0
      vertex 73.0434 37.9197 1.2
      vertex 72.8894 37.8891 1.2
    endloop
  endfacet
  facet normal 0.194891 -0.980825 0
    outer loop
      vertex 73.0434 37.9197 1.2
      vertex 72.8894 37.8891 0
      vertex 73.0434 37.9197 0
    endloop
  endfacet
  facet normal 0.659406 -0.751787 0
    outer loop
      vertex 72.3515 37.5785 0
      vertex 72.4695 37.682 1.2
      vertex 72.3515 37.5785 1.2
    endloop
  endfacet
  facet normal 0.659406 -0.751787 0
    outer loop
      vertex 72.4695 37.682 1.2
      vertex 72.3515 37.5785 0
      vertex 72.4695 37.682 0
    endloop
  endfacet
  facet normal -0.997844 0.0656309 0
    outer loop
      vertex 74.3897 36.5734 0
      vertex 74.4 36.73 1.2
      vertex 74.4 36.73 0
    endloop
  endfacet
  facet normal -0.997844 0.0656309 0
    outer loop
      vertex 74.4 36.73 1.2
      vertex 74.3897 36.5734 0
      vertex 74.3897 36.5734 1.2
    endloop
  endfacet
  facet normal -0.321194 0.947013 0
    outer loop
      vertex 73.6592 35.6213 0
      vertex 73.5106 35.5709 1.2
      vertex 73.6592 35.6213 1.2
    endloop
  endfacet
  facet normal -0.321194 0.947013 0
    outer loop
      vertex 73.5106 35.5709 1.2
      vertex 73.6592 35.6213 0
      vertex 73.5106 35.5709 0
    endloop
  endfacet
  facet normal -0.751787 0.659406 0
    outer loop
      vertex 74.0485 35.8815 0
      vertex 74.152 35.9995 1.2
      vertex 74.152 35.9995 0
    endloop
  endfacet
  facet normal -0.751787 0.659406 0
    outer loop
      vertex 74.152 35.9995 1.2
      vertex 74.0485 35.8815 0
      vertex 74.0485 35.8815 1.2
    endloop
  endfacet
  facet normal 0.0656309 0.997844 -0
    outer loop
      vertex 73.2 35.53 0
      vertex 73.0434 35.5403 1.2
      vertex 73.2 35.53 1.2
    endloop
  endfacet
  facet normal 0.0656309 0.997844 0
    outer loop
      vertex 73.0434 35.5403 1.2
      vertex 73.2 35.53 0
      vertex 73.0434 35.5403 0
    endloop
  endfacet
  facet normal 0.659406 0.751787 -0
    outer loop
      vertex 72.4695 35.778 0
      vertex 72.3515 35.8815 1.2
      vertex 72.4695 35.778 1.2
    endloop
  endfacet
  facet normal 0.659406 0.751787 0
    outer loop
      vertex 72.3515 35.8815 1.2
      vertex 72.4695 35.778 0
      vertex 72.3515 35.8815 0
    endloop
  endfacet
  facet normal 0.896708 0.442622 0
    outer loop
      vertex 72.1608 36.13 1.2
      vertex 72.0913 36.2708 0
      vertex 72.0913 36.2708 1.2
    endloop
  endfacet
  facet normal 0.896708 0.442622 0
    outer loop
      vertex 72.0913 36.2708 0
      vertex 72.1608 36.13 1.2
      vertex 72.1608 36.13 0
    endloop
  endfacet
  facet normal -0.980825 -0.194891 0
    outer loop
      vertex 74.3897 36.8866 0
      vertex 74.3591 37.0406 1.2
      vertex 74.3591 37.0406 0
    endloop
  endfacet
  facet normal -0.980825 -0.194891 0
    outer loop
      vertex 74.3591 37.0406 1.2
      vertex 74.3897 36.8866 0
      vertex 74.3897 36.8866 1.2
    endloop
  endfacet
  facet normal -0.831462 -0.555582 0
    outer loop
      vertex 74.2392 37.33 0
      vertex 74.152 37.4605 1.2
      vertex 74.152 37.4605 0
    endloop
  endfacet
  facet normal -0.831462 -0.555582 0
    outer loop
      vertex 74.152 37.4605 1.2
      vertex 74.2392 37.33 0
      vertex 74.2392 37.33 1.2
    endloop
  endfacet
  facet normal -0.555582 -0.831462 0
    outer loop
      vertex 73.8 37.7692 0
      vertex 73.9305 37.682 1.2
      vertex 73.8 37.7692 1.2
    endloop
  endfacet
  facet normal -0.555582 -0.831462 -0
    outer loop
      vertex 73.9305 37.682 1.2
      vertex 73.8 37.7692 0
      vertex 73.9305 37.682 0
    endloop
  endfacet
  facet normal -0.0656309 -0.997844 0
    outer loop
      vertex 73.2 37.93 0
      vertex 73.3566 37.9197 1.2
      vertex 73.2 37.93 1.2
    endloop
  endfacet
  facet normal -0.0656309 -0.997844 -0
    outer loop
      vertex 73.3566 37.9197 1.2
      vertex 73.2 37.93 0
      vertex 73.3566 37.9197 0
    endloop
  endfacet
  facet normal -0.321194 -0.947013 0
    outer loop
      vertex 73.5106 37.8891 0
      vertex 73.6592 37.8387 1.2
      vertex 73.5106 37.8891 1.2
    endloop
  endfacet
  facet normal -0.321194 -0.947013 -0
    outer loop
      vertex 73.6592 37.8387 1.2
      vertex 73.5106 37.8891 0
      vertex 73.6592 37.8387 0
    endloop
  endfacet
  facet normal 0.997844 -0.0656309 0
    outer loop
      vertex 72 36.73 1.2
      vertex 72.0103 36.8866 0
      vertex 72.0103 36.8866 1.2
    endloop
  endfacet
  facet normal 0.997844 -0.0656309 0
    outer loop
      vertex 72.0103 36.8866 0
      vertex 72 36.73 1.2
      vertex 72 36.73 0
    endloop
  endfacet
  facet normal 0.831462 -0.555582 0
    outer loop
      vertex 72.1608 37.33 1.2
      vertex 72.248 37.4605 0
      vertex 72.248 37.4605 1.2
    endloop
  endfacet
  facet normal 0.831462 -0.555582 0
    outer loop
      vertex 72.248 37.4605 0
      vertex 72.1608 37.33 1.2
      vertex 72.1608 37.33 0
    endloop
  endfacet
  facet normal 0.0656309 -0.997844 0
    outer loop
      vertex 73.0434 37.9197 0
      vertex 73.2 37.93 1.2
      vertex 73.0434 37.9197 1.2
    endloop
  endfacet
  facet normal 0.0656309 -0.997844 0
    outer loop
      vertex 73.2 37.93 1.2
      vertex 73.0434 37.9197 0
      vertex 73.2 37.93 0
    endloop
  endfacet
  facet normal 0.555582 -0.831462 0
    outer loop
      vertex 72.4695 37.682 0
      vertex 72.6 37.7692 1.2
      vertex 72.4695 37.682 1.2
    endloop
  endfacet
  facet normal 0.555582 -0.831462 0
    outer loop
      vertex 72.6 37.7692 1.2
      vertex 72.4695 37.682 0
      vertex 72.6 37.7692 0
    endloop
  endfacet
  facet normal 0.442622 -0.896708 0
    outer loop
      vertex 72.6 37.7692 0
      vertex 72.7408 37.8387 1.2
      vertex 72.6 37.7692 1.2
    endloop
  endfacet
  facet normal 0.442622 -0.896708 0
    outer loop
      vertex 72.7408 37.8387 1.2
      vertex 72.6 37.7692 0
      vertex 72.7408 37.8387 0
    endloop
  endfacet
  facet normal -0.997844 -0.0656309 0
    outer loop
      vertex 74.4 36.73 0
      vertex 74.3897 36.8866 1.2
      vertex 74.3897 36.8866 0
    endloop
  endfacet
  facet normal -0.997844 -0.0656309 0
    outer loop
      vertex 74.3897 36.8866 1.2
      vertex 74.4 36.73 0
      vertex 74.4 36.73 1.2
    endloop
  endfacet
  facet normal -0.0656309 0.997844 0
    outer loop
      vertex 73.3566 35.5403 0
      vertex 73.2 35.53 1.2
      vertex 73.3566 35.5403 1.2
    endloop
  endfacet
  facet normal -0.0656309 0.997844 0
    outer loop
      vertex 73.2 35.53 1.2
      vertex 73.3566 35.5403 0
      vertex 73.2 35.53 0
    endloop
  endfacet
  facet normal -0.194891 0.980825 0
    outer loop
      vertex 73.5106 35.5709 0
      vertex 73.3566 35.5403 1.2
      vertex 73.5106 35.5709 1.2
    endloop
  endfacet
  facet normal -0.194891 0.980825 0
    outer loop
      vertex 73.3566 35.5403 1.2
      vertex 73.5106 35.5709 0
      vertex 73.3566 35.5403 0
    endloop
  endfacet
  facet normal -0.659406 0.751787 0
    outer loop
      vertex 74.0485 35.8815 0
      vertex 73.9305 35.778 1.2
      vertex 74.0485 35.8815 1.2
    endloop
  endfacet
  facet normal -0.659406 0.751787 0
    outer loop
      vertex 73.9305 35.778 1.2
      vertex 74.0485 35.8815 0
      vertex 73.9305 35.778 0
    endloop
  endfacet
  facet normal -0.442622 0.896708 0
    outer loop
      vertex 73.8 35.6908 0
      vertex 73.6592 35.6213 1.2
      vertex 73.8 35.6908 1.2
    endloop
  endfacet
  facet normal -0.442622 0.896708 0
    outer loop
      vertex 73.6592 35.6213 1.2
      vertex 73.8 35.6908 0
      vertex 73.6592 35.6213 0
    endloop
  endfacet
  facet normal -0.831462 0.555582 0
    outer loop
      vertex 74.152 35.9995 0
      vertex 74.2392 36.13 1.2
      vertex 74.2392 36.13 0
    endloop
  endfacet
  facet normal -0.831462 0.555582 0
    outer loop
      vertex 74.2392 36.13 1.2
      vertex 74.152 35.9995 0
      vertex 74.152 35.9995 1.2
    endloop
  endfacet
  facet normal 0.321194 0.947013 -0
    outer loop
      vertex 72.8894 35.5709 0
      vertex 72.7408 35.6213 1.2
      vertex 72.8894 35.5709 1.2
    endloop
  endfacet
  facet normal 0.321194 0.947013 0
    outer loop
      vertex 72.7408 35.6213 1.2
      vertex 72.8894 35.5709 0
      vertex 72.7408 35.6213 0
    endloop
  endfacet
  facet normal 0.555582 0.831462 -0
    outer loop
      vertex 72.6 35.6908 0
      vertex 72.4695 35.778 1.2
      vertex 72.6 35.6908 1.2
    endloop
  endfacet
  facet normal 0.555582 0.831462 0
    outer loop
      vertex 72.4695 35.778 1.2
      vertex 72.6 35.6908 0
      vertex 72.4695 35.778 0
    endloop
  endfacet
  facet normal 0.947013 0.321194 0
    outer loop
      vertex 72.0913 36.2708 1.2
      vertex 72.0409 36.4194 0
      vertex 72.0409 36.4194 1.2
    endloop
  endfacet
  facet normal 0.947013 0.321194 0
    outer loop
      vertex 72.0409 36.4194 0
      vertex 72.0913 36.2708 1.2
      vertex 72.0913 36.2708 0
    endloop
  endfacet
  facet normal 0.997844 0.0656309 0
    outer loop
      vertex 72.0103 36.5734 1.2
      vertex 72 36.73 0
      vertex 72 36.73 1.2
    endloop
  endfacet
  facet normal 0.997844 0.0656309 0
    outer loop
      vertex 72 36.73 0
      vertex 72.0103 36.5734 1.2
      vertex 72.0103 36.5734 0
    endloop
  endfacet
  facet normal 0.831462 0.555582 0
    outer loop
      vertex 72.248 35.9995 1.2
      vertex 72.1608 36.13 0
      vertex 72.1608 36.13 1.2
    endloop
  endfacet
  facet normal 0.831462 0.555582 0
    outer loop
      vertex 72.1608 36.13 0
      vertex 72.248 35.9995 1.2
      vertex 72.248 35.9995 0
    endloop
  endfacet
  facet normal 0.751787 0.659406 0
    outer loop
      vertex 72.3515 35.8815 1.2
      vertex 72.248 35.9995 0
      vertex 72.248 35.9995 1.2
    endloop
  endfacet
  facet normal 0.751787 0.659406 0
    outer loop
      vertex 72.248 35.9995 0
      vertex 72.3515 35.8815 1.2
      vertex 72.3515 35.8815 0
    endloop
  endfacet
  facet normal -0.194891 -0.980825 0
    outer loop
      vertex 73.3566 37.9197 0
      vertex 73.5106 37.8891 1.2
      vertex 73.3566 37.9197 1.2
    endloop
  endfacet
  facet normal -0.194891 -0.980825 -0
    outer loop
      vertex 73.5106 37.8891 1.2
      vertex 73.3566 37.9197 0
      vertex 73.5106 37.8891 0
    endloop
  endfacet
  facet normal 0.980825 -0.194891 0
    outer loop
      vertex 72.0103 36.8866 1.2
      vertex 72.0409 37.0406 0
      vertex 72.0409 37.0406 1.2
    endloop
  endfacet
  facet normal 0.980825 -0.194891 0
    outer loop
      vertex 72.0409 37.0406 0
      vertex 72.0103 36.8866 1.2
      vertex 72.0103 36.8866 0
    endloop
  endfacet
  facet normal -0.980825 0.194891 0
    outer loop
      vertex 74.3591 36.4194 0
      vertex 74.3897 36.5734 1.2
      vertex 74.3897 36.5734 0
    endloop
  endfacet
  facet normal -0.980825 0.194891 0
    outer loop
      vertex 74.3897 36.5734 1.2
      vertex 74.3591 36.4194 0
      vertex 74.3591 36.4194 1.2
    endloop
  endfacet
  facet normal -0.947013 0.321194 0
    outer loop
      vertex 74.3087 36.2708 0
      vertex 74.3591 36.4194 1.2
      vertex 74.3591 36.4194 0
    endloop
  endfacet
  facet normal -0.947013 0.321194 0
    outer loop
      vertex 74.3591 36.4194 1.2
      vertex 74.3087 36.2708 0
      vertex 74.3087 36.2708 1.2
    endloop
  endfacet
  facet normal -0.555582 0.831462 0
    outer loop
      vertex 73.9305 35.778 0
      vertex 73.8 35.6908 1.2
      vertex 73.9305 35.778 1.2
    endloop
  endfacet
  facet normal -0.555582 0.831462 0
    outer loop
      vertex 73.8 35.6908 1.2
      vertex 73.9305 35.778 0
      vertex 73.8 35.6908 0
    endloop
  endfacet
  facet normal -0.896708 0.442622 0
    outer loop
      vertex 74.2392 36.13 0
      vertex 74.3087 36.2708 1.2
      vertex 74.3087 36.2708 0
    endloop
  endfacet
  facet normal -0.896708 0.442622 0
    outer loop
      vertex 74.3087 36.2708 1.2
      vertex 74.2392 36.13 0
      vertex 74.2392 36.13 1.2
    endloop
  endfacet
  facet normal 0.194891 0.980825 -0
    outer loop
      vertex 73.0434 35.5403 0
      vertex 72.8894 35.5709 1.2
      vertex 73.0434 35.5403 1.2
    endloop
  endfacet
  facet normal 0.194891 0.980825 0
    outer loop
      vertex 72.8894 35.5709 1.2
      vertex 73.0434 35.5403 0
      vertex 72.8894 35.5709 0
    endloop
  endfacet
  facet normal 0.442622 0.896708 -0
    outer loop
      vertex 72.7408 35.6213 0
      vertex 72.6 35.6908 1.2
      vertex 72.7408 35.6213 1.2
    endloop
  endfacet
  facet normal 0.442622 0.896708 0
    outer loop
      vertex 72.6 35.6908 1.2
      vertex 72.7408 35.6213 0
      vertex 72.6 35.6908 0
    endloop
  endfacet
  facet normal 0.980825 0.194891 0
    outer loop
      vertex 72.0409 36.4194 1.2
      vertex 72.0103 36.5734 0
      vertex 72.0103 36.5734 1.2
    endloop
  endfacet
  facet normal 0.980825 0.194891 0
    outer loop
      vertex 72.0103 36.5734 0
      vertex 72.0409 36.4194 1.2
      vertex 72.0409 36.4194 0
    endloop
  endfacet
endsolid OpenSCAD_Model
